23.076629638671875,23.593374252319336,24.113658905029297,24.4768123626709,24.89629364013672,25.25569725036621,25.645889282226562,26.133663177490234,26.658859252929688,28.494144439697266
22.999765396118164,23.63153839111328,24.056978225708008,24.439279556274414,24.850997924804688,25.257904052734375,25.662960052490234,26.126203536987305,26.878374099731445,28.541244506835938
23.095882415771484,23.758331298828125,24.16034507751465,24.390356063842773,24.802539825439453,25.22551727294922,25.598350524902344,26.114038467407227,26.752456665039062,28.78240966796875
22.986482620239258,23.671545028686523,24.06125831604004,24.389007568359375,24.785097122192383,25.22757339477539,25.543153762817383,26.107715606689453,26.874652862548828,28.438814163208008
23.24957847595215,23.661386489868164,24.139114379882812,24.5341796875,25.014890670776367,25.437421798706055,25.82082748413086,26.310449600219727,26.952871322631836,28.890634536743164
23.148706436157227,23.686229705810547,24.14822769165039,24.53272819519043,24.89906883239746,25.27496910095215,25.808116912841797,26.198938369750977,26.732341766357422,28.862628936767578
23.149675369262695,23.6320858001709,24.05381202697754,24.42830467224121,24.751996994018555,25.1247501373291,25.601106643676758,25.9831600189209,26.630733489990234,28.811649322509766
23.156112670898438,23.730669021606445,24.033626556396484,24.505815505981445,24.883026123046875,25.256399154663086,25.672651290893555,26.26722526550293,26.96912384033203,28.464370727539062
23.03038215637207,23.707469940185547,24.130361557006836,24.620365142822266,24.910688400268555,25.30965232849121,25.609943389892578,26.185440063476562,26.78507423400879,28.2583065032959
23.018905639648438,23.49905014038086,24.030506134033203,24.50078582763672,25.047088623046875,25.384918212890625,25.89130210876465,26.31570053100586,26.981979370117188,28.487640380859375
23.20476722717285,23.71434211730957,24.092567443847656,24.57186508178711,24.961294174194336,25.30040168762207,25.74106788635254,26.19097900390625,26.868432998657227,28.377256393432617
23.196788787841797,23.69333839416504,24.096250534057617,24.45342254638672,24.80353546142578,25.251813888549805,25.62579345703125,26.05324363708496,26.563026428222656,28.56336784362793
22.977800369262695,23.56822967529297,24.073122024536133,24.386150360107422,24.843528747558594,25.177101135253906,25.57236671447754,26.14308738708496,26.679872512817383,28.467172622680664
23.070171356201172,23.625804901123047,24.09099769592285,24.515615463256836,24.99622917175293,25.354530334472656,25.844146728515625,26.31524085998535,27.02862548828125,28.747966766357422
23.109159469604492,23.68642807006836,24.193355560302734,24.61338996887207,24.994651794433594,25.431686401367188,25.81325912475586,26.420129776000977,27.13673973083496,28.810514450073242
23.141490936279297,23.604698181152344,24.062707901000977,24.493118286132812,24.813465118408203,25.198408126831055,25.62041473388672,26.108383178710938,26.695476531982422,28.478656768798828
23.071693420410156,23.627912521362305,24.08085823059082,24.45018768310547,24.780054092407227,25.225629806518555,25.65081214904785,26.147905349731445,26.87531089782715,28.452844619750977
23.057092666625977,23.69851303100586,24.085988998413086,24.542173385620117,24.831226348876953,25.246549606323242,25.52994155883789,26.13367462158203,26.478071212768555,28.413982391357422
23.151832580566406,23.75362777709961,24.105846405029297,24.517330169677734,24.901405334472656,25.192527770996094,25.550945281982422,26.01018714904785,26.592620849609375,28.310209274291992
23.019332885742188,23.639150619506836,23.9820499420166,24.50007438659668,24.848608016967773,25.194133758544922,25.586673736572266,26.086050033569336,26.599817276000977,28.046112060546875
23.216079711914062,23.708467483520508,24.1780948638916,24.52581787109375,24.946308135986328,25.282001495361328,25.720718383789062,26.292903900146484,26.841934204101562,28.6699275970459
23.06003761291504,23.580503463745117,24.016712188720703,24.367393493652344,24.76480484008789,25.134580612182617,25.53282356262207,26.032482147216797,26.65102195739746,28.35823631286621
23.018795013427734,23.562471389770508,24.167390823364258,24.515390396118164,24.8586483001709,25.244630813598633,25.62233543395996,26.119123458862305,26.825225830078125,28.260347366333008
23.11838722229004,23.69516944885254,24.102455139160156,24.50090217590332,24.871755599975586,25.29941177368164,25.70271873474121,26.062664031982422,26.692359924316406,28.21857261657715
23.182144165039062,23.601280212402344,24.076967239379883,24.477230072021484,24.73543357849121,25.14691925048828,25.560388565063477,25.98847198486328,26.58447265625,28.274866104125977
23.040586471557617,23.711746215820312,24.159080505371094,24.511228561401367,24.841121673583984,25.207866668701172,25.646203994750977,26.120431900024414,26.55020523071289,28.502050399780273
22.978994369506836,23.61896324157715,24.14441680908203,24.51276969909668,24.97620391845703,25.371213912963867,25.939197540283203,26.33172035217285,27.378055572509766,28.952356338500977
23.24848175048828,23.720840454101562,24.12603187561035,24.531742095947266,24.799890518188477,25.129837036132812,25.595748901367188,25.945159912109375,26.679079055786133,28.497840881347656
22.939001083374023,23.68613624572754,24.10991668701172,24.535930633544922,24.844905853271484,25.2714900970459,25.651161193847656,26.230789184570312,26.937108993530273,28.6076602935791
23.11216926574707,23.651662826538086,24.086156845092773,24.488370895385742,24.866708755493164,25.218198776245117,25.55870246887207,26.058143615722656,26.694726943969727,28.394445419311523
23.077024459838867,23.678316116333008,24.242267608642578,24.5708065032959,24.975460052490234,25.427820205688477,25.766820907592773,26.281734466552734,26.821712493896484,28.70265769958496
23.094192504882812,23.760528564453125,24.15663719177246,24.511157989501953,24.980255126953125,25.198644638061523,25.684207916259766,26.238075256347656,26.723085403442383,28.13153076171875
23.128124237060547,23.733022689819336,24.07774543762207,24.510515213012695,24.906341552734375,25.26424789428711,25.680908203125,26.028688430786133,26.690881729125977,28.565614700317383
23.28483772277832,23.75942611694336,24.168195724487305,24.59813690185547,24.90802001953125,25.267030715942383,25.69764518737793,26.16175651550293,26.727397918701172,28.74446678161621
23.093124389648438,23.712360382080078,24.221141815185547,24.605165481567383,24.978939056396484,25.345483779907227,25.74039077758789,26.300989151000977,26.84390640258789,28.520544052124023
23.125408172607422,23.656797409057617,24.0328426361084,24.446308135986328,24.903657913208008,25.20098304748535,25.636762619018555,26.291458129882812,26.813800811767578,28.65370750427246
23.14741325378418,23.830820083618164,24.13876724243164,24.61410140991211,24.869464874267578,25.24970054626465,25.694185256958008,26.168901443481445,26.841699600219727,28.420942306518555
23.06116485595703,23.625892639160156,24.15812873840332,24.527467727661133,24.85726547241211,25.174551010131836,25.582847595214844,26.221431732177734,26.899255752563477,28.571685791015625
23.202299118041992,23.666845321655273,24.080522537231445,24.5090274810791,24.855363845825195,25.277536392211914,25.644393920898438,26.087522506713867,26.804555892944336,28.414648056030273
23.024818420410156,23.5699520111084,24.06656265258789,24.605310440063477,25.077333450317383,25.501243591308594,25.824630737304688,26.39488410949707,26.968481063842773,28.899658203125
22.997034072875977,23.647052764892578,24.080141067504883,24.489015579223633,24.882341384887695,25.28705596923828,25.725467681884766,26.165950775146484,26.967565536499023,28.672399520874023
23.16444969177246,23.732463836669922,24.206409454345703,24.49547576904297,24.905641555786133,25.248502731323242,25.727495193481445,26.142345428466797,26.825054168701172,28.46747589111328
23.167387008666992,23.670400619506836,24.179054260253906,24.516277313232422,24.919353485107422,25.327978134155273,25.682537078857422,26.085372924804688,26.77545166015625,28.26700782775879
23.123682022094727,23.73974609375,24.122339248657227,24.478710174560547,24.851091384887695,25.225875854492188,25.56942367553711,25.93524742126465,26.813770294189453,28.335887908935547
23.20363998413086,23.715742111206055,24.09807014465332,24.5368595123291,24.90043830871582,25.284149169921875,25.708637237548828,26.275131225585938,26.887998580932617,28.150798797607422
23.296297073364258,23.802183151245117,24.234947204589844,24.526063919067383,24.85323715209961,25.31635284423828,25.661794662475586,26.074792861938477,26.58266258239746,28.17105484008789
23.198827743530273,23.69194221496582,24.140926361083984,24.507488250732422,24.887861251831055,25.25511932373047,25.682235717773438,26.210498809814453,26.803552627563477,28.322032928466797
23.141935348510742,23.710838317871094,24.089143753051758,24.56040382385254,24.981246948242188,25.347576141357422,25.733030319213867,26.19718360900879,27.06945037841797,28.84275245666504
22.93621253967285,23.591901779174805,24.11522102355957,24.481687545776367,24.924114227294922,25.30774688720703,25.64149284362793,26.125444412231445,26.752094268798828,28.290246963500977
23.12843132019043,23.747587203979492,24.214603424072266,24.50487518310547,24.872859954833984,25.186767578125,25.537599563598633,26.100133895874023,26.71608543395996,28.188562393188477
23.091514587402344,23.711563110351562,24.127708435058594,24.555862426757812,24.89626693725586,25.194440841674805,25.735763549804688,26.130430221557617,26.762489318847656,28.469493865966797
23.173494338989258,23.68431854248047,24.153928756713867,24.53158187866211,24.925670623779297,25.254714965820312,25.698715209960938,26.173519134521484,26.799036026000977,28.22341537475586
23.060325622558594,23.716609954833984,24.10353660583496,24.507692337036133,24.890127182006836,25.238632202148438,25.591983795166016,25.9724063873291,26.628210067749023,28.12109375
23.179718017578125,23.7390079498291,24.181245803833008,24.512229919433594,24.888126373291016,25.265886306762695,25.598573684692383,26.112733840942383,26.629865646362305,28.70428466796875
22.964305877685547,23.61712646484375,24.197715759277344,24.63514518737793,24.956144332885742,25.355241775512695,25.827884674072266,26.370479583740234,27.0468692779541,28.59674644470215
23.15662384033203,23.785015106201172,24.144596099853516,24.564390182495117,24.965532302856445,25.409221649169922,25.789810180664062,26.2260799407959,26.909133911132812,28.65924644470215
23.07619857788086,23.65210723876953,24.08306121826172,24.56306266784668,24.920196533203125,25.365419387817383,25.70816421508789,26.20691680908203,26.76901626586914,28.6230525970459
23.03067970275879,23.680326461791992,24.05023193359375,24.547548294067383,24.879335403442383,25.34455108642578,25.745986938476562,26.16379165649414,26.874908447265625,28.324344635009766
23.12859535217285,23.638187408447266,24.150808334350586,24.45541000366211,24.85749626159668,25.159217834472656,25.63092613220215,26.001012802124023,26.574697494506836,28.259756088256836
23.184110641479492,23.756542205810547,24.23240089416504,24.564678192138672,25.078433990478516,25.41724967956543,25.823698043823242,26.295886993408203,27.137802124023438,28.35341453552246
23.1341609954834,23.68235206604004,24.106863021850586,24.4957218170166,24.77892303466797,25.199684143066406,25.553064346313477,26.13177490234375,26.850570678710938,28.499279022216797
23.167510986328125,23.703283309936523,24.17255973815918,24.46985626220703,24.93039321899414,25.17687225341797,25.59430694580078,26.03820037841797,26.697200775146484,28.353044509887695
23.248544692993164,23.71837615966797,24.13671875,24.43943214416504,24.795513153076172,25.21647071838379,25.570863723754883,26.08336067199707,26.661903381347656,28.32405662536621
23.049949645996094,23.798662185668945,24.232398986816406,24.63484001159668,25.03523063659668,25.536298751831055,25.868885040283203,26.327207565307617,26.966476440429688,28.637680053710938
23.199403762817383,23.671499252319336,24.163293838500977,24.427898406982422,24.849363327026367,25.167964935302734,25.622432708740234,26.047855377197266,26.691858291625977,28.569915771484375
23.105377197265625,23.760128021240234,24.21272087097168,24.65859031677246,25.032033920288086,25.32769012451172,25.7546443939209,26.295698165893555,26.76309585571289,28.506221771240234
23.20100212097168,23.660690307617188,24.121694564819336,24.485506057739258,24.89145851135254,25.265195846557617,25.71437644958496,25.999534606933594,26.679807662963867,28.332914352416992
23.157878875732422,23.686416625976562,24.15044593811035,24.564926147460938,24.9113826751709,25.320484161376953,25.766651153564453,26.2165584564209,27.003582000732422,28.51068878173828
23.14482879638672,23.66303825378418,24.19854164123535,24.488718032836914,24.89589500427246,25.230117797851562,25.628244400024414,26.14715576171875,26.690881729125977,27.942230224609375
23.14836311340332,23.72909164428711,24.164003372192383,24.572437286376953,24.928544998168945,25.339988708496094,25.760616302490234,26.157752990722656,26.904638290405273,28.340049743652344
23.072391510009766,23.61924171447754,24.072555541992188,24.433910369873047,24.813451766967773,25.196807861328125,25.65618896484375,26.099233627319336,26.72072982788086,28.055545806884766
23.260019302368164,23.73338508605957,24.06867790222168,24.466238021850586,24.902212142944336,25.242145538330078,25.533432006835938,26.052841186523438,26.610876083374023,27.941871643066406
23.158906936645508,23.71994400024414,24.237163543701172,24.558582305908203,25.00775909423828,25.343591690063477,25.72887420654297,26.278728485107422,27.00815773010254,28.396055221557617
23.16878318786621,23.703289031982422,24.083126068115234,24.501222610473633,24.836875915527344,25.161893844604492,25.524410247802734,25.935237884521484,26.637008666992188,28.01943016052246
23.066125869750977,23.656898498535156,24.177108764648438,24.542741775512695,24.946563720703125,25.355459213256836,25.73857879638672,26.211761474609375,26.934158325195312,28.48035430908203
23.021343231201172,23.58258819580078,24.042911529541016,24.457792282104492,24.819976806640625,25.127660751342773,25.506750106811523,25.91904640197754,26.526458740234375,28.911670684814453
23.026121139526367,23.697038650512695,24.157337188720703,24.558395385742188,25.018102645874023,25.36746597290039,25.76721954345703,26.220491409301758,26.807416915893555,28.33879280090332
23.082401275634766,23.71485710144043,24.1678524017334,24.608436584472656,24.930259704589844,25.238006591796875,25.60601043701172,26.220365524291992,26.806106567382812,28.794031143188477
23.142288208007812,23.690980911254883,24.025997161865234,24.44345474243164,24.863605499267578,25.201194763183594,25.587324142456055,26.120454788208008,26.718555450439453,28.340517044067383
23.00287628173828,23.556413650512695,24.16705322265625,24.480260848999023,24.885025024414062,25.281246185302734,25.667078018188477,26.190032958984375,26.733074188232422,28.22978973388672
23.196931838989258,23.716426849365234,24.16928482055664,24.545557022094727,24.96276092529297,25.257070541381836,25.69196128845215,26.226123809814453,26.885665893554688,28.49578285217285
23.047801971435547,23.543750762939453,24.03534507751465,24.414901733398438,24.7851505279541,25.159818649291992,25.58411979675293,25.947708129882812,26.62708854675293,28.33867645263672
23.10970115661621,23.721376419067383,24.071836471557617,24.515304565429688,24.865530014038086,25.30830192565918,25.718908309936523,26.18299102783203,26.80069351196289,28.536251068115234
23.25511360168457,23.656774520874023,24.069822311401367,24.550453186035156,25.011903762817383,25.25627326965332,25.678829193115234,26.1953125,26.841829299926758,28.491464614868164
23.083202362060547,23.70012664794922,24.180809020996094,24.515674591064453,24.776338577270508,25.17691421508789,25.562747955322266,26.05426597595215,26.514469146728516,28.495773315429688
23.15450668334961,23.694726943969727,24.129959106445312,24.551761627197266,24.869903564453125,25.262075424194336,25.600706100463867,26.1220645904541,26.72642707824707,28.355255126953125
23.097911834716797,23.64592742919922,24.08942413330078,24.478750228881836,24.84002113342285,25.218244552612305,25.652706146240234,26.059619903564453,26.537879943847656,27.879629135131836
23.126564025878906,23.61000633239746,24.154794692993164,24.541980743408203,24.818939208984375,25.290103912353516,25.72935676574707,26.21230125427246,27.0039119720459,28.668174743652344
23.07508087158203,23.566423416137695,23.957639694213867,24.37073516845703,24.720211029052734,25.1804256439209,25.54847526550293,25.952072143554688,26.701475143432617,28.443496704101562
23.12024688720703,23.812013626098633,24.177459716796875,24.58580780029297,24.925880432128906,25.30791664123535,25.701696395874023,26.25594139099121,26.82383155822754,28.54622459411621
23.13094139099121,23.59981918334961,24.222230911254883,24.561565399169922,24.885486602783203,25.337068557739258,25.665390014648438,26.291610717773438,26.941898345947266,28.922168731689453
23.088987350463867,23.693065643310547,24.075794219970703,24.60223960876465,24.93791389465332,25.330352783203125,25.822158813476562,26.23057746887207,26.76873207092285,28.46428871154785
23.059938430786133,23.58441734313965,24.032997131347656,24.511219024658203,24.832523345947266,25.1701602935791,25.573848724365234,26.05573844909668,26.69414520263672,28.30522918701172
23.23141098022461,23.669330596923828,24.14423370361328,24.521461486816406,24.870742797851562,25.257184982299805,25.60906410217285,26.064529418945312,26.759002685546875,28.541656494140625
23.097923278808594,23.685640335083008,24.124332427978516,24.58072280883789,24.873517990112305,25.26328468322754,25.61814308166504,26.14878273010254,26.814990997314453,28.47475242614746
23.069616317749023,23.628780364990234,23.99187660217285,24.38751792907715,24.762006759643555,25.095386505126953,25.595922470092773,26.095352172851562,26.51251792907715,28.419235229492188
23.02808380126953,23.61551284790039,24.08831214904785,24.5065860748291,24.937902450561523,25.265188217163086,25.722820281982422,26.163188934326172,26.769020080566406,28.629114151000977
23.086471557617188,23.58620262145996,24.100358963012695,24.557186126708984,24.931468963623047,25.347848892211914,25.803287506103516,26.243921279907227,27.084976196289062,28.621564865112305
23.10138702392578,23.624773025512695,24.06867790222168,24.432723999023438,24.83853530883789,25.229970932006836,25.667316436767578,26.170541763305664,26.75893211364746,28.204818725585938
23.193204879760742,23.8259334564209,24.35495376586914,24.728656768798828,25.064847946166992,25.44375228881836,25.90637969970703,26.380619049072266,27.11971092224121,28.826786041259766
23.073516845703125,23.58902359008789,24.112308502197266,24.478805541992188,24.894519805908203,25.238901138305664,25.60321044921875,26.069738388061523,26.63274574279785,28.506134033203125
23.23053550720215,23.75343132019043,24.239986419677734,24.537206649780273,24.871484756469727,25.293851852416992,25.67719268798828,26.168760299682617,26.830121994018555,28.299026489257812
23.123271942138672,23.724750518798828,24.23960304260254,24.571990966796875,24.975021362304688,25.36874008178711,25.856184005737305,26.341814041137695,26.983142852783203,28.583038330078125
23.153221130371094,23.719863891601562,24.180458068847656,24.58822250366211,24.947250366210938,25.35512924194336,25.740375518798828,26.261260986328125,26.787343978881836,28.27135467529297
23.10326385498047,23.575458526611328,24.053300857543945,24.423616409301758,24.813621520996094,25.165712356567383,25.559650421142578,25.942827224731445,26.757509231567383,28.444061279296875
23.096311569213867,23.703033447265625,23.989635467529297,24.44552230834961,24.883487701416016,25.217683792114258,25.71717071533203,26.09416389465332,26.762475967407227,28.244176864624023
23.1761531829834,23.846006393432617,24.212678909301758,24.640628814697266,25.013782501220703,25.404129028320312,25.793874740600586,26.309768676757812,27.00535011291504,28.848676681518555
22.94644546508789,23.66648292541504,24.01482391357422,24.479476928710938,24.818161010742188,25.172452926635742,25.65120506286621,26.1459903717041,26.786556243896484,28.390087127685547
23.155139923095703,23.743148803710938,24.197900772094727,24.556772232055664,24.981111526489258,25.33844566345215,25.70591163635254,26.145050048828125,26.78753662109375,28.410812377929688
23.23921012878418,23.71744155883789,23.98066520690918,24.41925621032715,24.814441680908203,25.185272216796875,25.635421752929688,26.08163070678711,26.72797203063965,28.576171875
22.998476028442383,23.6026554107666,24.029556274414062,24.433917999267578,24.835922241210938,25.276609420776367,25.635604858398438,26.101900100708008,26.768186569213867,28.36684226989746
23.17110824584961,23.67886734008789,24.123043060302734,24.39777946472168,24.73243522644043,25.166757583618164,25.587034225463867,26.159555435180664,26.798236846923828,28.400163650512695
23.16315460205078,23.690942764282227,24.21484375,24.530235290527344,24.95261573791504,25.31072425842285,25.726572036743164,26.173254013061523,26.804683685302734,28.24042320251465
23.05303955078125,23.52528953552246,23.987560272216797,24.471031188964844,24.836368560791016,25.2026309967041,25.575613021850586,26.043577194213867,26.542272567749023,27.934043884277344
22.78312110900879,23.497100830078125,24.091150283813477,24.431121826171875,24.896007537841797,25.222749710083008,25.642459869384766,26.206899642944336,26.771690368652344,28.280941009521484
23.022220611572266,23.642822265625,24.09234619140625,24.460655212402344,24.861833572387695,25.248035430908203,25.67078971862793,26.101694107055664,26.822301864624023,28.45819091796875
23.139589309692383,23.80173110961914,24.0632381439209,24.414283752441406,24.826696395874023,25.202844619750977,25.635494232177734,26.03965950012207,26.69766616821289,28.32131576538086
23.05043601989746,23.809104919433594,24.260473251342773,24.632923126220703,24.991941452026367,25.369279861450195,25.811717987060547,26.286972045898438,26.84030532836914,28.517837524414062
23.147071838378906,23.74407196044922,24.245513916015625,24.451339721679688,24.94683074951172,25.240230560302734,25.707813262939453,26.095367431640625,26.89681053161621,28.32558250427246
23.087831497192383,23.66448402404785,24.11530113220215,24.50324058532715,24.874977111816406,25.316190719604492,25.69446563720703,26.210805892944336,26.76247215270996,28.434175491333008
23.164621353149414,23.817039489746094,24.11464500427246,24.544889450073242,24.876426696777344,25.27480697631836,25.666698455810547,26.025741577148438,26.58135414123535,28.13587760925293
23.011350631713867,23.52306365966797,24.020545959472656,24.39124298095703,24.78566551208496,25.17417335510254,25.635433197021484,26.080890655517578,26.771892547607422,28.72542381286621
22.997514724731445,23.594318389892578,24.040983200073242,24.554141998291016,24.81119155883789,25.19913101196289,25.56370735168457,26.044286727905273,26.562477111816406,28.02324676513672
23.071157455444336,23.803115844726562,24.154632568359375,24.563453674316406,24.90720558166504,25.277719497680664,25.739837646484375,26.18440818786621,26.751361846923828,28.34652328491211
23.216861724853516,23.678024291992188,24.17564582824707,24.422119140625,24.859880447387695,25.26323699951172,25.713516235351562,26.12615966796875,26.674551010131836,28.684385299682617
22.960229873657227,23.652252197265625,24.22570037841797,24.69314193725586,25.12701988220215,25.536380767822266,26.07237434387207,26.55360221862793,27.126461029052734,28.70193099975586
23.119489669799805,23.693750381469727,24.157241821289062,24.626445770263672,25.02648162841797,25.371248245239258,25.711782455444336,26.173574447631836,26.85276222229004,28.412363052368164
23.11789894104004,23.700191497802734,24.143396377563477,24.498661041259766,24.891639709472656,25.232778549194336,25.722915649414062,26.281204223632812,26.74248504638672,28.481998443603516
23.003341674804688,23.643348693847656,24.014324188232422,24.54290199279785,24.983745574951172,25.329275131225586,25.7861328125,26.281082153320312,26.853397369384766,28.675304412841797
22.99420166015625,23.64725112915039,24.125396728515625,24.40433120727539,24.77451515197754,25.193313598632812,25.536252975463867,26.07044792175293,26.538286209106445,28.546600341796875
23.26428985595703,23.635549545288086,24.142946243286133,24.558820724487305,24.89261245727539,25.191669464111328,25.575098037719727,26.13690757751465,26.707345962524414,28.574962615966797
22.981475830078125,23.684345245361328,24.100961685180664,24.617366790771484,24.9453125,25.333438873291016,25.818159103393555,26.22612953186035,26.86789894104004,28.402849197387695
23.234373092651367,23.622230529785156,24.161956787109375,24.545560836791992,24.89021110534668,25.30428123474121,25.757431030273438,26.230939865112305,26.869125366210938,28.33096694946289
23.108463287353516,23.681991577148438,24.139257431030273,24.50727081298828,24.85856819152832,25.220256805419922,25.563369750976562,26.038623809814453,26.649213790893555,28.75490379333496
23.150514602661133,23.724327087402344,24.140003204345703,24.58705711364746,24.975034713745117,25.320205688476562,25.769540786743164,26.22077751159668,26.887386322021484,28.784841537475586
23.05563735961914,23.67236328125,24.102628707885742,24.377227783203125,24.78501319885254,25.151702880859375,25.54088020324707,26.029069900512695,26.586660385131836,28.235336303710938
23.136268615722656,23.660160064697266,24.09820556640625,24.424808502197266,24.802722930908203,25.14369773864746,25.563583374023438,26.09027099609375,26.813608169555664,28.903356552124023
23.074840545654297,23.545757293701172,24.061370849609375,24.492671966552734,24.895694732666016,25.265995025634766,25.54633331298828,26.245893478393555,26.94565773010254,29.335905075073242
23.06784439086914,23.704757690429688,24.181556701660156,24.53375244140625,24.902645111083984,25.27994728088379,25.716882705688477,25.998001098632812,26.771554946899414,28.50372886657715
23.11731719970703,23.68691635131836,24.159496307373047,24.53461456298828,24.899858474731445,25.366531372070312,25.77017593383789,26.228368759155273,26.75865936279297,28.31820297241211
23.0772647857666,23.689334869384766,24.10158348083496,24.52710723876953,24.89946746826172,25.157608032226562,25.572402954101562,25.94152069091797,26.643098831176758,28.251384735107422
23.14940643310547,23.70199966430664,24.260662078857422,24.631078720092773,24.992229461669922,25.392316818237305,25.853347778320312,26.355920791625977,27.018198013305664,28.419757843017578
23.0477237701416,23.63359832763672,24.053386688232422,24.491106033325195,24.88851547241211,25.36463165283203,25.737598419189453,26.355375289916992,26.87708282470703,28.35430335998535
23.00704574584961,23.666034698486328,24.069128036499023,24.522628784179688,24.820846557617188,25.111892700195312,25.56718635559082,25.95757484436035,26.676420211791992,28.375606536865234
23.196535110473633,23.759017944335938,24.23470687866211,24.66213607788086,25.003175735473633,25.354406356811523,25.740198135375977,26.192420959472656,26.77644920349121,28.65804672241211
23.238235473632812,23.741497039794922,24.11130142211914,24.51197624206543,24.92778968811035,25.268983840942383,25.712656021118164,26.213970184326172,27.07017707824707,28.640642166137695
23.10730743408203,23.579622268676758,24.04818344116211,24.435501098632812,24.777196884155273,25.124101638793945,25.543537139892578,25.956146240234375,26.596725463867188,28.122173309326172
22.967336654663086,23.714262008666992,24.20506477355957,24.711097717285156,25.084518432617188,25.437015533447266,25.90077781677246,26.401626586914062,27.015132904052734,28.507055282592773
22.97518539428711,23.69308090209961,24.112991333007812,24.403839111328125,24.804088592529297,25.223081588745117,25.574626922607422,26.070043563842773,26.481075286865234,28.60007667541504
23.126720428466797,23.67751121520996,24.10222625732422,24.499568939208984,24.870874404907227,25.270565032958984,25.65715217590332,26.132781982421875,26.806190490722656,28.301876068115234
23.048057556152344,23.69736671447754,23.99714469909668,24.459850311279297,24.805543899536133,25.162031173706055,25.653411865234375,25.998003005981445,26.761499404907227,28.957509994506836
22.798206329345703,23.71962547302246,24.042924880981445,24.536117553710938,24.918743133544922,25.348411560058594,25.810314178466797,26.291030883789062,26.929384231567383,28.09897804260254
23.140348434448242,23.69459342956543,24.16176414489746,24.55097007751465,24.976581573486328,25.386049270629883,25.84950828552246,26.361278533935547,27.144195556640625,29.147172927856445
23.216079711914062,23.679471969604492,24.13931655883789,24.4968204498291,24.897092819213867,25.273605346679688,25.613433837890625,26.210901260375977,27.259227752685547,28.850017547607422
23.008203506469727,23.620830535888672,24.074195861816406,24.492504119873047,24.828083038330078,25.235153198242188,25.5911808013916,26.03449058532715,26.801013946533203,28.4160099029541
23.05438804626465,23.796884536743164,24.144515991210938,24.635948181152344,25.004196166992188,25.439218521118164,25.870407104492188,26.378286361694336,27.095308303833008,28.740766525268555
23.09038543701172,23.65388298034668,24.056201934814453,24.371231079101562,24.785425186157227,25.16006851196289,25.599258422851562,25.95879554748535,26.71791648864746,28.4650821685791
23.063737869262695,23.57151985168457,24.123023986816406,24.491905212402344,24.830108642578125,25.2423038482666,25.630447387695312,26.13148307800293,26.792720794677734,28.4125919342041
23.176727294921875,23.781999588012695,24.109516143798828,24.553918838500977,24.92397117614746,25.329893112182617,25.824098587036133,26.199159622192383,26.78078842163086,28.593591690063477
23.085002899169922,23.608671188354492,24.054101943969727,24.375274658203125,24.785127639770508,25.150089263916016,25.627771377563477,25.979686737060547,26.683744430541992,28.862625122070312
23.221294403076172,23.806610107421875,24.280078887939453,24.616472244262695,24.978290557861328,25.44287872314453,25.83811378479004,26.308929443359375,26.996137619018555,28.504735946655273
23.17477035522461,23.706649780273438,24.14951515197754,24.50852394104004,24.8901309967041,25.214494705200195,25.653417587280273,26.117090225219727,26.716787338256836,28.61178970336914
23.122095108032227,23.628480911254883,24.114944458007812,24.549772262573242,24.857667922973633,25.343271255493164,25.733142852783203,26.238948822021484,26.866893768310547,28.52549171447754
23.150239944458008,23.669370651245117,24.139883041381836,24.56519317626953,24.902667999267578,25.259275436401367,25.757341384887695,26.146207809448242,26.954919815063477,28.51055335998535
23.040252685546875,23.70476531982422,24.067401885986328,24.395803451538086,24.876028060913086,25.26967430114746,25.680192947387695,26.0727596282959,26.752182006835938,28.56220054626465
23.090993881225586,23.705114364624023,24.077659606933594,24.484657287597656,24.76226043701172,25.104124069213867,25.543203353881836,25.97233009338379,26.48526382446289,28.287521362304688
23.210540771484375,23.796710968017578,24.110973358154297,24.617223739624023,24.887086868286133,25.301279067993164,25.732654571533203,26.241220474243164,26.862022399902344,28.461740493774414
23.17500114440918,23.668346405029297,24.225923538208008,24.586944580078125,24.923017501831055,25.282894134521484,25.789709091186523,26.1533260345459,26.882766723632812,28.557329177856445
23.04804039001465,23.703338623046875,24.11069679260254,24.478639602661133,24.87628746032715,25.27018928527832,25.757482528686523,26.18783187866211,26.804805755615234,28.488027572631836
23.24246597290039,23.782543182373047,24.213991165161133,24.60272789001465,24.943958282470703,25.327741622924805,25.72509765625,26.179916381835938,26.94249725341797,28.696918487548828
23.18994903564453,23.6722469329834,24.191505432128906,24.530080795288086,24.87104034423828,25.210968017578125,25.60457992553711,26.06825065612793,26.58424949645996,28.215885162353516
23.192546844482422,23.730213165283203,24.151243209838867,24.55925941467285,24.889862060546875,25.229217529296875,25.620914459228516,26.100967407226562,26.806825637817383,28.372173309326172
23.072368621826172,23.663076400756836,24.133150100708008,24.44990348815918,24.88346290588379,25.188034057617188,25.670934677124023,26.20076560974121,26.717735290527344,28.207637786865234
23.159805297851562,23.710613250732422,24.121747970581055,24.509960174560547,24.879837036132812,25.218629837036133,25.642887115478516,26.059051513671875,26.755136489868164,28.307531356811523
22.98339080810547,23.689043045043945,24.2050838470459,24.487512588500977,24.902877807617188,25.265878677368164,25.668106079101562,26.004470825195312,26.835025787353516,28.200342178344727
23.09840202331543,23.73764991760254,24.17529296875,24.52956199645996,24.865894317626953,25.204442977905273,25.636165618896484,26.071874618530273,26.725961685180664,28.588834762573242
23.20009422302246,23.72916030883789,24.159330368041992,24.55485725402832,24.938528060913086,25.350648880004883,25.732131958007812,26.18423843383789,26.89697265625,28.355165481567383
23.197065353393555,23.713680267333984,24.168540954589844,24.508384704589844,24.87558937072754,25.287702560424805,25.621658325195312,26.039398193359375,26.692419052124023,28.50664710998535
23.107967376708984,23.61101722717285,24.078163146972656,24.441476821899414,24.845096588134766,25.194034576416016,25.60553550720215,26.004432678222656,26.553354263305664,27.904794692993164
23.05698013305664,23.653051376342773,24.03083610534668,24.513050079345703,24.79384422302246,25.183603286743164,25.63392448425293,26.142812728881836,26.796337127685547,28.699050903320312
23.206192016601562,23.71319007873535,24.100990295410156,24.503822326660156,24.888206481933594,25.197513580322266,25.597454071044922,26.068132400512695,26.736377716064453,28.58365249633789
23.07387351989746,23.741104125976562,24.14851188659668,24.52812957763672,24.84756851196289,25.176074981689453,25.696619033813477,26.023405075073242,26.56056785583496,28.480310440063477
23.101638793945312,23.708568572998047,24.08368492126465,24.503406524658203,24.91388702392578,25.27354621887207,25.596397399902344,26.234210968017578,26.93441390991211,28.43340301513672
23.059104919433594,23.643735885620117,24.193504333496094,24.53703498840332,24.939184188842773,25.284461975097656,25.67035484313965,26.182373046875,26.731969833374023,28.277379989624023
23.095191955566406,23.734569549560547,24.11421012878418,24.472087860107422,24.860631942749023,25.179580688476562,25.647186279296875,26.21210479736328,26.99105453491211,28.95485496520996
23.40874481201172,23.695405960083008,24.218605041503906,24.553573608398438,25.010034561157227,25.290021896362305,25.67291259765625,26.135385513305664,26.630903244018555,28.086345672607422
23.075044631958008,23.667051315307617,24.083255767822266,24.456405639648438,24.746767044067383,25.16486358642578,25.44440460205078,25.867698669433594,26.50543785095215,28.611122131347656
23.054580688476562,23.628076553344727,24.067543029785156,24.53219985961914,24.82989501953125,25.20610809326172,25.600074768066406,26.134571075439453,26.88021469116211,28.832368850708008
23.184730529785156,23.759401321411133,24.16942596435547,24.45665168762207,24.81777000427246,25.165464401245117,25.575057983398438,26.142263412475586,26.69672203063965,28.402631759643555
23.174776077270508,23.69281768798828,24.124513626098633,24.526493072509766,24.916637420654297,25.24550437927246,25.63205337524414,26.03841781616211,26.780757904052734,28.37348175048828
23.11484718322754,23.70413589477539,24.154104232788086,24.521451950073242,24.93198585510254,25.273189544677734,25.675270080566406,26.051740646362305,26.735803604125977,28.790754318237305
23.136966705322266,23.736248016357422,24.069686889648438,24.524795532226562,24.814680099487305,25.29354476928711,25.687305450439453,26.105709075927734,26.76329803466797,28.538192749023438
23.111528396606445,23.703609466552734,24.19970703125,24.51776885986328,24.907684326171875,25.20850944519043,25.607807159423828,26.013748168945312,26.80853843688965,28.358856201171875
23.0941219329834,23.690820693969727,24.105756759643555,24.548965454101562,24.878816604614258,25.20476531982422,25.56554412841797,26.084814071655273,26.753223419189453,28.15915870666504
23.08597183227539,23.71746063232422,24.217439651489258,24.51702117919922,24.800373077392578,25.267560958862305,25.665239334106445,26.144256591796875,26.749679565429688,28.255420684814453
23.099857330322266,23.754993438720703,24.171710968017578,24.535449981689453,24.95211410522461,25.31696891784668,25.70014190673828,26.195377349853516,26.80142593383789,28.632110595703125
23.040231704711914,23.614093780517578,24.099563598632812,24.532920837402344,24.884191513061523,25.228557586669922,25.626768112182617,26.138721466064453,26.771514892578125,28.22013282775879
23.003433227539062,23.647994995117188,24.121185302734375,24.509563446044922,24.93589210510254,25.31293487548828,25.79034423828125,26.301319122314453,26.959352493286133,28.6096248626709
23.11461067199707,23.662567138671875,24.038074493408203,24.466659545898438,24.808183670043945,25.21405601501465,25.60210609436035,25.997182846069336,26.54745101928711,28.505823135375977
23.22566795349121,23.824277877807617,24.19060707092285,24.59996795654297,24.979583740234375,25.33443832397461,25.708660125732422,26.119829177856445,26.715377807617188,28.51888656616211
23.111268997192383,23.678958892822266,24.219364166259766,24.552947998046875,24.945653915405273,25.325281143188477,25.733530044555664,26.272275924682617,26.907678604125977,28.66927719116211
23.15436553955078,23.748872756958008,24.223926544189453,24.58570098876953,24.926048278808594,25.27374267578125,25.7289981842041,26.165771484375,26.782791137695312,28.252328872680664
22.99489974975586,23.673545837402344,23.991132736206055,24.363815307617188,24.769550323486328,25.217180252075195,25.589265823364258,26.087331771850586,26.790897369384766,28.19243812561035
23.118257522583008,23.71385955810547,24.13129997253418,24.472579956054688,24.873353958129883,25.18814468383789,25.679336547851562,26.053726196289062,26.706201553344727,28.220335006713867
23.150392532348633,23.810348510742188,24.28715705871582,24.67041015625,25.016571044921875,25.389738082885742,25.768587112426758,26.310134887695312,26.960363388061523,28.831857681274414
23.225021362304688,23.687894821166992,24.133968353271484,24.56545066833496,24.88167953491211,25.270614624023438,25.656620025634766,26.14480209350586,26.762056350708008,28.393152236938477
22.95598602294922,23.546974182128906,24.120893478393555,24.493572235107422,24.870927810668945,25.278358459472656,25.677160263061523,26.263654708862305,26.929683685302734,28.58818817138672
23.16301727294922,23.774991989135742,24.164155960083008,24.54132652282715,24.924562454223633,25.368896484375,25.764745712280273,26.20426368713379,26.97276496887207,28.558578491210938
23.107925415039062,23.636005401611328,24.075727462768555,24.531604766845703,24.90857696533203,25.38720703125,25.759185791015625,26.366926193237305,27.151947021484375,28.759403228759766
23.055561065673828,23.630990982055664,24.13701629638672,24.508081436157227,24.842735290527344,25.200191497802734,25.634695053100586,25.964019775390625,26.641342163085938,28.25689697265625
23.2341251373291,23.681428909301758,24.201555252075195,24.54568099975586,24.910869598388672,25.236190795898438,25.73546028137207,26.16583824157715,26.97735595703125,28.36957359313965
23.121110916137695,23.702871322631836,24.12912940979004,24.594144821166992,24.892791748046875,25.319456100463867,25.808143615722656,26.230388641357422,26.718120574951172,28.49920654296875
23.118261337280273,23.657140731811523,24.04884147644043,24.4893741607666,24.826086044311523,25.169113159179688,25.617210388183594,25.963590621948242,26.698474884033203,28.606304168701172
23.097396850585938,23.650598526000977,24.15226936340332,24.63067626953125,25.057952880859375,25.406213760375977,25.867563247680664,26.315698623657227,27.03284454345703,28.78472137451172
23.07770538330078,23.753944396972656,24.18619155883789,24.548587799072266,24.93539047241211,25.196184158325195,25.579641342163086,26.135147094726562,26.614126205444336,27.978418350219727
23.13421630859375,23.586835861206055,24.106233596801758,24.480358123779297,24.854969024658203,25.248046875,25.66178321838379,26.118745803833008,26.808456420898438,28.351301193237305
23.101980209350586,23.704011917114258,24.206146240234375,24.609766006469727,24.988067626953125,25.310680389404297,25.79654884338379,26.16262435913086,26.7490291595459,28.46788787841797
23.136871337890625,23.792037963867188,24.150882720947266,24.591960906982422,25.005756378173828,25.359272003173828,25.761611938476562,26.21409034729004,26.802404403686523,28.584518432617188
23.196781158447266,23.71104621887207,24.18201446533203,24.525957107543945,24.865034103393555,25.27750015258789,25.64715003967285,26.160724639892578,26.82280731201172,28.463897705078125
22.986486434936523,23.572349548339844,24.068111419677734,24.405290603637695,24.77173614501953,25.15997314453125,25.558910369873047,26.08245277404785,26.5900821685791,28.705886840820312
23.10427474975586,23.72490882873535,24.179048538208008,24.517253875732422,24.91701316833496,25.302507400512695,25.74088478088379,26.25552749633789,26.83846092224121,28.540523529052734
22.97452163696289,23.59042739868164,24.13825035095215,24.61615753173828,25.00383949279785,25.410470962524414,25.793371200561523,26.301666259765625,26.889318466186523,28.386524200439453
23.11155891418457,23.6892032623291,24.103796005249023,24.446229934692383,24.92211151123047,25.196746826171875,25.575895309448242,26.095251083374023,26.669673919677734,28.13485336303711
23.04254722595215,23.648836135864258,24.160512924194336,24.629823684692383,25.052867889404297,25.474348068237305,25.891727447509766,26.479761123657227,27.226211547851562,28.86602020263672
23.23113250732422,23.710641860961914,24.230548858642578,24.624067306518555,24.924074172973633,25.34217643737793,25.73006248474121,26.22884178161621,26.843664169311523,28.5625057220459
23.157386779785156,23.687175750732422,24.19808578491211,24.510398864746094,24.827322006225586,25.219297409057617,25.594907760620117,26.1552791595459,26.6826114654541,28.516592025756836
23.085540771484375,23.806076049804688,24.197484970092773,24.56700325012207,24.915864944458008,25.30313491821289,25.71632957458496,26.152053833007812,26.62958335876465,28.604623794555664
23.11532974243164,23.676143646240234,24.193002700805664,24.586318969726562,24.958559036254883,25.350238800048828,25.770978927612305,26.172412872314453,26.798419952392578,28.49864959716797
23.08993148803711,23.6760311126709,24.142810821533203,24.548114776611328,24.881393432617188,25.159208297729492,25.626428604125977,26.044872283935547,26.688079833984375,28.284536361694336
23.126401901245117,23.76944351196289,24.160062789916992,24.592456817626953,24.95325469970703,25.32758903503418,25.700225830078125,26.133136749267578,26.761789321899414,28.605514526367188
23.23111915588379,23.671558380126953,24.14857292175293,24.508892059326172,24.864479064941406,25.27025032043457,25.706798553466797,26.201335906982422,26.61417579650879,28.36024284362793
23.234088897705078,23.716617584228516,24.202043533325195,24.569080352783203,24.91357421875,25.281160354614258,25.72747802734375,26.141372680664062,26.832019805908203,28.80941390991211
23.121295928955078,23.754825592041016,24.13243293762207,24.553699493408203,25.02712631225586,25.282936096191406,25.729656219482422,26.18303108215332,26.83203125,28.643878936767578
23.24372673034668,23.718868255615234,24.12651824951172,24.470741271972656,24.78973960876465,25.156461715698242,25.578481674194336,25.944610595703125,26.573474884033203,27.595333099365234
23.12541389465332,23.59176254272461,24.1206111907959,24.469362258911133,24.846223831176758,25.21883773803711,25.645782470703125,26.058876037597656,26.67966651916504,28.172101974487305
23.157180786132812,23.814468383789062,24.21742820739746,24.527204513549805,24.913911819458008,25.319910049438477,25.740036010742188,26.154394149780273,26.804866790771484,28.380565643310547
23.263715744018555,23.778554916381836,24.213653564453125,24.545751571655273,24.88616371154785,25.297574996948242,25.670242309570312,26.115934371948242,26.746078491210938,28.704124450683594
23.00328826904297,23.565292358398438,24.19182014465332,24.479236602783203,24.900718688964844,25.228490829467773,25.621347427368164,26.251379013061523,26.868602752685547,29.020889282226562
23.025630950927734,23.6038761138916,24.045696258544922,24.394325256347656,24.85289764404297,25.176910400390625,25.674560546875,26.081832885742188,26.68692970275879,28.663162231445312
23.069822311401367,23.767051696777344,24.194692611694336,24.613248825073242,24.985280990600586,25.379728317260742,25.843027114868164,26.211393356323242,26.778759002685547,28.72283363342285
23.11339569091797,23.648950576782227,24.158388137817383,24.468278884887695,24.850910186767578,25.30662727355957,25.723968505859375,26.25765609741211,26.772884368896484,28.620149612426758
23.178970336914062,23.754287719726562,24.16840362548828,24.62687873840332,24.935718536376953,25.30150604248047,25.684011459350586,26.10577964782715,26.63080596923828,28.654232025146484
23.134069442749023,23.73556137084961,24.141794204711914,24.459156036376953,24.845867156982422,25.230266571044922,25.595962524414062,26.05878448486328,26.516895294189453,27.98635482788086
23.08485221862793,23.69182777404785,23.984155654907227,24.36774444580078,24.79358673095703,25.081693649291992,25.478010177612305,26.00457763671875,26.5371036529541,28.253982543945312
23.16640853881836,23.810501098632812,24.248477935791016,24.601638793945312,24.95947265625,25.36918830871582,25.749059677124023,26.304719924926758,26.918331146240234,28.497493743896484
23.124692916870117,23.686622619628906,24.054962158203125,24.538663864135742,24.90357208251953,25.39134979248047,25.774993896484375,26.15952491760254,27.017547607421875,28.629859924316406
23.291587829589844,23.762371063232422,24.175952911376953,24.52579116821289,24.879823684692383,25.2647647857666,25.68077278137207,26.096389770507812,26.71642303466797,28.794952392578125
23.03896713256836,23.524703979492188,23.951744079589844,24.3341121673584,24.659664154052734,25.033071517944336,25.449621200561523,25.889442443847656,26.497106552124023,28.058387756347656
23.10387420654297,23.686586380004883,24.14600372314453,24.480512619018555,24.885704040527344,25.179012298583984,25.63413429260254,26.039573669433594,26.634170532226562,28.159332275390625
22.98784637451172,23.651845932006836,24.25503921508789,24.59406089782715,24.98756980895996,25.388599395751953,25.82497215270996,26.266563415527344,26.855907440185547,28.59871482849121
23.126354217529297,23.637754440307617,24.15266227722168,24.514101028442383,24.921518325805664,25.26244354248047,25.61382293701172,26.072067260742188,26.73650550842285,28.5495548248291
23.229055404663086,23.748762130737305,24.230825424194336,24.531526565551758,24.88060188293457,25.292308807373047,25.67242431640625,25.980331420898438,26.790287017822266,28.772714614868164
23.27695655822754,23.665849685668945,24.11699676513672,24.462051391601562,24.82383918762207,25.209352493286133,25.586299896240234,25.969696044921875,26.681976318359375,28.32025909423828
23.06873321533203,23.677743911743164,24.086610794067383,24.515335083007812,24.890445709228516,25.2080135345459,25.657272338867188,26.11471939086914,26.743505477905273,28.475723266601562
23.162734985351562,23.757104873657227,24.202131271362305,24.52134132385254,24.907367706298828,25.336435317993164,25.753223419189453,26.268646240234375,26.898714065551758,28.523035049438477
23.06923484802246,23.735843658447266,24.18737030029297,24.484189987182617,24.87074089050293,25.279905319213867,25.777902603149414,26.179101943969727,26.84210777282715,28.392507553100586
23.144214630126953,23.664520263671875,24.080116271972656,24.465913772583008,24.886079788208008,25.21864891052246,25.650022506713867,26.112579345703125,26.744094848632812,28.493955612182617
23.139163970947266,23.772994995117188,24.186744689941406,24.56940460205078,24.938526153564453,25.22056007385254,25.585166931152344,26.130033493041992,26.771625518798828,29.016016006469727
23.254547119140625,23.724590301513672,24.228897094726562,24.62143325805664,25.05303192138672,25.320072174072266,25.69976806640625,26.141332626342773,26.802045822143555,28.223453521728516
23.112367630004883,23.736345291137695,24.09664535522461,24.501930236816406,24.918935775756836,25.316200256347656,25.73226547241211,26.126976013183594,26.721158981323242,28.47547149658203
23.008403778076172,23.629619598388672,24.12709617614746,24.57223892211914,24.904096603393555,25.351238250732422,25.813282012939453,26.417783737182617,27.138843536376953,28.992427825927734
23.04621124267578,23.630796432495117,24.117481231689453,24.523109436035156,24.83743667602539,25.238109588623047,25.65445899963379,26.145883560180664,26.879627227783203,28.595609664916992
23.044296264648438,23.658823013305664,24.144079208374023,24.480621337890625,24.83167839050293,25.256046295166016,25.586198806762695,26.106027603149414,26.75379180908203,28.496000289916992
23.18400764465332,23.7514705657959,24.163223266601562,24.607236862182617,24.944398880004883,25.347003936767578,25.868371963500977,26.316547393798828,26.905170440673828,28.415935516357422
23.238981246948242,23.7526912689209,24.11042022705078,24.607725143432617,24.93102264404297,25.262800216674805,25.677757263183594,26.18638038635254,26.803125381469727,28.216650009155273
23.173799514770508,23.81331443786621,24.102035522460938,24.521934509277344,24.86993408203125,25.214994430541992,25.541746139526367,25.991390228271484,26.577499389648438,28.277095794677734
23.154611587524414,23.74518394470215,24.21985626220703,24.582670211791992,25.09039878845215,25.493982315063477,26.01260757446289,26.493993759155273,27.08791160583496,28.7123966217041
23.260408401489258,23.759424209594727,24.111282348632812,24.468008041381836,24.775558471679688,25.115341186523438,25.597213745117188,26.111669540405273,26.860336303710938,28.505971908569336
23.091367721557617,23.721006393432617,24.1652889251709,24.54108238220215,24.917112350463867,25.289316177368164,25.70148277282715,26.229265213012695,26.93326759338379,28.309967041015625
22.975854873657227,23.634830474853516,24.15009117126465,24.572263717651367,25.023672103881836,25.402267456054688,25.895854949951172,26.26969337463379,27.048145294189453,28.497970581054688
23.061777114868164,23.67432403564453,24.090761184692383,24.500381469726562,24.89760971069336,25.202640533447266,25.62790298461914,26.140411376953125,26.73996925354004,28.363012313842773
23.122732162475586,23.689672470092773,24.09870147705078,24.494611740112305,24.88385581970215,25.187408447265625,25.634218215942383,26.000049591064453,26.719053268432617,28.763818740844727
23.056686401367188,23.67961311340332,24.125057220458984,24.460630416870117,24.879222869873047,25.23675537109375,25.64980125427246,26.063655853271484,26.598880767822266,28.116270065307617
23.13197135925293,23.710308074951172,24.16211700439453,24.594436645507812,25.0587215423584,25.384252548217773,25.83466339111328,26.281829833984375,26.92339515686035,28.473350524902344
23.04124641418457,23.681955337524414,24.14375114440918,24.544233322143555,24.889476776123047,25.319177627563477,25.738861083984375,26.195419311523438,26.746301651000977,28.415250778198242
23.06847381591797,23.686716079711914,24.146799087524414,24.472768783569336,24.925764083862305,25.33762550354004,25.756380081176758,26.155282974243164,26.86359214782715,28.682504653930664
23.07268714904785,23.689104080200195,24.10660171508789,24.550405502319336,24.949867248535156,25.373353958129883,25.76375389099121,26.281108856201172,26.924474716186523,28.281036376953125
23.243085861206055,23.77471923828125,24.199853897094727,24.564149856567383,24.890581130981445,25.342832565307617,25.83892250061035,26.24059295654297,26.860671997070312,28.37639808654785
23.04573631286621,23.701515197753906,24.058271408081055,24.488216400146484,24.931201934814453,25.317100524902344,25.710561752319336,26.20488739013672,26.796987533569336,28.321577072143555
22.830026626586914,23.438491821289062,23.956804275512695,24.475954055786133,25.029693603515625,25.425525665283203,25.93839454650879,26.418411254882812,27.154844284057617,28.86171531677246
23.055179595947266,23.688236236572266,24.127574920654297,24.55328941345215,24.907642364501953,25.240976333618164,25.747730255126953,26.245019912719727,26.866926193237305,28.624919891357422
22.955074310302734,23.621543884277344,24.06407356262207,24.456323623657227,24.85426139831543,25.20391273498535,25.632551193237305,26.160730361938477,26.715774536132812,28.284711837768555
22.957914352416992,23.675506591796875,24.055286407470703,24.48520851135254,24.87397003173828,25.298879623413086,25.72304344177246,26.20314598083496,26.879688262939453,28.942232131958008
23.11997413635254,23.788089752197266,24.078739166259766,24.541593551635742,24.890514373779297,25.33682632446289,25.703636169433594,26.217609405517578,26.842073440551758,28.353933334350586
23.01500129699707,23.557607650756836,24.105649948120117,24.505935668945312,24.945138931274414,25.413217544555664,25.946088790893555,26.428207397460938,26.995594024658203,28.75943374633789
23.27045440673828,23.736902236938477,24.18746566772461,24.528114318847656,24.94451141357422,25.302305221557617,25.73308753967285,26.135379791259766,26.859960556030273,28.455842971801758
23.18217658996582,23.736120223999023,24.325124740600586,24.72049331665039,25.077373504638672,25.35577964782715,25.84125328063965,26.44387435913086,27.01206398010254,28.71530532836914
23.10309600830078,23.577224731445312,24.041370391845703,24.466047286987305,24.822736740112305,25.146955490112305,25.464454650878906,26.062259674072266,26.61504554748535,28.493412017822266
23.17002296447754,23.635055541992188,24.18000030517578,24.566455841064453,24.937942504882812,25.287456512451172,25.630809783935547,26.15582275390625,26.87841796875,28.395849227905273
23.12596893310547,23.632579803466797,24.074214935302734,24.36469078063965,24.857177734375,25.170230865478516,25.663949966430664,26.079639434814453,26.745601654052734,28.246328353881836
23.24272918701172,23.725547790527344,24.154399871826172,24.592832565307617,24.956621170043945,25.315732955932617,25.77460479736328,26.332138061523438,26.928607940673828,28.959644317626953
23.155311584472656,23.68450355529785,24.219507217407227,24.523202896118164,24.875444412231445,25.309844970703125,25.63959312438965,26.130123138427734,26.774499893188477,28.272998809814453
23.03496551513672,23.646461486816406,24.095806121826172,24.556936264038086,24.896732330322266,25.256004333496094,25.645442962646484,26.16135597229004,26.734649658203125,28.47063636779785
23.167516708374023,23.64510726928711,24.11509895324707,24.467039108276367,24.86322784423828,25.139923095703125,25.535749435424805,26.03308868408203,26.52802085876465,28.75439453125
23.032751083374023,23.63703155517578,24.06070327758789,24.4843807220459,24.915878295898438,25.289575576782227,25.670312881469727,26.16598892211914,26.730188369750977,28.511184692382812
22.988719940185547,23.66842269897461,24.104238510131836,24.510478973388672,24.86086082458496,25.185998916625977,25.570688247680664,26.104887008666992,26.755277633666992,28.224050521850586
23.030763626098633,23.74179458618164,24.141162872314453,24.626211166381836,24.94219207763672,25.407604217529297,25.751453399658203,26.283767700195312,26.927846908569336,28.804079055786133
23.23326873779297,23.728315353393555,24.197265625,24.534563064575195,24.860136032104492,25.22273063659668,25.66465950012207,26.16806983947754,26.76247787475586,29.229015350341797
22.958965301513672,23.72040557861328,24.107465744018555,24.573238372802734,24.957185745239258,25.359285354614258,25.77181053161621,26.355886459350586,26.995946884155273,28.608213424682617
23.145002365112305,23.731351852416992,24.16529083251953,24.523447036743164,24.798301696777344,25.310380935668945,25.693180084228516,26.111745834350586,26.800966262817383,28.485395431518555
23.057910919189453,23.58633804321289,24.070405960083008,24.43175506591797,24.842174530029297,25.141151428222656,25.52596664428711,26.00035285949707,26.575212478637695,28.605491638183594
23.182764053344727,23.717998504638672,24.18939971923828,24.482650756835938,24.821996688842773,25.225406646728516,25.540632247924805,26.054105758666992,26.79015350341797,28.32730484008789
22.975101470947266,23.63974952697754,24.132925033569336,24.4842586517334,24.7890625,25.23816680908203,25.652437210083008,26.075464248657227,26.702051162719727,28.22646141052246
23.041513442993164,23.671829223632812,24.118892669677734,24.477523803710938,24.8555965423584,25.190784454345703,25.583337783813477,26.014902114868164,26.681888580322266,28.18825912475586
23.123367309570312,23.726171493530273,24.125934600830078,24.5069522857666,24.90403175354004,25.177995681762695,25.550010681152344,26.007347106933594,26.73426628112793,28.66403579711914
23.21482276916504,23.66005516052246,24.187379837036133,24.511568069458008,24.916828155517578,25.36424446105957,25.810091018676758,26.32061767578125,26.889095306396484,28.668636322021484
23.058332443237305,23.697044372558594,24.162424087524414,24.46631622314453,24.827239990234375,25.308347702026367,25.65740966796875,26.151643753051758,26.83864974975586,28.375120162963867
23.17181968688965,23.6976261138916,24.178667068481445,24.571857452392578,24.992658615112305,25.292625427246094,25.721214294433594,26.243446350097656,27.029682159423828,28.772624969482422
23.138174057006836,23.669960021972656,24.146162033081055,24.59554672241211,24.958534240722656,25.342559814453125,25.734840393066406,26.298145294189453,27.007930755615234,28.37810707092285
23.138357162475586,23.69791030883789,24.131690979003906,24.483919143676758,24.885093688964844,25.202917098999023,25.60826873779297,26.060611724853516,26.568960189819336,28.823665618896484
23.066051483154297,23.66714859008789,24.134723663330078,24.472057342529297,24.903499603271484,25.180091857910156,25.683961868286133,26.097335815429688,26.60728645324707,28.238080978393555
23.08403778076172,23.66260528564453,24.17540168762207,24.577857971191406,24.91324234008789,25.367868423461914,25.775400161743164,26.16184425354004,26.901763916015625,28.335514068603516
23.112079620361328,23.86118507385254,24.242029190063477,24.579544067382812,24.9744815826416,25.373971939086914,25.731836318969727,26.16257095336914,26.78681182861328,28.70908546447754
23.200164794921875,23.64808464050293,24.212238311767578,24.542057037353516,24.944263458251953,25.325225830078125,25.804649353027344,26.16433334350586,26.75176239013672,28.465375900268555
23.122604370117188,23.673507690429688,24.066417694091797,24.443195343017578,24.77672004699707,25.124954223632812,25.4862117767334,25.983869552612305,26.48407554626465,28.401159286499023
23.126502990722656,23.650386810302734,24.094573974609375,24.507810592651367,24.906169891357422,25.25132179260254,25.745920181274414,26.159896850585938,26.917469024658203,28.46587371826172
23.087331771850586,23.58597183227539,24.111543655395508,24.598922729492188,24.873991012573242,25.20017433166504,25.628530502319336,26.105100631713867,26.745574951171875,28.30925941467285
23.226186752319336,23.649343490600586,24.099626541137695,24.605487823486328,24.883848190307617,25.27153205871582,25.691221237182617,26.236608505249023,26.896251678466797,28.745220184326172
23.048900604248047,23.621408462524414,24.020360946655273,24.36061668395996,24.750511169433594,25.118303298950195,25.515613555908203,25.941814422607422,26.58767318725586,28.14816665649414
23.132068634033203,23.77564811706543,24.160743713378906,24.50579071044922,24.890274047851562,25.245176315307617,25.60807228088379,25.94398307800293,26.655635833740234,28.491395950317383
23.046714782714844,23.73784637451172,24.15472984313965,24.544517517089844,24.964340209960938,25.362321853637695,25.69764518737793,26.296634674072266,26.88747215270996,28.80086898803711
23.128267288208008,23.692176818847656,24.07380485534668,24.49519157409668,24.85106658935547,25.177709579467773,25.601482391357422,26.030738830566406,26.740238189697266,28.582422256469727
23.175033569335938,23.63159942626953,24.062885284423828,24.428861618041992,24.820056915283203,25.214351654052734,25.537412643432617,25.99880027770996,26.67995834350586,28.340707778930664
23.014652252197266,23.654417037963867,24.138288497924805,24.502471923828125,24.920175552368164,25.33457374572754,25.646604537963867,26.150531768798828,26.574125289916992,28.761310577392578
23.227672576904297,23.80648422241211,24.181560516357422,24.609590530395508,24.9169979095459,25.343727111816406,25.587547302246094,26.131689071655273,26.64324378967285,28.304367065429688
23.111309051513672,23.665935516357422,24.056848526000977,24.44605827331543,24.903905868530273,25.15028953552246,25.560405731201172,26.17369270324707,26.888704299926758,28.37396812438965
23.098051071166992,23.695859909057617,24.222150802612305,24.556856155395508,24.927635192871094,25.288049697875977,25.674652099609375,26.103721618652344,26.984357833862305,28.57560920715332
23.179489135742188,23.72889518737793,24.072309494018555,24.48999786376953,24.850034713745117,25.18570327758789,25.609237670898438,26.08016586303711,26.741214752197266,28.53005599975586
23.172954559326172,23.69759750366211,24.15182113647461,24.58521842956543,24.843299865722656,25.262832641601562,25.598522186279297,26.113920211791992,26.777706146240234,28.172204971313477
23.100698471069336,23.730823516845703,24.137605667114258,24.532371520996094,24.858428955078125,25.21645736694336,25.792768478393555,26.09258270263672,26.717226028442383,28.36686134338379
23.157957077026367,23.66969108581543,24.09577751159668,24.444917678833008,24.8601131439209,25.22970962524414,25.630142211914062,26.111225128173828,26.782480239868164,28.57053565979004
23.162572860717773,23.616912841796875,24.1318359375,24.457931518554688,24.883174896240234,25.354719161987305,25.760404586791992,26.250764846801758,27.062414169311523,28.710657119750977
23.36292266845703,23.735361099243164,24.18613052368164,24.54801368713379,24.946632385253906,25.383712768554688,25.717859268188477,26.288888931274414,26.772764205932617,28.479167938232422
23.116077423095703,23.784399032592773,24.19123077392578,24.539596557617188,24.857385635375977,25.24586296081543,25.67296028137207,26.111663818359375,26.782217025756836,28.13027000427246
23.20078468322754,23.76373291015625,24.19978141784668,24.609272003173828,24.90869903564453,25.401355743408203,25.769128799438477,26.23767852783203,26.795852661132812,28.47689437866211
23.1322078704834,23.694026947021484,24.057510375976562,24.486169815063477,24.914581298828125,25.235515594482422,25.70233154296875,26.225948333740234,26.711502075195312,28.50730323791504
23.02601432800293,23.588815689086914,24.05901527404785,24.400745391845703,24.824790954589844,25.173433303833008,25.585969924926758,26.062002182006836,26.589693069458008,28.82732582092285
23.182634353637695,23.694461822509766,24.174055099487305,24.54933738708496,24.88663101196289,25.263219833374023,25.699512481689453,26.181434631347656,26.671897888183594,28.939821243286133
23.068132400512695,23.690959930419922,24.233978271484375,24.566699981689453,24.990379333496094,25.299205780029297,25.71419334411621,26.213632583618164,26.82966423034668,28.528162002563477
23.170331954956055,23.653400421142578,24.084148406982422,24.44399642944336,24.85773277282715,25.26174545288086,25.705583572387695,26.20852279663086,26.857824325561523,29.080848693847656
23.052165985107422,23.631877899169922,24.046194076538086,24.439699172973633,24.76044273376465,25.112293243408203,25.447826385498047,25.888959884643555,26.415077209472656,27.799793243408203
23.08270263671875,23.616622924804688,24.01891326904297,24.46049690246582,24.84884262084961,25.287755966186523,25.65964126586914,26.232675552368164,26.719594955444336,28.717622756958008
23.269256591796875,23.79790687561035,24.22178840637207,24.635231018066406,24.96782112121582,25.339797973632812,25.83316421508789,26.265710830688477,26.91657829284668,28.456851959228516
22.963973999023438,23.61532211303711,24.010822296142578,24.526329040527344,24.848682403564453,25.274356842041016,25.590930938720703,26.124887466430664,26.582962036132812,28.526790618896484
22.963441848754883,23.54851722717285,23.992469787597656,24.637786865234375,25.041791915893555,25.465614318847656,26.06873893737793,26.471792221069336,27.144702911376953,28.840002059936523
22.944503784179688,23.63502311706543,24.008310317993164,24.48398208618164,24.86208724975586,25.234737396240234,25.655160903930664,26.072216033935547,26.617149353027344,28.57560920715332
23.16513442993164,23.721908569335938,24.139833450317383,24.487409591674805,24.827470779418945,25.252246856689453,25.602901458740234,26.004106521606445,26.463369369506836,27.989160537719727
23.19669532775879,23.856937408447266,24.22283363342285,24.601524353027344,24.939546585083008,25.328582763671875,25.731494903564453,26.22786521911621,26.935850143432617,29.021076202392578
23.147348403930664,23.695833206176758,24.06064796447754,24.430322647094727,24.749046325683594,25.134384155273438,25.478012084960938,26.01920509338379,26.674814224243164,28.281768798828125
23.122459411621094,23.65805435180664,24.14784049987793,24.52039909362793,24.917686462402344,25.278522491455078,25.757373809814453,26.178720474243164,27.05409812927246,28.839393615722656
22.956392288208008,23.742855072021484,24.170608520507812,24.579265594482422,24.95790672302246,25.436809539794922,25.708473205566406,26.175573348999023,26.80751609802246,28.377214431762695
23.23865509033203,23.712385177612305,24.158388137817383,24.597633361816406,24.91414451599121,25.309110641479492,25.717073440551758,26.193403244018555,26.894742965698242,28.53231430053711
23.0841007232666,23.57994842529297,24.013607025146484,24.433025360107422,24.809953689575195,25.15906524658203,25.47325897216797,25.894554138183594,26.55059051513672,28.456857681274414
23.232927322387695,23.7719783782959,24.203550338745117,24.538131713867188,24.893898010253906,25.310354232788086,25.62093162536621,26.136831283569336,26.775087356567383,28.556987762451172
23.06277847290039,23.672439575195312,24.255582809448242,24.502851486206055,24.926305770874023,25.284515380859375,25.697383880615234,26.15386199951172,26.800918579101562,28.274688720703125
23.09815216064453,23.737773895263672,24.135353088378906,24.52692222595215,24.862287521362305,25.293914794921875,25.671337127685547,26.12491798400879,26.78233528137207,28.292301177978516
23.221881866455078,23.588729858398438,24.106830596923828,24.409812927246094,24.831439971923828,25.169198989868164,25.678598403930664,26.18199348449707,26.72490882873535,28.504709243774414
23.093843460083008,23.65534019470215,24.087549209594727,24.405675888061523,24.807968139648438,25.139652252197266,25.549053192138672,26.103195190429688,26.917644500732422,28.87874412536621
23.042848587036133,23.59027671813965,24.113296508789062,24.544729232788086,24.923561096191406,25.34142303466797,25.70342254638672,26.228113174438477,26.846832275390625,28.485698699951172
23.017330169677734,23.690324783325195,24.193910598754883,24.397605895996094,24.838869094848633,25.299707412719727,25.734506607055664,26.231348037719727,26.84015464782715,28.303585052490234
23.11513328552246,23.620389938354492,24.089210510253906,24.495635986328125,24.866430282592773,25.251510620117188,25.649751663208008,26.058740615844727,26.622289657592773,28.14723777770996
23.121118545532227,23.742176055908203,24.25653839111328,24.57756233215332,24.908939361572266,25.33843231201172,25.783700942993164,26.263324737548828,26.77634620666504,28.5227108001709
23.180097579956055,23.77705192565918,24.210124969482422,24.620262145996094,24.995922088623047,25.42803382873535,25.760112762451172,26.167348861694336,26.758777618408203,28.354782104492188
23.158470153808594,23.560747146606445,24.041349411010742,24.475666046142578,24.780517578125,25.173242568969727,25.654300689697266,26.201683044433594,26.719608306884766,28.143890380859375
22.99777603149414,23.624082565307617,24.03383445739746,24.42091178894043,24.683561325073242,25.13591766357422,25.508281707763672,25.999082565307617,26.64859390258789,29.153125762939453
23.151126861572266,23.839040756225586,24.21638298034668,24.640857696533203,25.05093765258789,25.38397216796875,25.844785690307617,26.265151977539062,27.064085006713867,28.615026473999023
23.021930694580078,23.633031845092773,24.123544692993164,24.45492172241211,24.888015747070312,25.17241668701172,25.604833602905273,26.023752212524414,26.628276824951172,28.353836059570312
23.121618270874023,23.732818603515625,24.08502197265625,24.51993751525879,25.016233444213867,25.334699630737305,25.668725967407227,26.167545318603516,26.738828659057617,28.414127349853516
23.094646453857422,23.696918487548828,24.130157470703125,24.504966735839844,24.888322830200195,25.312929153442383,25.716646194458008,26.155479431152344,26.951669692993164,28.71380615234375
23.019025802612305,23.65826416015625,24.119091033935547,24.520793914794922,24.936784744262695,25.41554832458496,25.807443618774414,26.204418182373047,26.87679100036621,28.394412994384766
23.079320907592773,23.70227813720703,24.115198135375977,24.515378952026367,24.868593215942383,25.278226852416992,25.6948299407959,26.212923049926758,26.779062271118164,28.633630752563477
23.059661865234375,23.651107788085938,24.131715774536133,24.448183059692383,24.812719345092773,25.192386627197266,25.561141967773438,25.942861557006836,26.67513084411621,28.41143798828125
23.070402145385742,23.646127700805664,24.159399032592773,24.5833797454834,24.959199905395508,25.34680938720703,25.74869155883789,26.287368774414062,26.892059326171875,28.643835067749023
23.242752075195312,23.72698402404785,24.155975341796875,24.52484893798828,24.925989151000977,25.230876922607422,25.64362907409668,26.21034049987793,26.829727172851562,28.615243911743164
22.94731903076172,23.623422622680664,24.085067749023438,24.400264739990234,24.74064064025879,25.146751403808594,25.468599319458008,26.02696418762207,26.53207015991211,28.42096519470215
23.110109329223633,23.705974578857422,24.111148834228516,24.47174644470215,24.788068771362305,25.212047576904297,25.588218688964844,26.145427703857422,26.81851577758789,28.490036010742188
22.987462997436523,23.643720626831055,24.084495544433594,24.61569595336914,24.96605682373047,25.3602237701416,25.801984786987305,26.28824806213379,26.75688934326172,28.197721481323242
23.079832077026367,23.704280853271484,24.157264709472656,24.521394729614258,25.002613067626953,25.320436477661133,25.784900665283203,26.242795944213867,27.02599334716797,28.63607406616211
22.98065948486328,23.62181854248047,24.117177963256836,24.462900161743164,24.826780319213867,25.2545108795166,25.65728759765625,26.18406105041504,26.753677368164062,28.261566162109375
23.241880416870117,23.749475479125977,24.245525360107422,24.578672409057617,24.958412170410156,25.36342430114746,25.760107040405273,26.25542449951172,26.921524047851562,28.60167121887207
23.133102416992188,23.737659454345703,24.250675201416016,24.58531951904297,25.006845474243164,25.415725708007812,25.850976943969727,26.279470443725586,26.93144989013672,28.551156997680664
23.16934585571289,23.69017219543457,24.160293579101562,24.523061752319336,24.879846572875977,25.198104858398438,25.558448791503906,25.93805503845215,26.630794525146484,28.233715057373047
23.10179328918457,23.61402702331543,24.11670684814453,24.450637817382812,24.846403121948242,25.212629318237305,25.54800796508789,26.014474868774414,26.720937728881836,28.280654907226562
23.08386993408203,23.648584365844727,24.024967193603516,24.4183406829834,24.77645492553711,25.167877197265625,25.54843521118164,25.882320404052734,26.623241424560547,28.623188018798828
23.039989471435547,23.613800048828125,24.107013702392578,24.4635066986084,24.912023544311523,25.359352111816406,25.70793342590332,26.267969131469727,26.937294006347656,28.744346618652344
23.242036819458008,23.64999008178711,24.18450927734375,24.534595489501953,24.894508361816406,25.25455093383789,25.708425521850586,26.198095321655273,26.901226043701172,28.79831886291504
23.050092697143555,23.580398559570312,24.076356887817383,24.505615234375,24.894052505493164,25.27387237548828,25.679800033569336,26.168167114257812,26.850177764892578,28.430179595947266
23.06879425048828,23.63387107849121,24.090042114257812,24.50269889831543,24.886672973632812,25.304794311523438,25.65811538696289,26.148517608642578,26.841537475585938,28.76923370361328
23.245019912719727,23.764938354492188,24.201461791992188,24.598371505737305,24.972686767578125,25.35367202758789,25.760589599609375,26.1747989654541,26.82208251953125,28.450239181518555
23.105051040649414,23.628902435302734,24.138294219970703,24.51384162902832,24.9464168548584,25.33313751220703,25.7644100189209,26.303302764892578,26.849781036376953,28.420129776000977
23.24597930908203,23.731590270996094,24.192821502685547,24.646461486816406,24.989253997802734,25.3743953704834,25.866226196289062,26.400470733642578,27.003524780273438,28.391799926757812
23.168621063232422,23.593725204467773,24.077775955200195,24.51734161376953,24.88047218322754,25.285633087158203,25.7404727935791,26.287837982177734,26.943880081176758,28.652236938476562
23.075363159179688,23.77257537841797,24.140100479125977,24.455459594726562,24.84926414489746,25.26365089416504,25.68009376525879,26.23396110534668,26.859228134155273,29.04991912841797
23.19470977783203,23.7893123626709,24.211702346801758,24.587398529052734,25.029190063476562,25.458797454833984,25.885953903198242,26.421493530273438,26.987628936767578,28.724529266357422
23.010271072387695,23.632265090942383,23.92928123474121,24.424617767333984,24.77796745300293,25.155569076538086,25.493881225585938,25.999313354492188,26.548940658569336,28.25075340270996
23.101863861083984,23.698402404785156,24.146242141723633,24.550764083862305,24.899246215820312,25.25322151184082,25.693782806396484,26.151037216186523,26.727096557617188,29.031461715698242
23.00838279724121,23.533227920532227,24.070581436157227,24.47565460205078,24.903461456298828,25.217790603637695,25.804672241210938,26.24991226196289,27.07728385925293,28.805431365966797
23.171825408935547,23.807891845703125,24.202926635742188,24.494354248046875,24.970008850097656,25.264999389648438,25.710569381713867,26.14531898498535,26.70949935913086,28.049968719482422
23.13857078552246,23.626371383666992,24.095048904418945,24.512510299682617,24.821857452392578,25.158918380737305,25.580307006835938,26.11892318725586,26.653244018554688,28.356184005737305
23.207820892333984,23.70850944519043,24.107223510742188,24.45469856262207,24.825550079345703,25.268943786621094,25.657367706298828,26.119478225708008,26.76467514038086,28.357271194458008
23.062902450561523,23.641788482666016,24.225799560546875,24.574234008789062,24.973793029785156,25.37101173400879,25.75718879699707,26.259939193725586,26.823156356811523,28.526308059692383
23.116905212402344,23.64426040649414,24.122297286987305,24.575651168823242,24.88052749633789,25.25886344909668,25.71785545349121,26.094385147094727,26.79462432861328,28.454769134521484
23.21055030822754,23.66356086730957,24.096542358398438,24.52878189086914,24.89678192138672,25.326295852661133,25.82370376586914,26.25837516784668,26.939008712768555,28.812559127807617
23.203052520751953,23.69934844970703,24.20825958251953,24.568084716796875,24.96391487121582,25.310333251953125,25.801481246948242,26.303430557250977,26.97835350036621,28.767057418823242
23.144020080566406,23.838088989257812,24.26515007019043,24.538652420043945,24.91693115234375,25.326419830322266,25.6538028717041,26.2687931060791,26.88926887512207,28.421070098876953
23.139890670776367,23.699264526367188,24.180526733398438,24.522186279296875,24.948902130126953,25.301488876342773,25.65265464782715,26.163991928100586,26.902719497680664,28.55779457092285
23.243955612182617,23.688920974731445,24.230737686157227,24.57067108154297,24.988859176635742,25.386499404907227,25.855432510375977,26.351268768310547,26.75187873840332,28.305437088012695
23.15395164489746,23.76667022705078,24.176111221313477,24.495256423950195,24.87185287475586,25.26995849609375,25.62835693359375,26.103862762451172,26.539918899536133,28.671369552612305
23.045991897583008,23.64862823486328,24.135833740234375,24.45797348022461,24.82583999633789,25.27546501159668,25.640636444091797,26.104167938232422,26.767946243286133,28.499359130859375
23.08037757873535,23.56908416748047,24.087078094482422,24.45665740966797,24.86781883239746,25.23149299621582,25.599441528320312,26.14919662475586,26.701292037963867,28.319671630859375
23.070281982421875,23.706985473632812,24.118621826171875,24.465713500976562,24.855876922607422,25.28404998779297,25.5919132232666,25.993125915527344,26.70822525024414,28.70412826538086
23.096216201782227,23.776113510131836,24.170557022094727,24.571014404296875,25.002103805541992,25.35352897644043,25.849863052368164,26.313440322875977,26.921049118041992,28.907886505126953
23.070255279541016,23.58986473083496,24.014413833618164,24.513444900512695,24.845172882080078,25.20401382446289,25.654579162597656,26.21489906311035,26.903274536132812,28.60272216796875
23.19251251220703,23.680356979370117,24.06730842590332,24.443639755249023,24.85091781616211,25.19188117980957,25.583213806152344,26.03528594970703,26.768451690673828,28.274288177490234
23.103546142578125,23.617023468017578,24.055255889892578,24.44601058959961,24.828367233276367,25.238447189331055,25.651914596557617,26.050384521484375,26.59234046936035,28.495328903198242
23.163280487060547,23.659555435180664,24.1021671295166,24.458478927612305,24.838109970092773,25.24863624572754,25.581134796142578,25.977453231811523,26.609634399414062,28.039875030517578
23.18121910095215,23.79340362548828,24.25392723083496,24.63762855529785,24.98381805419922,25.355361938476562,25.770572662353516,26.356557846069336,27.057165145874023,28.88132667541504
22.953495025634766,23.628915786743164,24.11725616455078,24.604530334472656,24.919187545776367,25.288522720336914,25.740083694458008,26.20499038696289,26.89410400390625,28.42276954650879
23.204038619995117,23.680070877075195,24.1347599029541,24.578962326049805,25.0297908782959,25.426502227783203,25.873323440551758,26.315837860107422,26.973663330078125,28.486074447631836
23.079248428344727,23.67792320251465,24.143577575683594,24.490201950073242,24.849720001220703,25.25298500061035,25.667720794677734,26.20720863342285,26.72500991821289,28.511505126953125
23.142688751220703,23.71489715576172,24.14458465576172,24.605220794677734,25.026586532592773,25.40867805480957,25.823768615722656,26.26845359802246,26.89015769958496,28.438079833984375
23.097768783569336,23.726747512817383,24.176712036132812,24.584707260131836,25.020103454589844,25.286754608154297,25.763465881347656,26.26616859436035,27.16837501525879,28.92828941345215
23.05291175842285,23.584135055541992,24.01641273498535,24.396982192993164,24.780956268310547,25.222332000732422,25.56284523010254,26.04860496520996,26.793537139892578,28.08481788635254
23.058412551879883,23.59234046936035,23.994619369506836,24.503122329711914,24.850847244262695,25.223190307617188,25.58503532409668,26.273670196533203,26.777690887451172,28.6425838470459
23.228147506713867,23.822717666625977,24.155723571777344,24.51618194580078,24.902265548706055,25.31707191467285,25.745372772216797,26.23421859741211,26.895296096801758,28.672178268432617
23.059419631958008,23.644207000732422,24.01780128479004,24.462615966796875,24.80633544921875,25.14859962463379,25.53795623779297,25.96050453186035,26.615049362182617,28.022884368896484
23.192363739013672,23.724382400512695,24.20586395263672,24.56360626220703,24.959609985351562,25.375017166137695,25.733793258666992,26.269163131713867,26.752294540405273,28.878623962402344
23.203763961791992,23.662761688232422,24.10422134399414,24.495996475219727,24.849428176879883,25.24373435974121,25.63153076171875,26.255474090576172,26.929784774780273,28.612977981567383
23.15972900390625,23.68326187133789,24.122169494628906,24.437580108642578,24.849369049072266,25.18643569946289,25.54570960998535,25.974103927612305,26.576156616210938,28.145973205566406
23.120344161987305,23.68587875366211,24.11438751220703,24.52960777282715,24.898361206054688,25.32798194885254,25.651866912841797,26.1665096282959,26.824743270874023,28.325199127197266
23.142560958862305,23.728965759277344,24.116975784301758,24.494203567504883,24.829612731933594,25.251386642456055,25.63091278076172,26.11391258239746,26.798376083374023,28.514862060546875
23.024066925048828,23.679054260253906,24.10187339782715,24.543495178222656,25.014678955078125,25.326963424682617,25.738168716430664,26.200136184692383,26.78430938720703,28.557016372680664
23.296161651611328,23.746559143066406,24.127294540405273,24.4781436920166,24.847135543823242,25.245738983154297,25.592952728271484,26.141660690307617,26.8747615814209,28.616811752319336
23.152034759521484,23.68441390991211,24.21567153930664,24.61467170715332,24.958768844604492,25.381921768188477,25.814964294433594,26.292057037353516,27.20208168029785,29.053979873657227
22.980712890625,23.58386993408203,24.155603408813477,24.48056983947754,24.810165405273438,25.243070602416992,25.56334114074707,26.0502872467041,26.573801040649414,28.482147216796875
23.026235580444336,23.74604034423828,24.236486434936523,24.54159927368164,24.89114761352539,25.28952407836914,25.683935165405273,26.050790786743164,26.724592208862305,28.321447372436523
23.00168228149414,23.53388023376465,23.99798583984375,24.4687557220459,24.8244686126709,25.19086265563965,25.58660125732422,26.065948486328125,26.80624008178711,28.161170959472656
23.209487915039062,23.714719772338867,24.09839630126953,24.53636360168457,24.876678466796875,25.272857666015625,25.64315414428711,26.124649047851562,26.65717315673828,28.194122314453125
23.25859832763672,23.76270866394043,24.216110229492188,24.542205810546875,24.958589553833008,25.348369598388672,25.804851531982422,26.19054412841797,26.789159774780273,28.315244674682617
23.200551986694336,23.74756622314453,24.119882583618164,24.48005485534668,24.877166748046875,25.2561092376709,25.552209854125977,26.066444396972656,26.81806182861328,28.73322105407715
23.15397834777832,23.71900177001953,24.154539108276367,24.54289436340332,24.93222999572754,25.419708251953125,25.78619956970215,26.33515167236328,26.95936393737793,28.916662216186523
22.988235473632812,23.751502990722656,24.22014045715332,24.525779724121094,24.919986724853516,25.293724060058594,25.677099227905273,26.105480194091797,26.727710723876953,28.85269546508789
23.258317947387695,23.69106101989746,24.17706871032715,24.60736656188965,24.918725967407227,25.28841781616211,25.744449615478516,26.147415161132812,26.88492774963379,28.549840927124023
23.056791305541992,23.73250389099121,24.164962768554688,24.629064559936523,25.015037536621094,25.335620880126953,25.744535446166992,26.24060821533203,26.905752182006836,28.651594161987305
23.09925079345703,23.645790100097656,24.042312622070312,24.391544342041016,24.749488830566406,25.130035400390625,25.54468536376953,25.982410430908203,26.682405471801758,28.49646759033203
23.158899307250977,23.792634963989258,24.157052993774414,24.540307998657227,24.860605239868164,25.185739517211914,25.652055740356445,26.06993293762207,26.722997665405273,28.413162231445312
23.266817092895508,23.76905632019043,24.23658561706543,24.625282287597656,25.064035415649414,25.357032775878906,25.800987243652344,26.164072036743164,26.813108444213867,28.168588638305664
23.110061645507812,23.75811195373535,24.091480255126953,24.589834213256836,24.84872055053711,25.241857528686523,25.510089874267578,26.028560638427734,26.640796661376953,28.79896354675293
23.242353439331055,23.692365646362305,24.158096313476562,24.535747528076172,24.853336334228516,25.267333984375,25.710647583007812,26.120468139648438,26.875953674316406,28.959854125976562
23.20667839050293,23.694910049438477,24.135215759277344,24.518049240112305,24.88098907470703,25.340299606323242,25.7065372467041,26.12343406677246,26.75457191467285,28.681217193603516
23.11899185180664,23.66753387451172,24.1144962310791,24.543352127075195,24.929868698120117,25.329635620117188,25.84046173095703,26.23128890991211,26.746994018554688,28.482742309570312
23.10894775390625,23.55348014831543,24.083585739135742,24.510231018066406,24.798974990844727,25.205642700195312,25.49671173095703,25.965288162231445,26.54825782775879,28.083621978759766
23.135072708129883,23.823514938354492,24.16903305053711,24.65044403076172,25.013416290283203,25.334209442138672,25.822851181030273,26.31630516052246,26.916568756103516,28.71282958984375
23.130691528320312,23.595468521118164,24.0299015045166,24.315349578857422,24.682729721069336,25.025253295898438,25.429744720458984,25.95066261291504,26.54904556274414,28.2692813873291
23.153465270996094,23.673385620117188,24.103830337524414,24.41053009033203,24.80820655822754,25.12993621826172,25.535873413085938,25.94858741760254,26.47455406188965,28.328372955322266
23.014476776123047,23.627334594726562,24.019813537597656,24.444185256958008,24.881057739257812,25.16815185546875,25.671175003051758,26.128170013427734,26.728059768676758,28.457204818725586
23.044763565063477,23.650497436523438,24.080162048339844,24.525943756103516,24.85840606689453,25.279951095581055,25.66509246826172,26.172399520874023,27.011638641357422,28.64021873474121
23.061601638793945,23.602264404296875,23.995683670043945,24.398399353027344,24.753005981445312,25.210477828979492,25.544212341308594,26.01112937927246,26.671815872192383,28.46816062927246
22.954593658447266,23.69378089904785,24.153169631958008,24.609874725341797,24.95716094970703,25.371807098388672,25.795589447021484,26.2502498626709,26.98160171508789,28.644214630126953
23.277324676513672,23.81659698486328,24.16289710998535,24.567184448242188,24.928531646728516,25.36634635925293,25.764095306396484,26.182519912719727,26.67084503173828,28.337085723876953
23.080886840820312,23.745439529418945,24.23516082763672,24.61688995361328,24.968589782714844,25.406564712524414,25.753629684448242,26.184329986572266,26.88001251220703,28.655120849609375
23.151887893676758,23.774211883544922,24.17918586730957,24.591943740844727,25.01860809326172,25.420351028442383,25.777114868164062,26.292612075805664,26.927095413208008,28.718149185180664
23.233964920043945,23.727296829223633,24.122360229492188,24.51457405090332,24.803245544433594,25.16111946105957,25.55390167236328,25.984169006347656,26.552072525024414,28.103031158447266
23.16318702697754,23.706668853759766,24.161056518554688,24.566085815429688,24.946523666381836,25.381811141967773,25.769601821899414,26.151683807373047,26.866792678833008,28.364896774291992
23.13278579711914,23.729488372802734,24.084627151489258,24.495750427246094,24.881284713745117,25.309738159179688,25.73472785949707,26.232357025146484,26.918495178222656,28.568944931030273
23.040752410888672,23.63035011291504,24.060508728027344,24.434099197387695,24.847286224365234,25.166982650756836,25.614652633666992,26.074111938476562,26.592741012573242,28.327783584594727
22.99126625061035,23.666515350341797,24.091623306274414,24.49480628967285,24.900617599487305,25.257150650024414,25.64162254333496,26.060714721679688,26.660133361816406,28.278310775756836
23.20808219909668,23.703128814697266,24.201751708984375,24.496936798095703,24.888010025024414,25.32740020751953,25.63812828063965,26.173828125,27.001529693603516,28.362512588500977
23.267929077148438,23.809019088745117,24.230573654174805,24.558082580566406,24.941574096679688,25.260740280151367,25.697553634643555,26.160598754882812,26.73084259033203,28.23084259033203
23.081939697265625,23.746416091918945,24.213748931884766,24.58626937866211,24.979270935058594,25.311574935913086,25.722074508666992,26.115610122680664,26.788969039916992,28.265289306640625
23.119911193847656,23.722457885742188,24.098167419433594,24.45897674560547,24.805688858032227,25.205198287963867,25.608163833618164,25.978174209594727,26.72130012512207,28.35235023498535
23.07583999633789,23.801034927368164,24.178810119628906,24.67748260498047,25.048112869262695,25.492891311645508,25.932621002197266,26.455669403076172,27.00330352783203,28.57244300842285
23.206562042236328,23.671030044555664,24.14583969116211,24.5533390045166,24.879056930541992,25.27480125427246,25.687294006347656,26.17206573486328,26.827251434326172,28.499570846557617
22.989299774169922,23.59503936767578,24.09762191772461,24.404233932495117,24.83001136779785,25.20795440673828,25.58493995666504,26.04931640625,26.78794288635254,28.334880828857422
23.17882537841797,23.693462371826172,24.16044807434082,24.486980438232422,24.90178108215332,25.2705135345459,25.783491134643555,26.169944763183594,26.821836471557617,28.819656372070312
23.08124542236328,23.756010055541992,24.212202072143555,24.554359436035156,24.99862289428711,25.349008560180664,25.700489044189453,26.237537384033203,26.840932846069336,28.58989906311035
23.21186065673828,23.721786499023438,24.2124080657959,24.57908821105957,24.92086410522461,25.227523803710938,25.68752670288086,26.11151885986328,26.71991539001465,28.447933197021484
23.21748161315918,23.69719123840332,24.20166015625,24.604124069213867,24.874588012695312,25.299314498901367,25.792165756225586,26.209321975708008,26.900346755981445,28.50089454650879
23.122055053710938,23.70958137512207,24.188968658447266,24.581798553466797,24.957843780517578,25.262266159057617,25.664827346801758,26.172351837158203,26.761600494384766,28.38528060913086
22.943649291992188,23.644773483276367,24.049636840820312,24.436052322387695,24.80670738220215,25.229751586914062,25.62931251525879,26.164302825927734,26.80085563659668,28.452280044555664
23.08814239501953,23.573015213012695,24.08466339111328,24.511911392211914,24.88714027404785,25.22929573059082,25.65851402282715,26.085857391357422,26.709060668945312,28.548736572265625
23.245332717895508,23.739269256591797,24.131532669067383,24.52281379699707,24.948089599609375,25.311519622802734,25.764707565307617,26.200366973876953,26.68197250366211,28.624544143676758
23.038429260253906,23.62074851989746,24.059593200683594,24.39522933959961,24.773880004882812,25.147733688354492,25.546899795532227,26.066667556762695,26.568668365478516,28.261133193969727
23.16106605529785,23.742822647094727,24.214923858642578,24.539596557617188,24.87381362915039,25.198749542236328,25.67472267150879,26.010860443115234,26.582229614257812,28.316347122192383
23.110193252563477,23.600954055786133,24.02112579345703,24.449535369873047,24.724084854125977,25.154708862304688,25.532760620117188,25.96589469909668,26.64740753173828,28.101259231567383
22.94715118408203,23.58812141418457,24.037534713745117,24.47030258178711,24.89716148376465,25.337621688842773,25.73244857788086,26.268634796142578,26.798328399658203,28.83718490600586
23.119131088256836,23.683063507080078,24.1274356842041,24.514665603637695,24.873424530029297,25.20491600036621,25.66970443725586,26.09445571899414,26.920366287231445,28.238628387451172
23.102819442749023,23.748502731323242,24.17587661743164,24.443424224853516,24.826467514038086,25.18665313720703,25.562721252441406,25.949132919311523,26.625038146972656,28.536123275756836
23.167343139648438,23.753297805786133,24.188396453857422,24.614274978637695,24.99498176574707,25.364917755126953,25.725582122802734,26.225326538085938,26.94133949279785,28.43947982788086
23.003568649291992,23.628219604492188,24.076204299926758,24.518341064453125,24.828031539916992,25.20333480834961,25.587167739868164,26.03464126586914,26.598617553710938,28.500455856323242
22.966615676879883,23.615156173706055,24.067659378051758,24.414995193481445,24.824241638183594,25.243627548217773,25.737260818481445,26.237749099731445,26.881847381591797,28.67220115661621
23.089923858642578,23.70563316345215,24.149141311645508,24.53404998779297,24.895721435546875,25.260150909423828,25.575115203857422,26.09514045715332,26.61086082458496,27.982980728149414
23.049692153930664,23.55836296081543,24.01321029663086,24.480995178222656,24.82362937927246,25.186899185180664,25.690841674804688,26.11116600036621,26.812326431274414,28.89682960510254
23.161149978637695,23.538442611694336,24.06045150756836,24.392047882080078,24.722793579101562,25.02971839904785,25.46841812133789,25.912857055664062,26.41298484802246,28.080228805541992
23.22344207763672,23.703125,24.135438919067383,24.54090118408203,24.942890167236328,25.382741928100586,25.73797607421875,26.283164978027344,26.751096725463867,28.244394302368164
23.156330108642578,23.760147094726562,24.241947174072266,24.549707412719727,24.931758880615234,25.327590942382812,25.70017433166504,26.14143943786621,26.785003662109375,28.422143936157227
23.065963745117188,23.74810028076172,24.06549072265625,24.524160385131836,24.80329704284668,25.218856811523438,25.570463180541992,26.047534942626953,26.780250549316406,28.210662841796875
23.176116943359375,23.789514541625977,24.22979736328125,24.560434341430664,25.003820419311523,25.33349609375,25.746362686157227,26.215702056884766,26.92662239074707,28.43385887145996
22.9871883392334,23.672834396362305,24.077123641967773,24.481365203857422,24.830354690551758,25.168262481689453,25.568693161010742,26.012365341186523,26.795196533203125,28.65070152282715
23.214496612548828,23.73728370666504,23.968276977539062,24.441322326660156,24.73270034790039,25.131641387939453,25.5933895111084,26.042312622070312,26.528064727783203,28.410968780517578
23.11321449279785,23.637012481689453,24.17421531677246,24.513782501220703,24.920902252197266,25.287181854248047,25.670684814453125,26.158334732055664,26.732669830322266,28.68755340576172
23.06119728088379,23.59449577331543,24.111934661865234,24.53186798095703,24.967252731323242,25.385648727416992,25.80275535583496,26.281002044677734,26.936702728271484,28.6799259185791
23.085668563842773,23.629907608032227,24.052112579345703,24.42828941345215,24.6967830657959,25.034658432006836,25.45241928100586,25.90359115600586,26.622156143188477,28.109325408935547
23.08294105529785,23.684907913208008,24.127653121948242,24.48667335510254,24.856536865234375,25.176237106323242,25.51222038269043,25.98689842224121,26.678918838500977,28.32752799987793
23.092151641845703,23.75235366821289,24.180734634399414,24.593345642089844,24.951642990112305,25.419784545898438,25.816856384277344,26.195951461791992,27.086763381958008,28.98036766052246
23.264299392700195,23.80043601989746,24.197547912597656,24.607391357421875,24.878826141357422,25.249210357666016,25.612192153930664,26.056859970092773,26.626708984375,28.199739456176758
22.97933006286621,23.66627311706543,24.037708282470703,24.56896209716797,24.928192138671875,25.41660499572754,25.758010864257812,26.22197914123535,26.904708862304688,28.877391815185547
23.054182052612305,23.67135238647461,24.081645965576172,24.49381446838379,24.862747192382812,25.271299362182617,25.67724609375,26.203022003173828,26.757003784179688,28.427486419677734
23.20909881591797,23.747224807739258,24.16275978088379,24.5637264251709,24.90147590637207,25.228185653686523,25.67171287536621,26.233266830444336,26.831174850463867,28.66661834716797
23.304908752441406,23.711524963378906,24.132137298583984,24.52826499938965,24.859506607055664,25.268936157226562,25.591657638549805,26.00311279296875,26.632843017578125,28.609813690185547
23.117324829101562,23.638675689697266,24.12628173828125,24.47262954711914,24.854646682739258,25.21030616760254,25.667888641357422,26.195709228515625,26.833513259887695,28.475435256958008
23.160564422607422,23.671913146972656,24.091426849365234,24.479461669921875,24.879972457885742,25.261281967163086,25.599681854248047,26.137048721313477,26.658262252807617,28.610124588012695
23.249950408935547,23.789880752563477,24.16782569885254,24.644332885742188,24.940092086791992,25.335041046142578,25.747934341430664,26.195404052734375,26.70426368713379,28.25035285949707
23.01417350769043,23.66005516052246,24.11239242553711,24.520511627197266,25.00592613220215,25.372594833374023,25.846208572387695,26.20985984802246,26.91986656188965,28.114078521728516
23.094709396362305,23.67211151123047,24.13247299194336,24.456405639648438,24.885848999023438,25.265138626098633,25.556264877319336,26.071311950683594,26.73358917236328,28.52817726135254
23.1461124420166,23.613330841064453,24.095638275146484,24.392929077148438,24.828292846679688,25.27044677734375,25.61639404296875,26.02625846862793,26.64883804321289,28.581174850463867
23.1828556060791,23.769115447998047,24.173341751098633,24.638376235961914,24.919557571411133,25.292861938476562,25.682422637939453,26.09752655029297,26.641332626342773,28.420150756835938
23.188270568847656,23.708044052124023,24.129493713378906,24.548137664794922,24.96047592163086,25.34680938720703,25.731693267822266,26.277658462524414,26.822303771972656,28.489715576171875
22.99432373046875,23.699748992919922,24.005882263183594,24.418689727783203,24.81497573852539,25.09752082824707,25.504913330078125,25.883163452148438,26.42241859436035,27.838720321655273
23.142440795898438,23.63013458251953,24.157676696777344,24.569700241088867,24.92832374572754,25.268104553222656,25.696914672851562,26.228872299194336,26.824148178100586,28.21735954284668
23.006364822387695,23.60219383239746,24.043899536132812,24.482398986816406,24.755569458007812,25.259185791015625,25.67877197265625,26.110061645507812,26.765995025634766,28.278202056884766
23.059127807617188,23.725093841552734,24.221227645874023,24.626523971557617,24.958192825317383,25.382593154907227,25.74802589416504,26.348190307617188,27.05487060546875,28.651958465576172
23.110809326171875,23.69129180908203,24.066293716430664,24.54902458190918,24.968835830688477,25.304393768310547,25.70005226135254,26.08050537109375,26.62630844116211,28.28879165649414
23.048072814941406,23.642581939697266,24.04863166809082,24.399869918823242,24.748149871826172,25.16126251220703,25.648719787597656,26.0610294342041,26.640216827392578,28.482572555541992
23.14580535888672,23.570144653320312,24.046266555786133,24.396135330200195,24.760353088378906,25.16864776611328,25.539464950561523,25.93056297302246,26.489910125732422,28.051666259765625
23.13924789428711,23.71823501586914,24.160112380981445,24.55250358581543,24.8569278717041,25.21728515625,25.616249084472656,26.106374740600586,26.816396713256836,28.581928253173828
23.14899444580078,23.73688316345215,24.181589126586914,24.507173538208008,24.914281845092773,25.27674102783203,25.66387939453125,26.15296173095703,26.66156768798828,28.159711837768555
23.09319496154785,23.580303192138672,24.06090545654297,24.428152084350586,24.86116600036621,25.16766929626465,25.57926368713379,26.015230178833008,26.69635009765625,29.071813583374023
22.757007598876953,23.44184112548828,24.029930114746094,24.52874183654785,25.088783264160156,25.53989028930664,26.085493087768555,26.569053649902344,27.208633422851562,28.885976791381836
23.19070053100586,23.75791358947754,24.16118049621582,24.57742691040039,24.905101776123047,25.245004653930664,25.582927703857422,26.20871925354004,26.709060668945312,28.60107421875
23.13220977783203,23.721160888671875,24.173952102661133,24.58781623840332,24.89904022216797,25.267595291137695,25.68988609313965,26.134159088134766,26.588130950927734,28.328369140625
23.14886474609375,23.75782012939453,24.10066795349121,24.572189331054688,24.922101974487305,25.311338424682617,25.61461067199707,26.079360961914062,26.646472930908203,28.257442474365234
23.147592544555664,23.788414001464844,24.198392868041992,24.639022827148438,25.03077507019043,25.295387268066406,25.73842430114746,26.214599609375,26.757139205932617,28.570419311523438
23.12314796447754,23.688003540039062,24.160181045532227,24.57221221923828,25.05330467224121,25.41997528076172,25.862957000732422,26.33062171936035,27.180505752563477,28.712907791137695
23.23721694946289,23.752716064453125,24.124683380126953,24.55770492553711,24.88532257080078,25.296104431152344,25.70713996887207,26.13492774963379,26.82771110534668,28.328445434570312
23.079607009887695,23.63926124572754,24.112489700317383,24.54184341430664,24.879194259643555,25.264318466186523,25.66587257385254,26.161409378051758,26.842483520507812,28.27530860900879
23.11138916015625,23.717676162719727,24.121864318847656,24.468202590942383,24.836519241333008,25.255292892456055,25.588319778442383,26.063920974731445,26.656991958618164,28.32355308532715
22.96527862548828,23.55803680419922,23.937965393066406,24.41437339782715,24.704627990722656,25.07282257080078,25.434484481811523,25.900379180908203,26.464387893676758,27.987884521484375
23.134469985961914,23.697914123535156,24.156957626342773,24.52174186706543,24.92388153076172,25.25864601135254,25.688623428344727,26.103309631347656,26.828460693359375,28.793087005615234
23.161710739135742,23.595273971557617,24.079139709472656,24.517093658447266,24.923540115356445,25.397911071777344,25.742055892944336,26.270751953125,27.002309799194336,28.792959213256836
23.187047958374023,23.67384910583496,24.14996337890625,24.51700210571289,24.863990783691406,25.221813201904297,25.62264060974121,25.977773666381836,26.650182723999023,28.157833099365234
23.127552032470703,23.59777069091797,24.07383918762207,24.49134063720703,24.82667350769043,25.17348861694336,25.605283737182617,26.063018798828125,26.676362991333008,28.354328155517578
23.15436553955078,23.718151092529297,24.112112045288086,24.52021026611328,24.872798919677734,25.207305908203125,25.571086883544922,25.97195053100586,26.529306411743164,27.903976440429688
23.03359031677246,23.626392364501953,24.14361572265625,24.500505447387695,24.9328670501709,25.331893920898438,25.79783058166504,26.313383102416992,26.926578521728516,28.614465713500977
23.127212524414062,23.662607192993164,24.105514526367188,24.501312255859375,24.852434158325195,25.140352249145508,25.606185913085938,26.040252685546875,26.804737091064453,28.69406509399414
23.090375900268555,23.71525764465332,24.225107192993164,24.59498405456543,24.941068649291992,25.332332611083984,25.74037742614746,26.179040908813477,26.888628005981445,28.59588623046875
23.09722900390625,23.766578674316406,24.14248275756836,24.550533294677734,24.937026977539062,25.287303924560547,25.5987606048584,26.068485260009766,26.604373931884766,28.46353530883789
22.999956130981445,23.599424362182617,24.09557342529297,24.435653686523438,24.825504302978516,25.25908660888672,25.65345573425293,26.12795066833496,26.629779815673828,27.958288192749023
23.08299446105957,23.57065200805664,24.08368492126465,24.594669342041016,24.99226188659668,25.413230895996094,25.73769187927246,26.18079948425293,26.816085815429688,27.94914436340332
23.059402465820312,23.584951400756836,24.236019134521484,24.65171241760254,25.00275230407715,25.331298828125,25.78838348388672,26.307098388671875,27.02107048034668,28.397911071777344
22.95442008972168,23.578861236572266,23.994415283203125,24.39284324645996,24.850971221923828,25.197101593017578,25.65631103515625,26.037490844726562,26.5749568939209,28.01457405090332
23.156829833984375,23.683961868286133,24.15724754333496,24.537979125976562,24.876678466796875,25.290224075317383,25.82721519470215,26.256383895874023,26.907140731811523,28.63196563720703
23.16342544555664,23.704599380493164,24.0678653717041,24.450340270996094,24.771852493286133,25.223146438598633,25.61639976501465,26.043609619140625,26.764867782592773,28.290258407592773
23.225557327270508,23.806886672973633,24.209335327148438,24.561296463012695,24.848358154296875,25.275421142578125,25.590538024902344,26.03977394104004,26.61974334716797,28.265722274780273
23.095441818237305,23.677349090576172,24.0961856842041,24.567142486572266,24.94292640686035,25.405019760131836,25.78912353515625,26.259119033813477,26.93317222595215,28.448827743530273
23.180971145629883,23.74225616455078,24.213623046875,24.575878143310547,24.999977111816406,25.31743812561035,25.785858154296875,26.156850814819336,26.702245712280273,28.417007446289062
23.223894119262695,23.737796783447266,24.20710563659668,24.639333724975586,25.061376571655273,25.395902633666992,25.863428115844727,26.291715621948242,26.89580535888672,28.41477394104004
23.22512435913086,23.645029067993164,24.10532569885254,24.485193252563477,24.780031204223633,25.130779266357422,25.516429901123047,25.930994033813477,26.524255752563477,28.533329010009766
23.14134407043457,23.717832565307617,24.139596939086914,24.53066062927246,24.906631469726562,25.29155158996582,25.59664535522461,26.17593765258789,26.842056274414062,28.486909866333008
23.198007583618164,23.700551986694336,24.134700775146484,24.461946487426758,24.81053924560547,25.178916931152344,25.510211944580078,25.96194076538086,26.48256492614746,28.28265953063965
23.054513931274414,23.66226577758789,24.09303092956543,24.55524253845215,25.013551712036133,25.409690856933594,25.764583587646484,26.135177612304688,26.723237991333008,28.93413543701172
23.07550621032715,23.719675064086914,24.200197219848633,24.543907165527344,24.948951721191406,25.306734085083008,25.817155838012695,26.276514053344727,26.845861434936523,28.272579193115234
23.1812686920166,23.81245231628418,24.188528060913086,24.520084381103516,24.87108039855957,25.30902099609375,25.70464515686035,26.128189086914062,26.832015991210938,28.457807540893555
23.070106506347656,23.597827911376953,24.131973266601562,24.553985595703125,24.93926429748535,25.324859619140625,25.829492568969727,26.274917602539062,26.903526306152344,28.397354125976562
22.851627349853516,23.53045082092285,24.123035430908203,24.468034744262695,24.88314437866211,25.280275344848633,25.697145462036133,26.210290908813477,26.781814575195312,28.430875778198242
23.194395065307617,23.663026809692383,24.105571746826172,24.459692001342773,24.79847526550293,25.189281463623047,25.562578201293945,25.999195098876953,26.680532455444336,28.303539276123047
23.009836196899414,23.623546600341797,24.110353469848633,24.56703758239746,24.93606185913086,25.34266471862793,25.77959442138672,26.128862380981445,26.818803787231445,28.26508331298828
23.2926082611084,23.705514907836914,24.050601959228516,24.46737289428711,24.75055503845215,25.136554718017578,25.524616241455078,25.931997299194336,26.45371437072754,28.11572265625
23.097078323364258,23.644136428833008,24.060815811157227,24.48820686340332,24.863033294677734,25.237455368041992,25.65312957763672,26.16417694091797,26.818082809448242,28.201980590820312
23.084566116333008,23.606002807617188,24.125524520874023,24.493410110473633,24.84479331970215,25.312074661254883,25.703231811523438,26.12120819091797,26.747793197631836,28.149517059326172
23.278505325317383,23.704212188720703,24.11811637878418,24.55316925048828,24.836917877197266,25.32916831970215,25.623096466064453,26.12858009338379,26.70608139038086,28.349702835083008
23.104372024536133,23.692960739135742,24.119552612304688,24.52134132385254,24.938716888427734,25.30731773376465,25.734683990478516,26.140092849731445,26.70668601989746,28.372764587402344
23.146909713745117,23.69101905822754,24.065994262695312,24.473745346069336,24.866374969482422,25.201984405517578,25.67145347595215,26.128623962402344,26.719491958618164,28.49554443359375
22.914260864257812,23.66472816467285,24.110393524169922,24.613676071166992,24.907018661499023,25.340940475463867,25.754037857055664,26.241422653198242,26.85779571533203,28.403100967407227
23.154088973999023,23.71857261657715,24.146635055541992,24.552019119262695,24.92601203918457,25.33652687072754,25.809734344482422,26.295251846313477,27.00762939453125,28.649194717407227
23.105892181396484,23.60248565673828,24.094499588012695,24.453914642333984,24.83289909362793,25.11304473876953,25.534854888916016,25.97515106201172,26.687467575073242,28.952896118164062
23.086212158203125,23.74961280822754,24.147544860839844,24.5634765625,24.89443588256836,25.24120330810547,25.629377365112305,25.99346351623535,26.634973526000977,28.449398040771484
23.00275993347168,23.57851219177246,24.160629272460938,24.61370849609375,24.941455841064453,25.351613998413086,25.73394203186035,26.166921615600586,26.76898193359375,28.438570022583008
23.124195098876953,23.705280303955078,24.15279769897461,24.493432998657227,24.844100952148438,25.226181030273438,25.693592071533203,26.21259117126465,26.68370819091797,28.309846878051758
23.03750991821289,23.68110466003418,24.089258193969727,24.51496696472168,24.932697296142578,25.272539138793945,25.72267723083496,26.063472747802734,26.814876556396484,28.04351043701172
23.06494903564453,23.653507232666016,24.074241638183594,24.439523696899414,24.75615692138672,25.201101303100586,25.627561569213867,26.015539169311523,26.614864349365234,28.441509246826172
22.888757705688477,23.628332138061523,24.053203582763672,24.421663284301758,24.813814163208008,25.19588851928711,25.53506851196289,25.922245025634766,26.646387100219727,28.310529708862305
22.99317169189453,23.63921356201172,24.11075782775879,24.470943450927734,24.8730525970459,25.255645751953125,25.596458435058594,26.13507652282715,26.717065811157227,28.512754440307617
23.07779884338379,23.81671714782715,24.176698684692383,24.57460594177246,24.988956451416016,25.326236724853516,25.75998306274414,26.21763801574707,26.746337890625,28.436458587646484
22.901132583618164,23.589786529541016,23.91570472717285,24.373394012451172,24.778831481933594,25.093990325927734,25.60890769958496,26.02921485900879,26.51654624938965,28.221147537231445
23.24082374572754,23.742223739624023,24.219707489013672,24.556093215942383,24.986135482788086,25.327205657958984,25.700651168823242,26.104026794433594,26.710433959960938,28.191925048828125
23.155719757080078,23.697052001953125,24.153162002563477,24.633636474609375,24.99204444885254,25.434354782104492,25.76943016052246,26.434335708618164,26.976659774780273,28.880765914916992
23.263330459594727,23.740114212036133,24.16714859008789,24.627779006958008,24.892066955566406,25.343027114868164,25.689979553222656,26.144184112548828,26.828645706176758,28.302814483642578
23.14501953125,23.73919105529785,24.209644317626953,24.57318687438965,24.934432983398438,25.31134605407715,25.63224983215332,26.237873077392578,26.815570831298828,28.261184692382812
23.15590476989746,23.72582244873047,24.239816665649414,24.626455307006836,24.97407341003418,25.311159133911133,25.756986618041992,26.1430606842041,26.797073364257812,28.305334091186523
23.093595504760742,23.690420150756836,24.135000228881836,24.542219161987305,24.96409034729004,25.350366592407227,25.794118881225586,26.290016174316406,26.92098045349121,28.83136558532715
23.14499855041504,23.682842254638672,24.141834259033203,24.53322982788086,25.009504318237305,25.331851959228516,25.74639320373535,26.15347671508789,26.790746688842773,28.373703002929688
23.00546646118164,23.574872970581055,23.975187301635742,24.404905319213867,24.881864547729492,25.2863826751709,25.706552505493164,26.188411712646484,26.871795654296875,28.34893226623535
23.191238403320312,23.713407516479492,24.14915657043457,24.60635757446289,24.918243408203125,25.2858829498291,25.709875106811523,26.18805503845215,26.811473846435547,28.751482009887695
23.147436141967773,23.846282958984375,24.19903564453125,24.52361488342285,24.911436080932617,25.33230209350586,25.64936065673828,26.210580825805664,26.824613571166992,28.262451171875
23.2106876373291,23.71942138671875,24.15511131286621,24.564756393432617,24.905654907226562,25.282747268676758,25.700687408447266,26.159521102905273,26.710092544555664,28.43762969970703
23.20035171508789,23.73423957824707,24.11099624633789,24.510683059692383,24.84488868713379,25.169050216674805,25.58962059020996,25.98280143737793,26.595703125,28.179058074951172
23.186147689819336,23.785959243774414,24.16950225830078,24.559783935546875,24.953256607055664,25.356870651245117,25.78317642211914,26.182287216186523,26.771352767944336,27.99106788635254
23.12972068786621,23.66643714904785,24.057844161987305,24.42222785949707,24.791807174682617,25.212181091308594,25.5001163482666,26.08599281311035,26.662948608398438,28.40337371826172
23.14987564086914,23.67169952392578,24.137792587280273,24.552104949951172,24.985258102416992,25.332622528076172,25.661483764648438,26.158788681030273,26.669673919677734,28.472135543823242
23.11513900756836,23.617650985717773,24.12578773498535,24.47125244140625,24.877796173095703,25.20082664489746,25.575281143188477,26.064638137817383,26.616573333740234,28.471338272094727
23.20062255859375,23.568531036376953,24.003963470458984,24.39085578918457,24.79605484008789,25.10654640197754,25.477798461914062,25.978748321533203,26.50766944885254,28.140762329101562
23.083621978759766,23.6479434967041,24.21152687072754,24.54722023010254,24.973796844482422,25.411767959594727,25.756826400756836,26.313934326171875,26.908605575561523,28.695112228393555
23.206663131713867,23.81267547607422,24.18755340576172,24.57311248779297,24.906831741333008,25.235780715942383,25.690710067749023,26.14832305908203,26.66056251525879,28.500869750976562
23.031734466552734,23.669443130493164,24.17649269104004,24.497289657592773,24.930513381958008,25.331716537475586,25.758045196533203,26.314611434936523,26.901111602783203,28.584264755249023
23.080459594726562,23.549577713012695,24.059194564819336,24.422651290893555,24.787817001342773,25.213462829589844,25.638504028320312,25.994298934936523,26.602500915527344,28.37835693359375
23.10524559020996,23.673219680786133,24.073373794555664,24.47683334350586,24.82554817199707,25.27293586730957,25.610502243041992,26.154367446899414,26.537195205688477,28.299951553344727
22.969083786010742,23.5295467376709,24.008811950683594,24.443355560302734,24.768413543701172,25.094890594482422,25.522178649902344,25.984943389892578,26.83124542236328,28.603374481201172
23.178752899169922,23.802249908447266,24.218900680541992,24.48504066467285,24.87592315673828,25.171432495117188,25.66657066345215,26.14341926574707,26.802419662475586,28.526159286499023
23.075849533081055,23.631853103637695,24.113664627075195,24.46517562866211,24.832763671875,25.183740615844727,25.65033721923828,26.123031616210938,26.772476196289062,28.181594848632812
23.035226821899414,23.608766555786133,24.09539222717285,24.516769409179688,24.871047973632812,25.25336456298828,25.717071533203125,26.160354614257812,26.804244995117188,28.413509368896484
23.18006134033203,23.76629066467285,24.200075149536133,24.642269134521484,24.972986221313477,25.409202575683594,25.77284049987793,26.153188705444336,26.68134117126465,28.50027084350586
23.159677505493164,23.803878784179688,24.175586700439453,24.60889434814453,25.04954719543457,25.373525619506836,25.739831924438477,26.2897891998291,26.874963760375977,28.38286781311035
23.13855743408203,23.807647705078125,24.250328063964844,24.587726593017578,24.854454040527344,25.299955368041992,25.739160537719727,26.25274085998535,26.894380569458008,28.65198516845703
23.102880477905273,23.749732971191406,24.19378089904785,24.57000160217285,25.04896354675293,25.378864288330078,25.721521377563477,26.149658203125,26.87531089782715,28.483570098876953
23.15699005126953,23.801137924194336,24.190101623535156,24.52145767211914,24.90027618408203,25.35805320739746,25.786968231201172,26.22271156311035,26.752050399780273,28.163375854492188
23.129207611083984,23.602088928222656,24.077720642089844,24.477001190185547,24.86693000793457,25.23056983947754,25.659765243530273,26.111652374267578,26.671409606933594,28.475656509399414
23.057584762573242,23.674476623535156,24.207469940185547,24.520755767822266,24.909704208374023,25.239749908447266,25.75160026550293,26.2280216217041,26.759456634521484,28.368289947509766
23.032751083374023,23.616172790527344,24.21980094909668,24.647462844848633,25.048795700073242,25.457958221435547,25.88368034362793,26.343780517578125,26.956628799438477,28.53839111328125
23.094463348388672,23.704843521118164,24.21733283996582,24.546218872070312,24.94359588623047,25.30048179626465,25.656957626342773,26.21101951599121,26.764610290527344,28.467714309692383
23.147293090820312,23.74769401550293,24.16980743408203,24.55617904663086,25.01043128967285,25.37676239013672,25.74696922302246,26.235313415527344,26.79793930053711,28.550548553466797
23.075847625732422,23.732709884643555,24.041038513183594,24.547025680541992,24.888961791992188,25.305282592773438,25.731342315673828,26.323638916015625,26.863122940063477,28.780385971069336
23.12177276611328,23.656553268432617,23.988983154296875,24.461915969848633,24.829591751098633,25.22225570678711,25.517148971557617,26.066871643066406,26.684532165527344,28.452768325805664
23.214420318603516,23.761428833007812,24.102758407592773,24.52345085144043,24.914684295654297,25.24154281616211,25.610057830810547,26.112133026123047,26.712844848632812,28.216102600097656
23.170469284057617,23.81901741027832,24.207801818847656,24.638090133666992,24.993534088134766,25.362442016601562,25.750288009643555,26.21544075012207,26.76095962524414,28.380794525146484
23.11200523376465,23.665802001953125,24.039398193359375,24.41405487060547,24.800857543945312,25.140642166137695,25.49342155456543,25.993940353393555,26.583953857421875,28.518672943115234
23.014366149902344,23.642414093017578,24.073183059692383,24.599390029907227,25.00110626220703,25.379440307617188,25.93903160095215,26.434783935546875,27.08298110961914,28.78824234008789
23.195890426635742,23.771099090576172,24.218063354492188,24.552974700927734,24.940061569213867,25.311376571655273,25.697261810302734,26.221633911132812,26.81220054626465,28.262157440185547
23.098655700683594,23.736555099487305,24.18947410583496,24.571773529052734,25.023557662963867,25.322757720947266,25.70330238342285,26.16807746887207,26.801828384399414,28.51963233947754
23.118257522583008,23.662778854370117,24.049774169921875,24.430068969726562,24.766433715820312,25.20060920715332,25.511598587036133,26.052780151367188,26.645496368408203,28.03965950012207
23.00058937072754,23.657150268554688,24.152347564697266,24.505800247192383,24.921764373779297,25.24848175048828,25.698692321777344,26.2575740814209,26.814741134643555,28.378793716430664
23.214736938476562,23.801799774169922,24.18808937072754,24.552528381347656,24.920560836791992,25.39700698852539,25.75762367248535,26.323989868164062,26.990917205810547,28.548656463623047
23.14889144897461,23.67605209350586,24.12633514404297,24.599306106567383,24.943645477294922,25.329437255859375,25.704692840576172,26.271005630493164,26.77903175354004,28.64613151550293
23.21151351928711,23.662704467773438,24.15265655517578,24.539688110351562,24.91576385498047,25.261394500732422,25.69778060913086,26.099206924438477,26.672574996948242,28.30259895324707
23.01226043701172,23.5682430267334,24.173355102539062,24.43922996520996,24.96916961669922,25.352598190307617,25.722524642944336,26.35799789428711,26.918262481689453,28.68543815612793
23.0452938079834,23.723712921142578,24.106979370117188,24.478620529174805,24.867515563964844,25.260358810424805,25.62687873840332,26.069395065307617,26.649120330810547,28.288183212280273
23.1424617767334,23.61064910888672,24.07498550415039,24.46255874633789,24.77277374267578,25.110748291015625,25.492666244506836,26.0554141998291,26.74717903137207,28.37466812133789
23.173690795898438,23.706037521362305,24.18735694885254,24.611249923706055,24.962587356567383,25.332063674926758,25.744678497314453,26.164470672607422,26.821191787719727,28.12644386291504
23.116065979003906,23.652450561523438,24.158443450927734,24.449176788330078,24.865983963012695,25.276636123657227,25.670791625976562,26.141096115112305,26.780120849609375,28.723018646240234
23.067506790161133,23.576669692993164,24.07357406616211,24.466354370117188,24.81361961364746,25.185752868652344,25.65978240966797,26.095041275024414,26.723983764648438,28.15777015686035
23.215816497802734,23.804752349853516,24.17607307434082,24.557817459106445,24.93488121032715,25.265790939331055,25.658727645874023,26.225435256958008,26.830101013183594,28.291494369506836
23.214311599731445,23.679903030395508,24.179607391357422,24.601001739501953,24.920989990234375,25.310359954833984,25.733692169189453,26.13227081298828,26.83269691467285,28.349201202392578
22.836017608642578,23.641876220703125,24.068790435791016,24.340208053588867,24.76797866821289,25.182479858398438,25.55810546875,26.06052017211914,26.583425521850586,28.54433250427246
22.97886085510254,23.681901931762695,24.253562927246094,24.639009475708008,25.026247024536133,25.38730812072754,25.77935028076172,26.275548934936523,26.820388793945312,28.573007583618164
23.168188095092773,23.641855239868164,24.16041374206543,24.652225494384766,25.049213409423828,25.410472869873047,25.869211196899414,26.375869750976562,27.068634033203125,28.645111083984375
23.016979217529297,23.659160614013672,24.123249053955078,24.494583129882812,24.950302124023438,25.312026977539062,25.69598388671875,26.181869506835938,26.852890014648438,28.351680755615234
22.93769073486328,23.65882110595703,24.156644821166992,24.481037139892578,24.964902877807617,25.418434143066406,25.874481201171875,26.38141441345215,26.99112319946289,28.775121688842773
23.080720901489258,23.581571578979492,24.098262786865234,24.398569107055664,24.783729553222656,25.198484420776367,25.644689559936523,26.086624145507812,26.71449089050293,28.379545211791992
23.17144775390625,23.71037483215332,24.127666473388672,24.594091415405273,24.92420768737793,25.31241798400879,25.717361450195312,26.15662956237793,26.88908576965332,28.60296630859375
22.96060562133789,23.633804321289062,24.113182067871094,24.54747772216797,25.10009002685547,25.663394927978516,26.100282669067383,26.740026473999023,27.314512252807617,28.906991958618164
23.090496063232422,23.83995246887207,24.325740814208984,24.82404327392578,25.1860294342041,25.646480560302734,26.09088706970215,26.576589584350586,27.358749389648438,28.625471115112305
23.088062286376953,23.574525833129883,24.000276565551758,24.351301193237305,24.751760482788086,25.20029640197754,25.511289596557617,25.908279418945312,26.704797744750977,28.072479248046875
23.083778381347656,23.71858787536621,24.137832641601562,24.648395538330078,24.999177932739258,25.428722381591797,25.752059936523438,26.29551124572754,26.886653900146484,28.545610427856445
23.08099937438965,23.655197143554688,24.08958625793457,24.437053680419922,24.910858154296875,25.299924850463867,25.762054443359375,26.209951400756836,26.885940551757812,28.637216567993164
23.177589416503906,23.839431762695312,24.270471572875977,24.573041915893555,24.94243812561035,25.323062896728516,25.718997955322266,26.18088150024414,26.789583206176758,28.460336685180664
23.134037017822266,23.804201126098633,24.21080207824707,24.524639129638672,24.960290908813477,25.33232879638672,25.737289428710938,26.164039611816406,26.853397369384766,28.38201332092285
22.929201126098633,23.587671279907227,24.03942108154297,24.46436882019043,24.880859375,25.22636604309082,25.664039611816406,26.075714111328125,26.624465942382812,28.36113929748535
22.868959426879883,23.549671173095703,24.095399856567383,24.56714630126953,25.036109924316406,25.393157958984375,25.887786865234375,26.345434188842773,27.23958396911621,28.892812728881836
23.195322036743164,23.7568302154541,24.207218170166016,24.53350830078125,24.95672035217285,25.319860458374023,25.683956146240234,26.132617950439453,26.777891159057617,28.51799964904785
23.038299560546875,23.619192123413086,24.14630699157715,24.554964065551758,24.961124420166016,25.42318344116211,25.802289962768555,26.31218910217285,27.08108139038086,28.61463165283203
23.165544509887695,23.716583251953125,24.162038803100586,24.475133895874023,24.83876609802246,25.246519088745117,25.689178466796875,26.166542053222656,26.705392837524414,28.341796875
23.237712860107422,23.682897567749023,24.215545654296875,24.569286346435547,24.91176414489746,25.403657913208008,25.732431411743164,26.23224449157715,26.82234764099121,28.399234771728516
23.16094398498535,23.73113250732422,24.134361267089844,24.515274047851562,24.93719482421875,25.285160064697266,25.714046478271484,26.185317993164062,26.90641212463379,28.195783615112305
23.180686950683594,23.701446533203125,24.078094482421875,24.446317672729492,24.802988052368164,25.21782684326172,25.571327209472656,26.072065353393555,26.65229034423828,28.412506103515625
22.98599624633789,23.703121185302734,24.158418655395508,24.645254135131836,25.001718521118164,25.347347259521484,25.81982421875,26.28996467590332,26.826963424682617,28.45652198791504
23.158960342407227,23.718042373657227,24.163171768188477,24.49534034729004,24.808443069458008,25.156925201416016,25.649751663208008,26.03643226623535,26.615245819091797,28.20155906677246
23.118234634399414,23.705650329589844,24.1998233795166,24.507020950317383,24.92221450805664,25.268936157226562,25.682254791259766,26.21373748779297,26.85313606262207,28.415328979492188
22.996017456054688,23.69521141052246,24.11765480041504,24.47063636779785,24.910335540771484,25.275297164916992,25.681461334228516,26.17522621154785,26.69976043701172,28.54556655883789
23.145978927612305,23.67450714111328,24.126420974731445,24.482852935791016,24.899137496948242,25.23966407775879,25.672183990478516,26.124982833862305,26.73203468322754,28.708833694458008
23.069950103759766,23.690210342407227,24.103923797607422,24.45669937133789,24.883766174316406,25.244304656982422,25.540864944458008,25.96763038635254,26.561058044433594,28.583328247070312
22.977888107299805,23.694236755371094,24.15261459350586,24.45492935180664,24.867937088012695,25.22764015197754,25.770233154296875,26.1538028717041,26.784282684326172,28.60098648071289
23.126554489135742,23.757705688476562,24.092788696289062,24.492374420166016,24.78901481628418,25.186309814453125,25.59340476989746,26.002553939819336,26.780729293823242,28.235990524291992
23.18711280822754,23.684057235717773,24.083602905273438,24.47229766845703,24.87200355529785,25.161149978637695,25.619592666625977,26.094135284423828,26.677875518798828,28.176361083984375
23.055667877197266,23.567148208618164,24.005123138427734,24.342609405517578,24.77910614013672,25.133852005004883,25.56070327758789,25.909093856811523,26.529882431030273,28.683040618896484
23.138187408447266,23.730688095092773,24.218679428100586,24.566640853881836,24.887195587158203,25.317399978637695,25.736778259277344,26.136333465576172,26.72594451904297,28.290239334106445
23.13959503173828,23.683095932006836,24.115293502807617,24.48089027404785,24.88496208190918,25.168102264404297,25.579727172851562,26.051616668701172,26.6765079498291,28.07093048095703
23.081401824951172,23.64879035949707,24.093454360961914,24.451683044433594,24.865713119506836,25.2259578704834,25.643911361694336,26.10189437866211,26.722991943359375,28.57633399963379
23.136436462402344,23.74150848388672,24.139434814453125,24.517099380493164,24.929731369018555,25.1875057220459,25.803260803222656,26.083024978637695,26.806880950927734,28.172666549682617
23.220211029052734,23.688491821289062,24.201942443847656,24.44490623474121,24.88873863220215,25.249189376831055,25.6997127532959,26.16506576538086,26.80728530883789,28.508920669555664
23.169313430786133,23.7362117767334,24.229402542114258,24.628623962402344,25.058061599731445,25.390918731689453,25.771114349365234,26.28474998474121,26.904266357421875,28.541513442993164
23.104984283447266,23.70735740661621,24.15144157409668,24.602224349975586,24.971830368041992,25.335721969604492,25.797815322875977,26.27771759033203,27.00458335876465,28.509368896484375
23.089889526367188,23.643823623657227,24.040903091430664,24.383087158203125,24.759849548339844,25.162588119506836,25.64118003845215,26.03058433532715,26.90142059326172,28.531890869140625
23.216089248657227,23.841228485107422,24.16602325439453,24.569686889648438,24.971988677978516,25.325925827026367,25.692012786865234,26.14911460876465,26.825401306152344,28.328386306762695
22.847272872924805,23.544010162353516,24.15436553955078,24.570526123046875,24.919265747070312,25.408588409423828,25.86008071899414,26.282682418823242,26.848308563232422,28.345552444458008
23.089567184448242,23.62849235534668,24.14590835571289,24.536418914794922,24.859025955200195,25.294288635253906,25.638586044311523,26.085155487060547,26.812698364257812,28.223726272583008
23.102752685546875,23.679698944091797,24.070547103881836,24.464664459228516,24.829341888427734,25.210739135742188,25.679426193237305,26.07758140563965,26.66437339782715,28.311311721801758
23.135360717773438,23.67283058166504,24.096328735351562,24.3859920501709,24.841411590576172,25.20522117614746,25.555557250976562,26.07796287536621,26.624967575073242,28.74557876586914
22.997467041015625,23.683706283569336,24.189973831176758,24.596412658691406,25.01259422302246,25.413917541503906,25.832361221313477,26.329553604125977,26.87314796447754,28.449981689453125
23.1528377532959,23.83330726623535,24.1259822845459,24.550146102905273,24.909969329833984,25.304426193237305,25.669227600097656,26.039079666137695,26.68389129638672,28.350080490112305
23.279939651489258,23.775766372680664,24.195823669433594,24.630046844482422,24.90494728088379,25.293607711791992,25.669527053833008,26.08957862854004,26.654253005981445,27.88120460510254
23.229949951171875,23.77379608154297,24.214826583862305,24.56604766845703,24.920400619506836,25.263032913208008,25.728418350219727,26.122350692749023,26.581249237060547,28.17471694946289
23.212032318115234,23.70265769958496,24.082637786865234,24.491323471069336,24.85776710510254,25.196081161499023,25.567188262939453,25.994792938232422,26.631608963012695,28.08990478515625
22.989212036132812,23.649112701416016,24.043987274169922,24.422592163085938,24.904884338378906,25.274667739868164,25.61702537536621,26.151046752929688,26.739044189453125,28.763988494873047
22.967111587524414,23.514625549316406,24.01581382751465,24.39519500732422,24.816144943237305,25.138338088989258,25.555532455444336,26.003280639648438,26.48752212524414,28.29543685913086
23.145376205444336,23.673622131347656,24.09408950805664,24.49595069885254,24.874759674072266,25.198867797851562,25.57823944091797,26.08726692199707,26.713808059692383,28.757991790771484
23.201112747192383,23.696331024169922,24.15298843383789,24.428247451782227,24.83406639099121,25.12054443359375,25.697128295898438,25.99847984313965,26.726789474487305,28.51544189453125
23.15534019470215,23.719051361083984,24.142976760864258,24.553979873657227,24.929019927978516,25.28498649597168,25.707738876342773,26.170379638671875,27.005891799926758,28.581287384033203
23.121967315673828,23.682706832885742,24.154111862182617,24.55951690673828,24.892986297607422,25.308639526367188,25.763704299926758,26.33677864074707,26.96444320678711,28.767301559448242
23.313873291015625,23.69098472595215,24.22309684753418,24.638288497924805,24.976985931396484,25.34857177734375,25.794647216796875,26.23809814453125,26.937185287475586,28.47682762145996
23.11658477783203,23.696439743041992,24.099613189697266,24.466209411621094,24.81777000427246,25.191469192504883,25.59632110595703,26.064985275268555,26.724777221679688,28.169198989868164
23.112321853637695,23.626916885375977,24.147205352783203,24.480928421020508,24.880834579467773,25.212797164916992,25.61046028137207,26.142925262451172,26.74883460998535,28.685123443603516
22.964561462402344,23.63438606262207,24.13715171813965,24.567934036254883,25.01904296875,25.401397705078125,25.784215927124023,26.301355361938477,26.92906379699707,28.582963943481445
23.174514770507812,23.708498001098633,24.209407806396484,24.6302547454834,24.944440841674805,25.346601486206055,25.828601837158203,26.317062377929688,26.814208984375,28.40717315673828
23.158676147460938,23.80931854248047,24.100130081176758,24.522031784057617,24.914276123046875,25.254228591918945,25.66300392150879,26.098962783813477,26.7331600189209,28.49278450012207
22.990510940551758,23.621253967285156,24.085947036743164,24.48624610900879,24.886798858642578,25.30145835876465,25.589994430541992,26.124164581298828,26.663578033447266,28.365550994873047
23.032346725463867,23.66303062438965,24.101306915283203,24.512054443359375,24.877445220947266,25.227781295776367,25.606761932373047,26.16095542907715,26.773263931274414,28.682878494262695
23.248125076293945,23.76205062866211,24.137561798095703,24.485010147094727,24.860960006713867,25.276453018188477,25.66840362548828,26.139516830444336,26.88201904296875,28.451736450195312
23.065996170043945,23.667009353637695,24.107051849365234,24.513818740844727,24.879425048828125,25.272356033325195,25.628141403198242,26.214458465576172,26.693119049072266,28.60639190673828
23.152742385864258,23.704042434692383,24.142303466796875,24.518428802490234,24.890527725219727,25.256502151489258,25.668121337890625,26.075780868530273,26.73326873779297,28.407075881958008
23.281692504882812,23.780410766601562,24.153154373168945,24.49872398376465,24.920238494873047,25.230194091796875,25.734344482421875,26.209978103637695,26.853456497192383,28.232389450073242
22.996641159057617,23.713821411132812,24.156023025512695,24.57311248779297,24.840576171875,25.299755096435547,25.690673828125,26.211475372314453,26.731176376342773,28.67936134338379
23.13852882385254,23.745222091674805,24.209653854370117,24.55467414855957,24.985780715942383,25.28009033203125,25.67462158203125,26.150163650512695,26.70012092590332,28.22694206237793
23.256074905395508,23.65178871154785,24.272886276245117,24.70011329650879,25.079301834106445,25.46937370300293,25.912912368774414,26.489599227905273,27.108062744140625,29.036409378051758
23.042922973632812,23.61383819580078,24.038110733032227,24.415828704833984,24.794469833374023,25.222591400146484,25.66046714782715,26.00528335571289,26.64703369140625,28.757991790771484
23.21076011657715,23.61563491821289,24.06611442565918,24.42730140686035,24.76428985595703,25.111413955688477,25.525714874267578,25.899702072143555,26.499174118041992,28.281030654907227
23.050107955932617,23.62005615234375,24.13445281982422,24.38400650024414,24.780954360961914,25.186874389648438,25.65928840637207,26.197847366333008,26.73858070373535,28.530170440673828
23.06780433654785,23.62604331970215,24.048004150390625,24.429859161376953,24.81279182434082,25.150543212890625,25.62143898010254,26.100324630737305,26.721586227416992,28.377262115478516
23.13968276977539,23.73663902282715,24.11345672607422,24.49248504638672,24.79834747314453,25.152589797973633,25.559431076049805,25.973529815673828,26.478511810302734,28.17838478088379
22.96080780029297,23.55568504333496,24.120819091796875,24.449142456054688,24.81648826599121,25.178308486938477,25.63273811340332,26.071918487548828,26.554887771606445,28.14051628112793
23.157032012939453,23.804128646850586,24.223569869995117,24.644006729125977,25.00809097290039,25.417062759399414,25.84328842163086,26.21242904663086,26.84708595275879,28.434289932250977
23.251306533813477,23.761621475219727,24.120887756347656,24.551624298095703,24.917978286743164,25.296428680419922,25.697860717773438,26.164297103881836,26.61046028137207,28.46925926208496
23.06264305114746,23.558696746826172,24.003170013427734,24.521427154541016,24.869997024536133,25.254453659057617,25.59611701965332,26.116531372070312,26.713069915771484,28.177202224731445
23.014022827148438,23.620168685913086,24.07965660095215,24.494308471679688,24.790143966674805,25.224653244018555,25.653316497802734,26.162700653076172,26.726110458374023,28.506309509277344
23.072040557861328,23.704421997070312,24.12006378173828,24.4658145904541,24.865848541259766,25.209259033203125,25.604015350341797,26.2006893157959,26.86612892150879,28.7041015625
23.218564987182617,23.715457916259766,24.211952209472656,24.605207443237305,24.952802658081055,25.35418701171875,25.77911949157715,26.306663513183594,26.954790115356445,28.59711265563965
23.250118255615234,23.83661651611328,24.259552001953125,24.580299377441406,24.981698989868164,25.272340774536133,25.777862548828125,26.14588737487793,26.777013778686523,28.761301040649414
23.042110443115234,23.628549575805664,24.061403274536133,24.42837905883789,24.861461639404297,25.143795013427734,25.545446395874023,26.045421600341797,26.57521629333496,28.283756256103516
23.213253021240234,23.730098724365234,24.187206268310547,24.546669006347656,24.910703659057617,25.332984924316406,25.755966186523438,26.27915382385254,26.784942626953125,28.263498306274414
23.138925552368164,23.74281883239746,24.2564640045166,24.534198760986328,24.940452575683594,25.30025863647461,25.604604721069336,26.072586059570312,26.59453773498535,28.298059463500977
23.221229553222656,23.771835327148438,24.224071502685547,24.578916549682617,24.86224365234375,25.288158416748047,25.629426956176758,26.106704711914062,26.722492218017578,28.39629554748535
23.137969970703125,23.67571258544922,24.10101890563965,24.496685028076172,24.874534606933594,25.23505973815918,25.709266662597656,26.146739959716797,26.752376556396484,28.800323486328125
23.120656967163086,23.700218200683594,24.138011932373047,24.48233985900879,24.79450798034668,25.129894256591797,25.527996063232422,26.077756881713867,26.572927474975586,28.34250831604004
22.978857040405273,23.54875373840332,24.038537979125977,24.418060302734375,24.74677085876465,25.11656951904297,25.500993728637695,26.00845718383789,26.494857788085938,28.13128089904785
23.130800247192383,23.71045684814453,24.092391967773438,24.480506896972656,24.85240936279297,25.150344848632812,25.662353515625,26.08138656616211,26.578170776367188,28.185243606567383
23.072792053222656,23.652202606201172,24.092449188232422,24.484289169311523,24.825231552124023,25.16574478149414,25.542816162109375,25.988431930541992,26.695791244506836,28.442285537719727
23.20046615600586,23.614883422851562,24.09540557861328,24.440799713134766,24.782358169555664,25.241703033447266,25.589054107666016,26.08411407470703,26.811670303344727,28.90782928466797
23.056560516357422,23.557920455932617,24.123136520385742,24.473045349121094,24.834814071655273,25.1953125,25.621967315673828,25.99753761291504,26.67252540588379,28.18831443786621
23.033498764038086,23.55301284790039,24.071922302246094,24.482999801635742,24.883167266845703,25.269363403320312,25.774843215942383,26.27020263671875,26.85165023803711,28.48333740234375
23.140432357788086,23.697961807250977,24.121713638305664,24.54340362548828,24.91907501220703,25.33523941040039,25.773181915283203,26.141765594482422,26.778162002563477,28.39704704284668
23.09168243408203,23.697601318359375,24.166385650634766,24.571617126464844,24.98093032836914,25.38536834716797,25.80419921875,26.329458236694336,26.91217041015625,28.689865112304688
23.04828643798828,23.61185073852539,24.092519760131836,24.485515594482422,24.84538459777832,25.13158416748047,25.55226707458496,26.015148162841797,26.62868309020996,28.375520706176758
23.144039154052734,23.672922134399414,24.241132736206055,24.547561645507812,24.92521858215332,25.288311004638672,25.809391021728516,26.235836029052734,26.797069549560547,28.412700653076172
23.123552322387695,23.613067626953125,24.11962127685547,24.49161148071289,24.808834075927734,25.152915954589844,25.56149673461914,26.038509368896484,26.657461166381836,28.684505462646484
23.202360153198242,23.774904251098633,24.212400436401367,24.6509952545166,24.96331214904785,25.400680541992188,25.861860275268555,26.317153930664062,26.9545955657959,28.781965255737305
23.039045333862305,23.604188919067383,24.155200958251953,24.561519622802734,25.008220672607422,25.4221248626709,25.89919090270996,26.48723030090332,27.246061325073242,28.981548309326172
23.096452713012695,23.654251098632812,24.074003219604492,24.50019073486328,24.84856605529785,25.181324005126953,25.665761947631836,26.145952224731445,26.792612075805664,28.40760040283203
23.206483840942383,23.681560516357422,24.128847122192383,24.485963821411133,24.940723419189453,25.339935302734375,25.738025665283203,26.223867416381836,26.875045776367188,28.71018409729004
23.11159896850586,23.645639419555664,24.136465072631836,24.517133712768555,24.893705368041992,25.22783660888672,25.72576332092285,26.173187255859375,26.711551666259766,28.358261108398438
22.969654083251953,23.65587615966797,24.186758041381836,24.611515045166016,24.957765579223633,25.349252700805664,25.886241912841797,26.394006729125977,26.915678024291992,28.62679100036621
22.799739837646484,23.587783813476562,24.051876068115234,24.457483291625977,24.87737274169922,25.237943649291992,25.662771224975586,26.110591888427734,26.683122634887695,28.53675079345703
23.173311233520508,23.80233383178711,24.134397506713867,24.54022979736328,24.83232879638672,25.213109970092773,25.609216690063477,25.987924575805664,26.740745544433594,28.685461044311523
23.07347297668457,23.626699447631836,24.032489776611328,24.33514404296875,24.813289642333984,25.080820083618164,25.45938491821289,25.84602928161621,26.326868057250977,28.05084228515625
23.069297790527344,23.618478775024414,24.206066131591797,24.544265747070312,24.962398529052734,25.325902938842773,25.70342445373535,26.16020965576172,26.922000885009766,28.28046226501465
23.066953659057617,23.670846939086914,24.138792037963867,24.454708099365234,24.874500274658203,25.296709060668945,25.675949096679688,26.128623962402344,26.790006637573242,28.32510757446289
23.1872615814209,23.715951919555664,24.256919860839844,24.557641983032227,24.900569915771484,25.28465461730957,25.715362548828125,26.180360794067383,26.93170166015625,28.103168487548828
23.165124893188477,23.770326614379883,24.230566024780273,24.649272918701172,24.967044830322266,25.35996437072754,25.806320190429688,26.27281379699707,26.888689041137695,28.519145965576172
23.150056838989258,23.622060775756836,24.089847564697266,24.4377384185791,24.746578216552734,25.177597045898438,25.620237350463867,26.128341674804688,26.75979232788086,28.242084503173828
23.014163970947266,23.611177444458008,24.035795211791992,24.406923294067383,24.721851348876953,25.136180877685547,25.55769157409668,26.012304306030273,26.74332618713379,28.680269241333008
23.118772506713867,23.728580474853516,24.119033813476562,24.480178833007812,24.828832626342773,25.167972564697266,25.57686996459961,26.16053581237793,26.95612907409668,28.53656005859375
23.052249908447266,23.664836883544922,24.095619201660156,24.470335006713867,24.902515411376953,25.28557586669922,25.679595947265625,26.127893447875977,26.797372817993164,28.270078659057617
23.10639190673828,23.628631591796875,24.11952781677246,24.524925231933594,24.933855056762695,25.369983673095703,25.805702209472656,26.30929946899414,26.821208953857422,28.811473846435547
23.222278594970703,23.6926326751709,24.067527770996094,24.4763126373291,24.795120239257812,25.13662338256836,25.511581420898438,25.96782684326172,26.532970428466797,28.34860610961914
23.102752685546875,23.675697326660156,24.086444854736328,24.503318786621094,24.87755012512207,25.243661880493164,25.621129989624023,26.117013931274414,26.670190811157227,28.90410804748535
23.140029907226562,23.707561492919922,24.191524505615234,24.61285972595215,24.98758316040039,25.355562210083008,25.815032958984375,26.295936584472656,26.882308959960938,28.730728149414062
23.121315002441406,23.647605895996094,24.072982788085938,24.51085662841797,24.862810134887695,25.21617317199707,25.668773651123047,26.094097137451172,26.799348831176758,28.27088165283203
23.198129653930664,23.75021743774414,24.180145263671875,24.534664154052734,24.88679313659668,25.214723587036133,25.65959358215332,26.076292037963867,26.70549201965332,28.094188690185547
23.233022689819336,23.648223876953125,24.135066986083984,24.532499313354492,24.965641021728516,25.391529083251953,25.76953125,26.289085388183594,26.882156372070312,28.532812118530273
23.132619857788086,23.683547973632812,24.1168155670166,24.457107543945312,24.79145050048828,25.172426223754883,25.602144241333008,25.97479820251465,26.5693416595459,28.20953369140625
23.075979232788086,23.679426193237305,24.05455207824707,24.555553436279297,24.885459899902344,25.275869369506836,25.676712036132812,26.04554557800293,26.833269119262695,28.153867721557617
23.081161499023438,23.68848419189453,24.05992317199707,24.38517189025879,24.824979782104492,25.239463806152344,25.561546325683594,26.16205596923828,26.781112670898438,28.13454818725586
23.063615798950195,23.621601104736328,24.046995162963867,24.415386199951172,24.78997802734375,25.166223526000977,25.583404541015625,26.085111618041992,26.754226684570312,28.554502487182617
23.14498519897461,23.56023406982422,24.159440994262695,24.466753005981445,24.8720760345459,25.159934997558594,25.604454040527344,26.084808349609375,26.70793342590332,28.33829689025879
23.238367080688477,23.74374008178711,24.127939224243164,24.457761764526367,24.791645050048828,25.19248390197754,25.59150505065918,26.001182556152344,26.561708450317383,27.904014587402344
23.026338577270508,23.668943405151367,24.11952781677246,24.485368728637695,24.818782806396484,25.134550094604492,25.5795841217041,25.968278884887695,26.675899505615234,28.67124366760254
23.051162719726562,23.584365844726562,24.056554794311523,24.589595794677734,24.964061737060547,25.34646224975586,25.793397903442383,26.339319229125977,26.880407333374023,28.62686538696289
23.088706970214844,23.687789916992188,24.152469635009766,24.638328552246094,24.982620239257812,25.3925838470459,25.82793617248535,26.272966384887695,26.894805908203125,28.570438385009766
23.29932403564453,23.744003295898438,24.17105484008789,24.584585189819336,24.912012100219727,25.230257034301758,25.593509674072266,26.180898666381836,26.7116756439209,28.556217193603516
23.0704402923584,23.677852630615234,24.141124725341797,24.61599349975586,24.960384368896484,25.30908966064453,25.70494842529297,26.182308197021484,26.709840774536133,28.014713287353516
23.20297622680664,23.539899826049805,24.078054428100586,24.37029457092285,24.816570281982422,25.088014602661133,25.52053451538086,25.961105346679688,26.59222984313965,28.773544311523438
23.247238159179688,23.731849670410156,24.16163444519043,24.516244888305664,24.932008743286133,25.225088119506836,25.575902938842773,26.05658531188965,26.875818252563477,28.41107749938965
23.178852081298828,23.69835662841797,24.182138442993164,24.53179931640625,24.88566780090332,25.211122512817383,25.65316390991211,26.143327713012695,26.751176834106445,29.077795028686523
23.097597122192383,23.603519439697266,24.075254440307617,24.57204818725586,24.907236099243164,25.366641998291016,25.789653778076172,26.44769287109375,26.941362380981445,28.67879867553711
23.092187881469727,23.715091705322266,24.196847915649414,24.549869537353516,24.909666061401367,25.279125213623047,25.69455337524414,26.145296096801758,26.874788284301758,28.62487030029297
23.124542236328125,23.68087387084961,24.242197036743164,24.555130004882812,24.91152000427246,25.26604652404785,25.682247161865234,26.113557815551758,26.792856216430664,28.44562339782715
23.17277717590332,23.736005783081055,24.245447158813477,24.530542373657227,24.975543975830078,25.307523727416992,25.74324607849121,26.173696517944336,26.893712997436523,28.587881088256836
22.935930252075195,23.664194107055664,24.05071449279785,24.431074142456055,24.824464797973633,25.28887367248535,25.678199768066406,26.12247085571289,26.7172908782959,28.736587524414062
23.115509033203125,23.68537712097168,24.212617874145508,24.468338012695312,24.801555633544922,25.20293426513672,25.541738510131836,26.035839080810547,26.667139053344727,28.23377227783203
23.17177391052246,23.731876373291016,24.02610206604004,24.377357482910156,24.754201889038086,25.167383193969727,25.558109283447266,25.966493606567383,26.806400299072266,28.242263793945312
23.12069320678711,23.779495239257812,24.208192825317383,24.60897445678711,24.924457550048828,25.371402740478516,25.841678619384766,26.174598693847656,26.74972915649414,28.72601890563965
23.046201705932617,23.686466217041016,24.025413513183594,24.486276626586914,24.900373458862305,25.269750595092773,25.739707946777344,26.198095321655273,26.904788970947266,28.56585693359375
23.246990203857422,23.766151428222656,24.191848754882812,24.564512252807617,25.002046585083008,25.36688995361328,25.766082763671875,26.234228134155273,26.774282455444336,28.519779205322266
23.086536407470703,23.68255043029785,24.167673110961914,24.53105926513672,24.953210830688477,25.34491729736328,25.808963775634766,26.24888801574707,27.106409072875977,28.411909103393555
23.184364318847656,23.67513656616211,24.10310173034668,24.510068893432617,24.891653060913086,25.409244537353516,25.707651138305664,26.247678756713867,26.727142333984375,28.449480056762695
23.189172744750977,23.76674461364746,24.154733657836914,24.549800872802734,24.828699111938477,25.22281265258789,25.609777450561523,26.111454010009766,26.706592559814453,28.589616775512695
23.113754272460938,23.686952590942383,24.137554168701172,24.496068954467773,24.82785415649414,25.2221736907959,25.65782928466797,26.094282150268555,26.641389846801758,27.96196937561035
23.213964462280273,23.758180618286133,24.17150115966797,24.585538864135742,24.9810733795166,25.339353561401367,25.762624740600586,26.23499298095703,26.82867431640625,28.427722930908203
23.163652420043945,23.64727210998535,24.119707107543945,24.558475494384766,24.889663696289062,25.30919647216797,25.705181121826172,26.23000144958496,26.851377487182617,28.629688262939453
23.127500534057617,23.74519157409668,24.154708862304688,24.55428695678711,24.930892944335938,25.306602478027344,25.694347381591797,26.146961212158203,26.853239059448242,28.660425186157227
23.108600616455078,23.74056053161621,24.200376510620117,24.527851104736328,24.863954544067383,25.278348922729492,25.677738189697266,26.279817581176758,26.82725715637207,28.963428497314453
23.189096450805664,23.74520492553711,24.129817962646484,24.506942749023438,24.883007049560547,25.25125503540039,25.641324996948242,26.15553855895996,26.754047393798828,28.215667724609375
23.083721160888672,23.621925354003906,24.183914184570312,24.52647590637207,24.94115447998047,25.327619552612305,25.72059440612793,26.23352813720703,26.843664169311523,28.74980926513672
23.071006774902344,23.646202087402344,24.06756019592285,24.493629455566406,24.774667739868164,25.205488204956055,25.612342834472656,26.14358139038086,26.847694396972656,28.182079315185547
23.128568649291992,23.763072967529297,24.139657974243164,24.503276824951172,24.922883987426758,25.361665725708008,25.738277435302734,26.23298454284668,26.846410751342773,28.45488929748535
23.095930099487305,23.719619750976562,24.124225616455078,24.63543128967285,24.949941635131836,25.318065643310547,25.762975692749023,26.240028381347656,26.94707489013672,28.85478973388672
23.166099548339844,23.719575881958008,24.148895263671875,24.49318504333496,24.822694778442383,25.26942253112793,25.63850975036621,26.05910873413086,26.704341888427734,28.203506469726562
23.093250274658203,23.683696746826172,24.036527633666992,24.536876678466797,24.8907413482666,25.30304527282715,25.712207794189453,26.155061721801758,26.859142303466797,28.342676162719727
23.166040420532227,23.665782928466797,24.093603134155273,24.46940040588379,24.843679428100586,25.20785140991211,25.676721572875977,26.10296058654785,27.070556640625,28.504268646240234
23.098283767700195,23.634748458862305,24.076566696166992,24.44098472595215,24.83656120300293,25.133440017700195,25.473867416381836,25.927967071533203,26.633834838867188,27.808040618896484
23.11528778076172,23.69158935546875,24.086650848388672,24.469282150268555,24.80206298828125,25.208999633789062,25.546695709228516,25.995004653930664,26.682979583740234,28.01243019104004
23.064594268798828,23.679468154907227,24.07341957092285,24.381162643432617,24.812618255615234,25.21220588684082,25.583498001098633,26.045413970947266,26.569345474243164,28.475244522094727
23.13728141784668,23.701406478881836,24.05953598022461,24.486146926879883,24.884056091308594,25.256267547607422,25.66071128845215,26.06878089904785,26.543853759765625,28.184329986572266
23.27649688720703,23.845712661743164,24.271482467651367,24.6833438873291,24.97865867614746,25.373239517211914,25.722776412963867,26.260461807250977,26.85748863220215,28.522003173828125
23.18832778930664,23.761146545410156,24.20629119873047,24.50792121887207,24.913969039916992,25.270824432373047,25.70423698425293,26.256988525390625,26.832307815551758,28.706254959106445
23.01711654663086,23.715408325195312,24.165700912475586,24.647066116333008,24.903614044189453,25.397207260131836,25.799835205078125,26.399805068969727,27.060081481933594,28.506418228149414
23.069839477539062,23.583953857421875,24.127843856811523,24.46826934814453,24.86132049560547,25.20757293701172,25.58204460144043,26.093795776367188,26.75132179260254,28.233945846557617
23.01038360595703,23.6815242767334,24.12630844116211,24.59777069091797,25.016151428222656,25.33515167236328,25.719125747680664,26.190603256225586,27.004613876342773,28.354942321777344
23.110591888427734,23.69938850402832,24.04523277282715,24.46721839904785,24.749107360839844,25.187583923339844,25.590051651000977,26.012413024902344,26.671327590942383,28.95953369140625
22.991952896118164,23.61004066467285,24.047746658325195,24.41506576538086,24.79731559753418,25.176319122314453,25.653528213500977,26.08127212524414,26.808883666992188,28.235366821289062
23.12836456298828,23.608386993408203,24.105222702026367,24.42276954650879,24.870088577270508,25.197128295898438,25.669282913208008,26.044742584228516,26.577686309814453,28.247451782226562
23.078781127929688,23.654130935668945,24.108898162841797,24.503067016601562,24.934707641601562,25.40081214904785,25.787517547607422,26.332345962524414,27.003108978271484,28.839155197143555
23.194408416748047,23.774404525756836,24.256250381469727,24.6497859954834,25.011798858642578,25.36190414428711,25.81143569946289,26.314865112304688,27.029281616210938,28.68903923034668
23.15550422668457,23.71420669555664,24.133953094482422,24.509836196899414,24.905384063720703,25.23446273803711,25.643600463867188,26.146682739257812,26.82476043701172,28.26975440979004
23.116464614868164,23.664749145507812,24.146530151367188,24.667945861816406,24.952516555786133,25.360328674316406,25.82256507873535,26.24736785888672,27.056514739990234,28.84556007385254
22.99229621887207,23.703720092773438,24.133317947387695,24.497190475463867,24.89791488647461,25.29210090637207,25.667024612426758,26.097373962402344,26.65930938720703,28.189123153686523
23.049640655517578,23.67938232421875,24.179523468017578,24.617921829223633,24.959674835205078,25.319889068603516,25.774581909179688,26.322195053100586,26.837282180786133,28.66905975341797
23.06879234313965,23.607545852661133,24.008602142333984,24.40935707092285,24.805723190307617,25.128524780273438,25.503101348876953,25.97206687927246,26.620269775390625,28.367420196533203
23.083959579467773,23.696319580078125,24.11367416381836,24.468704223632812,24.847454071044922,25.271438598632812,25.641366958618164,26.027029037475586,26.689697265625,28.577783584594727
22.979045867919922,23.748523712158203,24.16364288330078,24.61817741394043,24.953155517578125,25.333274841308594,25.809070587158203,26.206022262573242,26.770238876342773,28.52785301208496
23.208860397338867,23.799907684326172,24.217636108398438,24.513776779174805,24.905345916748047,25.287689208984375,25.706945419311523,26.157085418701172,26.810884475708008,28.187862396240234
23.224681854248047,23.672401428222656,24.12398910522461,24.584823608398438,24.822311401367188,25.33574104309082,25.625635147094727,26.120800018310547,26.709684371948242,28.25895118713379
23.125316619873047,23.68035316467285,24.178518295288086,24.563329696655273,24.90898895263672,25.37517738342285,25.73980140686035,26.26858139038086,26.85112762451172,28.674089431762695
22.997337341308594,23.715795516967773,24.215139389038086,24.600296020507812,24.992183685302734,25.417741775512695,25.814794540405273,26.341400146484375,26.809560775756836,28.401004791259766
23.045976638793945,23.633089065551758,24.070905685424805,24.475238800048828,24.855743408203125,25.26534652709961,25.77923011779785,26.26700782775879,26.900129318237305,28.61870574951172
23.203855514526367,23.703388214111328,24.124956130981445,24.485361099243164,24.83404541015625,25.18331527709961,25.632204055786133,26.150772094726562,26.691720962524414,28.634836196899414
23.088634490966797,23.69518280029297,24.124940872192383,24.545578002929688,24.94222068786621,25.327518463134766,25.81472396850586,26.30729103088379,26.94864845275879,28.537315368652344
22.978689193725586,23.55069351196289,24.018815994262695,24.441368103027344,24.825958251953125,25.20806121826172,25.62952995300293,26.10140609741211,26.645999908447266,28.650798797607422
23.01740074157715,23.643537521362305,24.15375328063965,24.502548217773438,24.947866439819336,25.27992820739746,25.703824996948242,26.254735946655273,26.877355575561523,28.337411880493164
23.095985412597656,23.706619262695312,24.12204360961914,24.43568992614746,24.867685317993164,25.239702224731445,25.70990753173828,26.251712799072266,26.841150283813477,28.64293670654297
23.109886169433594,23.6268367767334,24.124361038208008,24.429492950439453,24.773656845092773,25.189533233642578,25.464447021484375,25.96472930908203,26.38688087463379,28.026819229125977
23.074073791503906,23.758407592773438,24.23797035217285,24.549232482910156,24.98421859741211,25.364227294921875,25.736257553100586,26.193954467773438,26.934616088867188,28.602285385131836
23.027673721313477,23.613658905029297,24.081684112548828,24.377992630004883,24.839569091796875,25.19530487060547,25.660627365112305,26.092981338500977,26.621278762817383,28.513671875
23.055295944213867,23.70905303955078,24.089590072631836,24.491851806640625,24.852264404296875,25.25475311279297,25.609262466430664,26.162439346313477,26.788562774658203,28.156509399414062
23.277996063232422,23.664533615112305,24.088794708251953,24.549030303955078,24.876455307006836,25.14605140686035,25.593381881713867,25.91829490661621,26.425142288208008,28.11441993713379
23.1016902923584,23.734514236450195,24.19011116027832,24.692140579223633,25.088153839111328,25.513500213623047,25.920822143554688,26.340255737304688,26.990184783935547,28.50677490234375
23.249025344848633,23.809179306030273,24.300792694091797,24.703556060791016,24.988170623779297,25.432409286499023,25.800607681274414,26.431005477905273,26.896738052368164,28.507543563842773
23.160146713256836,23.61711311340332,24.01413917541504,24.480918884277344,24.782913208007812,25.27560806274414,25.65271759033203,26.134157180786133,26.74476432800293,28.590251922607422
23.074542999267578,23.647384643554688,24.080781936645508,24.47834014892578,24.817378997802734,25.139591217041016,25.598600387573242,25.950149536132812,26.662677764892578,28.581554412841797
22.956912994384766,23.653831481933594,24.121997833251953,24.525728225708008,24.98586082458496,25.32666778564453,25.775028228759766,26.326513290405273,27.07093620300293,28.739974975585938
23.246112823486328,23.697975158691406,24.15502166748047,24.565406799316406,24.916332244873047,25.32701873779297,25.74481201171875,26.10696029663086,26.75921058654785,28.46295738220215
23.096776962280273,23.560710906982422,24.05821990966797,24.453866958618164,24.78045654296875,25.17470932006836,25.536293029785156,25.916122436523438,26.544891357421875,28.265090942382812
23.09516143798828,23.60443878173828,24.13738250732422,24.459365844726562,24.898399353027344,25.38666343688965,25.719341278076172,26.334260940551758,26.844141006469727,28.585657119750977
22.926450729370117,23.58616065979004,24.110563278198242,24.51447105407715,24.886981964111328,25.28064727783203,25.605960845947266,26.139854431152344,26.78118896484375,28.44297981262207
23.118635177612305,23.581806182861328,24.098796844482422,24.46063232421875,24.78824806213379,25.209510803222656,25.540508270263672,25.98583984375,26.751327514648438,27.89105224609375
23.159189224243164,23.724082946777344,24.220516204833984,24.54442596435547,25.020750045776367,25.36322784423828,25.869049072265625,26.242469787597656,26.922130584716797,28.341480255126953
22.982582092285156,23.591217041015625,24.09433937072754,24.458810806274414,24.840713500976562,25.418655395507812,25.730560302734375,26.180700302124023,26.778045654296875,28.864288330078125
23.12225341796875,23.709444046020508,24.175039291381836,24.578521728515625,24.952312469482422,25.34453773498535,25.807851791381836,26.251859664916992,26.880605697631836,28.308143615722656
23.245391845703125,23.76991844177246,24.223859786987305,24.671146392822266,25.0234375,25.424362182617188,25.77692985534668,26.19822120666504,26.883798599243164,28.609533309936523
23.06464195251465,23.66097640991211,24.071870803833008,24.37640953063965,24.871496200561523,25.176376342773438,25.572420120239258,25.88267707824707,26.47520637512207,28.407840728759766
23.029842376708984,23.685436248779297,24.142364501953125,24.571762084960938,25.040021896362305,25.340038299560547,25.77545738220215,26.243635177612305,26.986492156982422,28.859167098999023
23.088916778564453,23.619705200195312,24.046695709228516,24.45842170715332,24.826446533203125,25.212081909179688,25.66864585876465,26.155323028564453,26.74053955078125,28.426910400390625
23.203500747680664,23.801403045654297,24.122791290283203,24.513490676879883,24.912593841552734,25.27151107788086,25.651914596557617,26.100797653198242,26.677978515625,28.34480857849121
23.109973907470703,23.648181915283203,24.085432052612305,24.443166732788086,24.852279663085938,25.24823570251465,25.609798431396484,26.08316993713379,26.56480598449707,28.086544036865234
23.183395385742188,23.76038360595703,24.213787078857422,24.58165168762207,24.995357513427734,25.26690101623535,25.761310577392578,26.313758850097656,26.932174682617188,28.577545166015625
23.001171112060547,23.71862030029297,24.12850570678711,24.503644943237305,24.93890953063965,25.297910690307617,25.76129150390625,26.27483558654785,26.878759384155273,28.797033309936523
23.24557876586914,23.721750259399414,24.17116355895996,24.552152633666992,24.83464813232422,25.285106658935547,25.600902557373047,26.056121826171875,26.661848068237305,28.281400680541992
23.246723175048828,23.68836212158203,24.210798263549805,24.50664520263672,24.885746002197266,25.278839111328125,25.617258071899414,26.162147521972656,26.874256134033203,28.42807960510254
23.25800895690918,23.715068817138672,24.149585723876953,24.539337158203125,24.936668395996094,25.314205169677734,25.679454803466797,26.20936393737793,26.853845596313477,28.56854248046875
23.07233428955078,23.56404685974121,24.024965286254883,24.513853073120117,24.89803695678711,25.217939376831055,25.679319381713867,26.11697006225586,26.74094009399414,28.53114891052246
23.252531051635742,23.78009605407715,24.165557861328125,24.551069259643555,24.925939559936523,25.313411712646484,25.74644660949707,26.28699493408203,26.944210052490234,28.548763275146484
22.999223709106445,23.580589294433594,24.143783569335938,24.606975555419922,24.998552322387695,25.34926986694336,25.67771339416504,26.19931983947754,26.64948844909668,28.469995498657227
23.099252700805664,23.616729736328125,24.064590454101562,24.398719787597656,24.79360580444336,25.151029586791992,25.564027786254883,26.055160522460938,26.66691017150879,28.249479293823242
23.152015686035156,23.749425888061523,24.20818519592285,24.54123878479004,24.897804260253906,25.230026245117188,25.625797271728516,26.176559448242188,26.66755485534668,28.286420822143555
23.124755859375,23.76702308654785,24.242084503173828,24.6606502532959,24.961767196655273,25.40296173095703,25.80255126953125,26.15435028076172,26.826690673828125,28.44854736328125
23.24952507019043,23.723764419555664,24.146900177001953,24.50520896911621,24.921022415161133,25.22449493408203,25.669815063476562,26.118314743041992,26.709640502929688,28.20256996154785
22.999080657958984,23.595922470092773,24.09490394592285,24.54354476928711,24.869535446166992,25.17889404296875,25.629358291625977,26.114025115966797,26.739025115966797,28.77978515625
23.079265594482422,23.605690002441406,24.050865173339844,24.484987258911133,24.793989181518555,25.29093360900879,25.625009536743164,26.093412399291992,26.710403442382812,28.599233627319336
23.137863159179688,23.668550491333008,24.168581008911133,24.563739776611328,24.90325355529785,25.295576095581055,25.687816619873047,26.186717987060547,26.755483627319336,27.925613403320312
23.236072540283203,23.8482608795166,24.203449249267578,24.56093978881836,24.98006820678711,25.331018447875977,25.783708572387695,26.142480850219727,26.628652572631836,28.260955810546875
23.050373077392578,23.733104705810547,24.197446823120117,24.568788528442383,24.929166793823242,25.331586837768555,25.718955993652344,26.276742935180664,26.818044662475586,28.679439544677734
23.154428482055664,23.663166046142578,24.105968475341797,24.514041900634766,24.87801742553711,25.312503814697266,25.683137893676758,26.16582489013672,26.890405654907227,28.586904525756836
23.04018783569336,23.648303985595703,24.098363876342773,24.47100067138672,24.932823181152344,25.324308395385742,25.74175262451172,26.23158836364746,26.743114471435547,28.678531646728516
22.951065063476562,23.65644645690918,24.145381927490234,24.556838989257812,24.92171287536621,25.283220291137695,25.694595336914062,26.19822120666504,26.85101318359375,28.5283145904541
23.1138858795166,23.694490432739258,24.157495498657227,24.584245681762695,24.897432327270508,25.242958068847656,25.679046630859375,25.970020294189453,26.737781524658203,28.478164672851562
23.142227172851562,23.685190200805664,24.124778747558594,24.5678768157959,24.865013122558594,25.26483917236328,25.64900016784668,26.200536727905273,26.707077026367188,28.441312789916992
23.136802673339844,23.730539321899414,24.15393829345703,24.536935806274414,24.939062118530273,25.234092712402344,25.635372161865234,26.139192581176758,26.710063934326172,28.436691284179688
23.025802612304688,23.670944213867188,24.08199691772461,24.368431091308594,24.818511962890625,25.157175064086914,25.60778045654297,26.152868270874023,26.596250534057617,28.42328453063965
22.93689727783203,23.61605453491211,24.11602020263672,24.54812240600586,24.900760650634766,25.337970733642578,25.72793960571289,26.242605209350586,26.883188247680664,28.458457946777344
23.129901885986328,23.699819564819336,24.08365821838379,24.47895050048828,24.914661407470703,25.22952651977539,25.704843521118164,26.116361618041992,26.814735412597656,28.257984161376953
23.039810180664062,23.734970092773438,24.178239822387695,24.570146560668945,25.012723922729492,25.355039596557617,25.740558624267578,26.21486473083496,26.815521240234375,28.274145126342773
23.013704299926758,23.68558120727539,24.058326721191406,24.362457275390625,24.78257179260254,25.128698348999023,25.617074966430664,25.991851806640625,26.55417823791504,28.392858505249023
23.023963928222656,23.59389877319336,24.035083770751953,24.501129150390625,24.88109016418457,25.261917114257812,25.81502914428711,26.28864097595215,26.987661361694336,28.702030181884766
22.99924659729004,23.533655166625977,23.999813079833984,24.423864364624023,24.762680053710938,25.159236907958984,25.713998794555664,26.217187881469727,26.663345336914062,28.619470596313477
22.935359954833984,23.669225692749023,24.156118392944336,24.493703842163086,24.941621780395508,25.18903923034668,25.71734046936035,26.141000747680664,26.845340728759766,28.805011749267578
23.09458351135254,23.77887535095215,24.152645111083984,24.582178115844727,24.96103858947754,25.41648292541504,25.837907791137695,26.222177505493164,26.822416305541992,28.454879760742188
23.069360733032227,23.661821365356445,24.11578941345215,24.444198608398438,24.88195037841797,25.32187271118164,25.695117950439453,26.200366973876953,26.766401290893555,28.410594940185547
23.09186363220215,23.620264053344727,24.052751541137695,24.49104881286621,24.887210845947266,25.194507598876953,25.63677215576172,26.04285430908203,26.70644187927246,28.256595611572266
23.24011993408203,23.753944396972656,24.195905685424805,24.561927795410156,24.96219253540039,25.313478469848633,25.75735092163086,26.179340362548828,26.885356903076172,28.325565338134766
23.089738845825195,23.648916244506836,24.096664428710938,24.478317260742188,24.802183151245117,25.159364700317383,25.546640396118164,26.03287124633789,26.466808319091797,28.355010986328125
23.199800491333008,23.774084091186523,24.130905151367188,24.470434188842773,24.76510238647461,25.20465660095215,25.59868621826172,26.039573669433594,26.693754196166992,28.185741424560547
23.182193756103516,23.710241317749023,24.080360412597656,24.524587631225586,24.844371795654297,25.15484619140625,25.577478408813477,25.938302993774414,26.623519897460938,27.986295700073242
23.022560119628906,23.614057540893555,24.216554641723633,24.55653953552246,24.952810287475586,25.33202362060547,25.710317611694336,26.200511932373047,26.755990982055664,29.035720825195312
23.071813583374023,23.717464447021484,24.111827850341797,24.494338989257812,24.865673065185547,25.204330444335938,25.715499877929688,26.13525390625,26.85015296936035,28.49620819091797
23.048250198364258,23.796445846557617,24.189294815063477,24.553041458129883,24.952932357788086,25.281700134277344,25.662715911865234,26.276920318603516,26.749242782592773,28.595991134643555
23.032541275024414,23.62877655029297,24.15445899963379,24.589128494262695,25.006254196166992,25.411109924316406,25.898635864257812,26.321495056152344,27.046493530273438,28.824710845947266
23.104829788208008,23.68366050720215,24.061338424682617,24.47519302368164,24.810453414916992,25.177019119262695,25.601327896118164,26.091867446899414,26.84242820739746,28.080780029296875
23.04779815673828,23.5954532623291,24.11610221862793,24.453615188598633,24.82416534423828,25.19610023498535,25.62828826904297,26.068864822387695,26.732864379882812,29.427875518798828
23.202129364013672,23.742895126342773,24.21915626525879,24.609512329101562,24.85213279724121,25.283241271972656,25.637630462646484,26.16495132446289,26.69639015197754,28.376859664916992
23.165708541870117,23.721773147583008,24.181678771972656,24.579668045043945,24.926725387573242,25.240331649780273,25.723064422607422,26.115798950195312,26.710195541381836,28.408950805664062
23.154821395874023,23.673368453979492,24.113773345947266,24.54235076904297,24.94317054748535,25.337757110595703,25.77289390563965,26.23693084716797,26.973241806030273,28.593515396118164
23.08395004272461,23.72295570373535,24.17028045654297,24.603174209594727,24.937829971313477,25.33382797241211,25.719852447509766,26.169981002807617,26.837078094482422,28.284353256225586
23.070148468017578,23.686067581176758,24.074918746948242,24.61959457397461,24.980039596557617,25.310379028320312,25.779340744018555,26.220129013061523,27.01619529724121,28.84268569946289
22.921268463134766,23.69149398803711,24.184913635253906,24.579816818237305,24.915273666381836,25.37686538696289,25.722124099731445,26.18768310546875,26.936723709106445,28.58606719970703
23.127872467041016,23.71799659729004,24.236337661743164,24.547304153442383,24.88282585144043,25.185121536254883,25.578828811645508,25.99343490600586,26.554140090942383,28.367937088012695
23.18426513671875,23.69447898864746,24.12458610534668,24.552019119262695,24.870859146118164,25.29620933532715,25.750282287597656,26.291606903076172,26.815420150756836,28.675085067749023
23.1621150970459,23.685714721679688,24.184621810913086,24.570837020874023,24.892375946044922,25.259300231933594,25.67633056640625,26.121810913085938,26.78176498413086,28.539480209350586
23.234630584716797,23.72844696044922,24.14047622680664,24.464059829711914,24.947486877441406,25.239957809448242,25.637256622314453,26.021663665771484,26.544092178344727,28.54608154296875
23.139610290527344,23.566375732421875,24.079113006591797,24.435998916625977,24.82950210571289,25.230031967163086,25.603532791137695,25.987628936767578,26.70966148376465,28.45353126525879
23.195507049560547,23.67702293395996,24.09001350402832,24.510379791259766,24.77770233154297,25.171655654907227,25.583234786987305,26.067615509033203,26.59372329711914,28.25646209716797
23.144380569458008,23.727445602416992,24.161367416381836,24.54358673095703,24.97679328918457,25.29820442199707,25.59572982788086,26.22813606262207,26.830089569091797,28.746103286743164
23.08773422241211,23.591400146484375,24.130401611328125,24.610153198242188,24.94515609741211,25.282846450805664,25.70301628112793,26.119722366333008,26.80938148498535,28.495811462402344
23.252012252807617,23.607213973999023,24.024972915649414,24.48130989074707,24.822925567626953,25.121793746948242,25.589698791503906,26.00310707092285,26.59716796875,28.29988670349121
23.09930992126465,23.607933044433594,24.09632110595703,24.44606590270996,24.866899490356445,25.242246627807617,25.662586212158203,26.17698097229004,26.64659881591797,29.09947967529297
23.10532569885254,23.580102920532227,24.114826202392578,24.51921272277832,24.906871795654297,25.28181266784668,25.659976959228516,26.122329711914062,26.683549880981445,28.41596031188965
23.059968948364258,23.59821128845215,24.114137649536133,24.603004455566406,24.87803077697754,25.32061004638672,25.735736846923828,26.46908187866211,27.135080337524414,28.50458335876465
23.050325393676758,23.711181640625,24.07233238220215,24.492441177368164,24.867233276367188,25.201187133789062,25.646516799926758,26.060821533203125,26.825082778930664,28.331802368164062
23.135194778442383,23.70522689819336,24.23122787475586,24.457969665527344,24.95557975769043,25.26535987854004,25.710378646850586,26.214834213256836,26.77379035949707,28.26498031616211
23.121734619140625,23.727243423461914,24.19454574584961,24.524826049804688,24.881277084350586,25.323320388793945,25.635942459106445,26.121912002563477,27.015125274658203,28.337295532226562
23.228422164916992,23.640878677368164,24.101280212402344,24.527734756469727,24.886110305786133,25.26523780822754,25.652706146240234,26.16322135925293,26.72783660888672,28.34425926208496
23.2206974029541,23.598262786865234,24.123916625976562,24.51621437072754,24.877803802490234,25.25124740600586,25.65519142150879,25.996109008789062,26.757781982421875,28.417692184448242
23.097135543823242,23.691650390625,24.138158798217773,24.639001846313477,24.994722366333008,25.331958770751953,25.74396324157715,26.17363739013672,26.773902893066406,28.477886199951172
23.070371627807617,23.55850601196289,24.024351119995117,24.502012252807617,24.883405685424805,25.331239700317383,25.78290367126465,26.193077087402344,26.87944984436035,28.6044864654541
23.127182006835938,23.661890029907227,24.06486701965332,24.44753074645996,24.84613037109375,25.224645614624023,25.528724670410156,26.01095962524414,26.624788284301758,28.515274047851562
23.060701370239258,23.640108108520508,24.06467056274414,24.486055374145508,24.84096908569336,25.253015518188477,25.54758644104004,26.11756134033203,26.68845558166504,28.6533203125
23.17409324645996,23.638320922851562,24.122413635253906,24.448928833007812,24.887022018432617,25.214017868041992,25.557432174682617,25.919530868530273,26.38861846923828,27.826831817626953
23.24909782409668,23.830856323242188,24.270183563232422,24.570165634155273,25.005582809448242,25.427165985107422,25.83731460571289,26.174224853515625,26.767786026000977,28.6535701751709
23.16221809387207,23.674118041992188,24.135129928588867,24.509912490844727,24.866252899169922,25.30462074279785,25.80031967163086,26.439603805541992,27.046756744384766,28.662973403930664
23.10356903076172,23.57266616821289,24.08696174621582,24.399791717529297,24.83310890197754,25.21254539489746,25.610992431640625,26.037109375,26.723190307617188,28.580339431762695
22.985395431518555,23.64949607849121,24.063676834106445,24.478595733642578,24.82633399963379,25.155675888061523,25.56675910949707,25.949951171875,26.47886848449707,28.80588722229004
22.946006774902344,23.644451141357422,24.119464874267578,24.58513832092285,24.907018661499023,25.406681060791016,25.72438621520996,26.188432693481445,26.602710723876953,28.281147003173828
23.076255798339844,23.58863639831543,24.0949649810791,24.55250358581543,24.90127944946289,25.279918670654297,25.67144012451172,26.211652755737305,26.69598388671875,28.4582462310791
23.02751922607422,23.667818069458008,24.001203536987305,24.39071273803711,24.857885360717773,25.25169563293457,25.629838943481445,26.138216018676758,26.863155364990234,28.426727294921875
23.07828140258789,23.802574157714844,24.153213500976562,24.547697067260742,24.806724548339844,25.24742317199707,25.587007522583008,26.100109100341797,26.762271881103516,28.34265899658203
23.15338706970215,23.7565975189209,24.120542526245117,24.510007858276367,24.84722137451172,25.224082946777344,25.59107208251953,26.10178565979004,26.685043334960938,28.43622398376465
23.182113647460938,23.792339324951172,24.19215202331543,24.564727783203125,24.91279411315918,25.2900390625,25.721012115478516,26.276132583618164,26.797693252563477,28.15731430053711
23.180604934692383,23.802536010742188,24.194215774536133,24.633331298828125,24.919353485107422,25.333677291870117,25.774457931518555,26.167930603027344,26.837482452392578,28.4221248626709
23.167713165283203,23.707643508911133,24.053625106811523,24.53182601928711,24.92421531677246,25.294940948486328,25.716014862060547,26.240320205688477,26.85312843322754,28.418380737304688
23.08774185180664,23.697166442871094,24.032691955566406,24.483247756958008,24.82073211669922,25.12165069580078,25.50838279724121,25.954866409301758,26.57513999938965,28.310043334960938
23.156110763549805,23.799198150634766,24.23523712158203,24.633481979370117,24.955425262451172,25.317195892333984,25.793737411499023,26.218332290649414,26.926279067993164,28.464874267578125
23.06263542175293,23.672964096069336,24.102432250976562,24.533493041992188,24.91940689086914,25.18592071533203,25.665496826171875,26.101821899414062,26.61219024658203,28.38416862487793
23.1091365814209,23.695049285888672,24.161582946777344,24.586366653442383,24.953453063964844,25.324295043945312,25.67946434020996,26.179622650146484,26.763507843017578,28.305389404296875
22.991376876831055,23.63810920715332,24.069332122802734,24.368043899536133,24.806245803833008,25.173259735107422,25.562824249267578,26.079557418823242,26.54696273803711,28.234315872192383
23.217809677124023,23.690446853637695,24.129127502441406,24.495603561401367,24.91495132446289,25.302141189575195,25.72599983215332,26.340444564819336,26.926464080810547,28.66436195373535
23.048171997070312,23.585214614868164,24.02945327758789,24.506175994873047,24.845365524291992,25.16741371154785,25.592361450195312,25.978330612182617,26.686359405517578,28.193084716796875
23.14152717590332,23.712886810302734,24.077110290527344,24.591928482055664,24.963306427001953,25.2687931060791,25.626083374023438,26.23396873474121,26.75274085998535,28.35363006591797
23.15056037902832,23.662193298339844,23.998857498168945,24.436115264892578,24.752470016479492,25.142822265625,25.582857131958008,26.08086585998535,26.691564559936523,28.417545318603516
23.095088958740234,23.613746643066406,24.165542602539062,24.565078735351562,24.893375396728516,25.242643356323242,25.69810676574707,26.104900360107422,26.831005096435547,28.40247344970703
23.195758819580078,23.789234161376953,24.123998641967773,24.51203155517578,24.866069793701172,25.242862701416016,25.665939331054688,26.172607421875,26.770463943481445,28.509151458740234
23.200149536132812,23.58246612548828,24.102584838867188,24.488636016845703,24.83846092224121,25.174720764160156,25.53904151916504,25.958847045898438,26.55780792236328,28.36328125
23.240671157836914,23.688095092773438,24.130828857421875,24.51238250732422,24.9119930267334,25.26365089416504,25.718564987182617,26.166351318359375,26.844356536865234,28.538850784301758
23.078384399414062,23.691669464111328,24.153003692626953,24.560396194458008,24.929290771484375,25.29277801513672,25.748886108398438,26.196863174438477,26.921369552612305,28.599868774414062
23.14293670654297,23.671846389770508,24.12200927734375,24.495773315429688,24.8730411529541,25.289485931396484,25.68947982788086,26.115690231323242,26.76340675354004,28.66018295288086
22.99431610107422,23.548246383666992,24.099502563476562,24.48777961730957,24.870927810668945,25.193988800048828,25.62660789489746,26.029003143310547,26.576461791992188,28.091026306152344
22.955123901367188,23.690200805664062,24.127256393432617,24.525039672851562,24.8583984375,25.188032150268555,25.640132904052734,26.077983856201172,26.756954193115234,28.554346084594727
23.155488967895508,23.817399978637695,24.096881866455078,24.55183219909668,24.877676010131836,25.314054489135742,25.755859375,26.174924850463867,26.814008712768555,28.522823333740234
22.848234176635742,23.611431121826172,24.147506713867188,24.613271713256836,24.923677444458008,25.347518920898438,25.77516746520996,26.485885620117188,27.08205223083496,28.945232391357422
23.186511993408203,23.746753692626953,24.18083953857422,24.504383087158203,24.9418888092041,25.327476501464844,25.715669631958008,26.26300048828125,26.941974639892578,28.607046127319336
23.160219192504883,23.814739227294922,24.134410858154297,24.552335739135742,24.890504837036133,25.247419357299805,25.589723587036133,26.122034072875977,26.722055435180664,28.456274032592773
22.976726531982422,23.628768920898438,24.083797454833984,24.441383361816406,24.885791778564453,25.2132511138916,25.57793617248535,26.171524047851562,26.68592643737793,28.483169555664062
23.11393928527832,23.709327697753906,24.167219161987305,24.5704288482666,24.943601608276367,25.326061248779297,25.71549415588379,26.135324478149414,26.800561904907227,28.326610565185547
23.2883358001709,23.726587295532227,24.209686279296875,24.527767181396484,24.894317626953125,25.311965942382812,25.753347396850586,26.20538330078125,26.87149429321289,28.53314781188965
23.123849868774414,23.676223754882812,24.09239959716797,24.500038146972656,24.844451904296875,25.232160568237305,25.544857025146484,26.001293182373047,26.643545150756836,28.323436737060547
22.919321060180664,23.706083297729492,24.14630699157715,24.48351287841797,24.908510208129883,25.23174285888672,25.645551681518555,26.143278121948242,26.731679916381836,28.78943634033203
23.038911819458008,23.776700973510742,24.142290115356445,24.67908477783203,25.081846237182617,25.356924057006836,25.823469161987305,26.298921585083008,26.84401512145996,28.36875343322754
23.233604431152344,23.75493621826172,24.222293853759766,24.519380569458008,24.887731552124023,25.278902053833008,25.64102554321289,26.24357795715332,26.944942474365234,28.671377182006836
23.165542602539062,23.74884605407715,24.183652877807617,24.530319213867188,24.814449310302734,25.182697296142578,25.655702590942383,26.112314224243164,26.67807960510254,29.149078369140625
23.222681045532227,23.713590621948242,24.030134201049805,24.451213836669922,24.798540115356445,25.13587188720703,25.654794692993164,26.07093048095703,26.650407791137695,28.502973556518555
23.14427375793457,23.721460342407227,24.116500854492188,24.47860336303711,24.85829734802246,25.232223510742188,25.65423011779785,26.07874298095703,26.812641143798828,28.38994789123535
23.013036727905273,23.606550216674805,24.099882125854492,24.48564910888672,24.83438491821289,25.195602416992188,25.57981300354004,26.010671615600586,26.64675521850586,27.88927459716797
23.115249633789062,23.625398635864258,24.099367141723633,24.44841766357422,24.756471633911133,25.207656860351562,25.622661590576172,26.118955612182617,26.78333282470703,28.368696212768555
23.223474502563477,23.73707389831543,24.209741592407227,24.64044761657715,24.934038162231445,25.31241226196289,25.71339988708496,26.127099990844727,26.78795051574707,28.50575065612793
23.224437713623047,23.65631103515625,24.16240882873535,24.516948699951172,24.850006103515625,25.167285919189453,25.623218536376953,26.081499099731445,26.5649356842041,28.63758659362793
23.0142765045166,23.628719329833984,24.06718635559082,24.428861618041992,24.812091827392578,25.223453521728516,25.656320571899414,26.106481552124023,26.596817016601562,28.345523834228516
23.124099731445312,23.676013946533203,24.143062591552734,24.56247329711914,24.919132232666016,25.274309158325195,25.694076538085938,26.20985984802246,26.779232025146484,28.585702896118164
23.147043228149414,23.70231056213379,24.10433578491211,24.49972915649414,24.905080795288086,25.24749755859375,25.768030166625977,26.148937225341797,26.72403335571289,28.374176025390625
23.075511932373047,23.57685089111328,24.032556533813477,24.396804809570312,24.77692222595215,25.20534896850586,25.53778839111328,26.01152801513672,26.545198440551758,28.06907081604004
23.225900650024414,23.70854377746582,24.09351348876953,24.476346969604492,24.78928565979004,25.210838317871094,25.57122230529785,26.071176528930664,26.678281784057617,28.33609962463379
23.092443466186523,23.625019073486328,24.050376892089844,24.398929595947266,24.820045471191406,25.218433380126953,25.604284286499023,26.086702346801758,26.71029281616211,28.320892333984375
23.12858009338379,23.678205490112305,24.196571350097656,24.572526931762695,24.911483764648438,25.381837844848633,25.785818099975586,26.20583724975586,26.886274337768555,28.71673583984375
23.110319137573242,23.7224178314209,24.231895446777344,24.546846389770508,24.912147521972656,25.25912857055664,25.696727752685547,26.052825927734375,26.734874725341797,28.53920555114746
23.217618942260742,23.706859588623047,24.125303268432617,24.571813583374023,25.008441925048828,25.32419204711914,25.725954055786133,26.171070098876953,26.87114906311035,28.41416358947754
22.96246910095215,23.66671371459961,24.100200653076172,24.51423454284668,24.913066864013672,25.3342342376709,25.742813110351562,26.146759033203125,26.764760971069336,28.342741012573242
23.051856994628906,23.709468841552734,24.163082122802734,24.522293090820312,24.947622299194336,25.36129379272461,25.727968215942383,26.226287841796875,26.93947410583496,28.721725463867188
23.084957122802734,23.62301254272461,24.070472717285156,24.457847595214844,24.85561752319336,25.186429977416992,25.618696212768555,26.011289596557617,26.518524169921875,28.339311599731445
23.048128128051758,23.63857078552246,24.05803871154785,24.541200637817383,24.785987854003906,25.21909523010254,25.636165618896484,26.061695098876953,26.542448043823242,28.286088943481445
23.106735229492188,23.60342788696289,24.049779891967773,24.45937156677246,24.816287994384766,25.260671615600586,25.684728622436523,26.103424072265625,26.670610427856445,28.702125549316406
23.037574768066406,23.69123649597168,24.16292953491211,24.466337203979492,24.814987182617188,25.24135398864746,25.631147384643555,26.073034286499023,26.659780502319336,28.2546329498291
23.089515686035156,23.700115203857422,24.129133224487305,24.55602264404297,24.947235107421875,25.25258445739746,25.751920700073242,26.239465713500977,26.897428512573242,28.610702514648438
23.070148468017578,23.612361907958984,24.10103988647461,24.504369735717773,24.91691780090332,25.261384963989258,25.650814056396484,26.145877838134766,26.793949127197266,28.434614181518555
23.054237365722656,23.710250854492188,24.113798141479492,24.5784969329834,24.933320999145508,25.35512351989746,25.797744750976562,26.281761169433594,26.907915115356445,28.81453514099121
23.204702377319336,23.716121673583984,24.170351028442383,24.482322692871094,24.943599700927734,25.263463973999023,25.611709594726562,26.217844009399414,26.7451114654541,28.547883987426758
