23.110763549804688,23.675935745239258,24.143970489501953,24.52804946899414,24.913999557495117,25.284423828125,25.678842544555664,26.153852462768555,26.759973526000977,28.546955108642578
23.15039825439453,23.715728759765625,24.182798385620117,24.546600341796875,24.906606674194336,25.286867141723633,25.711448669433594,26.166927337646484,26.783496856689453,28.58697509765625
23.045360565185547,23.662477493286133,24.174264907836914,24.607202529907227,25.02797508239746,25.41962242126465,25.85426902770996,26.36610984802246,26.95840835571289,28.669681549072266
23.06911849975586,23.675905227661133,24.151914596557617,24.607816696166992,25.00518798828125,25.38704490661621,25.809982299804688,26.279956817626953,26.941417694091797,28.60091209411621
23.06362533569336,23.687911987304688,24.157243728637695,24.56049156188965,24.98694610595703,25.397977828979492,25.844852447509766,26.322927474975586,27.017045974731445,28.586957931518555
23.134994506835938,23.710006713867188,24.149606704711914,24.551362991333008,24.92474365234375,25.344961166381836,25.750959396362305,26.241540908813477,26.871898651123047,28.593368530273438
23.022308349609375,23.66832733154297,24.14730453491211,24.556442260742188,24.970596313476562,25.3397159576416,25.7912540435791,26.263601303100586,26.89588737487793,28.65543556213379
23.08815574645996,23.662342071533203,24.108617782592773,24.49089241027832,24.86347770690918,25.261497497558594,25.657264709472656,26.13693618774414,26.760616302490234,28.452680587768555
23.09603500366211,23.67677116394043,24.114086151123047,24.512250900268555,24.889625549316406,25.25380516052246,25.647052764892578,26.12728500366211,26.75832176208496,28.583904266357422
23.000337600708008,23.666027069091797,24.14200782775879,24.57590675354004,24.972654342651367,25.388946533203125,25.792598724365234,26.27379608154297,26.930349349975586,28.598983764648438
23.102758407592773,23.67106819152832,24.14537239074707,24.55088233947754,24.944652557373047,25.321523666381836,25.75461196899414,26.224044799804688,26.843841552734375,28.588123321533203
23.07780647277832,23.659452438354492,24.106361389160156,24.487815856933594,24.858463287353516,25.236114501953125,25.654613494873047,26.114242553710938,26.667457580566406,28.21039390563965
23.038291931152344,23.642168045043945,24.064605712890625,24.445024490356445,24.830657958984375,25.194469451904297,25.607486724853516,26.086496353149414,26.700359344482422,28.44240379333496
23.050457000732422,23.641632080078125,24.08970832824707,24.488826751708984,24.88386344909668,25.250022888183594,25.661304473876953,26.106412887573242,26.723133087158203,28.449745178222656
23.081235885620117,23.64838409423828,24.09653663635254,24.49527359008789,24.85304069519043,25.245319366455078,25.67705726623535,26.14556312561035,26.776208877563477,28.540517807006836
23.14226531982422,23.73198699951172,24.15927505493164,24.540998458862305,24.941577911376953,25.31511878967285,25.71710205078125,26.19704818725586,26.832263946533203,28.539670944213867
23.1016788482666,23.696714401245117,24.164846420288086,24.5390625,24.927120208740234,25.3079891204834,25.714996337890625,26.175107955932617,26.76481056213379,28.50602149963379
23.10500144958496,23.653566360473633,24.095783233642578,24.502384185791016,24.864240646362305,25.249006271362305,25.631698608398438,26.088926315307617,26.708040237426758,28.46102523803711
23.070341110229492,23.65641975402832,24.143163681030273,24.553789138793945,24.937633514404297,25.30405616760254,25.723615646362305,26.178016662597656,26.769237518310547,28.414562225341797
22.980392456054688,23.671327590942383,24.188655853271484,24.63219451904297,25.03341293334961,25.466522216796875,25.892518997192383,26.42177391052246,27.06140899658203,28.61252212524414
23.074607849121094,23.667804718017578,24.162113189697266,24.559886932373047,24.948612213134766,25.331485748291016,25.73691749572754,26.225521087646484,26.85796546936035,28.54155731201172
23.083972930908203,23.69965934753418,24.140518188476562,24.515380859375,24.89711570739746,25.258892059326172,25.6745548248291,26.130306243896484,26.725656509399414,28.35390281677246
23.029531478881836,23.644271850585938,24.110082626342773,24.540626525878906,24.952669143676758,25.342357635498047,25.756797790527344,26.23250961303711,26.839441299438477,28.644207000732422
23.083511352539062,23.668292999267578,24.128843307495117,24.53367805480957,24.897701263427734,25.267086029052734,25.68367576599121,26.154586791992188,26.763290405273438,28.50625991821289
23.109832763671875,23.68290901184082,24.114139556884766,24.495880126953125,24.861921310424805,25.243988037109375,25.665971755981445,26.123455047607422,26.717729568481445,28.394554138183594
23.115615844726562,23.700178146362305,24.18973159790039,24.578310012817383,24.946533203125,25.33269691467285,25.73491859436035,26.197683334350586,26.7868709564209,28.429195404052734
23.04155731201172,23.61278533935547,24.06258201599121,24.499347686767578,24.88630485534668,25.27849769592285,25.697866439819336,26.184690475463867,26.881072998046875,28.575801849365234
23.083187103271484,23.688518524169922,24.149145126342773,24.557092666625977,24.940616607666016,25.353832244873047,25.75965118408203,26.258344650268555,26.895498275756836,28.53672218322754
23.100996017456055,23.716148376464844,24.145008087158203,24.553539276123047,24.92483901977539,25.303611755371094,25.710010528564453,26.181596755981445,26.790369033813477,28.477506637573242
22.985105514526367,23.591026306152344,24.09052848815918,24.529294967651367,24.96656036376953,25.382963180541992,25.80352783203125,26.330785751342773,26.968250274658203,28.660879135131836
23.13792610168457,23.719057083129883,24.170373916625977,24.559608459472656,24.926746368408203,25.301252365112305,25.680782318115234,26.137582778930664,26.74798011779785,28.399194717407227
23.097702026367188,23.681289672851562,24.137670516967773,24.517210006713867,24.903352737426758,25.25314712524414,25.653785705566406,26.125303268432617,26.74742889404297,28.484573364257812
23.047521591186523,23.620576858520508,24.065954208374023,24.5129451751709,24.916481018066406,25.305938720703125,25.717370986938477,26.210025787353516,26.829051971435547,28.70594024658203
23.11711311340332,23.699745178222656,24.12481689453125,24.53109359741211,24.897422790527344,25.289939880371094,25.714740753173828,26.192903518676758,26.824996948242188,28.485919952392578
23.041955947875977,23.62997055053711,24.093544006347656,24.516048431396484,24.908475875854492,25.28264808654785,25.69735336303711,26.170413970947266,26.801233291625977,28.359315872192383
23.099924087524414,23.70100975036621,24.14069175720215,24.530380249023438,24.910947799682617,25.299196243286133,25.713584899902344,26.207366943359375,26.86189079284668,28.58582878112793
23.126312255859375,23.68507957458496,24.126802444458008,24.504892349243164,24.871780395507812,25.275909423828125,25.676942825317383,26.159921646118164,26.8117733001709,28.476703643798828
23.092554092407227,23.714950561523438,24.189970016479492,24.605607986450195,25.002887725830078,25.393600463867188,25.821321487426758,26.31472396850586,26.95781707763672,28.711652755737305
23.089527130126953,23.665908813476562,24.13197898864746,24.523927688598633,24.886131286621094,25.274696350097656,25.653711318969727,26.111547470092773,26.749717712402344,28.319950103759766
23.061750411987305,23.663307189941406,24.137828826904297,24.55267333984375,24.943601608276367,25.336959838867188,25.77080726623535,26.246707916259766,26.917713165283203,28.646451950073242
23.072734832763672,23.68568229675293,24.18517303466797,24.584850311279297,24.981964111328125,25.385528564453125,25.80864715576172,26.306949615478516,26.944625854492188,28.618907928466797
23.065052032470703,23.646955490112305,24.102619171142578,24.523225784301758,24.909046173095703,25.302711486816406,25.708139419555664,26.187536239624023,26.78699493408203,28.35630226135254
23.041017532348633,23.632646560668945,24.120410919189453,24.529056549072266,24.92491912841797,25.314590454101562,25.74257469177246,26.214902877807617,26.86472511291504,28.52866554260254
23.112430572509766,23.690460205078125,24.154043197631836,24.531967163085938,24.919025421142578,25.303573608398438,25.714120864868164,26.17267417907715,26.787418365478516,28.460363388061523
23.030536651611328,23.644176483154297,24.126930236816406,24.541521072387695,24.918790817260742,25.313121795654297,25.73228645324707,26.191862106323242,26.80435562133789,28.503841400146484
23.13201904296875,23.708782196044922,24.151872634887695,24.545236587524414,24.910259246826172,25.265546798706055,25.67293930053711,26.153594970703125,26.812429428100586,28.410633087158203
23.080896377563477,23.6569766998291,24.088260650634766,24.492267608642578,24.858356475830078,25.222373962402344,25.675270080566406,26.09922981262207,26.71847915649414,28.4667911529541
23.060686111450195,23.680633544921875,24.151689529418945,24.558685302734375,24.947866439819336,25.31277084350586,25.729341506958008,26.194000244140625,26.842697143554688,28.518184661865234
23.081876754760742,23.65902328491211,24.11604881286621,24.49175453186035,24.870534896850586,25.22905731201172,25.640100479125977,26.100379943847656,26.734451293945312,28.503189086914062
23.12427520751953,23.704730987548828,24.154150009155273,24.54815673828125,24.90413475036621,25.2744140625,25.693523406982422,26.183212280273438,26.826377868652344,28.514253616333008
23.105934143066406,23.6533203125,24.1074161529541,24.50536346435547,24.889320373535156,25.27696990966797,25.696453094482422,26.16755485534668,26.80246353149414,28.455760955810547
23.059534072875977,23.667476654052734,24.124038696289062,24.5177059173584,24.885311126708984,25.255966186523438,25.681608200073242,26.1225643157959,26.730615615844727,28.349884033203125
23.07176399230957,23.689193725585938,24.125505447387695,24.541099548339844,24.917644500732422,25.297687530517578,25.708017349243164,26.163785934448242,26.780582427978516,28.155757904052734
23.0886287689209,23.693588256835938,24.15955352783203,24.57293701171875,24.947246551513672,25.35331916809082,25.75680923461914,26.20187759399414,26.818618774414062,28.657514572143555
23.051725387573242,23.670230865478516,24.122373580932617,24.539451599121094,24.91547203063965,25.29726219177246,25.69959259033203,26.15655517578125,26.766809463500977,28.40001678466797
23.053329467773438,23.67049217224121,24.139310836791992,24.533126831054688,24.939369201660156,25.32120704650879,25.74718475341797,26.24382972717285,26.90167808532715,28.675945281982422
23.08958625793457,23.67090606689453,24.09293556213379,24.4813175201416,24.847614288330078,25.227476119995117,25.62127113342285,26.06844711303711,26.67854881286621,28.46380615234375
23.07658576965332,23.666738510131836,24.14687728881836,24.544879913330078,24.939250946044922,25.34805679321289,25.75162124633789,26.198644638061523,26.798416137695312,28.379262924194336
23.063764572143555,23.681156158447266,24.14244842529297,24.557220458984375,24.95009422302246,25.33073616027832,25.73049545288086,26.172828674316406,26.79685401916504,28.400161743164062
23.071752548217773,23.64834213256836,24.113906860351562,24.516738891601562,24.890460968017578,25.282569885253906,25.710494995117188,26.18267822265625,26.84581756591797,28.530214309692383
23.080265045166016,23.64539337158203,24.101774215698242,24.485931396484375,24.875844955444336,25.249507904052734,25.655969619750977,26.132247924804688,26.720712661743164,28.386465072631836
23.003711700439453,23.615028381347656,24.142398834228516,24.573976516723633,25.013141632080078,25.425127029418945,25.8737735748291,26.36980628967285,27.005701065063477,28.83550453186035
23.02237319946289,23.642539978027344,24.12310028076172,24.525789260864258,24.942115783691406,25.338621139526367,25.78074073791504,26.268558502197266,26.87299346923828,28.769271850585938
23.027061462402344,23.652095794677734,24.15638542175293,24.57845687866211,25.002038955688477,25.377893447875977,25.85309410095215,26.328866958618164,26.98744010925293,28.74524688720703
23.087379455566406,23.674715042114258,24.11610984802246,24.535816192626953,24.89642333984375,25.281448364257812,25.7009334564209,26.164047241210938,26.74338150024414,28.494237899780273
23.044157028198242,23.678903579711914,24.128681182861328,24.522199630737305,24.90920066833496,25.304582595825195,25.705646514892578,26.189847946166992,26.793228149414062,28.377344131469727
23.050716400146484,23.670068740844727,24.146387100219727,24.52863883972168,24.90614128112793,25.282102584838867,25.706512451171875,26.168697357177734,26.834707260131836,28.472332000732422
23.158733367919922,23.71906280517578,24.182817459106445,24.537551879882812,24.92182159423828,25.280576705932617,25.679296493530273,26.151596069335938,26.770870208740234,28.42247200012207
23.077898025512695,23.658767700195312,24.109636306762695,24.512203216552734,24.87893295288086,25.26549530029297,25.669397354125977,26.138530731201172,26.769058227539062,28.503742218017578
23.01937484741211,23.62770652770996,24.122539520263672,24.547855377197266,24.92876625061035,25.34575653076172,25.762174606323242,26.224348068237305,26.85593032836914,28.461700439453125
23.090513229370117,23.67371368408203,24.140016555786133,24.54928207397461,24.923742294311523,25.313627243041992,25.71551513671875,26.208364486694336,26.814741134643555,28.464529037475586
23.046581268310547,23.65619659423828,24.119720458984375,24.531253814697266,24.913585662841797,25.303192138671875,25.725303649902344,26.188243865966797,26.826539993286133,28.54424285888672
23.080862045288086,23.685243606567383,24.151636123657227,24.541505813598633,24.933570861816406,25.307729721069336,25.73811912536621,26.210973739624023,26.846567153930664,28.55743980407715
22.987945556640625,23.641830444335938,24.13056755065918,24.524120330810547,24.929288864135742,25.32137107849121,25.766841888427734,26.277694702148438,26.927465438842773,28.62030792236328
23.071949005126953,23.710342407226562,24.15668296813965,24.58537483215332,24.964799880981445,25.352293014526367,25.742698669433594,26.223031997680664,26.77574348449707,28.473957061767578
23.022733688354492,23.642269134521484,24.133535385131836,24.554792404174805,24.94561767578125,25.334108352661133,25.769975662231445,26.2451171875,26.848318099975586,28.531938552856445
23.08327293395996,23.67963218688965,24.12444305419922,24.53997230529785,24.93988800048828,25.310434341430664,25.71588134765625,26.19683265686035,26.797222137451172,28.669395446777344
23.054058074951172,23.631227493286133,24.112327575683594,24.53656768798828,24.930286407470703,25.30646514892578,25.71665382385254,26.201677322387695,26.832422256469727,28.50984001159668
23.013486862182617,23.67814826965332,24.12045669555664,24.526384353637695,24.92787742614746,25.329944610595703,25.742769241333008,26.25989532470703,26.916980743408203,28.63421630859375
22.989967346191406,23.624235153198242,24.120532989501953,24.55811882019043,24.960304260253906,25.37020492553711,25.765884399414062,26.24264907836914,26.856842041015625,28.386436462402344
23.09767723083496,23.684633255004883,24.162736892700195,24.551620483398438,24.943950653076172,25.328330993652344,25.72991371154785,26.206207275390625,26.810644149780273,28.517492294311523
23.0494441986084,23.65933609008789,24.121475219726562,24.533891677856445,24.922576904296875,25.314483642578125,25.765390396118164,26.260013580322266,26.905447006225586,28.605026245117188
22.98863983154297,23.599937438964844,24.099016189575195,24.545381546020508,24.934274673461914,25.3392391204834,25.764001846313477,26.261003494262695,26.916900634765625,28.46200180053711
23.074811935424805,23.67441177368164,24.146839141845703,24.537099838256836,24.916221618652344,25.29314613342285,25.688745498657227,26.158517837524414,26.76169204711914,28.360116958618164
23.093475341796875,23.709325790405273,24.159873962402344,24.578516006469727,24.951650619506836,25.360946655273438,25.75566864013672,26.268203735351562,26.881093978881836,28.434173583984375
23.091114044189453,23.71466827392578,24.18084144592285,24.599607467651367,24.961042404174805,25.3408260345459,25.729665756225586,26.217493057250977,26.821115493774414,28.44138526916504
23.071468353271484,23.673877716064453,24.128162384033203,24.568885803222656,24.950794219970703,25.363487243652344,25.75954818725586,26.244234085083008,26.852914810180664,28.418075561523438
22.92366600036621,23.55210304260254,24.078365325927734,24.520008087158203,24.94911766052246,25.39301872253418,25.827880859375,26.353971481323242,27.063222885131836,28.864316940307617
23.131845474243164,23.71224021911621,24.193336486816406,24.552074432373047,24.920330047607422,25.313138961791992,25.72980308532715,26.205101013183594,26.81555938720703,28.40285873413086
23.074504852294922,23.661542892456055,24.129133224487305,24.54477882385254,24.92953109741211,25.320289611816406,25.753324508666992,26.22810935974121,26.877559661865234,28.63186264038086
23.124042510986328,23.688282012939453,24.14834976196289,24.556373596191406,24.941890716552734,25.327423095703125,25.74178695678711,26.238290786743164,26.896154403686523,28.474761962890625
23.00152015686035,23.587453842163086,24.06082534790039,24.476795196533203,24.877126693725586,25.268749237060547,25.69105339050293,26.146902084350586,26.79622459411621,28.48889923095703
23.048580169677734,23.64737892150879,24.122583389282227,24.533418655395508,24.90013885498047,25.28590202331543,25.69386863708496,26.148448944091797,26.784229278564453,28.276403427124023
23.11533546447754,23.712087631225586,24.168167114257812,24.600854873657227,24.942049026489258,25.35485076904297,25.75665283203125,26.234657287597656,26.89369773864746,28.74506378173828
23.099567413330078,23.71453285217285,24.143451690673828,24.537315368652344,24.92300033569336,25.29458999633789,25.713687896728516,26.175451278686523,26.781005859375,28.61138916015625
23.10771942138672,23.721765518188477,24.153200149536133,24.55611801147461,24.938575744628906,25.3071231842041,25.715984344482422,26.175884246826172,26.796377182006836,28.508346557617188
23.023143768310547,23.66811180114746,24.142253875732422,24.550247192382812,24.963991165161133,25.346065521240234,25.77614402770996,26.27651023864746,26.920101165771484,28.69231605529785
23.09400749206543,23.667898178100586,24.13275146484375,24.525175094604492,24.920440673828125,25.292198181152344,25.715152740478516,26.189281463623047,26.833024978637695,28.734054565429688
23.110328674316406,23.691701889038086,24.109439849853516,24.49843406677246,24.857929229736328,25.253032684326172,25.660547256469727,26.114389419555664,26.748416900634766,28.434940338134766
23.097728729248047,23.64562225341797,24.1466007232666,24.528459548950195,24.918825149536133,25.305681228637695,25.719833374023438,26.200912475585938,26.791221618652344,28.583837509155273
23.077762603759766,23.66537857055664,24.139244079589844,24.526500701904297,24.915485382080078,25.29446792602539,25.702224731445312,26.190658569335938,26.816720962524414,28.582128524780273
23.10664176940918,23.678762435913086,24.140453338623047,24.54163932800293,24.93071746826172,25.302988052368164,25.721410751342773,26.20701026916504,26.83880615234375,28.5231990814209
23.037899017333984,23.62876319885254,24.071983337402344,24.468183517456055,24.836816787719727,25.220449447631836,25.593292236328125,26.069454193115234,26.694019317626953,28.46394157409668
23.1345157623291,23.67937469482422,24.12664031982422,24.472103118896484,24.854949951171875,25.208768844604492,25.60589027404785,26.04060173034668,26.61264991760254,28.284448623657227
23.05637550354004,23.640195846557617,24.094457626342773,24.52357292175293,24.887271881103516,25.263431549072266,25.686996459960938,26.154062271118164,26.740840911865234,28.38103675842285
23.079090118408203,23.659379959106445,24.121397018432617,24.500858306884766,24.88124656677246,25.256805419921875,25.656293869018555,26.134973526000977,26.7441463470459,28.46818733215332
22.983442306518555,23.594667434692383,24.084877014160156,24.470766067504883,24.889352798461914,25.27432632446289,25.68366813659668,26.16240882873535,26.746572494506836,28.645204544067383
23.030452728271484,23.663637161254883,24.155881881713867,24.620210647583008,25.009366989135742,25.435752868652344,25.82737159729004,26.332504272460938,26.930002212524414,28.515439987182617
23.088926315307617,23.683807373046875,24.09615707397461,24.472124099731445,24.831846237182617,25.199562072753906,25.61688232421875,26.064163208007812,26.6601619720459,28.238849639892578
23.122377395629883,23.66399574279785,24.10317039489746,24.491840362548828,24.856943130493164,25.221460342407227,25.640243530273438,26.128564834594727,26.762414932250977,28.375423431396484
23.12894058227539,23.709903717041016,24.13943099975586,24.527450561523438,24.905012130737305,25.28432273864746,25.713146209716797,26.207351684570312,26.86842918395996,28.423490524291992
23.084259033203125,23.673107147216797,24.141502380371094,24.568193435668945,24.931961059570312,25.31264305114746,25.72574234008789,26.18890953063965,26.822813034057617,28.529531478881836
23.12514305114746,23.702423095703125,24.13817024230957,24.557273864746094,24.92734718322754,25.341516494750977,25.745752334594727,26.22767448425293,26.8408145904541,28.411739349365234
23.069103240966797,23.653675079345703,24.10392951965332,24.506927490234375,24.880586624145508,25.291065216064453,25.703384399414062,26.179704666137695,26.774946212768555,28.350671768188477
23.095726013183594,23.66657829284668,24.110559463500977,24.478368759155273,24.844877243041992,25.23643684387207,25.644033432006836,26.099620819091797,26.729503631591797,28.444650650024414
23.03127670288086,23.670522689819336,24.156587600708008,24.585790634155273,24.9814453125,25.360042572021484,25.753787994384766,26.213022232055664,26.843326568603516,28.371000289916992
23.04638671875,23.66285514831543,24.133142471313477,24.544967651367188,24.9307804107666,25.313068389892578,25.741455078125,26.231365203857422,26.87639808654785,28.569589614868164
23.0866756439209,23.69506072998047,24.163097381591797,24.5883846282959,24.949270248413086,25.335128784179688,25.739116668701172,26.222827911376953,26.82720375061035,28.432851791381836
23.07022476196289,23.684288024902344,24.157249450683594,24.542203903198242,24.948087692260742,25.320661544799805,25.734086990356445,26.211050033569336,26.855676651000977,28.52524757385254
23.099695205688477,23.677635192871094,24.122573852539062,24.540878295898438,24.919574737548828,25.311737060546875,25.72431182861328,26.157482147216797,26.74656105041504,28.430620193481445
23.154239654541016,23.731943130493164,24.192720413208008,24.56435203552246,24.943607330322266,25.319421768188477,25.719188690185547,26.195274353027344,26.803970336914062,28.58365249633789
23.05215835571289,23.677566528320312,24.13471221923828,24.532150268554688,24.931461334228516,25.30596160888672,25.72957420349121,26.232128143310547,26.910682678222656,28.65296745300293
23.062047958374023,23.681142807006836,24.12958526611328,24.548677444458008,24.927934646606445,25.31855583190918,25.747528076171875,26.241910934448242,26.896133422851562,28.546842575073242
23.15096092224121,23.711191177368164,24.162614822387695,24.527538299560547,24.886611938476562,25.270477294921875,25.688268661499023,26.14480209350586,26.76847267150879,28.302169799804688
23.054615020751953,23.632484436035156,24.09910011291504,24.478769302368164,24.842777252197266,25.24296760559082,25.616867065429688,26.09120750427246,26.6826114654541,28.58534812927246
22.901582717895508,23.543426513671875,24.106857299804688,24.616859436035156,25.040191650390625,25.472984313964844,25.927913665771484,26.433176040649414,27.050336837768555,28.694629669189453
23.003707885742188,23.618440628051758,24.109821319580078,24.53139305114746,24.932645797729492,25.332101821899414,25.76546859741211,26.255142211914062,26.891836166381836,28.381315231323242
23.12510108947754,23.685293197631836,24.15936279296875,24.54861068725586,24.954851150512695,25.32242202758789,25.715213775634766,26.185922622680664,26.78651237487793,28.263534545898438
22.85944938659668,23.493114471435547,24.05653953552246,24.555437088012695,25.02684211730957,25.485042572021484,25.997478485107422,26.570919036865234,27.233909606933594,28.895339965820312
23.069822311401367,23.662397384643555,24.11246109008789,24.518922805786133,24.902233123779297,25.287967681884766,25.699125289916992,26.15753746032715,26.805912017822266,28.50200653076172
23.085735321044922,23.697166442871094,24.14468765258789,24.53570556640625,24.92152214050293,25.285537719726562,25.69029426574707,26.149658203125,26.701969146728516,28.29367446899414
23.115402221679688,23.698379516601562,24.174556732177734,24.564008712768555,24.98031997680664,25.363597869873047,25.790544509887695,26.285486221313477,26.933277130126953,28.676265716552734
23.05496597290039,23.652734756469727,24.11288833618164,24.510019302368164,24.877695083618164,25.24279022216797,25.65972900390625,26.103042602539062,26.73400115966797,28.469158172607422
23.09751319885254,23.653594970703125,24.100866317749023,24.50656509399414,24.86827850341797,25.255290985107422,25.66463851928711,26.113910675048828,26.727598190307617,28.45200538635254
23.097097396850586,23.709304809570312,24.15264892578125,24.557525634765625,24.92837905883789,25.310592651367188,25.731847763061523,26.237245559692383,26.88465690612793,28.66448974609375
23.013914108276367,23.65093421936035,24.11248207092285,24.51913833618164,24.907350540161133,25.321439743041992,25.74018096923828,26.22306251525879,26.88234519958496,28.52606201171875
23.07750129699707,23.664199829101562,24.126670837402344,24.503143310546875,24.87592315673828,25.24394989013672,25.65250587463379,26.127347946166992,26.794124603271484,28.46839714050293
23.032567977905273,23.64337158203125,24.134828567504883,24.53703498840332,24.919275283813477,25.29587745666504,25.708833694458008,26.177587509155273,26.87550926208496,28.423477172851562
23.08006477355957,23.659107208251953,24.099525451660156,24.472049713134766,24.846599578857422,25.193593978881836,25.62679100036621,26.079233169555664,26.706392288208008,28.37481689453125
23.128995895385742,23.70702362060547,24.165739059448242,24.574771881103516,24.949703216552734,25.33458709716797,25.764331817626953,26.24893569946289,26.888439178466797,28.503629684448242
23.066173553466797,23.631546020507812,24.09803009033203,24.48866844177246,24.880146026611328,25.25581169128418,25.66107177734375,26.135236740112305,26.724369049072266,28.503286361694336
23.119068145751953,23.723264694213867,24.178115844726562,24.571857452392578,24.937725067138672,25.31879425048828,25.72930145263672,26.186981201171875,26.835254669189453,28.524494171142578
23.000926971435547,23.606548309326172,24.098234176635742,24.542505264282227,24.931570053100586,25.337430953979492,25.758495330810547,26.24061393737793,26.863889694213867,28.67241859436035
23.073593139648438,23.656551361083984,24.105806350708008,24.506826400756836,24.892253875732422,25.292573928833008,25.68410873413086,26.168628692626953,26.786331176757812,28.544607162475586
23.131591796875,23.673816680908203,24.134075164794922,24.502397537231445,24.87139129638672,25.257858276367188,25.652729034423828,26.126161575317383,26.764101028442383,28.41301918029785
23.025611877441406,23.656673431396484,24.099397659301758,24.523914337158203,24.896602630615234,25.302297592163086,25.709476470947266,26.22281837463379,26.847444534301758,28.394866943359375
23.08829116821289,23.67682456970215,24.109880447387695,24.52301025390625,24.894695281982422,25.285642623901367,25.686847686767578,26.172163009643555,26.766347885131836,28.517990112304688
23.151010513305664,23.7207088470459,24.15891456604004,24.57216453552246,24.94146728515625,25.313167572021484,25.725011825561523,26.18036651611328,26.805381774902344,28.418136596679688
23.02985954284668,23.65666961669922,24.119178771972656,24.545400619506836,24.923019409179688,25.318893432617188,25.725048065185547,26.16550064086914,26.82872200012207,28.261999130249023
23.051801681518555,23.668102264404297,24.15729331970215,24.582778930664062,24.966270446777344,25.355785369873047,25.779003143310547,26.22621726989746,26.857481002807617,28.435510635375977
22.963008880615234,23.586380004882812,24.05035972595215,24.48543930053711,24.910184860229492,25.32773208618164,25.80084800720215,26.31649398803711,26.95945167541504,28.661447525024414
23.09206199645996,23.732440948486328,24.183822631835938,24.584306716918945,24.988407135009766,25.34003257751465,25.793733596801758,26.231521606445312,26.918180465698242,28.565536499023438
22.912378311157227,23.53694725036621,24.033998489379883,24.500507354736328,24.92945098876953,25.335067749023438,25.7797908782959,26.29559898376465,26.92415428161621,28.63983917236328
23.084394454956055,23.662086486816406,24.125967025756836,24.546802520751953,24.929828643798828,25.31991195678711,25.734573364257812,26.223745346069336,26.842300415039062,28.5134220123291
23.077659606933594,23.685815811157227,24.155641555786133,24.568960189819336,24.94500160217285,25.324522018432617,25.727815628051758,26.16921043395996,26.749738693237305,28.35783576965332
23.121166229248047,23.726165771484375,24.17512321472168,24.574560165405273,24.962430953979492,25.359161376953125,25.789226531982422,26.271461486816406,26.963542938232422,28.630250930786133
23.071073532104492,23.63088035583496,24.09498405456543,24.48723030090332,24.88759994506836,25.26868438720703,25.662704467773438,26.164491653442383,26.798654556274414,28.53762435913086
23.096590042114258,23.667078018188477,24.131587982177734,24.545034408569336,24.918821334838867,25.305130004882812,25.721153259277344,26.190048217773438,26.81843376159668,28.681461334228516
23.06441879272461,23.62453269958496,24.105993270874023,24.484254837036133,24.888935089111328,25.258668899536133,25.689979553222656,26.148300170898438,26.764171600341797,28.538694381713867
23.06127166748047,23.65472412109375,24.10293960571289,24.48525619506836,24.85235595703125,25.226858139038086,25.626873016357422,26.081783294677734,26.698637008666992,28.475542068481445
23.13364028930664,23.69617462158203,24.146800994873047,24.512590408325195,24.884552001953125,25.236156463623047,25.61383056640625,26.063411712646484,26.617996215820312,28.443782806396484
23.021753311157227,23.686424255371094,24.151350021362305,24.57316780090332,24.956117630004883,25.35089683532715,25.771240234375,26.23064613342285,26.904767990112305,28.700586318969727
23.11682891845703,23.699031829833984,24.128854751586914,24.505447387695312,24.866552352905273,25.237573623657227,25.64440155029297,26.12201690673828,26.75642204284668,28.383834838867188
23.06847381591797,23.650461196899414,24.092519760131836,24.480806350708008,24.873817443847656,25.2302303314209,25.64599609375,26.124250411987305,26.74382972717285,28.488719940185547
23.127532958984375,23.699731826782227,24.155256271362305,24.550107955932617,24.930410385131836,25.284278869628906,25.686288833618164,26.15438461303711,26.738941192626953,28.302295684814453
23.117807388305664,23.686555862426758,24.135875701904297,24.52412223815918,24.878061294555664,25.25416374206543,25.65642738342285,26.1376895904541,26.804214477539062,28.408931732177734
23.06068992614746,23.663654327392578,24.12244415283203,24.525671005249023,24.903379440307617,25.263803482055664,25.682416915893555,26.16567039489746,26.764583587646484,28.52569007873535
23.168615341186523,23.714141845703125,24.126951217651367,24.53325080871582,24.90644645690918,25.3065242767334,25.729476928710938,26.26654815673828,26.85433006286621,28.348281860351562
23.112140655517578,23.670595169067383,24.14879608154297,24.527238845825195,24.931636810302734,25.30259895324707,25.714519500732422,26.21137237548828,26.874059677124023,28.594058990478516
23.046096801757812,23.65728759765625,24.120590209960938,24.552684783935547,24.948917388916016,25.34996223449707,25.770151138305664,26.247100830078125,26.845178604125977,28.549640655517578
23.082820892333984,23.718984603881836,24.136579513549805,24.551633834838867,24.912015914916992,25.298446655273438,25.710933685302734,26.165634155273438,26.766271591186523,28.421072006225586
23.06670379638672,23.666515350341797,24.110445022583008,24.488073348999023,24.861345291137695,25.21977996826172,25.601192474365234,26.09214210510254,26.72183609008789,28.5361328125
23.077896118164062,23.664491653442383,24.102550506591797,24.48395347595215,24.84742546081543,25.222373962402344,25.630252838134766,26.085983276367188,26.699827194213867,28.457666397094727
23.12929344177246,23.684757232666016,24.13274574279785,24.508581161499023,24.874563217163086,25.248701095581055,25.635372161865234,26.094141006469727,26.715635299682617,28.334463119506836
23.08776092529297,23.64457893371582,24.086746215820312,24.491920471191406,24.87120819091797,25.23436737060547,25.67287254333496,26.137189865112305,26.801122665405273,28.329498291015625
23.108247756958008,23.701162338256836,24.123323440551758,24.50959587097168,24.883155822753906,25.258323669433594,25.668819427490234,26.12386131286621,26.69537925720215,28.241579055786133
23.131484985351562,23.69309425354004,24.152725219726562,24.538089752197266,24.9167537689209,25.32893180847168,25.73141860961914,26.22406578063965,26.820892333984375,28.447153091430664
23.06654930114746,23.652427673339844,24.103281021118164,24.483394622802734,24.840593338012695,25.22819709777832,25.63014793395996,26.097856521606445,26.737783432006836,28.440088272094727
23.08566665649414,23.663362503051758,24.1121883392334,24.491382598876953,24.878328323364258,25.243417739868164,25.663848876953125,26.12955093383789,26.76760482788086,28.397438049316406
23.068899154663086,23.658695220947266,24.12295150756836,24.537199020385742,24.91398048400879,25.307050704956055,25.748008728027344,26.231557846069336,26.86838150024414,28.56846809387207
23.059513092041016,23.657211303710938,24.149564743041992,24.5594425201416,24.966291427612305,25.366804122924805,25.782270431518555,26.282485961914062,26.924942016601562,28.647411346435547
23.133764266967773,23.70624351501465,24.138957977294922,24.51841926574707,24.87509536743164,25.257680892944336,25.661230087280273,26.120121002197266,26.698726654052734,28.428129196166992
23.067602157592773,23.6823673248291,24.15530776977539,24.57379913330078,24.922277450561523,25.305139541625977,25.71804428100586,26.160444259643555,26.77248191833496,28.443349838256836
23.071054458618164,23.622861862182617,24.078256607055664,24.506546020507812,24.878114700317383,25.258407592773438,25.676376342773438,26.163564682006836,26.78946304321289,28.641498565673828
23.10902976989746,23.671926498413086,24.13372230529785,24.548852920532227,24.916946411132812,25.310808181762695,25.73785972595215,26.189144134521484,26.87189292907715,28.652963638305664
23.027620315551758,23.636018753051758,24.094703674316406,24.494768142700195,24.854412078857422,25.232315063476562,25.630889892578125,26.12362289428711,26.745899200439453,28.410573959350586
23.07532501220703,23.68235206604004,24.153457641601562,24.543371200561523,24.92241668701172,25.28236961364746,25.679737091064453,26.144216537475586,26.751893997192383,28.36474609375
23.094356536865234,23.67324447631836,24.134023666381836,24.51441764831543,24.883129119873047,25.267621994018555,25.692838668823242,26.16139793395996,26.803869247436523,28.561508178710938
23.00221061706543,23.65020751953125,24.088205337524414,24.490554809570312,24.88418960571289,25.273677825927734,25.68781089782715,26.175525665283203,26.838159561157227,28.554428100585938
23.158761978149414,23.729007720947266,24.16205596923828,24.534801483154297,24.920377731323242,25.289152145385742,25.68674087524414,26.18798828125,26.822324752807617,28.497106552124023
22.94776153564453,23.590219497680664,24.073392868041992,24.519264221191406,24.93431854248047,25.339475631713867,25.77996253967285,26.248382568359375,26.89352798461914,28.59267234802246
23.076858520507812,23.65818214416504,24.100753784179688,24.490882873535156,24.857515335083008,25.22878646850586,25.649982452392578,26.11924934387207,26.737260818481445,28.39304542541504
23.064964294433594,23.669078826904297,24.118785858154297,24.524959564208984,24.895681381225586,25.297269821166992,25.702056884765625,26.164701461791992,26.825986862182617,28.565706253051758
23.036035537719727,23.64583969116211,24.08868980407715,24.510393142700195,24.92241096496582,25.32098388671875,25.741342544555664,26.201339721679688,26.83526039123535,28.40646743774414
23.109193801879883,23.679302215576172,24.128049850463867,24.520923614501953,24.905784606933594,25.285001754760742,25.734960556030273,26.1909122467041,26.791927337646484,28.465084075927734
23.0904598236084,23.672346115112305,24.116641998291016,24.507692337036133,24.903722763061523,25.296833038330078,25.701433181762695,26.164926528930664,26.794692993164062,28.461837768554688
23.038726806640625,23.660194396972656,24.177566528320312,24.607807159423828,25.00054168701172,25.403762817382812,25.799924850463867,26.299152374267578,26.987966537475586,28.567365646362305
23.08098793029785,23.67862892150879,24.143890380859375,24.518884658813477,24.899560928344727,25.293195724487305,25.6897029876709,26.185867309570312,26.78480339050293,28.298452377319336
23.094884872436523,23.698640823364258,24.18972396850586,24.57946014404297,24.95648193359375,25.362777709960938,25.776622772216797,26.263032913208008,26.955310821533203,28.547971725463867
23.192079544067383,23.73590660095215,24.149616241455078,24.545299530029297,24.897045135498047,25.253828048706055,25.64716148376465,26.110118865966797,26.724029541015625,28.420761108398438
23.067171096801758,23.661531448364258,24.161571502685547,24.568099975585938,24.97248077392578,25.369110107421875,25.773502349853516,26.250268936157227,26.839017868041992,28.555089950561523
23.13445472717285,23.72867774963379,24.164531707763672,24.538780212402344,24.899463653564453,25.287446975708008,25.68684959411621,26.14382553100586,26.72549819946289,28.252347946166992
23.015487670898438,23.676076889038086,24.154111862182617,24.57415771484375,24.951190948486328,25.35407066345215,25.81427574157715,26.28875732421875,26.907470703125,28.55097007751465
22.896818161010742,23.557111740112305,24.085803985595703,24.548973083496094,24.986860275268555,25.421310424804688,25.88266944885254,26.376705169677734,27.086448669433594,28.907276153564453
23.13165283203125,23.727458953857422,24.147790908813477,24.533409118652344,24.909955978393555,25.279691696166992,25.707014083862305,26.139724731445312,26.75958824157715,28.375741958618164
23.079336166381836,23.718843460083008,24.198406219482422,24.58091163635254,24.975088119506836,25.353147506713867,25.772136688232422,26.219858169555664,26.847211837768555,28.56114959716797
23.053075790405273,23.643157958984375,24.10141372680664,24.508527755737305,24.882558822631836,25.25388526916504,25.700407028198242,26.16716957092285,26.772966384887695,28.391382217407227
23.054847717285156,23.638439178466797,24.05556297302246,24.482397079467773,24.840354919433594,25.222856521606445,25.63224220275879,26.11826515197754,26.64472007751465,28.26491928100586
23.100614547729492,23.700056076049805,24.155319213867188,24.57316780090332,24.9641056060791,25.373886108398438,25.781227111816406,26.269216537475586,26.872167587280273,28.529193878173828
23.146310806274414,23.708282470703125,24.135662078857422,24.52387237548828,24.881452560424805,25.238975524902344,25.628694534301758,26.088993072509766,26.707239151000977,28.44083023071289
23.123680114746094,23.68859100341797,24.122594833374023,24.484189987182617,24.862281799316406,25.227720260620117,25.639663696289062,26.106889724731445,26.69181251525879,28.388959884643555
23.033496856689453,23.680686950683594,24.182722091674805,24.59659194946289,25.003616333007812,25.369348526000977,25.81218910217285,26.287202835083008,26.94637107849121,28.543598175048828
23.12483024597168,23.68185806274414,24.12838363647461,24.51691246032715,24.885244369506836,25.265419006347656,25.652135848999023,26.16466522216797,26.746461868286133,28.326217651367188
23.13371467590332,23.71632957458496,24.154443740844727,24.530792236328125,24.90049171447754,25.30295753479004,25.69464683532715,26.178373336791992,26.7861328125,28.60921287536621
23.071224212646484,23.67139434814453,24.124025344848633,24.509841918945312,24.884544372558594,25.21429443359375,25.60609245300293,26.06293296813965,26.665077209472656,28.490570068359375
23.038448333740234,23.623456954956055,24.074031829833984,24.48043441772461,24.85247039794922,25.23111343383789,25.625146865844727,26.091995239257812,26.700443267822266,28.485580444335938
23.06985855102539,23.648683547973633,24.088600158691406,24.494033813476562,24.851451873779297,25.23619270324707,25.611499786376953,26.085941314697266,26.702713012695312,28.396207809448242
23.05206871032715,23.678346633911133,24.141632080078125,24.554933547973633,24.94857406616211,25.350679397583008,25.77018165588379,26.23673439025879,26.87472915649414,28.39674949645996
23.04413604736328,23.70624351501465,24.160667419433594,24.577709197998047,24.954992294311523,25.350589752197266,25.76968765258789,26.24744987487793,26.91864013671875,28.58902359008789
23.13927459716797,23.68811798095703,24.145483016967773,24.534610748291016,24.905139923095703,25.282495498657227,25.69417953491211,26.183332443237305,26.77715301513672,28.482887268066406
23.01316261291504,23.620487213134766,24.1274356842041,24.536327362060547,24.93288230895996,25.31584930419922,25.716354370117188,26.189931869506836,26.78573226928711,28.506824493408203
23.073076248168945,23.71920394897461,24.210451126098633,24.617860794067383,24.997846603393555,25.37394905090332,25.811229705810547,26.246017456054688,26.878896713256836,28.573354721069336
23.01383399963379,23.662635803222656,24.17108726501465,24.617456436157227,25.00187110900879,25.421602249145508,25.86528968811035,26.340288162231445,26.983421325683594,28.571014404296875
23.053688049316406,23.651636123657227,24.11066246032715,24.53207778930664,24.921871185302734,25.311525344848633,25.72986602783203,26.212316513061523,26.834455490112305,28.625011444091797
23.091522216796875,23.67389488220215,24.117647171020508,24.49078941345215,24.846263885498047,25.238122940063477,25.641498565673828,26.09215545654297,26.710643768310547,28.371362686157227
23.106388092041016,23.67877769470215,24.090784072875977,24.478059768676758,24.83942222595215,25.191699981689453,25.629730224609375,26.077844619750977,26.73935890197754,28.358606338500977
23.08657455444336,23.67479133605957,24.151342391967773,24.54401206970215,24.92586326599121,25.324472427368164,25.708940505981445,26.186687469482422,26.818815231323242,28.42108154296875
23.097454071044922,23.669591903686523,24.11662483215332,24.52051544189453,24.892192840576172,25.271066665649414,25.679481506347656,26.182323455810547,26.80788230895996,28.58449935913086
23.07284164428711,23.655799865722656,24.081754684448242,24.503400802612305,24.877309799194336,25.24142074584961,25.652795791625977,26.12542724609375,26.766244888305664,28.701107025146484
23.110280990600586,23.719921112060547,24.199495315551758,24.572629928588867,24.952329635620117,25.352163314819336,25.761856079101562,26.250259399414062,26.872570037841797,28.522720336914062
23.06517791748047,23.673547744750977,24.154287338256836,24.573366165161133,24.94895362854004,25.364948272705078,25.772672653198242,26.297637939453125,26.95247459411621,28.529111862182617
23.099315643310547,23.66910171508789,24.164012908935547,24.571760177612305,24.953611373901367,25.354572296142578,25.759883880615234,26.269819259643555,26.850061416625977,28.416933059692383
23.117748260498047,23.69407081604004,24.143922805786133,24.525821685791016,24.90395736694336,25.27086639404297,25.678924560546875,26.140933990478516,26.75017738342285,28.356069564819336
23.058427810668945,23.61217498779297,24.064048767089844,24.457355499267578,24.845958709716797,25.21933937072754,25.654611587524414,26.127424240112305,26.759557723999023,28.449853897094727
23.00304412841797,23.60378074645996,24.1115665435791,24.533830642700195,24.93520164489746,25.328699111938477,25.743282318115234,26.214014053344727,26.866737365722656,28.449066162109375
23.025917053222656,23.662866592407227,24.135709762573242,24.545591354370117,24.931114196777344,25.334915161132812,25.741487503051758,26.21518898010254,26.888671875,28.485139846801758
23.100156784057617,23.713241577148438,24.179550170898438,24.60301971435547,24.983545303344727,25.377479553222656,25.78386878967285,26.293689727783203,26.919645309448242,28.696380615234375
23.04430389404297,23.648990631103516,24.151878356933594,24.551435470581055,24.978418350219727,25.354167938232422,25.763500213623047,26.23603057861328,26.854887008666992,28.56157875061035
23.09702491760254,23.680326461791992,24.12953758239746,24.532190322875977,24.8868350982666,25.286006927490234,25.713396072387695,26.204545974731445,26.787357330322266,28.42844581604004
23.08246421813965,23.65655517578125,24.113014221191406,24.512191772460938,24.873153686523438,25.260650634765625,25.682445526123047,26.183452606201172,26.85272789001465,28.669845581054688
23.115564346313477,23.661449432373047,24.10947608947754,24.48378562927246,24.86009979248047,25.209762573242188,25.593461990356445,26.05401039123535,26.637475967407227,28.48090171813965
23.11919593811035,23.707439422607422,24.158950805664062,24.562908172607422,24.93567657470703,25.316335678100586,25.710769653320312,26.17081069946289,26.76374626159668,28.43357276916504
23.184085845947266,23.732330322265625,24.171125411987305,24.548574447631836,24.931804656982422,25.297487258911133,25.71907615661621,26.18657875061035,26.83629608154297,28.588905334472656
23.096891403198242,23.654827117919922,24.0987606048584,24.48974609375,24.85356903076172,25.238468170166016,25.656702041625977,26.1076602935791,26.756277084350586,28.456212997436523
23.14780616760254,23.71562385559082,24.149499893188477,24.53895378112793,24.92539405822754,25.31017303466797,25.709228515625,26.16962432861328,26.78774070739746,28.543651580810547
23.046005249023438,23.646221160888672,24.112516403198242,24.518413543701172,24.924407958984375,25.309539794921875,25.71877670288086,26.194536209106445,26.890174865722656,28.567323684692383
23.010404586791992,23.656707763671875,24.12088394165039,24.542932510375977,24.92863655090332,25.315391540527344,25.73163414001465,26.22347068786621,26.85923194885254,28.502426147460938
23.119123458862305,23.706066131591797,24.195146560668945,24.57940673828125,24.96587562561035,25.33539581298828,25.7714900970459,26.20697021484375,26.868961334228516,28.38250732421875
23.08582878112793,23.680641174316406,24.148731231689453,24.553564071655273,24.937057495117188,25.33129119873047,25.749832153320312,26.202606201171875,26.796159744262695,28.409250259399414
23.070554733276367,23.670215606689453,24.110206604003906,24.520648956298828,24.89990997314453,25.291580200195312,25.69574737548828,26.196847915649414,26.822555541992188,28.435277938842773
23.07404899597168,23.67013931274414,24.145830154418945,24.54115104675293,24.91593360900879,25.288455963134766,25.710460662841797,26.15867042541504,26.808624267578125,28.506099700927734
23.110483169555664,23.669715881347656,24.116912841796875,24.52286148071289,24.888904571533203,25.23239517211914,25.65386962890625,26.099870681762695,26.727569580078125,28.492351531982422
23.09624481201172,23.676618576049805,24.104175567626953,24.493040084838867,24.84193992614746,25.219972610473633,25.620819091796875,26.10192108154297,26.719575881958008,28.565032958984375
23.051891326904297,23.65376091003418,24.147645950317383,24.551586151123047,24.931074142456055,25.312307357788086,25.732683181762695,26.202377319335938,26.799118041992188,28.35802459716797
23.089519500732422,23.70771026611328,24.17266082763672,24.574016571044922,24.980762481689453,25.373470306396484,25.797149658203125,26.282346725463867,26.90187644958496,28.581268310546875
23.03621482849121,23.644311904907227,24.110361099243164,24.505908966064453,24.892026901245117,25.273536682128906,25.67181968688965,26.16008949279785,26.782594680786133,28.645126342773438
23.07248306274414,23.66155433654785,24.119121551513672,24.523698806762695,24.90772247314453,25.291467666625977,25.702299118041992,26.16859245300293,26.792985916137695,28.403762817382812
23.097618103027344,23.681554794311523,24.144262313842773,24.51421356201172,24.90152359008789,25.279359817504883,25.689218521118164,26.175954818725586,26.825902938842773,28.571115493774414
23.117258071899414,23.702417373657227,24.139101028442383,24.525110244750977,24.881324768066406,25.266794204711914,25.68956756591797,26.148517608642578,26.764127731323242,28.58705711364746
23.065853118896484,23.679468154907227,24.14691925048828,24.586275100708008,24.95475196838379,25.354021072387695,25.755294799804688,26.238161087036133,26.878671646118164,28.64382553100586
22.95732879638672,23.5931453704834,24.127185821533203,24.55784797668457,24.97068214416504,25.377933502197266,25.796703338623047,26.300031661987305,26.969276428222656,28.659076690673828
23.14545440673828,23.733028411865234,24.170642852783203,24.585275650024414,24.945470809936523,25.319150924682617,25.732328414916992,26.208370208740234,26.783864974975586,28.36716079711914
23.060102462768555,23.604663848876953,24.050395965576172,24.443191528320312,24.81417465209961,25.210472106933594,25.606693267822266,26.08233070373535,26.67879295349121,28.375452041625977
23.073991775512695,23.66731834411621,24.088441848754883,24.489770889282227,24.869779586791992,25.24000358581543,25.62213134765625,26.130836486816406,26.751062393188477,28.396942138671875
23.13115882873535,23.72225570678711,24.148059844970703,24.52279281616211,24.917551040649414,25.303560256958008,25.69441795349121,26.165510177612305,26.82630157470703,28.492610931396484
23.079252243041992,23.694604873657227,24.163619995117188,24.54194450378418,24.946075439453125,25.32875633239746,25.749788284301758,26.24384117126465,26.882633209228516,28.643016815185547
23.00080680847168,23.662439346313477,24.17719268798828,24.562782287597656,24.99419403076172,25.38746452331543,25.8442325592041,26.332921981811523,26.988407135009766,28.836095809936523
23.095001220703125,23.657100677490234,24.114770889282227,24.49129295349121,24.870033264160156,25.239580154418945,25.658967971801758,26.131057739257812,26.746337890625,28.427534103393555
23.065776824951172,23.67588233947754,24.154726028442383,24.54892921447754,24.91404151916504,25.29677391052246,25.717763900756836,26.200210571289062,26.854318618774414,28.75689125061035
23.003658294677734,23.608125686645508,24.102903366088867,24.503143310546875,24.872798919677734,25.291107177734375,25.714393615722656,26.199962615966797,26.84976577758789,28.556970596313477
23.11479949951172,23.69744300842285,24.11894416809082,24.531047821044922,24.885000228881836,25.249374389648438,25.66851806640625,26.142480850219727,26.74549674987793,28.456233978271484
23.139266967773438,23.67852210998535,24.123743057250977,24.51230239868164,24.881847381591797,25.24464225769043,25.671606063842773,26.15301513671875,26.767154693603516,28.430419921875
23.082616806030273,23.683368682861328,24.145315170288086,24.54900550842285,24.930801391601562,25.32183074951172,25.731212615966797,26.231719970703125,26.875247955322266,28.608444213867188
23.113073348999023,23.70134925842285,24.136320114135742,24.508926391601562,24.871047973632812,25.242586135864258,25.631948471069336,26.099071502685547,26.668163299560547,28.212108612060547
23.086942672729492,23.677968978881836,24.10087776184082,24.51585578918457,24.89417839050293,25.305835723876953,25.719234466552734,26.200878143310547,26.790573120117188,28.395030975341797
23.140914916992188,23.742177963256836,24.169321060180664,24.558059692382812,24.93499183654785,25.319005966186523,25.715402603149414,26.173357009887695,26.811391830444336,28.50200843811035
23.09878921508789,23.665117263793945,24.118911743164062,24.505844116210938,24.905303955078125,25.28942108154297,25.707080841064453,26.19121551513672,26.771041870117188,28.372283935546875
23.132280349731445,23.697513580322266,24.13555908203125,24.527942657470703,24.895671844482422,25.265113830566406,25.685766220092773,26.18319320678711,26.842544555664062,28.558319091796875
23.138347625732422,23.713451385498047,24.16585350036621,24.564125061035156,24.912233352661133,25.292497634887695,25.696542739868164,26.16419219970703,26.77267837524414,28.49045181274414
23.108243942260742,23.71793556213379,24.142139434814453,24.531734466552734,24.909915924072266,25.296844482421875,25.705326080322266,26.194482803344727,26.80731201171875,28.507474899291992
23.10613250732422,23.70134925842285,24.17748260498047,24.559621810913086,24.94391441345215,25.321651458740234,25.722976684570312,26.207422256469727,26.824935913085938,28.534164428710938
23.07583999633789,23.699527740478516,24.159147262573242,24.532094955444336,24.927486419677734,25.27727699279785,25.678184509277344,26.127758026123047,26.706445693969727,28.404550552368164
23.10721206665039,23.665260314941406,24.120777130126953,24.520565032958984,24.899147033691406,25.27462387084961,25.691747665405273,26.183345794677734,26.806455612182617,28.604612350463867
23.130889892578125,23.710676193237305,24.15172576904297,24.528284072875977,24.90884017944336,25.277082443237305,25.698030471801758,26.18769073486328,26.836069107055664,28.403722763061523
23.018159866333008,23.586103439331055,24.113557815551758,24.563961029052734,24.965099334716797,25.365535736083984,25.818559646606445,26.305431365966797,26.94826316833496,28.533740997314453
23.080860137939453,23.66695785522461,24.1190128326416,24.520458221435547,24.8872127532959,25.276185989379883,25.68465232849121,26.163286209106445,26.79950523376465,28.57587432861328
23.086626052856445,23.674819946289062,24.11585807800293,24.48733139038086,24.840539932250977,25.218067169189453,25.630990982055664,26.101781845092773,26.712987899780273,28.364534378051758
23.06365203857422,23.648345947265625,24.112754821777344,24.508359909057617,24.88560676574707,25.302471160888672,25.709346771240234,26.16843605041504,26.78312110900879,28.370920181274414
23.179216384887695,23.723085403442383,24.15338706970215,24.532106399536133,24.890090942382812,25.274816513061523,25.665006637573242,26.119394302368164,26.727737426757812,28.265277862548828
23.074323654174805,23.689159393310547,24.15630340576172,24.528213500976562,24.9093074798584,25.27838134765625,25.691537857055664,26.165483474731445,26.79280662536621,28.471160888671875
23.027496337890625,23.68691062927246,24.187223434448242,24.59146499633789,24.99889373779297,25.377761840820312,25.806543350219727,26.276460647583008,26.884601593017578,28.451391220092773
23.068328857421875,23.678386688232422,24.125,24.523643493652344,24.91301727294922,25.31451988220215,25.720232009887695,26.199848175048828,26.840028762817383,28.42303466796875
23.04248809814453,23.66681480407715,24.14736557006836,24.57179069519043,24.989826202392578,25.36919403076172,25.803823471069336,26.297103881835938,26.895475387573242,28.599273681640625
23.02140998840332,23.66139793395996,24.117164611816406,24.546920776367188,24.937028884887695,25.306324005126953,25.725574493408203,26.173908233642578,26.861751556396484,28.433862686157227
23.11381721496582,23.696977615356445,24.117961883544922,24.53052520751953,24.906503677368164,25.282672882080078,25.71550941467285,26.210969924926758,26.840211868286133,28.572004318237305
23.063262939453125,23.674386978149414,24.109943389892578,24.510034561157227,24.87529182434082,25.267086029052734,25.690479278564453,26.160106658935547,26.83118438720703,28.484487533569336
23.095983505249023,23.710466384887695,24.16377067565918,24.56365394592285,24.961444854736328,25.348363876342773,25.773300170898438,26.266983032226562,26.918338775634766,28.543554306030273
23.111520767211914,23.6770076751709,24.125043869018555,24.526220321655273,24.89022445678711,25.269939422607422,25.67416000366211,26.13302993774414,26.72498893737793,28.388452529907227
23.16990089416504,23.704011917114258,24.149572372436523,24.5439395904541,24.91100311279297,25.285865783691406,25.67513084411621,26.15584945678711,26.72449493408203,28.192861557006836
23.13983917236328,23.7043399810791,24.142393112182617,24.5455379486084,24.926759719848633,25.288410186767578,25.69445037841797,26.201509475708008,26.860857009887695,28.665233612060547
23.102754592895508,23.670127868652344,24.13153839111328,24.514652252197266,24.903644561767578,25.28305435180664,25.69108009338379,26.168851852416992,26.776620864868164,28.54877281188965
23.023908615112305,23.644901275634766,24.097457885742188,24.537059783935547,24.92778968811035,25.321687698364258,25.738933563232422,26.208051681518555,26.820980072021484,28.423954010009766
23.01357650756836,23.628448486328125,24.094514846801758,24.506568908691406,24.899856567382812,25.268993377685547,25.692426681518555,26.170127868652344,26.775278091430664,28.468570709228516
23.06846046447754,23.655691146850586,24.117698669433594,24.488723754882812,24.863452911376953,25.266225814819336,25.69677734375,26.202672958374023,26.87437629699707,28.429718017578125
23.13341522216797,23.707176208496094,24.163196563720703,24.576173782348633,24.94221305847168,25.319805145263672,25.718631744384766,26.21294403076172,26.816091537475586,28.69738006591797
23.053163528442383,23.654674530029297,24.142009735107422,24.540313720703125,24.921825408935547,25.302515029907227,25.718732833862305,26.216646194458008,26.840503692626953,28.59942626953125
23.038286209106445,23.673063278198242,24.153072357177734,24.585140228271484,24.99393081665039,25.389846801757812,25.810829162597656,26.323938369750977,26.952184677124023,28.597597122192383
23.129610061645508,23.700477600097656,24.154516220092773,24.55121421813965,24.923416137695312,25.292325973510742,25.693077087402344,26.14301109313965,26.7465763092041,28.511295318603516
23.038467407226562,23.68598175048828,24.18834686279297,24.627410888671875,25.031169891357422,25.440309524536133,25.880788803100586,26.373626708984375,27.026508331298828,28.728466033935547
23.10230255126953,23.655685424804688,24.158720016479492,24.572547912597656,24.957660675048828,25.352006912231445,25.755435943603516,26.271398544311523,26.881961822509766,28.483036041259766
22.960941314697266,23.62459945678711,24.106538772583008,24.544527053833008,24.948720932006836,25.34033203125,25.763687133789062,26.23817253112793,26.838369369506836,28.480777740478516
23.027250289916992,23.64027214050293,24.081645965576172,24.491880416870117,24.877559661865234,25.279640197753906,25.698095321655273,26.17423439025879,26.81267738342285,28.510650634765625
23.045761108398438,23.659143447875977,24.132854461669922,24.558820724487305,24.943193435668945,25.3154354095459,25.745718002319336,26.23231315612793,26.845415115356445,28.604421615600586
23.12152862548828,23.72184944152832,24.1834659576416,24.56756019592285,24.957914352416992,25.35047721862793,25.774173736572266,26.219547271728516,26.868831634521484,28.59220314025879
23.11725425720215,23.649921417236328,24.112598419189453,24.50011444091797,24.860904693603516,25.236764907836914,25.663782119750977,26.138036727905273,26.766090393066406,28.48988914489746
23.083513259887695,23.655277252197266,24.112064361572266,24.51557159423828,24.89995574951172,25.288583755493164,25.707275390625,26.214338302612305,26.84894371032715,28.57391357421875
23.081520080566406,23.653106689453125,24.092599868774414,24.481300354003906,24.844762802124023,25.2287540435791,25.618656158447266,26.06432342529297,26.654991149902344,28.279544830322266
23.081602096557617,23.683258056640625,24.108806610107422,24.498184204101562,24.861682891845703,25.23271942138672,25.626535415649414,26.102245330810547,26.701812744140625,28.25771141052246
23.101289749145508,23.705297470092773,24.21548080444336,24.637008666992188,25.02878189086914,25.424196243286133,25.827648162841797,26.339385986328125,26.98187828063965,28.591196060180664
23.113622665405273,23.681930541992188,24.114694595336914,24.502864837646484,24.873010635375977,25.265472412109375,25.687532424926758,26.154253005981445,26.766891479492188,28.360132217407227
23.087743759155273,23.66092300415039,24.121112823486328,24.50192642211914,24.89112091064453,25.265029907226562,25.67034339904785,26.16015625,26.777551651000977,28.505741119384766
23.086627960205078,23.689231872558594,24.14899444580078,24.550498962402344,24.909452438354492,25.292871475219727,25.693523406982422,26.13064193725586,26.68584632873535,28.222488403320312
23.087316513061523,23.689865112304688,24.174570083618164,24.583547592163086,24.97037696838379,25.365022659301758,25.7795467376709,26.29503059387207,26.896739959716797,28.521146774291992
23.053651809692383,23.665996551513672,24.125110626220703,24.531356811523438,24.9160213470459,25.299724578857422,25.71067237854004,26.183578491210938,26.821250915527344,28.445165634155273
23.108074188232422,23.66850471496582,24.104467391967773,24.469764709472656,24.834121704101562,25.21908187866211,25.6091251373291,26.091861724853516,26.707813262939453,28.343002319335938
23.090627670288086,23.671899795532227,24.122940063476562,24.52922248840332,24.884370803833008,25.255250930786133,25.655757904052734,26.10386085510254,26.71489715576172,28.375402450561523
23.047624588012695,23.628826141357422,24.081823348999023,24.47161865234375,24.84514045715332,25.226240158081055,25.625728607177734,26.095882415771484,26.743202209472656,28.332834243774414
23.11154556274414,23.652690887451172,24.103641510009766,24.509326934814453,24.90319061279297,25.297624588012695,25.680049896240234,26.135236740112305,26.789968490600586,28.42023277282715
23.06793785095215,23.680572509765625,24.149425506591797,24.53850746154785,24.925373077392578,25.318233489990234,25.70816421508789,26.1826171875,26.779769897460938,28.616188049316406
23.100608825683594,23.70644187927246,24.155601501464844,24.567710876464844,24.96918487548828,25.354202270507812,25.78765869140625,26.277408599853516,26.91324806213379,28.659929275512695
23.089427947998047,23.660621643066406,24.129533767700195,24.554155349731445,24.937700271606445,25.328128814697266,25.722150802612305,26.199254989624023,26.779403686523438,28.399890899658203
23.043088912963867,23.631784439086914,24.12539291381836,24.54161834716797,24.907468795776367,25.302352905273438,25.722484588623047,26.181610107421875,26.840700149536133,28.435266494750977
23.02182960510254,23.608524322509766,24.09044647216797,24.513580322265625,24.917715072631836,25.327396392822266,25.751741409301758,26.25336456298828,26.847646713256836,28.549551010131836
23.050039291381836,23.638425827026367,24.099811553955078,24.501611709594727,24.88198471069336,25.28158187866211,25.686429977416992,26.168258666992188,26.823942184448242,28.35690689086914
23.060192108154297,23.640439987182617,24.091995239257812,24.4953556060791,24.866952896118164,25.236865997314453,25.617525100708008,26.109331130981445,26.714767456054688,28.425395965576172
23.036680221557617,23.647361755371094,24.10221290588379,24.48896026611328,24.86505699157715,25.24285888671875,25.647659301757812,26.088008880615234,26.735580444335938,28.355716705322266
22.99929428100586,23.646608352661133,24.12067985534668,24.55535125732422,24.957616806030273,25.3536319732666,25.752338409423828,26.24261474609375,26.787874221801758,28.318391799926758
23.114715576171875,23.69760513305664,24.1622257232666,24.529647827148438,24.90081024169922,25.289169311523438,25.709245681762695,26.175678253173828,26.81087303161621,28.469585418701172
23.09629249572754,23.676225662231445,24.125810623168945,24.540851593017578,24.951753616333008,25.34276580810547,25.749242782592773,26.25350570678711,26.90447998046875,28.57576560974121
23.15226936340332,23.71526527404785,24.146926879882812,24.54318618774414,24.904157638549805,25.287145614624023,25.689762115478516,26.16037368774414,26.80867576599121,28.316858291625977
23.122129440307617,23.681201934814453,24.134523391723633,24.507984161376953,24.88103485107422,25.235260009765625,25.619619369506836,26.08493995666504,26.694135665893555,28.417728424072266
23.11072540283203,23.675153732299805,24.108617782592773,24.51374053955078,24.888566970825195,25.291973114013672,25.68999671936035,26.205013275146484,26.817468643188477,28.526622772216797
23.048858642578125,23.634050369262695,24.063858032226562,24.464658737182617,24.830032348632812,25.2355899810791,25.65020751953125,26.11488914489746,26.73126792907715,28.298025131225586
23.058603286743164,23.65340805053711,24.10196304321289,24.499073028564453,24.903310775756836,25.314599990844727,25.723421096801758,26.207284927368164,26.85822105407715,28.55791473388672
23.077774047851562,23.66080093383789,24.12758445739746,24.53786277770996,24.899106979370117,25.251413345336914,25.6735897064209,26.149396896362305,26.77703285217285,28.394855499267578
23.09064292907715,23.672964096069336,24.092763900756836,24.498607635498047,24.884519577026367,25.258010864257812,25.660388946533203,26.118667602539062,26.721691131591797,28.208892822265625
23.07722282409668,23.687419891357422,24.143077850341797,24.54456329345703,24.918655395507812,25.291458129882812,25.696718215942383,26.155061721801758,26.743675231933594,28.4860782623291
23.038896560668945,23.67628288269043,24.128408432006836,24.558862686157227,24.939655303955078,25.347816467285156,25.757720947265625,26.246850967407227,26.884428024291992,28.520492553710938
23.07341766357422,23.672653198242188,24.147315979003906,24.5399112701416,24.92539405822754,25.314117431640625,25.725536346435547,26.20393943786621,26.7910213470459,28.29315948486328
23.01351547241211,23.643558502197266,24.152999877929688,24.556283950805664,24.940649032592773,25.34731101989746,25.806964874267578,26.285552978515625,26.927234649658203,28.47292137145996
23.050933837890625,23.64771270751953,24.107162475585938,24.484827041625977,24.868486404418945,25.241352081298828,25.64467430114746,26.108768463134766,26.691864013671875,28.37156105041504
23.12776756286621,23.681631088256836,24.14293670654297,24.505428314208984,24.8998966217041,25.283309936523438,25.72399139404297,26.182958602905273,26.792922973632812,28.416460037231445
23.090486526489258,23.6888370513916,24.111919403076172,24.49759292602539,24.87616729736328,25.25319480895996,25.654943466186523,26.12079620361328,26.727977752685547,28.495811462402344
23.06572151184082,23.644033432006836,24.089677810668945,24.478923797607422,24.86076545715332,25.22936248779297,25.626379013061523,26.124067306518555,26.73084259033203,28.50092124938965
23.021644592285156,23.656370162963867,24.09967041015625,24.527647018432617,24.911651611328125,25.30245590209961,25.728694915771484,26.23472023010254,26.824182510375977,28.32716941833496
23.093643188476562,23.700817108154297,24.15346336364746,24.55738067626953,24.979223251342773,25.393152236938477,25.850088119506836,26.318323135375977,26.957738876342773,28.545042037963867
23.04926300048828,23.664560317993164,24.14196014404297,24.572988510131836,24.960453033447266,25.354732513427734,25.772661209106445,26.27577018737793,26.915685653686523,28.549898147583008
22.992115020751953,23.592294692993164,24.06955909729004,24.50469207763672,24.887598037719727,25.28076934814453,25.731950759887695,26.228374481201172,26.80509376525879,28.483890533447266
23.113506317138672,23.692317962646484,24.117637634277344,24.52544593811035,24.891618728637695,25.260425567626953,25.66713523864746,26.16764259338379,26.781949996948242,28.350448608398438
22.899168014526367,23.574871063232422,24.097328186035156,24.525714874267578,24.980701446533203,25.41704559326172,25.898378372192383,26.397695541381836,27.057857513427734,28.851512908935547
23.06757164001465,23.654626846313477,24.145050048828125,24.541669845581055,24.937170028686523,25.3273868560791,25.745079040527344,26.239253997802734,26.855026245117188,28.58267593383789
23.11419105529785,23.69135284423828,24.11685562133789,24.515050888061523,24.867935180664062,25.24399757385254,25.64862060546875,26.114789962768555,26.72330665588379,28.479036331176758
23.12375831604004,23.667387008666992,24.11825942993164,24.499380111694336,24.871673583984375,25.243925094604492,25.636777877807617,26.109750747680664,26.76603889465332,28.530797958374023
23.085840225219727,23.673925399780273,24.134307861328125,24.52562713623047,24.917373657226562,25.29444694519043,25.731136322021484,26.239805221557617,26.796592712402344,28.45945167541504
23.13718032836914,23.707914352416992,24.190221786499023,24.557767868041992,24.92317008972168,25.305782318115234,25.705408096313477,26.181169509887695,26.79144287109375,28.504512786865234
23.032487869262695,23.647960662841797,24.15106201171875,24.534082412719727,24.937231063842773,25.32732391357422,25.754552841186523,26.220495223999023,26.895275115966797,28.5002498626709
23.0693359375,23.65259552001953,24.137216567993164,24.540441513061523,24.906286239624023,25.290563583374023,25.73545265197754,26.233516693115234,26.874034881591797,28.784317016601562
23.048860549926758,23.687978744506836,24.12835121154785,24.55093765258789,24.92341423034668,25.322471618652344,25.713144302368164,26.208993911743164,26.76584243774414,28.459457397460938
23.130220413208008,23.66140365600586,24.07714080810547,24.452556610107422,24.807632446289062,25.15709686279297,25.535316467285156,25.95879364013672,26.550617218017578,28.049026489257812
23.114227294921875,23.66691017150879,24.100757598876953,24.478818893432617,24.824081420898438,25.16909408569336,25.562339782714844,26.040998458862305,26.656076431274414,28.264822006225586
23.125957489013672,23.72793960571289,24.184236526489258,24.57162094116211,24.953025817871094,25.329299926757812,25.736989974975586,26.208843231201172,26.81939125061035,28.45885467529297
22.903587341308594,23.525283813476562,24.050119400024414,24.523984909057617,24.93691062927246,25.405473709106445,25.871999740600586,26.355066299438477,26.969465255737305,28.572412490844727
23.04412269592285,23.647809982299805,24.120874404907227,24.53412628173828,24.916494369506836,25.32141876220703,25.743371963500977,26.211069107055664,26.805082321166992,28.45252227783203
23.120189666748047,23.67669677734375,24.11198616027832,24.516916275024414,24.86455726623535,25.243743896484375,25.645427703857422,26.14817237854004,26.793336868286133,28.435253143310547
23.12067985534668,23.663305282592773,24.117084503173828,24.517532348632812,24.904678344726562,25.267698287963867,25.660898208618164,26.13194465637207,26.746047973632812,28.33054542541504
23.116973876953125,23.678131103515625,24.165447235107422,24.551210403442383,24.919477462768555,25.293739318847656,25.717113494873047,26.162029266357422,26.759811401367188,28.418664932250977
23.053939819335938,23.684724807739258,24.15058708190918,24.577978134155273,24.95917320251465,25.370174407958984,25.763845443725586,26.255727767944336,26.87462043762207,28.447856903076172
23.075342178344727,23.661394119262695,24.109119415283203,24.489051818847656,24.863786697387695,25.24515151977539,25.653478622436523,26.117979049682617,26.70212173461914,28.35340118408203
23.058149337768555,23.647443771362305,24.124267578125,24.51215362548828,24.910329818725586,25.279722213745117,25.70143699645996,26.15817642211914,26.75859832763672,28.47520637512207
23.099515914916992,23.68790054321289,24.144458770751953,24.540996551513672,24.9224796295166,25.294143676757812,25.67852020263672,26.111284255981445,26.7453670501709,28.473995208740234
23.074451446533203,23.68125343322754,24.183055877685547,24.58491325378418,24.993270874023438,25.413036346435547,25.85115623474121,26.351470947265625,26.98179054260254,28.691476821899414
23.12248420715332,23.69777488708496,24.120874404907227,24.50363540649414,24.875629425048828,25.22803497314453,25.635292053222656,26.13435935974121,26.77010154724121,28.517187118530273
23.1280574798584,23.728178024291992,24.1678524017334,24.577434539794922,24.946395874023438,25.321069717407227,25.72096824645996,26.206960678100586,26.827436447143555,28.425451278686523
23.113277435302734,23.697660446166992,24.135028839111328,24.50271987915039,24.858688354492188,25.242177963256836,25.62851905822754,26.071680068969727,26.66387367248535,28.34586524963379
23.04823875427246,23.708364486694336,24.176668167114258,24.606016159057617,24.97857666015625,25.37898063659668,25.801843643188477,26.271438598632812,26.882741928100586,28.5131893157959
23.071910858154297,23.64299201965332,24.099214553833008,24.502147674560547,24.867450714111328,25.241409301757812,25.644657135009766,26.098867416381836,26.72563934326172,28.42697525024414
23.025455474853516,23.683090209960938,24.163223266601562,24.600421905517578,24.98689842224121,25.41317367553711,25.838905334472656,26.331924438476562,26.96104621887207,28.548730850219727
23.09657859802246,23.69515609741211,24.15053939819336,24.582128524780273,24.964094161987305,25.348690032958984,25.763137817382812,26.242572784423828,26.899688720703125,28.505285263061523
23.113431930541992,23.69097137451172,24.161252975463867,24.551799774169922,24.91826057434082,25.287353515625,25.707027435302734,26.20485496520996,26.852651596069336,28.67657470703125
23.108129501342773,23.696460723876953,24.131412506103516,24.532367706298828,24.888891220092773,25.286890029907227,25.69246482849121,26.161420822143555,26.741302490234375,28.370813369750977
23.07906723022461,23.665090560913086,24.110462188720703,24.5328426361084,24.917545318603516,25.321809768676758,25.721529006958008,26.19080352783203,26.781503677368164,28.439895629882812
23.10198402404785,23.67953109741211,24.074386596679688,24.450302124023438,24.815048217773438,25.167755126953125,25.57913589477539,26.022275924682617,26.683923721313477,28.34261703491211
23.07547378540039,23.68255043029785,24.158777236938477,24.55982208251953,24.928268432617188,25.31271743774414,25.710599899291992,26.202733993530273,26.832134246826172,28.468408584594727
23.002655029296875,23.606374740600586,24.069589614868164,24.50189971923828,24.88271141052246,25.28615379333496,25.707666397094727,26.244014739990234,26.872861862182617,28.53643226623535
23.015886306762695,23.642677307128906,24.121976852416992,24.521299362182617,24.914281845092773,25.33309555053711,25.758691787719727,26.251867294311523,26.85196304321289,28.62248420715332
23.120054244995117,23.694564819335938,24.13489532470703,24.506797790527344,24.89027214050293,25.271013259887695,25.692718505859375,26.154123306274414,26.781030654907227,28.430326461791992
23.08182144165039,23.665571212768555,24.120412826538086,24.538564682006836,24.91290855407715,25.30705451965332,25.732925415039062,26.184072494506836,26.84513282775879,28.629186630249023
23.14059066772461,23.7167911529541,24.149145126342773,24.56456184387207,24.953489303588867,25.33341407775879,25.727807998657227,26.207584381103516,26.812164306640625,28.53603172302246
23.1162052154541,23.723270416259766,24.187002182006836,24.57339096069336,24.94367027282715,25.345016479492188,25.760221481323242,26.2404842376709,26.911911010742188,28.53510093688965
23.071054458618164,23.651878356933594,24.115556716918945,24.520606994628906,24.917648315429688,25.316349029541016,25.78670310974121,26.293115615844727,26.987585067749023,28.712764739990234
23.085206985473633,23.670486450195312,24.143293380737305,24.525972366333008,24.908554077148438,25.279327392578125,25.676986694335938,26.14980125427246,26.761499404907227,28.515819549560547
23.14339828491211,23.665483474731445,24.094507217407227,24.484325408935547,24.868642807006836,25.23678970336914,25.667404174804688,26.11814308166504,26.740272521972656,28.45225715637207
23.12704849243164,23.67904281616211,24.124757766723633,24.519319534301758,24.896011352539062,25.282230377197266,25.718408584594727,26.19138526916504,26.84304428100586,28.5996036529541
23.070148468017578,23.666170120239258,24.140085220336914,24.566415786743164,24.95477867126465,25.338468551635742,25.740642547607422,26.244709014892578,26.85167121887207,28.524328231811523
23.132896423339844,23.71969223022461,24.14594268798828,24.54697608947754,24.914052963256836,25.286035537719727,25.684276580810547,26.143310546875,26.77842903137207,28.399999618530273
23.04387092590332,23.62053108215332,24.13543701171875,24.553102493286133,24.955684661865234,25.366241455078125,25.797719955444336,26.271913528442383,26.93276023864746,28.623388290405273
23.115942001342773,23.684650421142578,24.105894088745117,24.507543563842773,24.881853103637695,25.247207641601562,25.67178726196289,26.180599212646484,26.836978912353516,28.450607299804688
23.15495491027832,23.712432861328125,24.172752380371094,24.530292510986328,24.910696029663086,25.295894622802734,25.714475631713867,26.2063045501709,26.777923583984375,28.466108322143555
23.10346221923828,23.66983985900879,24.121458053588867,24.541242599487305,24.911609649658203,25.305906295776367,25.722185134887695,26.20453643798828,26.85162925720215,28.672927856445312
23.124835968017578,23.69426918029785,24.120590209960938,24.50967025756836,24.877490997314453,25.260347366333008,25.679195404052734,26.159561157226562,26.771989822387695,28.448013305664062
23.068782806396484,23.66594123840332,24.112051010131836,24.47716522216797,24.863500595092773,25.22831916809082,25.64493179321289,26.11786651611328,26.75349235534668,28.365570068359375
23.147323608398438,23.728017807006836,24.171724319458008,24.55567741394043,24.948362350463867,25.322080612182617,25.72987174987793,26.210622787475586,26.872793197631836,28.684070587158203
23.067039489746094,23.661415100097656,24.10626792907715,24.50157356262207,24.87409782409668,25.253807067871094,25.66620445251465,26.107152938842773,26.73910140991211,28.49260902404785
22.995098114013672,23.61680030822754,24.098495483398438,24.48516273498535,24.87818145751953,25.264001846313477,25.681798934936523,26.133512496948242,26.786508560180664,28.560327529907227
23.01629066467285,23.61688232421875,24.10480308532715,24.508827209472656,24.89341926574707,25.29124641418457,25.711261749267578,26.226572036743164,26.882112503051758,28.667678833007812
23.0799617767334,23.666051864624023,24.122631072998047,24.526004791259766,24.880420684814453,25.244979858398438,25.65169334411621,26.09554100036621,26.679607391357422,28.438987731933594
23.063459396362305,23.631084442138672,24.078279495239258,24.465599060058594,24.856521606445312,25.239776611328125,25.676189422607422,26.175613403320312,26.816116333007812,28.65028953552246
23.060453414916992,23.65601921081543,24.101802825927734,24.47918128967285,24.87977409362793,25.236099243164062,25.685941696166992,26.107444763183594,26.73166847229004,28.43657684326172
23.03631019592285,23.64777183532715,24.114826202392578,24.517990112304688,24.92440414428711,25.311443328857422,25.742469787597656,26.224271774291992,26.885263442993164,28.471132278442383
23.0062313079834,23.640209197998047,24.111711502075195,24.532705307006836,24.945432662963867,25.34477424621582,25.78274154663086,26.288116455078125,26.943355560302734,28.658550262451172
23.079265594482422,23.67108154296875,24.16550064086914,24.563480377197266,24.9567813873291,25.34303092956543,25.742755889892578,26.202930450439453,26.770877838134766,28.466981887817383
23.100873947143555,23.653614044189453,24.129072189331055,24.549156188964844,24.922651290893555,25.3150691986084,25.721662521362305,26.17409324645996,26.81138801574707,28.458415985107422
23.08135223388672,23.67445945739746,24.115249633789062,24.507034301757812,24.893962860107422,25.294870376586914,25.69378089904785,26.179101943969727,26.807785034179688,28.397525787353516
23.07952117919922,23.703697204589844,24.15357208251953,24.583925247192383,24.985816955566406,25.37846565246582,25.79649543762207,26.28635597229004,26.94854164123535,28.61091423034668
23.054658889770508,23.650056838989258,24.123292922973633,24.519657135009766,24.895164489746094,25.275562286376953,25.67224884033203,26.18145751953125,26.75303840637207,28.292171478271484
23.12171173095703,23.729028701782227,24.153329849243164,24.54821014404297,24.921388626098633,25.305648803710938,25.69415283203125,26.17938804626465,26.830636978149414,28.606592178344727
23.075424194335938,23.66913604736328,24.115327835083008,24.522666931152344,24.89350128173828,25.264564514160156,25.673330307006836,26.13566780090332,26.766498565673828,28.419952392578125
23.130146026611328,23.68486213684082,24.139402389526367,24.507675170898438,24.901140213012695,25.273775100708008,25.689035415649414,26.164594650268555,26.783939361572266,28.570491790771484
23.063064575195312,23.702396392822266,24.19487762451172,24.57493782043457,24.97494125366211,25.36232566833496,25.757583618164062,26.230514526367188,26.839702606201172,28.67588996887207
23.131593704223633,23.710975646972656,24.14494514465332,24.534217834472656,24.93302345275879,25.338592529296875,25.726123809814453,26.212167739868164,26.829021453857422,28.47249412536621
23.12071990966797,23.689178466796875,24.102703094482422,24.478742599487305,24.842662811279297,25.210121154785156,25.625118255615234,26.098037719726562,26.722606658935547,28.477771759033203
23.04526710510254,23.663978576660156,24.112953186035156,24.508525848388672,24.898046493530273,25.281585693359375,25.68587303161621,26.160877227783203,26.788156509399414,28.459192276000977
23.159425735473633,23.704965591430664,24.160411834716797,24.529529571533203,24.906787872314453,25.27960777282715,25.683019638061523,26.131786346435547,26.765844345092773,28.494890213012695
23.00478172302246,23.61528778076172,24.106075286865234,24.54338264465332,24.9550838470459,25.354007720947266,25.767608642578125,26.28285789489746,26.957313537597656,28.60270118713379
23.034196853637695,23.626218795776367,24.09435272216797,24.508445739746094,24.876188278198242,25.27532386779785,25.69328498840332,26.187816619873047,26.795454025268555,28.481735229492188
23.02813720703125,23.628992080688477,24.066911697387695,24.505863189697266,24.88897132873535,25.24993133544922,25.665721893310547,26.105907440185547,26.723220825195312,28.330686569213867
23.020322799682617,23.637205123901367,24.118288040161133,24.522003173828125,24.93050765991211,25.313467025756836,25.760677337646484,26.228797912597656,26.905588150024414,28.563379287719727
23.10894775390625,23.649812698364258,24.12879180908203,24.519094467163086,24.881446838378906,25.275331497192383,25.66588020324707,26.14197540283203,26.75927734375,28.39520263671875
23.142000198364258,23.709035873413086,24.143604278564453,24.534677505493164,24.88630485534668,25.27408218383789,25.665977478027344,26.143823623657227,26.776432037353516,28.451541900634766
23.042133331298828,23.678815841674805,24.13910675048828,24.573974609375,24.98055076599121,25.371906280517578,25.81056785583496,26.322010040283203,26.968624114990234,28.681114196777344
23.049144744873047,23.6329402923584,24.10726547241211,24.501575469970703,24.896265029907227,25.27658462524414,25.687131881713867,26.171422958374023,26.78502655029297,28.553386688232422
23.10633087158203,23.693389892578125,24.170448303222656,24.548343658447266,24.930784225463867,25.302783966064453,25.71063232421875,26.183374404907227,26.80037498474121,28.38343048095703
23.16002082824707,23.724254608154297,24.156734466552734,24.53652572631836,24.894126892089844,25.267202377319336,25.654911041259766,26.121652603149414,26.741464614868164,28.512659072875977
22.9988956451416,23.61227798461914,24.102684020996094,24.52824592590332,24.92241096496582,25.323257446289062,25.768781661987305,26.246688842773438,26.838577270507812,28.582984924316406
23.049150466918945,23.68745231628418,24.150142669677734,24.54766082763672,24.943004608154297,25.36629295349121,25.76033592224121,26.27137565612793,26.955902099609375,28.696382522583008
23.089332580566406,23.662830352783203,24.1209659576416,24.521310806274414,24.901973724365234,25.29387855529785,25.716243743896484,26.188705444335938,26.816287994384766,28.44615936279297
23.092437744140625,23.669509887695312,24.137052536010742,24.521574020385742,24.890127182006836,25.251636505126953,25.635339736938477,26.089649200439453,26.672178268432617,28.459131240844727
23.08559799194336,23.698711395263672,24.13553237915039,24.533374786376953,24.892833709716797,25.279592514038086,25.683090209960938,26.133169174194336,26.71991539001465,28.3813419342041
23.169340133666992,23.700096130371094,24.11458969116211,24.48862648010254,24.844650268554688,25.201576232910156,25.60500717163086,26.03238296508789,26.588960647583008,28.27039909362793
23.11811065673828,23.703386306762695,24.09984588623047,24.472082138061523,24.82969093322754,25.170713424682617,25.57944679260254,26.022119522094727,26.717796325683594,28.439220428466797
23.079809188842773,23.710323333740234,24.181381225585938,24.57500457763672,24.980180740356445,25.382169723510742,25.797021865844727,26.291563034057617,26.926584243774414,28.578731536865234
23.062965393066406,23.655654907226562,24.09125518798828,24.488569259643555,24.849512100219727,25.25208854675293,25.662511825561523,26.135221481323242,26.78977394104004,28.54912567138672
23.07689094543457,23.663148880004883,24.109891891479492,24.508628845214844,24.909879684448242,25.298526763916016,25.72528648376465,26.206554412841797,26.86467933654785,28.56485939025879
23.133092880249023,23.705137252807617,24.118669509887695,24.496967315673828,24.871171951293945,25.232210159301758,25.626371383666992,26.107254028320312,26.69659996032715,28.267013549804688
23.063718795776367,23.715946197509766,24.192373275756836,24.620807647705078,25.065013885498047,25.481210708618164,25.94230842590332,26.468767166137695,27.101789474487305,28.674575805664062
23.09453010559082,23.67184829711914,24.11370277404785,24.496047973632812,24.881723403930664,25.247692108154297,25.689350128173828,26.120702743530273,26.749982833862305,28.51456642150879
23.069419860839844,23.691011428833008,24.146699905395508,24.54216194152832,24.915895462036133,25.3135929107666,25.724807739257812,26.228845596313477,26.895477294921875,28.624046325683594
23.090517044067383,23.655855178833008,24.128765106201172,24.52196502685547,24.90576171875,25.275999069213867,25.683256149291992,26.150516510009766,26.805849075317383,28.428157806396484
23.108051300048828,23.67401695251465,24.13426399230957,24.524425506591797,24.89706039428711,25.273740768432617,25.689117431640625,26.158052444458008,26.778108596801758,28.470874786376953
23.076231002807617,23.652925491333008,24.114465713500977,24.516935348510742,24.88453483581543,25.25457191467285,25.65880584716797,26.121829986572266,26.758777618408203,28.42377281188965
23.127450942993164,23.6845703125,24.149398803710938,24.53518295288086,24.927623748779297,25.316650390625,25.729333877563477,26.219146728515625,26.845046997070312,28.580904006958008
23.087949752807617,23.70153045654297,24.157955169677734,24.563081741333008,24.950841903686523,25.328466415405273,25.74319076538086,26.203598022460938,26.840648651123047,28.52666473388672
23.025009155273438,23.66110610961914,24.118255615234375,24.552797317504883,24.944353103637695,25.335269927978516,25.778785705566406,26.243886947631836,26.899702072143555,28.395387649536133
23.084856033325195,23.649696350097656,24.09648895263672,24.497947692871094,24.873403549194336,25.26400375366211,25.69108009338379,26.211231231689453,26.83538818359375,28.51424789428711
22.931913375854492,23.606231689453125,24.085243225097656,24.531654357910156,24.98609161376953,25.41929054260254,25.87571144104004,26.364198684692383,27.02083396911621,28.73142433166504
23.032386779785156,23.635068893432617,24.083799362182617,24.494176864624023,24.877649307250977,25.25417137145996,25.670907974243164,26.14171028137207,26.77140235900879,28.56723976135254
23.15389060974121,23.71321678161621,24.161239624023438,24.600536346435547,24.954729080200195,25.325355529785156,25.723567962646484,26.175189971923828,26.776403427124023,28.43661117553711
23.085668563842773,23.67780876159668,24.13788604736328,24.521230697631836,24.91033172607422,25.29623794555664,25.707508087158203,26.17884635925293,26.831289291381836,28.578155517578125
23.05942726135254,23.66742706298828,24.112314224243164,24.494455337524414,24.86103057861328,25.224069595336914,25.635128021240234,26.078136444091797,26.723318099975586,28.538053512573242
23.11190414428711,23.682392120361328,24.140106201171875,24.559518814086914,24.9091739654541,25.28976058959961,25.690658569335938,26.139877319335938,26.732315063476562,28.48590087890625
23.114599227905273,23.730093002319336,24.171472549438477,24.59368896484375,24.972034454345703,25.338512420654297,25.744585037231445,26.253461837768555,26.85679054260254,28.513751983642578
23.149166107177734,23.704679489135742,24.132076263427734,24.51587677001953,24.882719039916992,25.255752563476562,25.64221954345703,26.12774085998535,26.74492835998535,28.399490356445312
23.071725845336914,23.66899871826172,24.142745971679688,24.51529312133789,24.915298461914062,25.302305221557617,25.717029571533203,26.20749855041504,26.806198120117188,28.6306095123291
23.116741180419922,23.699432373046875,24.11762809753418,24.507265090942383,24.879453659057617,25.25145721435547,25.64145851135254,26.09585952758789,26.70241928100586,28.373985290527344
23.009002685546875,23.61069107055664,24.070722579956055,24.502140045166016,24.909883499145508,25.327804565429688,25.733360290527344,26.198253631591797,26.863277435302734,28.503929138183594
23.059864044189453,23.632112503051758,24.106361389160156,24.51506996154785,24.90056610107422,25.29262924194336,25.71428108215332,26.19260025024414,26.768884658813477,28.412006378173828
23.09779930114746,23.711788177490234,24.16026496887207,24.56769371032715,24.939617156982422,25.33376121520996,25.748205184936523,26.210281372070312,26.831336975097656,28.518911361694336
23.00308609008789,23.59905242919922,24.10980224609375,24.535715103149414,24.9577693939209,25.35118293762207,25.819005966186523,26.320024490356445,26.97373390197754,28.645471572875977
23.052520751953125,23.64460563659668,24.110477447509766,24.51175308227539,24.890789031982422,25.283227920532227,25.7138671875,26.174320220947266,26.773775100708008,28.545761108398438
23.03278350830078,23.69072151184082,24.15860939025879,24.584413528442383,25.00971221923828,25.409873962402344,25.838199615478516,26.33748435974121,26.972026824951172,28.667306900024414
23.054420471191406,23.63321304321289,24.120853424072266,24.525129318237305,24.931468963623047,25.32792854309082,25.744319915771484,26.23933982849121,26.870365142822266,28.615732192993164
23.08641815185547,23.664073944091797,24.119421005249023,24.519996643066406,24.889022827148438,25.253936767578125,25.673654556274414,26.14812660217285,26.757741928100586,28.511751174926758
23.071632385253906,23.667011260986328,24.144643783569336,24.539459228515625,24.923439025878906,25.298391342163086,25.713180541992188,26.179941177368164,26.827993392944336,28.419082641601562
23.062559127807617,23.646467208862305,24.111774444580078,24.509239196777344,24.909299850463867,25.287158966064453,25.704299926757812,26.211387634277344,26.854848861694336,28.658432006835938
23.1052188873291,23.679094314575195,24.10924530029297,24.525239944458008,24.904691696166992,25.288516998291016,25.69585418701172,26.177640914916992,26.7666015625,28.426286697387695
23.078113555908203,23.675819396972656,24.126264572143555,24.51674461364746,24.904129028320312,25.290565490722656,25.715087890625,26.187755584716797,26.83829689025879,28.438493728637695
23.085222244262695,23.67491912841797,24.141782760620117,24.551509857177734,24.934837341308594,25.351163864135742,25.76006317138672,26.261137008666992,26.876502990722656,28.44011878967285
23.02571678161621,23.64290428161621,24.09014129638672,24.509727478027344,24.890621185302734,25.262880325317383,25.682605743408203,26.135074615478516,26.765384674072266,28.380327224731445
23.07240104675293,23.67765998840332,24.144933700561523,24.553972244262695,24.92828369140625,25.323646545410156,25.75494956970215,26.23689079284668,26.920433044433594,28.565229415893555
23.002702713012695,23.652761459350586,24.146142959594727,24.568044662475586,24.982267379760742,25.372034072875977,25.77156639099121,26.259069442749023,26.88097381591797,28.534473419189453
23.055479049682617,23.644628524780273,24.102022171020508,24.501935958862305,24.885374069213867,25.24504852294922,25.66687774658203,26.10628318786621,26.76226234436035,28.49318504333496
22.924619674682617,23.570898056030273,24.09575080871582,24.57048225402832,24.983840942382812,25.431734085083008,25.846691131591797,26.36318016052246,27.024328231811523,28.567712783813477
23.133337020874023,23.661638259887695,24.108909606933594,24.497339248657227,24.860023498535156,25.21528434753418,25.60993766784668,26.082725524902344,26.671409606933594,28.383834838867188
23.102018356323242,23.685773849487305,24.156768798828125,24.54637336730957,24.903989791870117,25.2689266204834,25.67146110534668,26.13425636291504,26.764713287353516,28.41990089416504
23.14291000366211,23.70713996887207,24.161434173583984,24.56113624572754,24.927513122558594,25.298797607421875,25.70448112487793,26.204221725463867,26.817378997802734,28.546674728393555
23.069171905517578,23.649934768676758,24.109882354736328,24.51043128967285,24.88714027404785,25.270023345947266,25.698041915893555,26.16350746154785,26.810876846313477,28.413488388061523
23.090084075927734,23.665267944335938,24.087018966674805,24.473840713500977,24.844806671142578,25.197450637817383,25.600271224975586,26.091081619262695,26.7624454498291,28.448516845703125
23.07697296142578,23.663761138916016,24.106544494628906,24.519052505493164,24.90494155883789,25.297338485717773,25.71945571899414,26.217864990234375,26.803186416625977,28.493711471557617
23.08693504333496,23.671886444091797,24.120712280273438,24.514501571655273,24.890621185302734,25.28717613220215,25.73944664001465,26.225130081176758,26.863271713256836,28.47249984741211
23.098222732543945,23.695283889770508,24.14120864868164,24.552627563476562,24.944807052612305,25.315086364746094,25.728878021240234,26.20549201965332,26.811527252197266,28.450952529907227
23.032264709472656,23.634737014770508,24.11978530883789,24.519941329956055,24.919631958007812,25.31110191345215,25.72817039489746,26.221038818359375,26.842538833618164,28.521793365478516
23.09976577758789,23.719907760620117,24.189773559570312,24.583784103393555,24.973989486694336,25.368595123291016,25.77362060546875,26.231342315673828,26.86417007446289,28.484750747680664
23.060775756835938,23.664337158203125,24.139053344726562,24.554014205932617,24.956968307495117,25.352542877197266,25.78061866760254,26.277816772460938,26.954893112182617,28.6393985748291
23.09877586364746,23.692453384399414,24.138721466064453,24.53097152709961,24.89954948425293,25.290903091430664,25.718990325927734,26.22520637512207,26.87703514099121,28.533626556396484
23.08697509765625,23.686826705932617,24.131839752197266,24.514867782592773,24.890037536621094,25.28075408935547,25.684988021850586,26.14474868774414,26.74334144592285,28.40073585510254
23.048860549926758,23.670162200927734,24.143953323364258,24.578386306762695,24.988054275512695,25.407989501953125,25.795169830322266,26.31585693359375,26.938186645507812,28.566450119018555
23.01089096069336,23.609649658203125,24.047292709350586,24.45083999633789,24.82129669189453,25.215848922729492,25.607275009155273,26.092737197875977,26.724462509155273,28.46380615234375
23.10801124572754,23.684677124023438,24.136459350585938,24.51732635498047,24.89054298400879,25.24162483215332,25.64203643798828,26.111812591552734,26.70725440979004,28.42771339416504
23.097841262817383,23.725109100341797,24.198291778564453,24.602272033691406,24.967525482177734,25.334442138671875,25.75257110595703,26.21437644958496,26.842443466186523,28.481386184692383
23.054821014404297,23.64205551147461,24.067325592041016,24.4821720123291,24.8774356842041,25.247926712036133,25.66226577758789,26.076866149902344,26.74699592590332,28.466020584106445
23.073650360107422,23.68284034729004,24.153820037841797,24.56355094909668,24.96035385131836,25.33460235595703,25.767871856689453,26.247846603393555,26.923349380493164,28.639820098876953
23.055810928344727,23.649883270263672,24.09958267211914,24.506908416748047,24.875585556030273,25.276151657104492,25.707984924316406,26.167503356933594,26.796674728393555,28.484832763671875
23.08539581298828,23.6502628326416,24.10956573486328,24.488666534423828,24.876846313476562,25.241130828857422,25.6747989654541,26.159847259521484,26.776973724365234,28.59272003173828
23.041912078857422,23.686357498168945,24.135738372802734,24.534381866455078,24.921741485595703,25.288196563720703,25.664403915405273,26.124773025512695,26.71961212158203,28.30470848083496
23.047399520874023,23.659154891967773,24.153968811035156,24.570388793945312,24.961597442626953,25.35437774658203,25.74457359313965,26.239561080932617,26.897655487060547,28.731319427490234
23.09267234802246,23.69171142578125,24.158203125,24.549339294433594,24.949254989624023,25.34349822998047,25.75844383239746,26.217947006225586,26.85042953491211,28.548269271850586
23.099506378173828,23.68844223022461,24.166114807128906,24.56055450439453,24.945344924926758,25.347383499145508,25.755626678466797,26.22271728515625,26.800004959106445,28.518159866333008
23.066421508789062,23.67522621154785,24.155431747436523,24.568334579467773,24.97907066345215,25.35274887084961,25.79791259765625,26.278331756591797,26.9189395904541,28.581762313842773
23.051528930664062,23.66976547241211,24.13384437561035,24.56316566467285,24.968807220458984,25.36733627319336,25.782257080078125,26.25838851928711,26.931198120117188,28.490482330322266
23.029836654663086,23.647815704345703,24.10887336730957,24.53727912902832,24.920129776000977,25.310592651367188,25.75333023071289,26.238216400146484,26.856821060180664,28.505207061767578
23.10788917541504,23.640979766845703,24.071624755859375,24.438920974731445,24.81549072265625,25.161407470703125,25.559764862060547,26.038965225219727,26.674152374267578,28.52785301208496
23.063676834106445,23.673948287963867,24.145599365234375,24.603330612182617,25.003387451171875,25.422069549560547,25.840797424316406,26.324920654296875,26.984582901000977,28.538942337036133
23.046817779541016,23.665788650512695,24.140113830566406,24.56037139892578,24.973543167114258,25.36369514465332,25.789539337158203,26.290836334228516,26.963104248046875,28.694570541381836
23.137033462524414,23.695209503173828,24.13800811767578,24.530414581298828,24.945392608642578,25.306148529052734,25.712125778198242,26.171228408813477,26.815322875976562,28.486284255981445
23.082578659057617,23.66061782836914,24.128833770751953,24.54323959350586,24.921541213989258,25.316503524780273,25.733821868896484,26.244958877563477,26.857669830322266,28.44504165649414
23.075275421142578,23.70209503173828,24.16901206970215,24.570758819580078,24.961137771606445,25.34929847717285,25.76482582092285,26.247684478759766,26.88851547241211,28.596059799194336
23.09413719177246,23.68288230895996,24.11655044555664,24.506406784057617,24.88760757446289,25.267805099487305,25.665563583374023,26.13787269592285,26.768997192382812,28.506574630737305
23.094772338867188,23.685470581054688,24.115211486816406,24.525896072387695,24.90716552734375,25.290142059326172,25.7023868560791,26.185272216796875,26.834136962890625,28.6613712310791
23.112472534179688,23.653715133666992,24.122222900390625,24.503826141357422,24.879777908325195,25.254032135009766,25.669227600097656,26.126672744750977,26.686935424804688,28.39391326904297
23.050537109375,23.6671199798584,24.115278244018555,24.522645950317383,24.90882110595703,25.284820556640625,25.678749084472656,26.141357421875,26.73044776916504,28.418954849243164
23.086530685424805,23.686054229736328,24.189258575439453,24.587539672851562,24.979753494262695,25.370805740356445,25.806039810180664,26.275070190429688,26.91876792907715,28.632944107055664
23.078330993652344,23.666282653808594,24.15587615966797,24.561641693115234,24.938983917236328,25.35316276550293,25.806798934936523,26.290903091430664,26.953874588012695,28.50510025024414
23.056013107299805,23.66899871826172,24.107194900512695,24.52044105529785,24.920650482177734,25.2968807220459,25.701858520507812,26.169214248657227,26.749814987182617,28.5146484375
23.103313446044922,23.691478729248047,24.14296531677246,24.54898452758789,24.91561508178711,25.2894344329834,25.69363021850586,26.169153213500977,26.795085906982422,28.441200256347656
23.072254180908203,23.68644142150879,24.165584564208984,24.594968795776367,24.997962951660156,25.389907836914062,25.82777976989746,26.345882415771484,26.975536346435547,28.775747299194336
22.98065185546875,23.672456741333008,24.15377426147461,24.569429397583008,25.012126922607422,25.409215927124023,25.83474349975586,26.340194702148438,26.938156127929688,28.57033348083496
23.096641540527344,23.66534996032715,24.111188888549805,24.49626350402832,24.876859664916992,25.260183334350586,25.67584228515625,26.1564884185791,26.76966667175293,28.44952392578125
23.120553970336914,23.70427894592285,24.142112731933594,24.5071964263916,24.89188003540039,25.26519012451172,25.67227554321289,26.160383224487305,26.77474594116211,28.466856002807617
23.070205688476562,23.640127182006836,24.132991790771484,24.548765182495117,24.91876792907715,25.31117820739746,25.728309631347656,26.177804946899414,26.777963638305664,28.406932830810547
23.02172088623047,23.652597427368164,24.08873748779297,24.539920806884766,24.951091766357422,25.339462280273438,25.77820587158203,26.284997940063477,26.928512573242188,28.77354621887207
23.07578468322754,23.641963958740234,24.107215881347656,24.491273880004883,24.874380111694336,25.231924057006836,25.615076065063477,26.067977905273438,26.63977813720703,28.45545768737793
23.066062927246094,23.685977935791016,24.173494338989258,24.579076766967773,24.9554386138916,25.344615936279297,25.7744197845459,26.259567260742188,26.89556884765625,28.499099731445312
23.14213752746582,23.73632049560547,24.184720993041992,24.61754035949707,24.998340606689453,25.395139694213867,25.789588928222656,26.289209365844727,26.915250778198242,28.663244247436523
23.047697067260742,23.676963806152344,24.148061752319336,24.559391021728516,24.93418312072754,25.322036743164062,25.743532180786133,26.247758865356445,26.88907241821289,28.589799880981445
23.089998245239258,23.683303833007812,24.156532287597656,24.53907585144043,24.920886993408203,25.32451629638672,25.750707626342773,26.209928512573242,26.812482833862305,28.533700942993164
22.71707534790039,23.328636169433594,23.905147552490234,24.43439292907715,25.01852035522461,25.514846801757812,26.062894821166992,26.59702491760254,27.268993377685547,28.956295013427734
23.02627944946289,23.64612579345703,24.15305519104004,24.582571029663086,24.954681396484375,25.39548110961914,25.813974380493164,26.305381774902344,26.93855857849121,28.588054656982422
23.028644561767578,23.62421989440918,24.103437423706055,24.50107192993164,24.906543731689453,25.299884796142578,25.736618041992188,26.232383728027344,26.874967575073242,28.556188583374023
23.10546875,23.689430236816406,24.131309509277344,24.532115936279297,24.91838264465332,25.29987907409668,25.73708152770996,26.20660400390625,26.854761123657227,28.418701171875
23.091989517211914,23.66352081298828,24.132568359375,24.544092178344727,24.899084091186523,25.283655166625977,25.694534301757812,26.17514991760254,26.782865524291992,28.548490524291992
23.025455474853516,23.6648006439209,24.12703514099121,24.560344696044922,24.932767868041992,25.310426712036133,25.742231369018555,26.25823402404785,26.94931983947754,28.66202163696289
23.02069091796875,23.642658233642578,24.11433219909668,24.538070678710938,24.92812156677246,25.34620475769043,25.761024475097656,26.270578384399414,26.85955238342285,28.505109786987305
23.122385025024414,23.71425437927246,24.162477493286133,24.54549789428711,24.91796875,25.31041145324707,25.7102108001709,26.195043563842773,26.789310455322266,28.37029457092285
22.861948013305664,23.549713134765625,24.12236785888672,24.617341995239258,25.0623836517334,25.52680206298828,26.008277893066406,26.50884437561035,27.104785919189453,28.632747650146484
23.096878051757812,23.695335388183594,24.15557289123535,24.52918243408203,24.91249656677246,25.277992248535156,25.692556381225586,26.163042068481445,26.781782150268555,28.40877914428711
23.032852172851562,23.657718658447266,24.114652633666992,24.553421020507812,24.939725875854492,25.345338821411133,25.805429458618164,26.324316024780273,26.998615264892578,28.675554275512695
23.174766540527344,23.676860809326172,24.139333724975586,24.51723289489746,24.872516632080078,25.234338760375977,25.644561767578125,26.084030151367188,26.638586044311523,28.43796157836914
23.10424041748047,23.7244815826416,24.150848388671875,24.530845642089844,24.901350021362305,25.281360626220703,25.688459396362305,26.170495986938477,26.843097686767578,28.772645950317383
23.108983993530273,23.65671730041504,24.102214813232422,24.48276710510254,24.842145919799805,25.21307373046875,25.620214462280273,26.082151412963867,26.704084396362305,28.335681915283203
23.134838104248047,23.70305633544922,24.14301300048828,24.537012100219727,24.90142822265625,25.27593994140625,25.67836570739746,26.13218879699707,26.754465103149414,28.435516357421875
23.099946975708008,23.705646514892578,24.18972396850586,24.57574462890625,24.963830947875977,25.357271194458008,25.778310775756836,26.279653549194336,26.907508850097656,28.612096786499023
23.116485595703125,23.74150848388672,24.155107498168945,24.57267951965332,24.95425796508789,25.353473663330078,25.76340675354004,26.193326950073242,26.82843589782715,28.627588272094727
23.099397659301758,23.697097778320312,24.13481903076172,24.519105911254883,24.889719009399414,25.272842407226562,25.683408737182617,26.159608840942383,26.812538146972656,28.47511863708496
23.109037399291992,23.66099739074707,24.11109161376953,24.496341705322266,24.879592895507812,25.254690170288086,25.68888282775879,26.13430404663086,26.755977630615234,28.219003677368164
23.086883544921875,23.693645477294922,24.155277252197266,24.573692321777344,24.96833610534668,25.346797943115234,25.758615493774414,26.24115562438965,26.89470863342285,28.480571746826172
23.050569534301758,23.68401336669922,24.15297508239746,24.593852996826172,24.98777961730957,25.387531280517578,25.80144691467285,26.31776237487793,26.931175231933594,28.568405151367188
23.01888656616211,23.651473999023438,24.146608352661133,24.568166732788086,24.968868255615234,25.36610221862793,25.791873931884766,26.275156021118164,26.877965927124023,28.525516510009766
23.11461067199707,23.741863250732422,24.151338577270508,24.554508209228516,24.935033798217773,25.307710647583008,25.746875762939453,26.2248477935791,26.851985931396484,28.45965003967285
23.111988067626953,23.71867561340332,24.153987884521484,24.55180549621582,24.956520080566406,25.334692001342773,25.736133575439453,26.211349487304688,26.79528045654297,28.428476333618164
23.142230987548828,23.70905113220215,24.16132354736328,24.558013916015625,24.919437408447266,25.29713249206543,25.67576026916504,26.17279624938965,26.8129825592041,28.43614387512207
23.103002548217773,23.672372817993164,24.097368240356445,24.48487663269043,24.857070922851562,25.238359451293945,25.639389038085938,26.08845329284668,26.721105575561523,28.532546997070312
23.1381893157959,23.700166702270508,24.139856338500977,24.526033401489258,24.873334884643555,25.255373001098633,25.650894165039062,26.083602905273438,26.682767868041992,28.29644012451172
23.100568771362305,23.694643020629883,24.127079010009766,24.495357513427734,24.89051055908203,25.27914047241211,25.690614700317383,26.187131881713867,26.819019317626953,28.378337860107422
23.060577392578125,23.69782829284668,24.158597946166992,24.571256637573242,24.948036193847656,25.338911056518555,25.751693725585938,26.25550651550293,26.888275146484375,28.60639190673828
23.03935432434082,23.6267147064209,24.106557846069336,24.50014305114746,24.902189254760742,25.293289184570312,25.712011337280273,26.20353889465332,26.852598190307617,28.507671356201172
23.023157119750977,23.655261993408203,24.148740768432617,24.55458641052246,24.932703018188477,25.299745559692383,25.74591064453125,26.24259376525879,26.850717544555664,28.443309783935547
23.08660316467285,23.65050506591797,24.102258682250977,24.483867645263672,24.870922088623047,25.252687454223633,25.663171768188477,26.151378631591797,26.79852294921875,28.44469451904297
23.10845184326172,23.683530807495117,24.106718063354492,24.516450881958008,24.89858627319336,25.27770233154297,25.68489646911621,26.18061065673828,26.773855209350586,28.557878494262695
23.087718963623047,23.674440383911133,24.10331916809082,24.514766693115234,24.892972946166992,25.277854919433594,25.692378997802734,26.155065536499023,26.75265884399414,28.33550262451172
22.998743057250977,23.658477783203125,24.11990737915039,24.542951583862305,24.929588317871094,25.328582763671875,25.750747680664062,26.250564575195312,26.901405334472656,28.52349281311035
23.15751838684082,23.73038101196289,24.185983657836914,24.552597045898438,24.9257869720459,25.293336868286133,25.690195083618164,26.17006492614746,26.779111862182617,28.587696075439453
23.093631744384766,23.701753616333008,24.140087127685547,24.524213790893555,24.88071632385254,25.25211524963379,25.665145874023438,26.135215759277344,26.74786949157715,28.40302085876465
23.127164840698242,23.719289779663086,24.160398483276367,24.552696228027344,24.892898559570312,25.265066146850586,25.64759063720703,26.135482788085938,26.71430015563965,28.398210525512695
23.123796463012695,23.682146072387695,24.12831687927246,24.543865203857422,24.92105484008789,25.303131103515625,25.690359115600586,26.153156280517578,26.817337036132812,28.519201278686523
23.112321853637695,23.676843643188477,24.13656234741211,24.543790817260742,24.91252326965332,25.314790725708008,25.72369956970215,26.21820068359375,26.896276473999023,28.54755210876465
23.154197692871094,23.722972869873047,24.172372817993164,24.57704734802246,24.946645736694336,25.343843460083008,25.75238037109375,26.195356369018555,26.779428482055664,28.43915557861328
23.059072494506836,23.65768051147461,24.09657859802246,24.513280868530273,24.896329879760742,25.293487548828125,25.672622680664062,26.165908813476562,26.836828231811523,28.62535285949707
23.08371353149414,23.690383911132812,24.135499954223633,24.54047203063965,24.91461753845215,25.29465103149414,25.68842315673828,26.14933204650879,26.746355056762695,28.489566802978516
23.035202026367188,23.623069763183594,24.08136749267578,24.47832489013672,24.859657287597656,25.231149673461914,25.66413688659668,26.12972068786621,26.756668090820312,28.412973403930664
23.029829025268555,23.64204216003418,24.109678268432617,24.53402328491211,24.909013748168945,25.306459426879883,25.7365779876709,26.234970092773438,26.920095443725586,28.512386322021484
23.06167221069336,23.67278480529785,24.133806228637695,24.53137969970703,24.920495986938477,25.32644271850586,25.733760833740234,26.245880126953125,26.838159561157227,28.56199073791504
22.937252044677734,23.558826446533203,24.092971801757812,24.529747009277344,24.984907150268555,25.417940139770508,25.845617294311523,26.38278579711914,27.006099700927734,28.754941940307617
23.09931182861328,23.675024032592773,24.14568519592285,24.533845901489258,24.91431999206543,25.293472290039062,25.730749130249023,26.214624404907227,26.821529388427734,28.583288192749023
22.94620704650879,23.579063415527344,24.091827392578125,24.531147003173828,24.95754051208496,25.4372501373291,25.863304138183594,26.439170837402344,27.1237850189209,28.76972198486328
23.11799430847168,23.704641342163086,24.1070499420166,24.51799774169922,24.871599197387695,25.250492095947266,25.635515213012695,26.085834503173828,26.687406539916992,28.193344116210938
23.077411651611328,23.663633346557617,24.124771118164062,24.494382858276367,24.87427520751953,25.269161224365234,25.657794952392578,26.131948471069336,26.768264770507812,28.726192474365234
23.089466094970703,23.68508529663086,24.179767608642578,24.589736938476562,24.960840225219727,25.34507179260254,25.789901733398438,26.271987915039062,26.896821975708008,28.573360443115234
23.044340133666992,23.646499633789062,24.12946891784668,24.549253463745117,24.956350326538086,25.373397827148438,25.821701049804688,26.335901260375977,26.973161697387695,28.769855499267578
23.068260192871094,23.652997970581055,24.0920352935791,24.509397506713867,24.904895782470703,25.29547882080078,25.720129013061523,26.184341430664062,26.870058059692383,28.437902450561523
23.110626220703125,23.700576782226562,24.118181228637695,24.50571632385254,24.861282348632812,25.217063903808594,25.626420974731445,26.105295181274414,26.726688385009766,28.364337921142578
23.042036056518555,23.62322235107422,24.09946632385254,24.489683151245117,24.873825073242188,25.236679077148438,25.632991790771484,26.109304428100586,26.71665382385254,28.53361701965332
23.123252868652344,23.718156814575195,24.17475128173828,24.561819076538086,24.935075759887695,25.32680320739746,25.738048553466797,26.227197647094727,26.859731674194336,28.379281997680664
23.01032829284668,23.587112426757812,24.08051109313965,24.505306243896484,24.89664077758789,25.300378799438477,25.738243103027344,26.24431800842285,26.925912857055664,28.645666122436523
23.109838485717773,23.700822830200195,24.153703689575195,24.54982566833496,24.920270919799805,25.31070327758789,25.716384887695312,26.17353057861328,26.80121612548828,28.459163665771484
23.16266632080078,23.67732048034668,24.106508255004883,24.485668182373047,24.84980010986328,25.217193603515625,25.594966888427734,26.07193374633789,26.72185707092285,28.305917739868164
23.0876407623291,23.690940856933594,24.12264060974121,24.491989135742188,24.867351531982422,25.23399543762207,25.64706039428711,26.108068466186523,26.733118057250977,28.54706573486328
23.052751541137695,23.65345573425293,24.085350036621094,24.505388259887695,24.876026153564453,25.26523208618164,25.68250846862793,26.181148529052734,26.79079818725586,28.52777099609375
23.100780487060547,23.711484909057617,24.18766975402832,24.628799438476562,25.031728744506836,25.42751121520996,25.84893798828125,26.383882522583008,27.018829345703125,28.54457664489746
23.083160400390625,23.693334579467773,24.138578414916992,24.527729034423828,24.913349151611328,25.28693199157715,25.677734375,26.13777732849121,26.78000259399414,28.326065063476562
23.043216705322266,23.66343879699707,24.141830444335938,24.51420783996582,24.882522583007812,25.276826858520508,25.678918838500977,26.12843894958496,26.706113815307617,28.259933471679688
23.07015609741211,23.664026260375977,24.131786346435547,24.54710578918457,24.941526412963867,25.34153175354004,25.76703453063965,26.243093490600586,26.862363815307617,28.396533966064453
23.109628677368164,23.67975425720215,24.129697799682617,24.528093338012695,24.90933609008789,25.30573081970215,25.73104476928711,26.21442222595215,26.847412109375,28.71273422241211
22.968994140625,23.618776321411133,24.149877548217773,24.581401824951172,25.002363204956055,25.42418670654297,25.84269142150879,26.32646942138672,26.96657943725586,28.448904037475586
23.067216873168945,23.65404510498047,24.114051818847656,24.510143280029297,24.887224197387695,25.282052993774414,25.690196990966797,26.187341690063477,26.794450759887695,28.50179100036621
23.070859909057617,23.647220611572266,24.141626358032227,24.53858184814453,24.94766616821289,25.381587982177734,25.8061580657959,26.313688278198242,26.89472007751465,28.598215103149414
23.10066032409668,23.680185317993164,24.113689422607422,24.499549865722656,24.857669830322266,25.214069366455078,25.600631713867188,26.06534767150879,26.669591903686523,28.374835968017578
23.087928771972656,23.6499080657959,24.098588943481445,24.500017166137695,24.858205795288086,25.227487564086914,25.662288665771484,26.1203670501709,26.77156639099121,28.465190887451172
23.017107009887695,23.660276412963867,24.13150405883789,24.574342727661133,24.958463668823242,25.38902473449707,25.839452743530273,26.335941314697266,26.948734283447266,28.645296096801758
23.059799194335938,23.65289878845215,24.103078842163086,24.50680160522461,24.902904510498047,25.31344223022461,25.766096115112305,26.199098587036133,26.84292984008789,28.663476943969727
23.044443130493164,23.662899017333984,24.11812973022461,24.521194458007812,24.92171859741211,25.309112548828125,25.726865768432617,26.185466766357422,26.81008529663086,28.505430221557617
22.9228515625,23.584890365600586,24.138669967651367,24.579370498657227,24.99980354309082,25.430816650390625,25.885601043701172,26.405956268310547,27.06960105895996,28.746749877929688
23.093969345092773,23.69236946105957,24.124277114868164,24.521480560302734,24.90465545654297,25.278518676757812,25.69952392578125,26.211511611938477,26.76958465576172,28.411897659301758
23.075172424316406,23.680866241455078,24.158124923706055,24.56903076171875,24.94761085510254,25.33867645263672,25.751426696777344,26.225494384765625,26.85735511779785,28.53032875061035
23.10017204284668,23.686410903930664,24.108304977416992,24.496641159057617,24.880985260009766,25.252986907958984,25.661848068237305,26.17632293701172,26.86667251586914,28.623987197875977
23.007404327392578,23.636581420898438,24.09860610961914,24.509641647338867,24.92259979248047,25.334253311157227,25.740140914916992,26.23624038696289,26.898096084594727,28.47208595275879
23.166534423828125,23.686304092407227,24.107868194580078,24.498193740844727,24.843690872192383,25.24852180480957,25.671363830566406,26.136402130126953,26.772010803222656,28.66688346862793
23.02851104736328,23.667842864990234,24.144392013549805,24.567686080932617,24.985532760620117,25.375749588012695,25.789974212646484,26.265066146850586,26.888500213623047,28.41422462463379
23.10089874267578,23.65715217590332,24.107013702392578,24.480745315551758,24.85797882080078,25.213626861572266,25.584951400756836,26.061880111694336,26.667882919311523,28.38346290588379
23.179927825927734,23.709238052368164,24.115886688232422,24.51919937133789,24.873943328857422,25.22332191467285,25.624340057373047,26.097774505615234,26.71790313720703,28.455507278442383
23.126327514648438,23.70793914794922,24.1480655670166,24.57346534729004,24.933786392211914,25.31814193725586,25.71706771850586,26.172412872314453,26.82726287841797,28.49021339416504
23.128498077392578,23.705923080444336,24.128765106201172,24.520854949951172,24.874025344848633,25.235620498657227,25.635671615600586,26.080631256103516,26.700937271118164,28.295930862426758
23.099658966064453,23.649248123168945,24.144277572631836,24.551496505737305,24.943464279174805,25.340612411499023,25.762271881103516,26.26091957092285,26.876699447631836,28.53238868713379
23.095285415649414,23.675384521484375,24.098352432250977,24.47035789489746,24.835718154907227,25.24161148071289,25.638166427612305,26.146438598632812,26.797433853149414,28.544185638427734
23.096656799316406,23.68894386291504,24.161466598510742,24.546236038208008,24.931297302246094,25.309297561645508,25.719146728515625,26.16791534423828,26.758750915527344,28.46367835998535
23.064430236816406,23.66010284423828,24.128732681274414,24.518775939941406,24.885787963867188,25.27566146850586,25.676586151123047,26.135671615600586,26.728178024291992,28.493070602416992
23.047836303710938,23.680171966552734,24.137601852416992,24.56678581237793,24.97625732421875,25.38663101196289,25.834440231323242,26.35845375061035,26.981815338134766,28.758686065673828
23.067188262939453,23.64372444152832,24.11905288696289,24.518110275268555,24.900693893432617,25.27750015258789,25.683300018310547,26.143884658813477,26.769607543945312,28.408397674560547
23.092519760131836,23.68113899230957,24.138446807861328,24.518783569335938,24.916282653808594,25.31726837158203,25.719345092773438,26.196151733398438,26.752561569213867,28.370080947875977
23.08037567138672,23.660268783569336,24.117713928222656,24.54142951965332,24.914154052734375,25.30501365661621,25.706531524658203,26.208284378051758,26.848663330078125,28.52910614013672
22.892488479614258,23.52219009399414,24.035612106323242,24.485332489013672,24.941091537475586,25.401742935180664,25.8598575592041,26.371070861816406,27.02312660217285,28.761247634887695
23.106639862060547,23.71839141845703,24.205490112304688,24.59236717224121,24.981531143188477,25.38067626953125,25.795406341552734,26.288864135742188,26.92160415649414,28.663299560546875
23.060997009277344,23.66263198852539,24.147768020629883,24.563270568847656,24.952314376831055,25.348838806152344,25.778337478637695,26.25287628173828,26.907861709594727,28.55696678161621
23.038108825683594,23.62299346923828,24.0980167388916,24.505250930786133,24.890491485595703,25.292451858520508,25.73058319091797,26.22492027282715,26.849641799926758,28.496461868286133
23.121427536010742,23.668916702270508,24.090436935424805,24.477005004882812,24.838333129882812,25.222793579101562,25.621313095092773,26.106616973876953,26.726600646972656,28.329927444458008
22.955446243286133,23.62557601928711,24.147274017333984,24.58047866821289,25.004566192626953,25.411243438720703,25.861011505126953,26.367849349975586,27.03020668029785,28.59602928161621
23.102846145629883,23.690757751464844,24.176271438598633,24.582780838012695,24.961803436279297,25.360614776611328,25.76653480529785,26.25377655029297,26.873916625976562,28.406570434570312
23.02155113220215,23.675901412963867,24.161346435546875,24.553550720214844,24.956375122070312,25.34439468383789,25.756933212280273,26.258459091186523,26.86493492126465,28.59299659729004
23.014869689941406,23.652456283569336,24.119314193725586,24.547500610351562,24.928874969482422,25.352556228637695,25.768848419189453,26.25891876220703,26.87700843811035,28.578567504882812
23.06451416015625,23.63835334777832,24.07485008239746,24.486665725708008,24.862117767333984,25.234634399414062,25.64116859436035,26.111827850341797,26.742252349853516,28.45029640197754
23.05491065979004,23.6672420501709,24.110137939453125,24.500442504882812,24.87950325012207,25.26552391052246,25.678308486938477,26.188949584960938,26.789230346679688,28.401336669921875
23.084074020385742,23.660423278808594,24.116121292114258,24.517099380493164,24.893409729003906,25.263469696044922,25.686315536499023,26.191499710083008,26.8181095123291,28.485925674438477
23.08561897277832,23.66812515258789,24.12065315246582,24.505380630493164,24.880451202392578,25.263320922851562,25.671234130859375,26.167444229125977,26.7829532623291,28.464506149291992
23.08079719543457,23.704565048217773,24.179311752319336,24.592317581176758,24.954843521118164,25.345802307128906,25.787858963012695,26.276992797851562,26.92930793762207,28.709299087524414
23.07951545715332,23.664203643798828,24.11644744873047,24.52117347717285,24.90939712524414,25.29644012451172,25.708133697509766,26.220815658569336,26.844820022583008,28.445764541625977
22.996261596679688,23.664758682250977,24.148658752441406,24.624094009399414,25.029821395874023,25.453828811645508,25.896892547607422,26.395795822143555,27.076000213623047,28.71108055114746
23.058916091918945,23.67618751525879,24.152149200439453,24.55297088623047,24.959306716918945,25.346763610839844,25.774160385131836,26.238996505737305,26.86947250366211,28.548757553100586
23.06627655029297,23.670591354370117,24.146591186523438,24.56153678894043,24.960126876831055,25.324602127075195,25.747934341430664,26.23260498046875,26.886409759521484,28.625452041625977
23.053577423095703,23.681201934814453,24.14934730529785,24.551931381225586,24.94251251220703,25.337608337402344,25.7453556060791,26.22718048095703,26.83664321899414,28.556602478027344
23.084505081176758,23.67872428894043,24.162250518798828,24.552780151367188,24.96316146850586,25.333709716796875,25.735803604125977,26.19424819946289,26.849586486816406,28.362957000732422
23.10660171508789,23.673484802246094,24.140432357788086,24.549196243286133,24.909629821777344,25.314834594726562,25.718793869018555,26.17513084411621,26.80820655822754,28.490509033203125
23.093000411987305,23.659975051879883,24.110958099365234,24.48918342590332,24.87734031677246,25.245229721069336,25.641254425048828,26.114192962646484,26.733713150024414,28.54994010925293
23.064638137817383,23.63180160522461,24.120561599731445,24.51166343688965,24.883968353271484,25.252334594726562,25.675840377807617,26.121826171875,26.719532012939453,28.449657440185547
22.93071746826172,23.555360794067383,24.085172653198242,24.564910888671875,25.018186569213867,25.449960708618164,25.908645629882812,26.420501708984375,27.071151733398438,28.71435546875
23.10283851623535,23.72210121154785,24.164907455444336,24.54831886291504,24.90689468383789,25.30268669128418,25.711883544921875,26.208789825439453,26.836484909057617,28.524808883666992
23.081661224365234,23.720552444458008,24.1976261138916,24.605499267578125,24.97260284423828,25.371706008911133,25.793869018554688,26.25038719177246,26.867361068725586,28.610210418701172
23.144214630126953,23.732162475585938,24.202293395996094,24.58342170715332,24.958559036254883,25.336936950683594,25.75506019592285,26.22303581237793,26.841455459594727,28.508718490600586
23.111751556396484,23.687549591064453,24.155576705932617,24.54811668395996,24.941246032714844,25.31012535095215,25.73836898803711,26.211149215698242,26.79507827758789,28.599685668945312
23.095163345336914,23.702783584594727,24.158323287963867,24.543516159057617,24.914344787597656,25.296356201171875,25.740163803100586,26.18444061279297,26.826068878173828,28.431316375732422
23.105968475341797,23.691650390625,24.128772735595703,24.540035247802734,24.897676467895508,25.290658950805664,25.694976806640625,26.175743103027344,26.782899856567383,28.303091049194336
23.159984588623047,23.715675354003906,24.136280059814453,24.513381958007812,24.87544059753418,25.23552131652832,25.6218318939209,26.074647903442383,26.69988441467285,28.299495697021484
23.10171127319336,23.69102668762207,24.156400680541992,24.53399085998535,24.93752670288086,25.308698654174805,25.72124481201172,26.199848175048828,26.833993911743164,28.422653198242188
23.070903778076172,23.676259994506836,24.133930206298828,24.539823532104492,24.936248779296875,25.303791046142578,25.712656021118164,26.18297576904297,26.801156997680664,28.619220733642578
23.07114601135254,23.678850173950195,24.178733825683594,24.584392547607422,24.94842529296875,25.352487564086914,25.760562896728516,26.220361709594727,26.869598388671875,28.663814544677734
23.058534622192383,23.653663635253906,24.099149703979492,24.507617950439453,24.910751342773438,25.294322967529297,25.735319137573242,26.19395637512207,26.87901496887207,28.552995681762695
23.047353744506836,23.66709327697754,24.114788055419922,24.517929077148438,24.908409118652344,25.302221298217773,25.7221736907959,26.21062660217285,26.843856811523438,28.510639190673828
23.0284481048584,23.634475708007812,24.114356994628906,24.526264190673828,24.914281845092773,25.298259735107422,25.728790283203125,26.21189308166504,26.86570167541504,28.513885498046875
23.102352142333984,23.71358871459961,24.162504196166992,24.5874080657959,24.960552215576172,25.357952117919922,25.793977737426758,26.27040672302246,26.89539909362793,28.553678512573242
23.099660873413086,23.684757232666016,24.117366790771484,24.49823760986328,24.868080139160156,25.217382431030273,25.623788833618164,26.092247009277344,26.721033096313477,28.394702911376953
23.046409606933594,23.677515029907227,24.115650177001953,24.523157119750977,24.897533416748047,25.277788162231445,25.683380126953125,26.11273765563965,26.680795669555664,28.280731201171875
23.033191680908203,23.70256233215332,24.178823471069336,24.57683753967285,24.986560821533203,25.394771575927734,25.800058364868164,26.290843963623047,26.90163230895996,28.594898223876953
22.925617218017578,23.567813873291016,24.089431762695312,24.524751663208008,24.94453239440918,25.358964920043945,25.794570922851562,26.307523727416992,26.95663070678711,28.648178100585938
23.162338256835938,23.728281021118164,24.16620635986328,24.545114517211914,24.902814865112305,25.27480697631836,25.687837600708008,26.125946044921875,26.725845336914062,28.268381118774414
23.01329803466797,23.61643409729004,24.13169288635254,24.57135581970215,24.977745056152344,25.37793731689453,25.837636947631836,26.331575393676758,26.9777889251709,28.628292083740234
23.07973289489746,23.68055534362793,24.11301612854004,24.507152557373047,24.86931800842285,25.25201988220215,25.65850257873535,26.13454818725586,26.764535903930664,28.39689826965332
22.95416259765625,23.577131271362305,24.11437225341797,24.54998207092285,24.973787307739258,25.38840675354004,25.817134857177734,26.3376522064209,26.96598243713379,28.789180755615234
23.00963592529297,23.656105041503906,24.13664436340332,24.576828002929688,25.00913429260254,25.415420532226562,25.82036781311035,26.353036880493164,26.982641220092773,28.58139991760254
23.10382652282715,23.72654151916504,24.17350196838379,24.551843643188477,24.93201446533203,25.32607078552246,25.729278564453125,26.221088409423828,26.851959228515625,28.53423309326172
23.09305191040039,23.668684005737305,24.097576141357422,24.528688430786133,24.90033531188965,25.282651901245117,25.683691024780273,26.137008666992188,26.740503311157227,28.445615768432617
23.070072174072266,23.667652130126953,24.12665557861328,24.51116943359375,24.91169548034668,25.304269790649414,25.71198081970215,26.199838638305664,26.80242347717285,28.49738121032715
23.084989547729492,23.66806411743164,24.126575469970703,24.534645080566406,24.932405471801758,25.311767578125,25.742172241210938,26.200668334960938,26.823251724243164,28.41027069091797
23.109678268432617,23.69562339782715,24.10736846923828,24.492345809936523,24.866485595703125,25.254154205322266,25.653629302978516,26.145837783813477,26.795530319213867,28.331565856933594
23.089855194091797,23.664249420166016,24.111906051635742,24.514028549194336,24.85771942138672,25.244749069213867,25.65281105041504,26.11867332458496,26.735374450683594,28.48826026916504
23.140260696411133,23.724843978881836,24.176485061645508,24.568601608276367,24.925640106201172,25.29735565185547,25.699918746948242,26.1547794342041,26.784202575683594,28.41008949279785
23.07111167907715,23.677974700927734,24.145681381225586,24.53569221496582,24.911523818969727,25.291414260864258,25.70407485961914,26.163433074951172,26.755712509155273,28.391809463500977
23.097211837768555,23.663406372070312,24.108116149902344,24.50302505493164,24.87132453918457,25.23763656616211,25.669301986694336,26.094741821289062,26.740930557250977,28.460596084594727
23.075239181518555,23.683883666992188,24.147436141967773,24.563310623168945,24.937429428100586,25.324796676635742,25.753915786743164,26.227495193481445,26.82988739013672,28.481538772583008
23.06671905517578,23.673017501831055,24.13173484802246,24.516433715820312,24.89720344543457,25.269237518310547,25.69362449645996,26.149911880493164,26.748512268066406,28.557870864868164
23.036943435668945,23.66774559020996,24.155492782592773,24.543062210083008,24.950838088989258,25.322471618652344,25.74835205078125,26.222549438476562,26.852407455444336,28.492773056030273
23.113445281982422,23.703876495361328,24.139863967895508,24.542190551757812,24.9210262298584,25.302282333374023,25.685319900512695,26.158414840698242,26.809452056884766,28.44181251525879
23.09622573852539,23.653799057006836,24.109695434570312,24.475814819335938,24.848665237426758,25.235340118408203,25.657085418701172,26.131196975708008,26.811798095703125,28.78073501586914
23.024381637573242,23.621912002563477,24.131452560424805,24.544836044311523,24.950380325317383,25.35175895690918,25.772645950317383,26.26535987854004,26.89219093322754,28.71761131286621
23.14145851135254,23.724140167236328,24.15746307373047,24.548099517822266,24.908348083496094,25.298351287841797,25.690168380737305,26.14369773864746,26.74980926513672,28.32427215576172
23.097715377807617,23.67796516418457,24.10688018798828,24.48716163635254,24.849143981933594,25.242015838623047,25.658823013305664,26.132522583007812,26.741222381591797,28.384342193603516
23.117319107055664,23.700824737548828,24.166854858398438,24.560707092285156,24.945486068725586,25.328716278076172,25.716384887695312,26.181039810180664,26.765928268432617,28.408206939697266
23.064172744750977,23.679527282714844,24.138898849487305,24.55799674987793,24.946460723876953,25.345823287963867,25.781234741210938,26.287363052368164,26.982593536376953,28.56991195678711
23.039777755737305,23.65423583984375,24.10895347595215,24.503536224365234,24.872758865356445,25.257862091064453,25.655170440673828,26.121906280517578,26.73586654663086,28.524703979492188
23.08572769165039,23.670873641967773,24.12665557861328,24.514352798461914,24.903121948242188,25.294883728027344,25.686941146850586,26.156856536865234,26.807825088500977,28.365976333618164
23.043807983398438,23.65507698059082,24.10199737548828,24.489686965942383,24.859142303466797,25.236244201660156,25.643648147583008,26.129444122314453,26.712196350097656,28.436540603637695
23.066930770874023,23.676177978515625,24.11770248413086,24.530200958251953,24.912508010864258,25.28436279296875,25.692405700683594,26.201637268066406,26.83990478515625,28.580163955688477
22.976144790649414,23.66568946838379,24.187620162963867,24.62200355529785,25.04702377319336,25.452402114868164,25.853124618530273,26.31700325012207,26.90264892578125,28.543895721435547
23.073671340942383,23.67817497253418,24.124717712402344,24.50990104675293,24.874502182006836,25.26077651977539,25.67413330078125,26.19822120666504,26.83527183532715,28.637161254882812
23.03086280822754,23.68955421447754,24.158763885498047,24.589351654052734,24.978107452392578,25.367877960205078,25.774066925048828,26.242015838623047,26.862998962402344,28.453109741210938
23.054784774780273,23.677061080932617,24.14925193786621,24.5603084564209,24.967191696166992,25.372413635253906,25.795196533203125,26.272737503051758,26.901308059692383,28.56589698791504
23.110944747924805,23.687959671020508,24.108379364013672,24.496816635131836,24.860431671142578,25.209047317504883,25.611501693725586,26.078937530517578,26.676496505737305,28.352794647216797
23.036338806152344,23.66314697265625,24.130537033081055,24.527538299560547,24.905250549316406,25.282983779907227,25.714378356933594,26.17912483215332,26.827556610107422,28.453022003173828
23.024089813232422,23.66713523864746,24.120874404907227,24.522953033447266,24.91817855834961,25.302692413330078,25.720258712768555,26.210214614868164,26.851106643676758,28.659744262695312
23.075254440307617,23.685508728027344,24.129621505737305,24.55451202392578,24.927701950073242,25.32219696044922,25.71734046936035,26.176021575927734,26.77945327758789,28.263568878173828
22.95256233215332,23.64971351623535,24.11620330810547,24.552173614501953,24.973413467407227,25.37356185913086,25.784955978393555,26.249414443969727,26.871007919311523,28.459869384765625
23.128557205200195,23.67902374267578,24.146108627319336,24.554655075073242,24.91899299621582,25.29197120666504,25.711713790893555,26.15302276611328,26.77895164489746,28.407272338867188
23.101682662963867,23.66141128540039,24.115222930908203,24.520233154296875,24.853408813476562,25.23476791381836,25.633350372314453,26.080659866333008,26.639516830444336,28.426502227783203
23.090375900268555,23.651813507080078,24.10116958618164,24.478395462036133,24.862314224243164,25.227874755859375,25.62713623046875,26.094369888305664,26.672813415527344,28.373767852783203
23.039628982543945,23.63957405090332,24.1492977142334,24.548301696777344,24.99689483642578,25.389122009277344,25.847660064697266,26.342193603515625,26.976041793823242,28.70505714416504
23.048974990844727,23.620288848876953,24.092796325683594,24.491849899291992,24.868961334228516,25.260334014892578,25.672401428222656,26.165451049804688,26.79596519470215,28.40658187866211
23.10613441467285,23.69131851196289,24.136146545410156,24.520673751831055,24.911970138549805,25.28748321533203,25.690711975097656,26.167892456054688,26.808578491210938,28.38976287841797
23.044673919677734,23.65166473388672,24.120967864990234,24.5339412689209,24.909677505493164,25.309612274169922,25.715585708618164,26.196426391601562,26.876943588256836,28.60373878479004
23.105649948120117,23.70646858215332,24.184398651123047,24.565189361572266,24.958662033081055,25.333072662353516,25.731197357177734,26.19873046875,26.816747665405273,28.49883460998535
23.083053588867188,23.676116943359375,24.121532440185547,24.53595733642578,24.936674118041992,25.342811584472656,25.767587661743164,26.25300407409668,26.90239715576172,28.542306900024414
23.13263511657715,23.708126068115234,24.129873275756836,24.519392013549805,24.887638092041016,25.274953842163086,25.695192337036133,26.14678382873535,26.792308807373047,28.521381378173828
23.03510284423828,23.677074432373047,24.150554656982422,24.55430030822754,24.93926429748535,25.333538055419922,25.75762367248535,26.251195907592773,26.860004425048828,28.758127212524414
23.060344696044922,23.638389587402344,24.073339462280273,24.465930938720703,24.830015182495117,25.212989807128906,25.615619659423828,26.066720962524414,26.651859283447266,28.348888397216797
23.124074935913086,23.693212509155273,24.11410903930664,24.507488250732422,24.85807991027832,25.25380516052246,25.615190505981445,26.097620010375977,26.71980094909668,28.41327476501465
23.08116340637207,23.724130630493164,24.174026489257812,24.57343101501465,24.952775955200195,25.321048736572266,25.719079971313477,26.17909049987793,26.790451049804688,28.570356369018555
23.123720169067383,23.702444076538086,24.147953033447266,24.534183502197266,24.885892868041992,25.254161834716797,25.68179702758789,26.145784378051758,26.74249267578125,28.378402709960938
23.091320037841797,23.682817459106445,24.138595581054688,24.5264835357666,24.90510368347168,25.284286499023438,25.70684814453125,26.168685913085938,26.80197525024414,28.361408233642578
23.109514236450195,23.689571380615234,24.176437377929688,24.58386993408203,24.989805221557617,25.378313064575195,25.76694679260254,26.25808334350586,26.87567710876465,28.518564224243164
23.089248657226562,23.687288284301758,24.140100479125977,24.52987289428711,24.91403579711914,25.29094123840332,25.68972396850586,26.178922653198242,26.756494522094727,28.55548095703125
23.139179229736328,23.695894241333008,24.15203285217285,24.511404037475586,24.897480010986328,25.289003372192383,25.69198226928711,26.153987884521484,26.81437873840332,28.567550659179688
22.967626571655273,23.618362426757812,24.084510803222656,24.555362701416016,24.9438419342041,25.371906280517578,25.810710906982422,26.33184242248535,27.03574562072754,28.633214950561523
23.051311492919922,23.680269241333008,24.14371109008789,24.546001434326172,24.915403366088867,25.30789566040039,25.710941314697266,26.17125701904297,26.818069458007812,28.567697525024414
23.11497688293457,23.713605880737305,24.157766342163086,24.567119598388672,24.918983459472656,25.314603805541992,25.712940216064453,26.184091567993164,26.779216766357422,28.576568603515625
23.107881546020508,23.690326690673828,24.169986724853516,24.556396484375,24.938499450683594,25.311630249023438,25.70691680908203,26.175582885742188,26.767953872680664,28.495712280273438
23.083024978637695,23.689199447631836,24.151611328125,24.554468154907227,24.940523147583008,25.337615966796875,25.747310638427734,26.230016708374023,26.87005615234375,28.583974838256836
23.066898345947266,23.66423797607422,24.102436065673828,24.50017738342285,24.887216567993164,25.248571395874023,25.65983009338379,26.11211395263672,26.704069137573242,28.420148849487305
23.020214080810547,23.664384841918945,24.16954803466797,24.593563079833984,25.00156021118164,25.437341690063477,25.861469268798828,26.360519409179688,27.019933700561523,28.652570724487305
23.140289306640625,23.714202880859375,24.12470054626465,24.533966064453125,24.90650749206543,25.299510955810547,25.703811645507812,26.1791934967041,26.779123306274414,28.44591522216797
22.979080200195312,23.660079956054688,24.138845443725586,24.591415405273438,24.99464988708496,25.445478439331055,25.883756637573242,26.385046005249023,27.074020385742188,28.769775390625
23.104555130004883,23.721817016601562,24.19858741760254,24.596805572509766,24.99166488647461,25.391355514526367,25.805435180664062,26.308616638183594,26.969898223876953,28.758739471435547
23.127952575683594,23.71782875061035,24.153594970703125,24.540691375732422,24.928173065185547,25.315080642700195,25.72208023071289,26.217893600463867,26.841217041015625,28.565067291259766
23.01275634765625,23.635154724121094,24.11751365661621,24.548933029174805,24.944578170776367,25.34462547302246,25.76426124572754,26.262222290039062,26.884841918945312,28.527320861816406
23.02651023864746,23.649173736572266,24.102407455444336,24.51502227783203,24.914306640625,25.29868507385254,25.713626861572266,26.20008087158203,26.793062210083008,28.424821853637695
23.087158203125,23.66401481628418,24.101913452148438,24.519123077392578,24.891143798828125,25.27141761779785,25.68660545349121,26.176925659179688,26.743837356567383,28.452835083007812
23.15768814086914,23.71554946899414,24.162382125854492,24.549718856811523,24.929210662841797,25.315242767333984,25.712055206298828,26.175378799438477,26.828630447387695,28.509897232055664
23.105756759643555,23.697856903076172,24.167116165161133,24.55580711364746,24.931428909301758,25.30655288696289,25.7280216217041,26.20223617553711,26.80463218688965,28.508724212646484
23.027679443359375,23.63884925842285,24.123395919799805,24.53688621520996,24.916004180908203,25.325523376464844,25.741897583007812,26.227676391601562,26.874740600585938,28.505645751953125
23.028682708740234,23.65686798095703,24.143966674804688,24.548133850097656,24.93716049194336,25.33587646484375,25.751056671142578,26.242883682250977,26.847732543945312,28.48244857788086
23.045747756958008,23.72713279724121,24.173072814941406,24.631244659423828,25.034976959228516,25.42930030822754,25.86995506286621,26.35031509399414,27.024755477905273,28.628049850463867
23.10098648071289,23.666269302368164,24.11711311340332,24.50629997253418,24.900163650512695,25.262014389038086,25.696191787719727,26.186269760131836,26.84299659729004,28.361963272094727
22.881227493286133,23.548738479614258,24.071016311645508,24.547067642211914,24.97719383239746,25.404237747192383,25.866249084472656,26.372177124023438,26.996938705444336,28.551998138427734
23.12706756591797,23.699739456176758,24.112289428710938,24.503780364990234,24.8734188079834,25.253149032592773,25.657899856567383,26.17217445373535,26.85576629638672,28.477813720703125
22.921506881713867,23.538349151611328,24.06284523010254,24.537782669067383,24.994699478149414,25.407367706298828,25.831701278686523,26.316654205322266,26.95977210998535,28.43019676208496
23.048933029174805,23.637542724609375,24.132396697998047,24.54085922241211,24.942760467529297,25.335420608520508,25.746906280517578,26.23537254333496,26.868810653686523,28.654077529907227
23.05447769165039,23.648286819458008,24.129661560058594,24.54085350036621,24.947145462036133,25.329710006713867,25.760601043701172,26.238632202148438,26.825469970703125,28.511322021484375
23.12034797668457,23.714860916137695,24.152809143066406,24.523500442504883,24.91029167175293,25.290287017822266,25.704055786132812,26.17742347717285,26.811508178710938,28.514169692993164
23.070438385009766,23.68080711364746,24.13962745666504,24.54831886291504,24.922889709472656,25.303613662719727,25.703325271606445,26.154687881469727,26.736806869506836,28.440961837768555
23.11549949645996,23.677614212036133,24.12201499938965,24.51364517211914,24.9016056060791,25.293292999267578,25.691055297851562,26.186203002929688,26.797954559326172,28.582550048828125
23.064624786376953,23.64508628845215,24.130077362060547,24.550886154174805,24.93659782409668,25.316814422607422,25.737001419067383,26.20148277282715,26.809965133666992,28.533456802368164
23.070463180541992,23.685514450073242,24.155227661132812,24.564035415649414,24.943397521972656,25.332670211791992,25.738346099853516,26.187902450561523,26.83338737487793,28.407438278198242
23.062685012817383,23.645076751708984,24.114084243774414,24.51332664489746,24.889678955078125,25.27740478515625,25.710004806518555,26.200674057006836,26.855712890625,28.64689826965332
23.109102249145508,23.687028884887695,24.135923385620117,24.561006546020508,24.896305084228516,25.313417434692383,25.732641220092773,26.21482276916504,26.857816696166992,28.51397132873535
23.13847541809082,23.68939971923828,24.136653900146484,24.52558135986328,24.893518447875977,25.257823944091797,25.666383743286133,26.11118507385254,26.73033332824707,28.413509368896484
23.09602165222168,23.69611358642578,24.16756820678711,24.56980323791504,24.945903778076172,25.339223861694336,25.750118255615234,26.234203338623047,26.842248916625977,28.570356369018555
23.047748565673828,23.646743774414062,24.107830047607422,24.493324279785156,24.885154724121094,25.26899528503418,25.700456619262695,26.19338035583496,26.84527015686035,28.404382705688477
23.084327697753906,23.674959182739258,24.135862350463867,24.535062789916992,24.930633544921875,25.32192039489746,25.716100692749023,26.19086265563965,26.809955596923828,28.456329345703125
22.950170516967773,23.590133666992188,24.10866928100586,24.552310943603516,24.97860336303711,25.406763076782227,25.85097312927246,26.351669311523438,27.053255081176758,28.761486053466797
23.164413452148438,23.70026969909668,24.14716339111328,24.51626968383789,24.886045455932617,25.265321731567383,25.64977264404297,26.128520965576172,26.74465560913086,28.324586868286133
23.085954666137695,23.6951847076416,24.106643676757812,24.490772247314453,24.868940353393555,25.271320343017578,25.685346603393555,26.195068359375,26.857362747192383,28.501497268676758
23.01456069946289,23.664243698120117,24.16226577758789,24.599773406982422,24.974515914916992,25.373882293701172,25.821550369262695,26.317007064819336,26.96750259399414,28.55107879638672
23.125661849975586,23.677520751953125,24.11758804321289,24.51548957824707,24.875272750854492,25.286359786987305,25.702789306640625,26.17384910583496,26.82633399963379,28.613075256347656
23.00564193725586,23.659881591796875,24.15011978149414,24.580425262451172,24.99664878845215,25.415672302246094,25.866830825805664,26.42124366760254,27.08112907409668,28.70733642578125
22.992801666259766,23.658527374267578,24.131052017211914,24.56265640258789,24.987594604492188,25.419347763061523,25.834102630615234,26.318151473999023,26.961177825927734,28.63851547241211
23.07796287536621,23.65093231201172,24.12019920349121,24.51035499572754,24.90291404724121,25.284727096557617,25.69399070739746,26.17461395263672,26.77557945251465,28.509950637817383
23.103734970092773,23.67955207824707,24.142353057861328,24.544584274291992,24.920562744140625,25.327556610107422,25.72759246826172,26.165170669555664,26.81201171875,28.508031845092773
23.024404525756836,23.639890670776367,24.121044158935547,24.538896560668945,24.913578033447266,25.321012496948242,25.738325119018555,26.247037887573242,26.869998931884766,28.672983169555664
23.095088958740234,23.635276794433594,24.08702278137207,24.42935562133789,24.797840118408203,25.1527042388916,25.53409194946289,26.001678466796875,26.666759490966797,28.328330993652344
23.05866813659668,23.67819595336914,24.14198112487793,24.559541702270508,24.966625213623047,25.360563278198242,25.763107299804688,26.20325469970703,26.84333610534668,28.457969665527344
23.085834503173828,23.68717384338379,24.139122009277344,24.509525299072266,24.88924789428711,25.250497817993164,25.64634895324707,26.10527992248535,26.71592140197754,28.346843719482422
23.082866668701172,23.692951202392578,24.16512107849121,24.563261032104492,24.956565856933594,25.325834274291992,25.7548885345459,26.23756980895996,26.826059341430664,28.537202835083008
23.016876220703125,23.644392013549805,24.1123046875,24.507320404052734,24.896068572998047,25.287960052490234,25.715608596801758,26.19818878173828,26.867773056030273,28.515182495117188
23.061269760131836,23.64904022216797,24.160808563232422,24.563262939453125,24.97510528564453,25.356874465942383,25.796710968017578,26.28290367126465,26.888452529907227,28.583431243896484
23.000059127807617,23.673803329467773,24.178464889526367,24.62969970703125,25.044261932373047,25.441129684448242,25.88237762451172,26.378692626953125,27.034133911132812,28.7060489654541
23.067392349243164,23.674116134643555,24.104408264160156,24.510629653930664,24.856523513793945,25.240114212036133,25.638277053833008,26.092153549194336,26.741424560546875,28.490663528442383
23.05231475830078,23.67104148864746,24.167678833007812,24.554746627807617,24.971845626831055,25.344223022460938,25.79088020324707,26.263042449951172,26.916423797607422,28.458858489990234
23.102306365966797,23.674535751342773,24.120441436767578,24.508119583129883,24.895580291748047,25.28852653503418,25.740127563476562,26.247093200683594,26.856531143188477,28.5522403717041
23.14409637451172,23.71291160583496,24.157651901245117,24.541053771972656,24.900470733642578,25.274648666381836,25.679670333862305,26.160110473632812,26.756032943725586,28.282140731811523
23.022703170776367,23.657590866088867,24.10829734802246,24.527597427368164,24.909692764282227,25.341327667236328,25.78567123413086,26.277725219726562,26.95716667175293,28.665767669677734
23.059539794921875,23.68490982055664,24.14528465270996,24.566579818725586,24.954132080078125,25.33412742614746,25.7582950592041,26.21657943725586,26.804574966430664,28.3801326751709
23.11492347717285,23.71587371826172,24.182899475097656,24.582788467407227,24.969127655029297,25.37017059326172,25.771102905273438,26.26654815673828,26.890844345092773,28.610668182373047
23.07756233215332,23.69124412536621,24.142589569091797,24.54515266418457,24.926132202148438,25.301122665405273,25.693510055541992,26.17827606201172,26.829578399658203,28.538049697875977
23.115020751953125,23.69426727294922,24.126449584960938,24.517309188842773,24.885465621948242,25.264616012573242,25.64556884765625,26.13234519958496,26.76153564453125,28.524137496948242
23.067331314086914,23.63422966003418,24.10094451904297,24.502424240112305,24.901559829711914,25.293725967407227,25.690723419189453,26.175283432006836,26.779159545898438,28.39833641052246
23.115550994873047,23.716270446777344,24.207473754882812,24.593982696533203,24.97475242614746,25.354537963867188,25.750591278076172,26.221267700195312,26.811695098876953,28.49258804321289
23.126636505126953,23.727523803710938,24.17494773864746,24.576658248901367,24.971654891967773,25.375316619873047,25.78531265258789,26.268692016601562,26.886226654052734,28.607725143432617
22.86505699157715,23.536108016967773,24.065507888793945,24.54033088684082,25.00706672668457,25.407432556152344,25.887489318847656,26.395824432373047,27.108980178833008,28.672456741333008
23.062744140625,23.637802124023438,24.09521484375,24.495223999023438,24.891233444213867,25.281925201416016,25.70391845703125,26.177738189697266,26.812816619873047,28.53555679321289
23.000097274780273,23.643461227416992,24.117074966430664,24.529075622558594,24.963970184326172,25.35137176513672,25.80592918395996,26.281078338623047,26.915008544921875,28.749950408935547
23.086551666259766,23.65361785888672,24.109514236450195,24.501344680786133,24.87881851196289,25.25048065185547,25.653240203857422,26.09490966796875,26.71988868713379,28.520219802856445
23.122730255126953,23.687734603881836,24.117502212524414,24.50945281982422,24.86588478088379,25.24009895324707,25.656951904296875,26.138757705688477,26.77580451965332,28.367761611938477
23.020458221435547,23.632848739624023,24.12472152709961,24.554161071777344,24.910242080688477,25.315704345703125,25.733592987060547,26.206018447875977,26.827648162841797,28.49462890625
23.079187393188477,23.695226669311523,24.150129318237305,24.554492950439453,24.931270599365234,25.291166305541992,25.702993392944336,26.162565231323242,26.843717575073242,28.621950149536133
23.043149948120117,23.624298095703125,24.13361167907715,24.547758102416992,24.961456298828125,25.338054656982422,25.75183868408203,26.24733543395996,26.892648696899414,28.43354034423828
23.109922409057617,23.689863204956055,24.13399887084961,24.518461227416992,24.892831802368164,25.266538619995117,25.65709686279297,26.100574493408203,26.702556610107422,28.349523544311523
22.944623947143555,23.62639045715332,24.13536834716797,24.560707092285156,25.007051467895508,25.42754554748535,25.867023468017578,26.36846160888672,26.988325119018555,28.64946937561035
23.145023345947266,23.73153305053711,24.163454055786133,24.544837951660156,24.90165901184082,25.30279541015625,25.689783096313477,26.17445945739746,26.77872657775879,28.44742202758789
23.114978790283203,23.698394775390625,24.14409065246582,24.53844451904297,24.901870727539062,25.279048919677734,25.691696166992188,26.194944381713867,26.824365615844727,28.50963020324707
23.065515518188477,23.662240982055664,24.139392852783203,24.56792449951172,24.96551513671875,25.382585525512695,25.77020835876465,26.29947853088379,26.938188552856445,28.53204345703125
23.125205993652344,23.708024978637695,24.147817611694336,24.538515090942383,24.90807342529297,25.276203155517578,25.688514709472656,26.15665054321289,26.778003692626953,28.426036834716797
23.079774856567383,23.66295623779297,24.11208724975586,24.49407958984375,24.871044158935547,25.24307632446289,25.65880012512207,26.11343765258789,26.77447509765625,28.411611557006836
23.044048309326172,23.65525245666504,24.089250564575195,24.516815185546875,24.900463104248047,25.29230308532715,25.702590942382812,26.185382843017578,26.824106216430664,28.531421661376953
23.03339195251465,23.672889709472656,24.194990158081055,24.644014358520508,25.057172775268555,25.504016876220703,25.94707489013672,26.46640968322754,27.093957901000977,28.604095458984375
23.023839950561523,23.65298843383789,24.14411735534668,24.565019607543945,24.9554386138916,25.361249923706055,25.780380249023438,26.301057815551758,26.918066024780273,28.531227111816406
23.053131103515625,23.684814453125,24.199729919433594,24.60105323791504,24.991912841796875,25.38650894165039,25.79336929321289,26.27435874938965,26.873958587646484,28.55078125
23.11249542236328,23.684812545776367,24.13248634338379,24.538898468017578,24.923362731933594,25.287446975708008,25.712940216064453,26.210784912109375,26.813751220703125,28.57752227783203
23.135169982910156,23.693025588989258,24.1463565826416,24.535573959350586,24.9024600982666,25.264188766479492,25.66739845275879,26.14686393737793,26.759000778198242,28.47089195251465
23.067157745361328,23.656063079833984,24.142210006713867,24.55048179626465,24.91811180114746,25.29359245300293,25.72037696838379,26.208446502685547,26.876615524291992,28.506637573242188
23.05907440185547,23.658227920532227,24.104101181030273,24.519989013671875,24.901077270507812,25.277793884277344,25.684329986572266,26.164888381958008,26.804574966430664,28.556169509887695
23.08376121520996,23.66485595703125,24.09736442565918,24.48924446105957,24.878223419189453,25.25453758239746,25.674631118774414,26.129915237426758,26.793773651123047,28.34923553466797
23.11371612548828,23.699878692626953,24.1534366607666,24.54622459411621,24.920167922973633,25.31216812133789,25.720483779907227,26.208776473999023,26.876384735107422,28.639205932617188
23.052753448486328,23.65850067138672,24.131200790405273,24.53664207458496,24.902402877807617,25.274991989135742,25.680160522460938,26.13390350341797,26.759180068969727,28.380859375
23.117176055908203,23.666458129882812,24.116968154907227,24.49628448486328,24.859764099121094,25.2329044342041,25.626998901367188,26.089513778686523,26.76611328125,28.452186584472656
23.04631996154785,23.654481887817383,24.141206741333008,24.593456268310547,24.977041244506836,25.36488914489746,25.80677604675293,26.28998374938965,26.938440322875977,28.450380325317383
23.08877944946289,23.65441131591797,24.10970687866211,24.507553100585938,24.889314651489258,25.26292610168457,25.66414451599121,26.141813278198242,26.765310287475586,28.594058990478516
23.060161590576172,23.635147094726562,24.12312126159668,24.498384475708008,24.894147872924805,25.273778915405273,25.68596839904785,26.183940887451172,26.818119049072266,28.480457305908203
23.010696411132812,23.64647102355957,24.151508331298828,24.559885025024414,24.967525482177734,25.361011505126953,25.814083099365234,26.296215057373047,26.913997650146484,28.586288452148438
23.106428146362305,23.685152053833008,24.132020950317383,24.51614761352539,24.887104034423828,25.264585494995117,25.66462516784668,26.102033615112305,26.672672271728516,28.33704948425293
23.0792179107666,23.67862892150879,24.130582809448242,24.52644920349121,24.91358757019043,25.30583953857422,25.706483840942383,26.190444946289062,26.753629684448242,28.36116600036621
23.036983489990234,23.636966705322266,24.106468200683594,24.517154693603516,24.880722045898438,25.254207611083984,25.67890167236328,26.169742584228516,26.808155059814453,28.558935165405273
23.10877799987793,23.671348571777344,24.106704711914062,24.494216918945312,24.86168098449707,25.241981506347656,25.638347625732422,26.117525100708008,26.737905502319336,28.47185707092285
23.113906860351562,23.709421157836914,24.165374755859375,24.55698585510254,24.938682556152344,25.320432662963867,25.742183685302734,26.19982147216797,26.83762550354004,28.562219619750977
23.06382179260254,23.69769859313965,24.13300132751465,24.55585479736328,24.983423233032227,25.372352600097656,25.794527053833008,26.301410675048828,26.8984317779541,28.69734764099121
23.07901954650879,23.66753387451172,24.107534408569336,24.497732162475586,24.892536163330078,25.271724700927734,25.702789306640625,26.175655364990234,26.871702194213867,28.694791793823242
23.056833267211914,23.682371139526367,24.19451141357422,24.597991943359375,24.994232177734375,25.397167205810547,25.81389045715332,26.308305740356445,26.931915283203125,28.56012535095215
23.080747604370117,23.682844161987305,24.13355827331543,24.54363250732422,24.92002296447754,25.304431915283203,25.714569091796875,26.204666137695312,26.78339385986328,28.443862915039062
22.976821899414062,23.625526428222656,24.105939865112305,24.560373306274414,24.9760799407959,25.393871307373047,25.842702865600586,26.347749710083008,27.00469398498535,28.910776138305664
23.117422103881836,23.68418312072754,24.123851776123047,24.503828048706055,24.887182235717773,25.26848030090332,25.661800384521484,26.164913177490234,26.77313995361328,28.63924217224121
23.12152671813965,23.658811569213867,24.117042541503906,24.480541229248047,24.839508056640625,25.187061309814453,25.572385787963867,26.041645050048828,26.665830612182617,28.420398712158203
22.998199462890625,23.638357162475586,24.127580642700195,24.54214859008789,24.896780014038086,25.30527114868164,25.70762825012207,26.188858032226562,26.796390533447266,28.415002822875977
22.95716094970703,23.579404830932617,24.06547737121582,24.509641647338867,24.884458541870117,25.306053161621094,25.734119415283203,26.209720611572266,26.93227195739746,28.6230411529541
23.056245803833008,23.680784225463867,24.149566650390625,24.549236297607422,24.93961524963379,25.310972213745117,25.727201461791992,26.20269203186035,26.831634521484375,28.501338958740234
23.04709243774414,23.665796279907227,24.1184024810791,24.51469612121582,24.90143585205078,25.283580780029297,25.691091537475586,26.1787109375,26.7861328125,28.424734115600586
23.068391799926758,23.66379165649414,24.12592887878418,24.53746795654297,24.912046432495117,25.301191329956055,25.725204467773438,26.199377059936523,26.786102294921875,28.435123443603516
23.107364654541016,23.672618865966797,24.151823043823242,24.55547332763672,24.947534561157227,25.354976654052734,25.761295318603516,26.249990463256836,26.855106353759766,28.483631134033203
23.08000946044922,23.63701057434082,24.095252990722656,24.487642288208008,24.861949920654297,25.246002197265625,25.64392852783203,26.10900115966797,26.690853118896484,28.475603103637695
23.066898345947266,23.66950798034668,24.153839111328125,24.562211990356445,24.930931091308594,25.33416175842285,25.745849609375,26.28461265563965,26.91253662109375,28.493675231933594
23.008485794067383,23.634872436523438,24.118362426757812,24.565364837646484,24.990140914916992,25.37698745727539,25.807857513427734,26.288244247436523,26.919818878173828,28.661924362182617
23.07111930847168,23.708919525146484,24.185089111328125,24.570011138916016,24.971948623657227,25.353824615478516,25.801193237304688,26.272499084472656,26.879182815551758,28.451171875
23.08473777770996,23.659330368041992,24.118160247802734,24.51634407043457,24.864110946655273,25.257617950439453,25.63899803161621,26.13633918762207,26.787792205810547,28.506977081298828
23.013017654418945,23.65963363647461,24.128768920898438,24.539823532104492,24.917694091796875,25.298629760742188,25.706851959228516,26.170740127563477,26.762922286987305,28.29429817199707
23.006999969482422,23.655242919921875,24.16185188293457,24.566375732421875,24.973907470703125,25.389755249023438,25.80169677734375,26.27273178100586,26.925857543945312,28.494579315185547
23.117027282714844,23.659770965576172,24.095144271850586,24.479610443115234,24.85051155090332,25.18197250366211,25.589195251464844,26.07114601135254,26.688222885131836,28.30804443359375
23.08388328552246,23.65453338623047,24.095932006835938,24.50265884399414,24.893217086791992,25.26401710510254,25.676469802856445,26.136404037475586,26.76755714416504,28.49848175048828
23.056692123413086,23.643152236938477,24.135133743286133,24.542261123657227,24.942411422729492,25.332103729248047,25.741445541381836,26.224809646606445,26.83797264099121,28.575592041015625
23.131669998168945,23.70655632019043,24.13994598388672,24.54637908935547,24.917814254760742,25.304529190063477,25.7099609375,26.19219207763672,26.839214324951172,28.559280395507812
23.009477615356445,23.644662857055664,24.12222671508789,24.560483932495117,24.963884353637695,25.388303756713867,25.815515518188477,26.295278549194336,26.919601440429688,28.59621238708496
22.977542877197266,23.62599754333496,24.08661651611328,24.51418685913086,24.906923294067383,25.322294235229492,25.754440307617188,26.247461318969727,26.87029457092285,28.60541343688965
23.07290267944336,23.669174194335938,24.12306785583496,24.53859519958496,24.935758590698242,25.32625389099121,25.761871337890625,26.25732421875,26.840255737304688,28.463382720947266
23.165056228637695,23.738765716552734,24.15424346923828,24.531078338623047,24.9090633392334,25.271188735961914,25.68256378173828,26.147069931030273,26.785396575927734,28.504512786865234
23.096717834472656,23.650375366210938,24.110395431518555,24.511096954345703,24.892362594604492,25.267501831054688,25.68007469177246,26.13828468322754,26.772981643676758,28.506120681762695
23.088449478149414,23.722381591796875,24.21802520751953,24.62301254272461,25.02823257446289,25.41382598876953,25.79901885986328,26.308883666992188,26.893892288208008,28.417037963867188
23.081298828125,23.672035217285156,24.12975311279297,24.542387008666992,24.910429000854492,25.306503295898438,25.715572357177734,26.20073890686035,26.79736328125,28.45035171508789
23.12010383605957,23.702077865600586,24.20404624938965,24.5767879486084,24.96143341064453,25.338165283203125,25.715349197387695,26.165775299072266,26.781484603881836,28.294157028198242
23.042631149291992,23.615755081176758,24.113391876220703,24.505199432373047,24.887556076049805,25.284595489501953,25.72086524963379,26.239395141601562,26.822444915771484,28.502197265625
23.060380935668945,23.67340660095215,24.12204360961914,24.51868438720703,24.880125045776367,25.272430419921875,25.666481018066406,26.14446449279785,26.754756927490234,28.39759635925293
22.99143409729004,23.661479949951172,24.165733337402344,24.56618881225586,24.96820640563965,25.36635971069336,25.80283546447754,26.263992309570312,26.874759674072266,28.51770782470703
23.06070327758789,23.633150100708008,24.103374481201172,24.48663902282715,24.860538482666016,25.249406814575195,25.613393783569336,26.051849365234375,26.662229537963867,28.395986557006836
23.016910552978516,23.651601791381836,24.096952438354492,24.483272552490234,24.851808547973633,25.224456787109375,25.645706176757812,26.1030330657959,26.701950073242188,28.557113647460938
23.102262496948242,23.658010482788086,24.122882843017578,24.511924743652344,24.896400451660156,25.26480484008789,25.648426055908203,26.121723175048828,26.758441925048828,28.458263397216797
23.101709365844727,23.657873153686523,24.085676193237305,24.47710418701172,24.82790756225586,25.195999145507812,25.621240615844727,26.11741065979004,26.761507034301758,28.4404296875
23.045209884643555,23.626482009887695,24.122333526611328,24.53911590576172,24.94110870361328,25.32411766052246,25.754724502563477,26.250579833984375,26.88903045654297,28.577953338623047
23.064044952392578,23.678192138671875,24.149333953857422,24.578163146972656,24.948360443115234,25.334671020507812,25.738513946533203,26.203807830810547,26.800033569335938,28.425451278686523
23.08706283569336,23.665767669677734,24.108505249023438,24.494325637817383,24.855560302734375,25.239999771118164,25.650644302368164,26.12933921813965,26.769254684448242,28.502506256103516
23.056093215942383,23.634267807006836,24.112323760986328,24.503698348999023,24.89689826965332,25.278316497802734,25.69131851196289,26.18378448486328,26.781938552856445,28.484201431274414
23.072744369506836,23.668500900268555,24.119346618652344,24.49522590637207,24.86563491821289,25.258262634277344,25.665468215942383,26.14862823486328,26.75691032409668,28.52788543701172
23.069061279296875,23.648530960083008,24.0760555267334,24.45085906982422,24.841543197631836,25.224668502807617,25.615814208984375,26.118783950805664,26.788936614990234,28.499250411987305
23.049362182617188,23.681962966918945,24.125703811645508,24.528945922851562,24.938213348388672,25.312969207763672,25.73744010925293,26.196741104125977,26.83633804321289,28.455425262451172
23.101226806640625,23.701133728027344,24.146135330200195,24.537513732910156,24.916532516479492,25.286264419555664,25.69436264038086,26.172943115234375,26.8471736907959,28.551969528198242
23.057950973510742,23.68792152404785,24.149765014648438,24.590272903442383,24.95102882385254,25.34430503845215,25.742019653320312,26.235803604125977,26.896244049072266,28.597904205322266
23.09910011291504,23.678316116333008,24.154144287109375,24.552682876586914,24.956449508666992,25.337425231933594,25.744741439819336,26.215761184692383,26.82674217224121,28.464950561523438
23.050508499145508,23.67157745361328,24.109750747680664,24.508569717407227,24.904163360595703,25.288246154785156,25.683029174804688,26.132041931152344,26.752059936523438,28.484140396118164
23.082592010498047,23.692867279052734,24.162904739379883,24.579208374023438,24.96860694885254,25.34935760498047,25.76520347595215,26.253883361816406,26.846267700195312,28.689952850341797
23.128341674804688,23.702810287475586,24.114578247070312,24.49700927734375,24.87369155883789,25.2679386138916,25.705785751342773,26.18507957458496,26.891986846923828,28.612945556640625
23.11385726928711,23.70914077758789,24.149206161499023,24.56438446044922,24.925264358520508,25.327890396118164,25.718917846679688,26.231246948242188,26.843669891357422,28.503679275512695
23.090341567993164,23.670255661010742,24.10477066040039,24.4838924407959,24.860898971557617,25.24927520751953,25.651042938232422,26.098506927490234,26.749746322631836,28.507925033569336
23.047311782836914,23.645967483520508,24.10247230529785,24.523056030273438,24.931774139404297,25.310274124145508,25.719736099243164,26.168914794921875,26.780529022216797,28.469350814819336
23.110057830810547,23.67641258239746,24.13739776611328,24.503314971923828,24.88711929321289,25.285015106201172,25.670490264892578,26.14263916015625,26.793243408203125,28.51597023010254
23.122413635253906,23.715272903442383,24.125289916992188,24.517234802246094,24.881311416625977,25.269908905029297,25.68755531311035,26.151208877563477,26.78474235534668,28.573862075805664
23.117773056030273,23.664840698242188,24.11972999572754,24.52655792236328,24.90007209777832,25.28759765625,25.71227264404297,26.168968200683594,26.76316261291504,28.326751708984375
23.074935913085938,23.678483963012695,24.15475082397461,24.563467025756836,24.95456314086914,25.36586570739746,25.811782836914062,26.31711769104004,26.97715950012207,28.61811065673828
23.090049743652344,23.69403648376465,24.133039474487305,24.54410743713379,24.921241760253906,25.307125091552734,25.704498291015625,26.187211990356445,26.836088180541992,28.518260955810547
23.068510055541992,23.657920837402344,24.12529182434082,24.504520416259766,24.886266708374023,25.264108657836914,25.663206100463867,26.133235931396484,26.724040985107422,28.27756118774414
23.095518112182617,23.689729690551758,24.131614685058594,24.518827438354492,24.880901336669922,25.26958465576172,25.697689056396484,26.159799575805664,26.836904525756836,28.68152618408203
23.065969467163086,23.682918548583984,24.19303321838379,24.5949764251709,24.985488891601562,25.37610626220703,25.78253173828125,26.271636962890625,26.898649215698242,28.64275550842285
23.032163619995117,23.651670455932617,24.119125366210938,24.53455352783203,24.928749084472656,25.324922561645508,25.736604690551758,26.20027732849121,26.844270706176758,28.517860412597656
23.045360565185547,23.64118766784668,24.104663848876953,24.5347957611084,24.900772094726562,25.29242706298828,25.709184646606445,26.201828002929688,26.785430908203125,28.447717666625977
22.950559616088867,23.557767868041992,24.085712432861328,24.54768180847168,24.96063804626465,25.38991355895996,25.833332061767578,26.345800399780273,26.970638275146484,28.874231338500977
22.93767738342285,23.596111297607422,24.065580368041992,24.53228759765625,24.945281982421875,25.376453399658203,25.828218460083008,26.37854766845703,27.00789451599121,28.600629806518555
23.0452823638916,23.647396087646484,24.107330322265625,24.490087509155273,24.870161056518555,25.260026931762695,25.640836715698242,26.09716796875,26.715429306030273,28.64165496826172
23.066883087158203,23.64368438720703,24.120811462402344,24.508066177368164,24.894882202148438,25.28308868408203,25.689756393432617,26.19007110595703,26.826000213623047,28.512197494506836
23.078296661376953,23.723766326904297,24.187719345092773,24.58124542236328,24.983522415161133,25.36865997314453,25.788890838623047,26.25817108154297,26.939468383789062,28.573902130126953
23.0621280670166,23.6539249420166,24.097566604614258,24.497093200683594,24.864459991455078,25.243122100830078,25.680381774902344,26.16316032409668,26.808507919311523,28.55677604675293
23.109851837158203,23.72662925720215,24.18347930908203,24.586523056030273,24.95136070251465,25.32232093811035,25.738046646118164,26.215700149536133,26.81110191345215,28.550018310546875
23.116682052612305,23.714723587036133,24.160259246826172,24.526636123657227,24.89664077758789,25.24567413330078,25.631526947021484,26.10112762451172,26.699474334716797,28.438472747802734
23.05868148803711,23.651742935180664,24.117650985717773,24.548851013183594,24.936025619506836,25.33941078186035,25.759315490722656,26.268829345703125,26.90271759033203,28.589534759521484
23.111526489257812,23.68878173828125,24.169553756713867,24.56730842590332,24.92678451538086,25.300636291503906,25.70871925354004,26.177734375,26.783620834350586,28.431358337402344
23.127864837646484,23.69037437438965,24.128589630126953,24.523738861083984,24.89166259765625,25.269367218017578,25.667110443115234,26.16243553161621,26.78451156616211,28.503829956054688
23.11444664001465,23.7121524810791,24.142555236816406,24.557430267333984,24.939943313598633,25.307594299316406,25.70393943786621,26.162973403930664,26.77547264099121,28.36612892150879
23.038803100585938,23.65251350402832,24.133899688720703,24.541128158569336,24.94124984741211,25.327945709228516,25.742151260375977,26.221527099609375,26.80886459350586,28.47377586364746
23.04155158996582,23.63416862487793,24.091758728027344,24.50290870666504,24.873260498046875,25.26137351989746,25.671621322631836,26.174875259399414,26.789709091186523,28.501663208007812
23.099699020385742,23.708820343017578,24.154401779174805,24.550777435302734,24.924219131469727,25.309167861938477,25.721120834350586,26.19812774658203,26.825010299682617,28.549535751342773
23.040433883666992,23.603755950927734,24.098419189453125,24.513437271118164,24.908510208129883,25.332599639892578,25.75685691833496,26.215112686157227,26.857629776000977,28.411746978759766
23.077606201171875,23.684429168701172,24.142244338989258,24.54060935974121,24.923664093017578,25.31570053100586,25.710174560546875,26.216123580932617,26.835412979125977,28.42746925354004
23.046585083007812,23.62059783935547,24.101558685302734,24.50273895263672,24.90289878845215,25.28789520263672,25.696186065673828,26.182348251342773,26.807008743286133,28.585189819335938
23.022857666015625,23.63120460510254,24.141069412231445,24.568939208984375,24.961456298828125,25.380178451538086,25.81877326965332,26.318883895874023,26.990991592407227,28.565271377563477
23.01629066467285,23.630800247192383,24.10605812072754,24.502666473388672,24.887374877929688,25.272130966186523,25.680932998657227,26.161815643310547,26.794179916381836,28.509971618652344
23.072280883789062,23.672222137451172,24.096881866455078,24.506866455078125,24.868141174316406,25.265460968017578,25.652563095092773,26.108627319335938,26.685443878173828,28.280471801757812
23.005773544311523,23.644203186035156,24.150989532470703,24.592113494873047,25.011005401611328,25.415239334106445,25.865997314453125,26.40536117553711,27.01915740966797,28.6843318939209
23.076763153076172,23.689197540283203,24.120685577392578,24.514379501342773,24.887577056884766,25.26413917541504,25.658273696899414,26.127941131591797,26.740880966186523,28.536903381347656
23.039316177368164,23.632837295532227,24.087646484375,24.471229553222656,24.851795196533203,25.22764015197754,25.63844871520996,26.136932373046875,26.784164428710938,28.53168296813965
23.096464157104492,23.707096099853516,24.14217758178711,24.545372009277344,24.93528938293457,25.31022834777832,25.69670295715332,26.154644012451172,26.729068756103516,28.460222244262695
23.06602668762207,23.658771514892578,24.079526901245117,24.45988655090332,24.83169174194336,25.197376251220703,25.593976974487305,26.054677963256836,26.685958862304688,28.367448806762695
23.109861373901367,23.72283363342285,24.215023040771484,24.62247085571289,25.02333641052246,25.401683807373047,25.8422908782959,26.302490234375,26.9379825592041,28.707542419433594
23.115266799926758,23.717880249023438,24.182992935180664,24.56268310546875,24.92456817626953,25.295372009277344,25.68722915649414,26.158620834350586,26.747684478759766,28.40031623840332
23.09906005859375,23.663969039916992,24.129846572875977,24.51633644104004,24.883987426757812,25.265277862548828,25.68084716796875,26.186534881591797,26.831689834594727,28.55773162841797
23.096187591552734,23.663068771362305,24.103952407836914,24.50806999206543,24.88390350341797,25.254438400268555,25.66558265686035,26.11501693725586,26.716758728027344,28.394716262817383
23.07236671447754,23.677040100097656,24.164352416992188,24.54891586303711,24.953048706054688,25.320425033569336,25.733638763427734,26.23955726623535,26.819612503051758,28.555381774902344
23.140493392944336,23.707908630371094,24.14777374267578,24.529024124145508,24.903202056884766,25.284561157226562,25.667442321777344,26.136367797851562,26.746139526367188,28.364517211914062
23.05116844177246,23.65796661376953,24.118457794189453,24.515893936157227,24.892263412475586,25.26866912841797,25.707677841186523,26.16930389404297,26.810277938842773,28.479900360107422
23.015161514282227,23.638341903686523,24.10921287536621,24.554737091064453,24.954832077026367,25.363454818725586,25.797992706298828,26.30702781677246,26.94387435913086,28.73717498779297
23.042268753051758,23.647523880004883,24.102327346801758,24.52692413330078,24.896024703979492,25.283802032470703,25.693939208984375,26.166234970092773,26.808761596679688,28.563207626342773
23.129730224609375,23.723087310791016,24.183759689331055,24.590774536132812,24.955760955810547,25.352558135986328,25.755462646484375,26.23548126220703,26.884733200073242,28.544010162353516
23.121318817138672,23.682987213134766,24.11288070678711,24.501232147216797,24.86443519592285,25.229223251342773,25.639240264892578,26.136682510375977,26.765384674072266,28.445470809936523
22.997364044189453,23.60947608947754,24.11526870727539,24.526092529296875,24.935028076171875,25.336910247802734,25.762895584106445,26.27526092529297,26.924165725708008,28.737634658813477
23.131101608276367,23.72846031188965,24.154882431030273,24.531002044677734,24.89735984802246,25.27042007446289,25.685638427734375,26.133285522460938,26.783403396606445,28.457727432250977
23.04555320739746,23.655792236328125,24.116647720336914,24.551015853881836,24.954998016357422,25.34845542907715,25.768545150756836,26.249013900756836,26.906747817993164,28.654035568237305
23.087419509887695,23.681013107299805,24.126819610595703,24.54237937927246,24.919639587402344,25.309288024902344,25.746374130249023,26.238666534423828,26.844722747802734,28.471567153930664
23.125009536743164,23.684926986694336,24.114593505859375,24.522001266479492,24.871246337890625,25.268184661865234,25.674516677856445,26.159631729125977,26.80164909362793,28.425689697265625
23.158628463745117,23.681716918945312,24.130590438842773,24.51209831237793,24.872283935546875,25.249095916748047,25.697607040405273,26.166933059692383,26.803573608398438,28.4060001373291
23.090579986572266,23.70328140258789,24.15776824951172,24.560348510742188,24.94527816772461,25.34103012084961,25.764480590820312,26.257551193237305,26.935752868652344,28.59561538696289
23.104867935180664,23.716630935668945,24.165851593017578,24.552553176879883,24.91777801513672,25.28346061706543,25.690465927124023,26.145557403564453,26.757415771484375,28.29267120361328
23.05592155456543,23.651281356811523,24.123212814331055,24.53429412841797,24.960094451904297,25.322423934936523,25.744754791259766,26.20301628112793,26.800142288208008,28.422637939453125
23.082181930541992,23.66889190673828,24.09703254699707,24.45553207397461,24.851360321044922,25.217044830322266,25.59566879272461,26.055116653442383,26.625492095947266,28.324417114257812
23.117795944213867,23.670812606811523,24.123565673828125,24.525623321533203,24.910404205322266,25.307994842529297,25.719579696655273,26.216503143310547,26.798507690429688,28.474292755126953
23.076313018798828,23.659469604492188,24.104034423828125,24.489330291748047,24.87019920349121,25.282461166381836,25.67662239074707,26.17018699645996,26.7731876373291,28.573265075683594
23.089693069458008,23.665782928466797,24.126007080078125,24.560335159301758,24.959362030029297,25.33898162841797,25.77648162841797,26.222423553466797,26.80881118774414,28.598876953125
23.0705509185791,23.679006576538086,24.124177932739258,24.53891372680664,24.919620513916016,25.314861297607422,25.724613189697266,26.211685180664062,26.817834854125977,28.52698516845703
23.107059478759766,23.713729858398438,24.15753746032715,24.529109954833984,24.89716339111328,25.28780746459961,25.6862735748291,26.170795440673828,26.81192398071289,28.54430389404297
23.051034927368164,23.648338317871094,24.100608825683594,24.52168083190918,24.884716033935547,25.274778366088867,25.675491333007812,26.126821517944336,26.722820281982422,28.46395492553711
23.07538414001465,23.655851364135742,24.12506675720215,24.51913833618164,24.876876831054688,25.253746032714844,25.661535263061523,26.11530876159668,26.760772705078125,28.378183364868164
23.106721878051758,23.661945343017578,24.104408264160156,24.50025749206543,24.864877700805664,25.240169525146484,25.643457412719727,26.091188430786133,26.68023681640625,28.354785919189453
23.062278747558594,23.652786254882812,24.084257125854492,24.496835708618164,24.910259246826172,25.29230308532715,25.724472045898438,26.226781845092773,26.86542510986328,28.769561767578125
23.025876998901367,23.64333724975586,24.104032516479492,24.550661087036133,24.929330825805664,25.321298599243164,25.732574462890625,26.18902587890625,26.836143493652344,28.59149932861328
23.076608657836914,23.65379524230957,24.123519897460938,24.51309585571289,24.90282440185547,25.275861740112305,25.670629501342773,26.13580894470215,26.736045837402344,28.54485511779785
23.059431076049805,23.645925521850586,24.12074851989746,24.50740623474121,24.907020568847656,25.294782638549805,25.7126522064209,26.177404403686523,26.815635681152344,28.517196655273438
23.115272521972656,23.670507431030273,24.099746704101562,24.490991592407227,24.863542556762695,25.22541046142578,25.634559631347656,26.10072898864746,26.694730758666992,28.50322914123535
23.128643035888672,23.685359954833984,24.127626419067383,24.487245559692383,24.861583709716797,25.233736038208008,25.624465942382812,26.06097412109375,26.677522659301758,28.34002113342285
23.070741653442383,23.645606994628906,24.11875343322754,24.542251586914062,24.93824005126953,25.334335327148438,25.73931312561035,26.237201690673828,26.883283615112305,28.498064041137695
23.110187530517578,23.695329666137695,24.14201545715332,24.533281326293945,24.921506881713867,25.285064697265625,25.698535919189453,26.152820587158203,26.772846221923828,28.32164192199707
23.079687118530273,23.69827651977539,24.134750366210938,24.537532806396484,24.92756462097168,25.302780151367188,25.711929321289062,26.1794376373291,26.808761596679688,28.64998435974121
23.013164520263672,23.665212631225586,24.121614456176758,24.547143936157227,24.95366668701172,25.350936889648438,25.791086196899414,26.28141212463379,26.92273712158203,28.646984100341797
22.904367446899414,23.547773361206055,24.091934204101562,24.56345558166504,24.99479866027832,25.434986114501953,25.868061065673828,26.386098861694336,27.048498153686523,28.872360229492188
23.072555541992188,23.68728256225586,24.177886962890625,24.61056900024414,25.00090789794922,25.413982391357422,25.82219123840332,26.296581268310547,26.92670440673828,28.594449996948242
23.08085823059082,23.689390182495117,24.135271072387695,24.522451400756836,24.876005172729492,25.273780822753906,25.67398452758789,26.165233612060547,26.784496307373047,28.694366455078125
22.97734260559082,23.625951766967773,24.124956130981445,24.55644989013672,24.97610092163086,25.37433433532715,25.808008193969727,26.340002059936523,26.952686309814453,28.635356903076172
23.083505630493164,23.67171287536621,24.148679733276367,24.549989700317383,24.920997619628906,25.319639205932617,25.74500846862793,26.2319393157959,26.89952850341797,28.59173583984375
23.068599700927734,23.607229232788086,24.101430892944336,24.486194610595703,24.870637893676758,25.239622116088867,25.639883041381836,26.12701988220215,26.741504669189453,28.345252990722656
23.077512741088867,23.665531158447266,24.139129638671875,24.567102432250977,24.942272186279297,25.355571746826172,25.75030517578125,26.217267990112305,26.887012481689453,28.686800003051758
23.104299545288086,23.696483612060547,24.137964248657227,24.52635383605957,24.887428283691406,25.279495239257812,25.710763931274414,26.20838737487793,26.837923049926758,28.52969741821289
23.097999572753906,23.652124404907227,24.074626922607422,24.46080207824707,24.80756187438965,25.186355590820312,25.563100814819336,25.986160278320312,26.576339721679688,28.338808059692383
23.103349685668945,23.714332580566406,24.20920753479004,24.590923309326172,24.98021697998047,25.3757381439209,25.786762237548828,26.264616012573242,26.877283096313477,28.49376678466797
23.0463924407959,23.660396575927734,24.11733055114746,24.51589012145996,24.8979549407959,25.27752113342285,25.685388565063477,26.149951934814453,26.74587059020996,28.459680557250977
23.114023208618164,23.69403839111328,24.144752502441406,24.554603576660156,24.92423439025879,25.291847229003906,25.71402931213379,26.152870178222656,26.819290161132812,28.482879638671875
23.094940185546875,23.66712188720703,24.130823135375977,24.520755767822266,24.913209915161133,25.296585083007812,25.706218719482422,26.18842315673828,26.78330421447754,28.504714965820312
23.095844268798828,23.6991024017334,24.15924644470215,24.58152961730957,25.002796173095703,25.403589248657227,25.834253311157227,26.3129825592041,26.921722412109375,28.513965606689453
23.054412841796875,23.676956176757812,24.166563034057617,24.610090255737305,25.007131576538086,25.411815643310547,25.812768936157227,26.295644760131836,26.942935943603516,28.535226821899414
23.10650062561035,23.67972183227539,24.13814926147461,24.520753860473633,24.896995544433594,25.291250228881836,25.698566436767578,26.20518684387207,26.810829162597656,28.395015716552734
23.10795783996582,23.700260162353516,24.16664695739746,24.561485290527344,24.940202713012695,25.34264373779297,25.778213500976562,26.268207550048828,26.90487289428711,28.480255126953125
23.101791381835938,23.695646286010742,24.167203903198242,24.55508804321289,24.929166793823242,25.308916091918945,25.701318740844727,26.166473388671875,26.74603843688965,28.50490379333496
23.11002540588379,23.689393997192383,24.164344787597656,24.562633514404297,24.973388671875,25.353113174438477,25.80573844909668,26.278121948242188,26.908288955688477,28.567092895507812
23.035781860351562,23.63296127319336,24.094606399536133,24.490354537963867,24.861474990844727,25.26082992553711,25.695323944091797,26.157501220703125,26.773622512817383,28.452457427978516
23.041105270385742,23.656902313232422,24.093801498413086,24.48711585998535,24.86688995361328,25.256519317626953,25.663305282592773,26.14162254333496,26.817567825317383,28.397563934326172
23.02882957458496,23.641143798828125,24.11026382446289,24.531999588012695,24.92022705078125,25.333740234375,25.746196746826172,26.260892868041992,26.887216567993164,28.669551849365234
23.049468994140625,23.645418167114258,24.112545013427734,24.523202896118164,24.904541015625,25.286436080932617,25.692739486694336,26.160627365112305,26.809175491333008,28.38443374633789
23.024885177612305,23.62790298461914,24.107301712036133,24.533184051513672,24.91737937927246,25.30461311340332,25.704761505126953,26.192214965820312,26.832258224487305,28.59415054321289
22.99945831298828,23.64353370666504,24.13492774963379,24.58479118347168,24.949918746948242,25.380680084228516,25.788604736328125,26.285633087158203,26.931428909301758,28.603120803833008
23.083744049072266,23.705278396606445,24.16468620300293,24.5772762298584,24.968090057373047,25.37108612060547,25.772079467773438,26.2465877532959,26.861780166625977,28.45652198791504
23.071331024169922,23.668865203857422,24.14954948425293,24.566682815551758,24.940732955932617,25.337312698364258,25.737140655517578,26.227947235107422,26.84269905090332,28.74853515625
23.132701873779297,23.701034545898438,24.132658004760742,24.545015335083008,24.946605682373047,25.34607696533203,25.781375885009766,26.247026443481445,26.956369400024414,28.629377365112305
23.12293815612793,23.678464889526367,24.10922622680664,24.484352111816406,24.85690689086914,25.215858459472656,25.620508193969727,26.076541900634766,26.68228530883789,28.307764053344727
23.116405487060547,23.748706817626953,24.211414337158203,24.60541343688965,24.969005584716797,25.33953094482422,25.733633041381836,26.20063018798828,26.875497817993164,28.653432846069336
23.099199295043945,23.691944122314453,24.142698287963867,24.524372100830078,24.924198150634766,25.297887802124023,25.69472312927246,26.156885147094727,26.827556610107422,28.567533493041992
23.162147521972656,23.697261810302734,24.136207580566406,24.511154174804688,24.88640785217285,25.23363494873047,25.641401290893555,26.113000869750977,26.73435401916504,28.39483642578125
