23.12818717956543,23.691675186157227,24.13157844543457,24.51543426513672,24.888076782226562,25.26116371154785,25.663877487182617,26.136253356933594,26.75439453125,28.431121826171875
23.00816535949707,23.628713607788086,24.109357833862305,24.537189483642578,24.940221786499023,25.34638786315918,25.781818389892578,26.28513526916504,26.93622589111328,28.57408332824707
23.026803970336914,23.65066909790039,24.130521774291992,24.547744750976562,24.950529098510742,25.360633850097656,25.786136627197266,26.273157119750977,26.900665283203125,28.507953643798828
23.039020538330078,23.653230667114258,24.121898651123047,24.536394119262695,24.926877975463867,25.321269989013672,25.74506187438965,26.234268188476562,26.877479553222656,28.59735870361328
23.083377838134766,23.67479133605957,24.13094139099121,24.534648895263672,24.918062210083008,25.30352783203125,25.723295211791992,26.200498580932617,26.830007553100586,28.457487106323242
23.093236923217773,23.68545913696289,24.142780303955078,24.53504180908203,24.911975860595703,25.28703498840332,25.687108993530273,26.150964736938477,26.757719039916992,28.53425407409668
23.020944595336914,23.645233154296875,24.132080078125,24.552743911743164,24.954971313476562,25.353904724121094,25.785898208618164,26.274822235107422,26.923969268798828,28.646989822387695
23.079565048217773,23.685365676879883,24.145963668823242,24.55113983154297,24.940752029418945,25.331594467163086,25.74304962158203,26.215179443359375,26.83014488220215,28.527746200561523
23.071533203125,23.671472549438477,24.1302433013916,24.53721046447754,24.925392150878906,25.306686401367188,25.73020362854004,26.20131492614746,26.825307846069336,28.546133041381836
22.934364318847656,23.5665340423584,24.075607299804688,24.520156860351562,24.946887969970703,25.368385314941406,25.801025390625,26.300567626953125,26.929800033569336,28.62932777404785
23.007659912109375,23.639305114746094,24.138612747192383,24.563257217407227,24.968854904174805,25.37623405456543,25.80657958984375,26.301828384399414,26.930326461791992,28.610422134399414
23.0470027923584,23.6530818939209,24.11309051513672,24.522626876831055,24.90386390686035,25.29144287109375,25.711801528930664,26.196081161499023,26.82406234741211,28.545778274536133
22.999601364135742,23.638872146606445,24.122047424316406,24.54816246032715,24.955217361450195,25.363018035888672,25.79945182800293,26.290483474731445,26.937564849853516,28.62371253967285
23.03131866455078,23.632165908813477,24.10047149658203,24.509321212768555,24.90053367614746,25.28818702697754,25.70426368713379,26.18401527404785,26.81100845336914,28.547021865844727
23.021530151367188,23.664657592773438,24.162168502807617,24.59749984741211,25.008407592773438,25.413955688476562,25.8481388092041,26.33347511291504,26.951663970947266,28.587289810180664
23.090044021606445,23.6755428314209,24.13625717163086,24.53350067138672,24.917112350463867,25.30308723449707,25.715991973876953,26.19106101989746,26.80138397216797,28.458799362182617
22.956405639648438,23.59966278076172,24.10922622680664,24.547225952148438,24.967376708984375,25.3868465423584,25.835817337036133,26.332372665405273,26.932092666625977,28.543537139892578
23.029788970947266,23.652099609375,24.12920379638672,24.546356201171875,24.94370460510254,25.34428596496582,25.765180587768555,26.246707916259766,26.876998901367188,28.494117736816406
23.052471160888672,23.653303146362305,24.12036895751953,24.535253524780273,24.924583435058594,25.319971084594727,25.739990234375,26.22275733947754,26.833755493164062,28.482019424438477
23.057575225830078,23.65880584716797,24.133630752563477,24.543914794921875,24.93035888671875,25.324745178222656,25.747493743896484,26.2294864654541,26.852235794067383,28.515832901000977
23.076539993286133,23.667964935302734,24.13334846496582,24.53412437438965,24.918312072753906,25.300994873046875,25.710411071777344,26.18212890625,26.78753662109375,28.473867416381836
23.123023986816406,23.694805145263672,24.149316787719727,24.537837982177734,24.912094116210938,25.294342041015625,25.701168060302734,26.181352615356445,26.805282592773438,28.46492576599121
23.076635360717773,23.68549156188965,24.1494083404541,24.554645538330078,24.94484519958496,25.334232330322266,25.74966812133789,26.236156463623047,26.859098434448242,28.489736557006836
22.961673736572266,23.607484817504883,24.108654022216797,24.551176071166992,24.966413497924805,25.38239860534668,25.818740844726562,26.31122398376465,26.93616485595703,28.580860137939453
23.044828414916992,23.65082550048828,24.127445220947266,24.53955078125,24.932571411132812,25.331302642822266,25.763290405273438,26.26158905029297,26.90619659423828,28.60036849975586
23.01593780517578,23.625686645507812,24.103336334228516,24.516298294067383,24.91095733642578,25.302410125732422,25.719135284423828,26.201780319213867,26.83390235900879,28.536500930786133
23.061111450195312,23.68206214904785,24.147192001342773,24.559720993041992,24.94373321533203,25.340604782104492,25.74771499633789,26.228139877319336,26.863849639892578,28.50257682800293
23.078372955322266,23.688215255737305,24.142784118652344,24.55535125732422,24.94546890258789,25.332786560058594,25.75115966796875,26.234575271606445,26.875091552734375,28.53436279296875
23.06474494934082,23.67144012451172,24.147193908691406,24.551660537719727,24.94793701171875,25.33872413635254,25.75917625427246,26.25128746032715,26.894672393798828,28.629566192626953
23.07352066040039,23.672306060791016,24.139812469482422,24.545555114746094,24.92368507385254,25.30621910095215,25.715412139892578,26.183950424194336,26.80826759338379,28.50745964050293
23.087129592895508,23.671371459960938,24.128414154052734,24.524316787719727,24.908254623413086,25.29254722595215,25.70412826538086,26.183197021484375,26.803546905517578,28.539600372314453
23.031986236572266,23.652524948120117,24.127193450927734,24.54281997680664,24.93556022644043,25.32866668701172,25.74845314025879,26.24042320251465,26.87854766845703,28.599544525146484
23.09440803527832,23.69123649597168,24.14271354675293,24.54143714904785,24.918087005615234,25.291807174682617,25.696083068847656,26.16154670715332,26.78326988220215,28.47848892211914
23.064706802368164,23.666040420532227,24.138364791870117,24.546403884887695,24.928348541259766,25.319175720214844,25.736278533935547,26.212970733642578,26.83047866821289,28.474517822265625
22.90869903564453,23.565893173217773,24.081445693969727,24.541244506835938,24.97071647644043,25.393869400024414,25.839475631713867,26.344125747680664,26.991199493408203,28.68061065673828
23.067909240722656,23.67540740966797,24.15084457397461,24.557676315307617,24.94449806213379,25.330781936645508,25.74267578125,26.220861434936523,26.84572410583496,28.563894271850586
23.012807846069336,23.643978118896484,24.126672744750977,24.55379867553711,24.960845947265625,25.361387252807617,25.798322677612305,26.285106658935547,26.928102493286133,28.598995208740234
23.071537017822266,23.69349479675293,24.15345573425293,24.55457878112793,24.932859420776367,25.312929153442383,25.72951316833496,26.206634521484375,26.835969924926758,28.608768463134766
22.946420669555664,23.58881378173828,24.101722717285156,24.537946701049805,24.964069366455078,25.369314193725586,25.809782028198242,26.303998947143555,26.940216064453125,28.665647506713867
23.08629608154297,23.698848724365234,24.165021896362305,24.578449249267578,24.968441009521484,25.356727600097656,25.76759910583496,26.245025634765625,26.86781883239746,28.518152236938477
22.825593948364258,23.498558044433594,24.058067321777344,24.561737060546875,25.035919189453125,25.50458526611328,25.98665428161621,26.515565872192383,27.18068504333496,28.84885597229004
23.051851272583008,23.674814224243164,24.156776428222656,24.567005157470703,24.966503143310547,25.370342254638672,25.796627044677734,26.286670684814453,26.930355072021484,28.653202056884766
23.039522171020508,23.66489028930664,24.153409957885742,24.58649253845215,24.989730834960938,25.409719467163086,25.848041534423828,26.331207275390625,26.968612670898438,28.6706485748291
23.024024963378906,23.637977600097656,24.117874145507812,24.54261016845703,24.935077667236328,25.340547561645508,25.77208137512207,26.266727447509766,26.91693115234375,28.684167861938477
23.099931716918945,23.68939781188965,24.142038345336914,24.534866333007812,24.913484573364258,25.29387092590332,25.700693130493164,26.174434661865234,26.782732009887695,28.438074111938477
23.07716178894043,23.685354232788086,24.15599822998047,24.555543899536133,24.939218521118164,25.326292037963867,25.741073608398438,26.225902557373047,26.864749908447266,28.573410034179688
23.056650161743164,23.66471290588379,24.122827529907227,24.529010772705078,24.911075592041016,25.302101135253906,25.717248916625977,26.196739196777344,26.83458137512207,28.51438331604004
23.040382385253906,23.650501251220703,24.129127502441406,24.543014526367188,24.939943313598633,25.341787338256836,25.760589599609375,26.242225646972656,26.86127281188965,28.534439086914062
23.03923988342285,23.65351676940918,24.14025115966797,24.5623722076416,24.96233367919922,25.36216163635254,25.78973388671875,26.276626586914062,26.903135299682617,28.552961349487305
22.993629455566406,23.62953758239746,24.114900588989258,24.545236587524414,24.951181411743164,25.355857849121094,25.785552978515625,26.26450538635254,26.87822723388672,28.547250747680664
23.084360122680664,23.674732208251953,24.136259078979492,24.533611297607422,24.914840698242188,25.297330856323242,25.708507537841797,26.182479858398438,26.798595428466797,28.52164649963379
23.09242057800293,23.683515548706055,24.141948699951172,24.551443099975586,24.93400764465332,25.326335906982422,25.74935531616211,26.2387752532959,26.873165130615234,28.51960563659668
23.066198348999023,23.672388076782227,24.139219284057617,24.542877197265625,24.930444717407227,25.32067108154297,25.744829177856445,26.221355438232422,26.848220825195312,28.482986450195312
23.0256290435791,23.64683723449707,24.122581481933594,24.540586471557617,24.932260513305664,25.326988220214844,25.74552345275879,26.237905502319336,26.87831687927246,28.584245681762695
23.069868087768555,23.67397117614746,24.129085540771484,24.53668212890625,24.927227020263672,25.30908203125,25.732845306396484,26.228317260742188,26.879606246948242,28.55823516845703
23.055749893188477,23.669540405273438,24.151769638061523,24.564456939697266,24.95805549621582,25.352155685424805,25.771753311157227,26.25861167907715,26.8855037689209,28.58873176574707
22.999155044555664,23.621963500976562,24.11333465576172,24.54903793334961,24.95199203491211,25.35693359375,25.79186248779297,26.30191993713379,26.9462833404541,28.61927604675293
23.09466552734375,23.689010620117188,24.141328811645508,24.542360305786133,24.918134689331055,25.295928955078125,25.70000457763672,26.162015914916992,26.76812171936035,28.395248413085938
23.06205940246582,23.672340393066406,24.137527465820312,24.544694900512695,24.93898582458496,25.32716178894043,25.743698120117188,26.220224380493164,26.824905395507812,28.467920303344727
23.053722381591797,23.666160583496094,24.147104263305664,24.562580108642578,24.961624145507812,25.365280151367188,25.793251037597656,26.29015350341797,26.933269500732422,28.628576278686523
23.049161911010742,23.67160987854004,24.16058349609375,24.57805061340332,24.977340698242188,25.379053115844727,25.803091049194336,26.28989601135254,26.9104061126709,28.613357543945312
23.056875228881836,23.665691375732422,24.13851547241211,24.5504093170166,24.93641471862793,25.322118759155273,25.73529624938965,26.21598243713379,26.84952163696289,28.552257537841797
23.013591766357422,23.641759872436523,24.12446403503418,24.552640914916992,24.95204734802246,25.351625442504883,25.780561447143555,26.27275848388672,26.9189395904541,28.61518096923828
23.03137969970703,23.66408348083496,24.148767471313477,24.57753562927246,24.975513458251953,25.377086639404297,25.80149269104004,26.287097930908203,26.925254821777344,28.52886962890625
23.082929611206055,23.702438354492188,24.1645565032959,24.571590423583984,24.955583572387695,25.34637451171875,25.763118743896484,26.24777603149414,26.88495445251465,28.582027435302734
23.103784561157227,23.692049026489258,24.14586067199707,24.53502655029297,24.90907859802246,25.28361701965332,25.687726974487305,26.16170310974121,26.776601791381836,28.517297744750977
23.036914825439453,23.658567428588867,24.142925262451172,24.562246322631836,24.965112686157227,25.365097045898438,25.784826278686523,26.278596878051758,26.914920806884766,28.61989974975586
23.01426887512207,23.637720108032227,24.118955612182617,24.543230056762695,24.94005584716797,25.34237289428711,25.76600456237793,26.266067504882812,26.910518646240234,28.64168357849121
22.936859130859375,23.586814880371094,24.090784072875977,24.54088592529297,24.965091705322266,25.380849838256836,25.82654571533203,26.324241638183594,26.961633682250977,28.62820053100586
23.078474044799805,23.6765193939209,24.138513565063477,24.55304527282715,24.934919357299805,25.330595016479492,25.751811981201172,26.235254287719727,26.852441787719727,28.59212303161621
23.072927474975586,23.686298370361328,24.156652450561523,24.556907653808594,24.940643310546875,25.324758529663086,25.733448028564453,26.208377838134766,26.83587074279785,28.59454345703125
23.022069931030273,23.648473739624023,24.135271072387695,24.55582046508789,24.9620304107666,25.36344337463379,25.788471221923828,26.271018981933594,26.894601821899414,28.639671325683594
23.092512130737305,23.68982696533203,24.14053726196289,24.54322052001953,24.922971725463867,25.30548095703125,25.726200103759766,26.202320098876953,26.82880210876465,28.503246307373047
22.854917526245117,23.522003173828125,24.061494827270508,24.54054069519043,24.994159698486328,25.436973571777344,25.909517288208008,26.42506980895996,27.09337615966797,28.75646209716797
23.035179138183594,23.644733428955078,24.11744499206543,24.528200149536133,24.932781219482422,25.327604293823242,25.75226402282715,26.225133895874023,26.848936080932617,28.45122718811035
23.058395385742188,23.66851043701172,24.144311904907227,24.55014991760254,24.940296173095703,25.332277297973633,25.751428604125977,26.240352630615234,26.880523681640625,28.635915756225586
22.974056243896484,23.622173309326172,24.12996482849121,24.567867279052734,24.986835479736328,25.399612426757812,25.836822509765625,26.333332061767578,26.99323844909668,28.717498779296875
22.98568344116211,23.625221252441406,24.12344741821289,24.557605743408203,24.975509643554688,25.393428802490234,25.841459274291992,26.364437103271484,27.020437240600586,28.73746109008789
22.99276351928711,23.630699157714844,24.120725631713867,24.548763275146484,24.95206069946289,25.351587295532227,25.781044006347656,26.279438018798828,26.93229103088379,28.64830207824707
23.061464309692383,23.66927719116211,24.12877082824707,24.52794647216797,24.913475036621094,25.30265998840332,25.72194480895996,26.206401824951172,26.850215911865234,28.572710037231445
23.107345581054688,23.68630027770996,24.13370132446289,24.52049446105957,24.895431518554688,25.2717227935791,25.677413940429688,26.152502059936523,26.77423667907715,28.48225975036621
23.042966842651367,23.642513275146484,24.111433029174805,24.521852493286133,24.914743423461914,25.302968978881836,25.723291397094727,26.211345672607422,26.847309112548828,28.63869857788086
23.017274856567383,23.630531311035156,24.11325454711914,24.52985191345215,24.928068161010742,25.321048736572266,25.744482040405273,26.22985076904297,26.858707427978516,28.528505325317383
23.05469512939453,23.676782608032227,24.14705467224121,24.56700325012207,24.961938858032227,25.362621307373047,25.794918060302734,26.296754837036133,26.945232391357422,28.614574432373047
23.044376373291016,23.652099609375,24.12376594543457,24.531002044677734,24.9191837310791,25.307220458984375,25.726715087890625,26.209007263183594,26.829313278198242,28.530715942382812
23.03875160217285,23.64834976196289,24.12953758239746,24.543731689453125,24.941768646240234,25.342220306396484,25.766443252563477,26.25588607788086,26.895816802978516,28.676504135131836
22.944698333740234,23.58098030090332,24.08168601989746,24.53583335876465,24.961380004882812,25.387420654296875,25.84222412109375,26.3505859375,27.016584396362305,28.708602905273438
23.02979278564453,23.651512145996094,24.12294578552246,24.536422729492188,24.929677963256836,25.325984954833984,25.751176834106445,26.242008209228516,26.87128257751465,28.53385353088379
22.967790603637695,23.618350982666016,24.13018035888672,24.57390785217285,24.985172271728516,25.40453338623047,25.838855743408203,26.34824562072754,26.986602783203125,28.673269271850586
22.97221565246582,23.608478546142578,24.107437133789062,24.5374698638916,24.955657958984375,25.368745803833008,25.80069923400879,26.299272537231445,26.94704818725586,28.632997512817383
23.030193328857422,23.64988899230957,24.142013549804688,24.567306518554688,24.973770141601562,25.383363723754883,25.817541122436523,26.32064437866211,26.967864990234375,28.709211349487305
22.99805450439453,23.628637313842773,24.118877410888672,24.538488388061523,24.941404342651367,25.341402053833008,25.77350425720215,26.260604858398438,26.893022537231445,28.563884735107422
23.05795669555664,23.670616149902344,24.147768020629883,24.56586456298828,24.95748519897461,25.349716186523438,25.777124404907227,26.264379501342773,26.894357681274414,28.572553634643555
22.95931625366211,23.602558135986328,24.098478317260742,24.534608840942383,24.9469051361084,25.36827850341797,25.811193466186523,26.31340217590332,26.951257705688477,28.638416290283203
23.0421085357666,23.64791488647461,24.111370086669922,24.517780303955078,24.904945373535156,25.293798446655273,25.70941925048828,26.185062408447266,26.826637268066406,28.534788131713867
22.994829177856445,23.62804412841797,24.13445472717285,24.569305419921875,24.98232078552246,25.394081115722656,25.825973510742188,26.319595336914062,26.960329055786133,28.699169158935547
23.070852279663086,23.676816940307617,24.14698028564453,24.55181121826172,24.938739776611328,25.328256607055664,25.738693237304688,26.207080841064453,26.833003997802734,28.472888946533203
23.074960708618164,23.67293930053711,24.140281677246094,24.53559112548828,24.920928955078125,25.309080123901367,25.724437713623047,26.205190658569336,26.82706069946289,28.468515396118164
23.07027816772461,23.65542984008789,24.10253143310547,24.497177124023438,24.881296157836914,25.264982223510742,25.67611312866211,26.159683227539062,26.801616668701172,28.515722274780273
23.066089630126953,23.67740821838379,24.13515281677246,24.533750534057617,24.913799285888672,25.297889709472656,25.70453453063965,26.180505752563477,26.79499626159668,28.481857299804688
23.045547485351562,23.65465545654297,24.131603240966797,24.542842864990234,24.93636703491211,25.326534271240234,25.73865509033203,26.213211059570312,26.819974899291992,28.446163177490234
23.100624084472656,23.68644142150879,24.12613868713379,24.516061782836914,24.887893676757812,25.26630401611328,25.671173095703125,26.148460388183594,26.780290603637695,28.419631958007812
23.050283432006836,23.6668758392334,24.141721725463867,24.557268142700195,24.956899642944336,25.348491668701172,25.770828247070312,26.256805419921875,26.882339477539062,28.566482543945312
23.071189880371094,23.674253463745117,24.13393211364746,24.5388126373291,24.92023468017578,25.30150032043457,25.709407806396484,26.1894474029541,26.806684494018555,28.440082550048828
23.048667907714844,23.655290603637695,24.12616729736328,24.539892196655273,24.93659019470215,25.332256317138672,25.75644874572754,26.261194229125977,26.896251678466797,28.573225021362305
23.021902084350586,23.63124656677246,24.10898780822754,24.52094268798828,24.914688110351562,25.30565643310547,25.72418212890625,26.210399627685547,26.845308303833008,28.59109115600586
23.061586380004883,23.687210083007812,24.15807342529297,24.575387954711914,24.963712692260742,25.35597038269043,25.7705135345459,26.262008666992188,26.88316535949707,28.528635025024414
23.036348342895508,23.676347732543945,24.156368255615234,24.58085823059082,24.979537963867188,25.386024475097656,25.826007843017578,26.336057662963867,26.989749908447266,28.64166831970215
22.89409065246582,23.546661376953125,24.06858253479004,24.531604766845703,24.98051643371582,25.417387008666992,25.88143539428711,26.396652221679688,27.06241798400879,28.81971549987793
23.01189613342285,23.645540237426758,24.135120391845703,24.564964294433594,24.966638565063477,25.370553970336914,25.813053131103516,26.301284790039062,26.951025009155273,28.591856002807617
22.891695022583008,23.540000915527344,24.061214447021484,24.52082633972168,24.957630157470703,25.391380310058594,25.849376678466797,26.37042808532715,27.02741813659668,28.74403190612793
23.082361221313477,23.678489685058594,24.136581420898438,24.53021240234375,24.905447006225586,25.29034996032715,25.700775146484375,26.171371459960938,26.77651023864746,28.397130966186523
23.056385040283203,23.672100067138672,24.13511848449707,24.545045852661133,24.933406829833984,25.32655906677246,25.75676918029785,26.242372512817383,26.87713623046875,28.546518325805664
23.063125610351562,23.67449951171875,24.148488998413086,24.560745239257812,24.94785499572754,25.340471267700195,25.75251579284668,26.22260093688965,26.858766555786133,28.56647300720215
23.082571029663086,23.678836822509766,24.13662338256836,24.538469314575195,24.92056655883789,25.309391021728516,25.723464965820312,26.207822799682617,26.84065818786621,28.509857177734375
23.044681549072266,23.655641555786133,24.126893997192383,24.530698776245117,24.917573928833008,25.30490493774414,25.718717575073242,26.194087982177734,26.805082321166992,28.487934112548828
22.744043350219727,23.40819549560547,23.956510543823242,24.464473724365234,24.947477340698242,25.43507194519043,25.943857192993164,26.499662399291992,27.18625259399414,29.00691795349121
23.100765228271484,23.688413619995117,24.146160125732422,24.54000473022461,24.912874221801758,25.29062843322754,25.705577850341797,26.16707420349121,26.78464126586914,28.439977645874023
23.067703247070312,23.677780151367188,24.14776039123535,24.551929473876953,24.934894561767578,25.31588363647461,25.735794067382812,26.211416244506836,26.843250274658203,28.564638137817383
23.05744171142578,23.659809112548828,24.126972198486328,24.539165496826172,24.92884063720703,25.323753356933594,25.740825653076172,26.221479415893555,26.857389450073242,28.543960571289062
22.988481521606445,23.61473274230957,24.11510467529297,24.549606323242188,24.96266746520996,25.37582015991211,25.813934326171875,26.31638526916504,26.96186065673828,28.626628875732422
23.09934425354004,23.68724250793457,24.14181137084961,24.53009033203125,24.902360916137695,25.27500343322754,25.67534637451172,26.12902069091797,26.750150680541992,28.49905014038086
23.078411102294922,23.66666603088379,24.12736701965332,24.529850006103516,24.909021377563477,25.291166305541992,25.704036712646484,26.177230834960938,26.798330307006836,28.437170028686523
23.071537017822266,23.668825149536133,24.13176727294922,24.534465789794922,24.918134689331055,25.305709838867188,25.725521087646484,26.21320152282715,26.857559204101562,28.606136322021484
23.08547019958496,23.674257278442383,24.11711883544922,24.51406478881836,24.89476776123047,25.2694149017334,25.68616485595703,26.163894653320312,26.80144691467285,28.568008422851562
23.008926391601562,23.636566162109375,24.135101318359375,24.562118530273438,24.965017318725586,25.369535446166992,25.798139572143555,26.297895431518555,26.939315795898438,28.626312255859375
23.00066566467285,23.629060745239258,24.115840911865234,24.552101135253906,24.961280822753906,25.363012313842773,25.79913330078125,26.295766830444336,26.93419075012207,28.60976219177246
23.055618286132812,23.667104721069336,24.13436508178711,24.545921325683594,24.939128875732422,25.335554122924805,25.75379180908203,26.235857009887695,26.846529006958008,28.495824813842773
23.034561157226562,23.63801383972168,24.102771759033203,24.509899139404297,24.903846740722656,25.295875549316406,25.71803855895996,26.193077087402344,26.81993865966797,28.441680908203125
23.05409812927246,23.666166305541992,24.143186569213867,24.556413650512695,24.94809913635254,25.33631134033203,25.755849838256836,26.256799697875977,26.906625747680664,28.57237434387207
23.075592041015625,23.67420196533203,24.142839431762695,24.544937133789062,24.931779861450195,25.319705963134766,25.733510971069336,26.210784912109375,26.822803497314453,28.56678581237793
23.009843826293945,23.631587982177734,24.117576599121094,24.534259796142578,24.932289123535156,25.32663345336914,25.750720977783203,26.233518600463867,26.87882423400879,28.55104637145996
23.051128387451172,23.658052444458008,24.130416870117188,24.55503273010254,24.94912338256836,25.350303649902344,25.782012939453125,26.270475387573242,26.902246475219727,28.555734634399414
23.030672073364258,23.64845085144043,24.127235412597656,24.544387817382812,24.936655044555664,25.332683563232422,25.754047393798828,26.22964859008789,26.847732543945312,28.545433044433594
23.017671585083008,23.646320343017578,24.132108688354492,24.557382583618164,24.96683120727539,25.372228622436523,25.80107879638672,26.300336837768555,26.931772232055664,28.65920639038086
22.986616134643555,23.626996994018555,24.12881851196289,24.560550689697266,24.97049331665039,25.38128089904785,25.818906784057617,26.325239181518555,26.977493286132812,28.666210174560547
23.034990310668945,23.657236099243164,24.142255783081055,24.565170288085938,24.96210479736328,25.353605270385742,25.769868850708008,26.25013542175293,26.875993728637695,28.566675186157227
23.045522689819336,23.660795211791992,24.139596939086914,24.54880714416504,24.943212509155273,25.339826583862305,25.754167556762695,26.236282348632812,26.872711181640625,28.5856990814209
23.047508239746094,23.662342071533203,24.133464813232422,24.547067642211914,24.93830680847168,25.332304000854492,25.762807846069336,26.25221824645996,26.893081665039062,28.56292152404785
23.012371063232422,23.634803771972656,24.12643814086914,24.55237579345703,24.959028244018555,25.369342803955078,25.808801651000977,26.309539794921875,26.974292755126953,28.644418716430664
23.015766143798828,23.628910064697266,24.113666534423828,24.533655166625977,24.93516731262207,25.3344669342041,25.755285263061523,26.237442016601562,26.85271644592285,28.525238037109375
23.057798385620117,23.67249298095703,24.136686325073242,24.539283752441406,24.925331115722656,25.307008743286133,25.720088958740234,26.194482803344727,26.829599380493164,28.47574234008789
23.013029098510742,23.64922332763672,24.133502960205078,24.55585479736328,24.95917510986328,25.361360549926758,25.78887176513672,26.2783203125,26.899005889892578,28.556575775146484
23.033308029174805,23.658527374267578,24.14441680908203,24.565715789794922,24.969106674194336,25.363691329956055,25.78479766845703,26.272785186767578,26.88826560974121,28.54718017578125
22.960268020629883,23.59048843383789,24.080835342407227,24.516122817993164,24.92089080810547,25.327821731567383,25.762989044189453,26.251649856567383,26.895566940307617,28.553266525268555
23.08098793029785,23.68252182006836,24.150135040283203,24.552108764648438,24.939178466796875,25.32710075378418,25.738754272460938,26.21673583984375,26.84136390686035,28.594465255737305
23.07213020324707,23.67059898376465,24.12729263305664,24.526336669921875,24.905654907226562,25.290050506591797,25.705190658569336,26.180967330932617,26.80612564086914,28.47430992126465
23.05364418029785,23.670867919921875,24.140655517578125,24.550392150878906,24.93497085571289,25.328113555908203,25.74435806274414,26.224462509155273,26.864763259887695,28.528581619262695
23.044382095336914,23.65760040283203,24.12138557434082,24.53097915649414,24.919116973876953,25.315614700317383,25.74053382873535,26.22772979736328,26.85897445678711,28.543243408203125
23.047813415527344,23.664169311523438,24.144933700561523,24.562454223632812,24.96019172668457,25.349367141723633,25.769269943237305,26.25136375427246,26.8798770904541,28.591411590576172
23.080978393554688,23.685678482055664,24.157480239868164,24.562955856323242,24.950050354003906,25.339256286621094,25.75649070739746,26.242246627807617,26.86933135986328,28.586959838867188
23.06968116760254,23.6771297454834,24.140932083129883,24.54018783569336,24.92272186279297,25.305782318115234,25.718050003051758,26.189743041992188,26.81488609313965,28.529399871826172
23.061452865600586,23.692886352539062,24.167922973632812,24.587610244750977,24.977874755859375,25.372589111328125,25.782629013061523,26.27427864074707,26.90586280822754,28.566736221313477
23.083545684814453,23.6804141998291,24.141050338745117,24.541275024414062,24.918672561645508,25.306699752807617,25.716026306152344,26.185237884521484,26.798078536987305,28.526987075805664
23.020305633544922,23.639028549194336,24.113218307495117,24.53456687927246,24.935863494873047,25.326021194458008,25.754301071166992,26.23809242248535,26.87047004699707,28.524066925048828
23.103656768798828,23.693790435791016,24.155805587768555,24.55689811706543,24.944976806640625,25.334903717041016,25.75087547302246,26.233333587646484,26.855934143066406,28.544015884399414
23.10047149658203,23.692886352539062,24.14714241027832,24.540685653686523,24.920833587646484,25.30672836303711,25.728178024291992,26.209951400756836,26.850542068481445,28.504629135131836
23.04326057434082,23.67029571533203,24.140886306762695,24.55414581298828,24.940460205078125,25.33747100830078,25.76458168029785,26.262418746948242,26.93634605407715,28.626449584960938
22.993316650390625,23.630020141601562,24.13064956665039,24.5657901763916,24.975746154785156,25.38785171508789,25.822465896606445,26.314340591430664,26.944232940673828,28.616899490356445
23.0681209564209,23.679279327392578,24.15149688720703,24.557828903198242,24.940961837768555,25.330341339111328,25.74604034423828,26.22477149963379,26.861576080322266,28.559911727905273
23.084199905395508,23.696033477783203,24.172565460205078,24.574207305908203,24.957651138305664,25.343589782714844,25.757129669189453,26.23963737487793,26.869979858398438,28.56683921813965
23.046628952026367,23.653636932373047,24.127540588378906,24.542163848876953,24.942617416381836,25.339189529418945,25.761890411376953,26.2507266998291,26.88336753845215,28.614675521850586
23.011987686157227,23.644018173217773,24.133804321289062,24.563257217407227,24.9727840423584,25.382444381713867,25.82779312133789,26.33428955078125,26.97767448425293,28.607887268066406
23.08779525756836,23.70770835876465,24.171043395996094,24.569774627685547,24.952369689941406,25.329593658447266,25.73235511779785,26.201322555541992,26.828243255615234,28.463096618652344
23.005901336669922,23.646745681762695,24.131343841552734,24.561363220214844,24.95945167541504,25.358030319213867,25.78240394592285,26.26576042175293,26.899499893188477,28.554529190063477
23.048721313476562,23.65819549560547,24.131607055664062,24.541107177734375,24.936805725097656,25.335250854492188,25.762109756469727,26.257720947265625,26.898242950439453,28.616031646728516
23.06275177001953,23.64422035217285,24.10164451599121,24.501808166503906,24.88361930847168,25.263809204101562,25.67990493774414,26.152700424194336,26.772987365722656,28.484130859375
23.07075309753418,23.666439056396484,24.12594223022461,24.529644012451172,24.91619110107422,25.313596725463867,25.73447608947754,26.224273681640625,26.87274742126465,28.585773468017578
22.909433364868164,23.59389305114746,24.12552261352539,24.59173011779785,25.027097702026367,25.450000762939453,25.900598526000977,26.403091430664062,27.053340911865234,28.747129440307617
22.994163513183594,23.636253356933594,24.13751792907715,24.578048706054688,24.99583625793457,25.403696060180664,25.83835792541504,26.34161949157715,26.96661376953125,28.6110897064209
23.073070526123047,23.68391227722168,24.160152435302734,24.569255828857422,24.961814880371094,25.356386184692383,25.775066375732422,26.2602481842041,26.882360458374023,28.567790985107422
22.90167999267578,23.567922592163086,24.100332260131836,24.57183837890625,25.011917114257812,25.450281143188477,25.902795791625977,26.41599464416504,27.066909790039062,28.802722930908203
23.057695388793945,23.66449546813965,24.13140106201172,24.536075592041016,24.921117782592773,25.306621551513672,25.727041244506836,26.209672927856445,26.848241806030273,28.621532440185547
23.02004051208496,23.652389526367188,24.127830505371094,24.552473068237305,24.956315994262695,25.346729278564453,25.770145416259766,26.25985336303711,26.900196075439453,28.494260787963867
23.055511474609375,23.660667419433594,24.1149959564209,24.52385902404785,24.90666961669922,25.298303604125977,25.715499877929688,26.195941925048828,26.830615997314453,28.5510311126709
23.024507522583008,23.639442443847656,24.12270164489746,24.537113189697266,24.93487548828125,25.334266662597656,25.759342193603516,26.25249671936035,26.89556884765625,28.65082359313965
23.094802856445312,23.675621032714844,24.13102149963379,24.533946990966797,24.9173641204834,25.31015396118164,25.72732162475586,26.212202072143555,26.832416534423828,28.424386978149414
23.065528869628906,23.672012329101562,24.146230697631836,24.55449104309082,24.948225021362305,25.336254119873047,25.751171112060547,26.222423553466797,26.850683212280273,28.597381591796875
22.974668502807617,23.619638442993164,24.11852264404297,24.558944702148438,24.9730281829834,25.384323120117188,25.823259353637695,26.320764541625977,26.975439071655273,28.676952362060547
23.01471519470215,23.63918113708496,24.12470817565918,24.545671463012695,24.9428653717041,25.340368270874023,25.765907287597656,26.2492618560791,26.881982803344727,28.559213638305664
23.076513290405273,23.679523468017578,24.15119171142578,24.559001922607422,24.954730987548828,25.355859756469727,25.780004501342773,26.27066993713379,26.90275764465332,28.53216552734375
23.009992599487305,23.637224197387695,24.120094299316406,24.545225143432617,24.94774627685547,25.355056762695312,25.789073944091797,26.29718017578125,26.948894500732422,28.637845993041992
23.038095474243164,23.66267967224121,24.14585304260254,24.562837600708008,24.95425033569336,25.348602294921875,25.78192901611328,26.272817611694336,26.911806106567383,28.593008041381836
23.03276824951172,23.642127990722656,24.11260223388672,24.52414894104004,24.919931411743164,25.311731338500977,25.727115631103516,26.21286964416504,26.828659057617188,28.512239456176758
23.044057846069336,23.65314292907715,24.131954193115234,24.545944213867188,24.944082260131836,25.343141555786133,25.781156539916992,26.27351951599121,26.918983459472656,28.59336280822754
23.066884994506836,23.681621551513672,24.156436920166016,24.562355041503906,24.94924545288086,25.334468841552734,25.740304946899414,26.207355499267578,26.813369750976562,28.51926612854004
23.053058624267578,23.66571807861328,24.14628791809082,24.56142234802246,24.956104278564453,25.35321807861328,25.777450561523438,26.262683868408203,26.884885787963867,28.53748893737793
23.01035499572754,23.63976287841797,24.13371467590332,24.56139373779297,24.96090316772461,25.362628936767578,25.78912925720215,26.27768898010254,26.911819458007812,28.62091064453125
23.039039611816406,23.648326873779297,24.129899978637695,24.54477310180664,24.940900802612305,25.34352684020996,25.769086837768555,26.259613037109375,26.90866470336914,28.634645462036133
23.029600143432617,23.66569709777832,24.145191192626953,24.563051223754883,24.953134536743164,25.351057052612305,25.772628784179688,26.246673583984375,26.878860473632812,28.554182052612305
22.944137573242188,23.586994171142578,24.097328186035156,24.539737701416016,24.961597442626953,25.382753372192383,25.825180053710938,26.328353881835938,26.975967407226562,28.752334594726562
23.024982452392578,23.641576766967773,24.117521286010742,24.536195755004883,24.937381744384766,25.33340835571289,25.75270652770996,26.2421932220459,26.87847900390625,28.581890106201172
23.06576156616211,23.674013137817383,24.14353370666504,24.54969596862793,24.933441162109375,25.31847381591797,25.736169815063477,26.205318450927734,26.826013565063477,28.473974227905273
23.064882278442383,23.66614532470703,24.124216079711914,24.529329299926758,24.91067886352539,25.291074752807617,25.70427894592285,26.18832015991211,26.817691802978516,28.455204010009766
23.08188247680664,23.685848236083984,24.161840438842773,24.57809829711914,24.981399536132812,25.378089904785156,25.807119369506836,26.28729820251465,26.906213760375977,28.555999755859375
23.085573196411133,23.68373680114746,24.150487899780273,24.55117416381836,24.935562133789062,25.323184967041016,25.740371704101562,26.22332763671875,26.854154586791992,28.59588623046875
22.934537887573242,23.582643508911133,24.093673706054688,24.543746948242188,24.968021392822266,25.392301559448242,25.840499877929688,26.354215621948242,27.008569717407227,28.698360443115234
23.091012954711914,23.689559936523438,24.154970169067383,24.55828094482422,24.937881469726562,25.323610305786133,25.730924606323242,26.20660400390625,26.82331657409668,28.502256393432617
23.01075553894043,23.62833023071289,24.106557846069336,24.5343074798584,24.932483673095703,25.335376739501953,25.763521194458008,26.262239456176758,26.889739990234375,28.60808753967285
23.03224754333496,23.650537490844727,24.124027252197266,24.548477172851562,24.941837310791016,25.33501434326172,25.75555992126465,26.245025634765625,26.87288475036621,28.479162216186523
22.940628051757812,23.590042114257812,24.113149642944336,24.567413330078125,24.994327545166016,25.421220779418945,25.8713436126709,26.379079818725586,27.033859252929688,28.716205596923828
22.920549392700195,23.571731567382812,24.07635498046875,24.529808044433594,24.95493507385254,25.369667053222656,25.81117057800293,26.321487426757812,26.97195053100586,28.69476890563965
23.06963348388672,23.67450714111328,24.139400482177734,24.539892196655273,24.922372817993164,25.314971923828125,25.735626220703125,26.2221622467041,26.86452293395996,28.56389045715332
23.052501678466797,23.677284240722656,24.15382957458496,24.5617733001709,24.95580291748047,25.344892501831055,25.769521713256836,26.247100830078125,26.865354537963867,28.496191024780273
23.058366775512695,23.652986526489258,24.10532569885254,24.507732391357422,24.887300491333008,25.275089263916016,25.690059661865234,26.18250274658203,26.830175399780273,28.52715492248535
23.061670303344727,23.666786193847656,24.139163970947266,24.544519424438477,24.934690475463867,25.326326370239258,25.74715232849121,26.241907119750977,26.89599609375,28.62511444091797
22.95134735107422,23.579429626464844,24.088733673095703,24.536026000976562,24.951963424682617,25.364755630493164,25.801071166992188,26.297128677368164,26.940811157226562,28.63045310974121
23.067007064819336,23.664915084838867,24.120222091674805,24.520824432373047,24.899490356445312,25.292707443237305,25.71307373046875,26.19346046447754,26.819732666015625,28.531923294067383
23.05316162109375,23.688398361206055,24.157480239868164,24.56454086303711,24.94886016845703,25.341833114624023,25.75872802734375,26.237585067749023,26.854726791381836,28.515186309814453
23.01443862915039,23.63786506652832,24.134586334228516,24.56504249572754,24.97275161743164,25.37074851989746,25.795650482177734,26.288818359375,26.91613006591797,28.593656539916992
23.060626983642578,23.66558837890625,24.137115478515625,24.542640686035156,24.93113136291504,25.319049835205078,25.734853744506836,26.221843719482422,26.856212615966797,28.580114364624023
23.10162925720215,23.68947410583496,24.136213302612305,24.527326583862305,24.89420509338379,25.270116806030273,25.672304153442383,26.132177352905273,26.730701446533203,28.409608840942383
23.1043643951416,23.685726165771484,24.130075454711914,24.520877838134766,24.89285659790039,25.267295837402344,25.680843353271484,26.154996871948242,26.786527633666992,28.472339630126953
23.032672882080078,23.657142639160156,24.130067825317383,24.546899795532227,24.94097328186035,25.33250617980957,25.75604248046875,26.23834800720215,26.853168487548828,28.590057373046875
22.923322677612305,23.572280883789062,24.08299446105957,24.53912925720215,24.961763381958008,25.37792205810547,25.82530975341797,26.338171005249023,26.9787540435791,28.6953067779541
23.088420867919922,23.67951774597168,24.140451431274414,24.538257598876953,24.922128677368164,25.30894660949707,25.726720809936523,26.211040496826172,26.829204559326172,28.501644134521484
23.085968017578125,23.687397003173828,24.15060806274414,24.542705535888672,24.91936683654785,25.292783737182617,25.694786071777344,26.168624877929688,26.78777503967285,28.47125816345215
23.059066772460938,23.674097061157227,24.14559555053711,24.54798698425293,24.93926429748535,25.336896896362305,25.760345458984375,26.24579429626465,26.893442153930664,28.596811294555664
23.071413040161133,23.66570472717285,24.142263412475586,24.556413650512695,24.95354652404785,25.343149185180664,25.768169403076172,26.25061798095703,26.882543563842773,28.584543228149414
23.023229598999023,23.645313262939453,24.127214431762695,24.548664093017578,24.940628051757812,25.33716583251953,25.75912094116211,26.24297332763672,26.878868103027344,28.53660011291504
23.04178237915039,23.6477108001709,24.12081527709961,24.528818130493164,24.920948028564453,25.313352584838867,25.73526382446289,26.22905921936035,26.870037078857422,28.588775634765625
23.0042781829834,23.632640838623047,24.13142204284668,24.56732940673828,24.969764709472656,25.3790340423584,25.825185775756836,26.34117889404297,27.012224197387695,28.690000534057617
23.025522232055664,23.64095115661621,24.118896484375,24.539113998413086,24.93963050842285,25.332706451416016,25.74859046936035,26.221750259399414,26.840770721435547,28.51380729675293
22.97980308532715,23.630971908569336,24.13085174560547,24.566177368164062,24.98013687133789,25.39792823791504,25.841991424560547,26.347618103027344,27.00673484802246,28.707693099975586
23.030080795288086,23.647933959960938,24.131275177001953,24.555252075195312,24.95746612548828,25.35675048828125,25.787559509277344,26.275096893310547,26.906455993652344,28.56342124938965
23.071529388427734,23.668411254882812,24.140090942382812,24.548187255859375,24.94110107421875,25.336755752563477,25.75848960876465,26.243209838867188,26.867128372192383,28.570175170898438
23.0717716217041,23.66775131225586,24.124494552612305,24.533544540405273,24.918729782104492,25.305377960205078,25.717737197875977,26.19049072265625,26.820730209350586,28.504047393798828
23.008411407470703,23.64140510559082,24.126989364624023,24.558290481567383,24.961044311523438,25.369548797607422,25.795072555541992,26.279781341552734,26.90948486328125,28.56089210510254
23.083616256713867,23.670562744140625,24.127761840820312,24.523344039916992,24.898054122924805,25.277664184570312,25.685476303100586,26.163021087646484,26.777923583984375,28.415998458862305
23.029403686523438,23.653310775756836,24.14482879638672,24.565345764160156,24.95717430114746,25.355390548706055,25.780445098876953,26.259721755981445,26.897497177124023,28.546236038208008
23.05896759033203,23.67197608947754,24.151872634887695,24.561023712158203,24.951330184936523,25.341821670532227,25.75691032409668,26.239154815673828,26.863143920898438,28.50971221923828
23.10410499572754,23.700485229492188,24.166812896728516,24.56070327758789,24.936981201171875,25.320045471191406,25.7326602935791,26.206392288208008,26.83197784423828,28.50374984741211
23.011898040771484,23.64080810546875,24.130456924438477,24.555479049682617,24.95905113220215,25.363107681274414,25.788524627685547,26.28409767150879,26.924148559570312,28.605152130126953
23.06463050842285,23.699750900268555,24.189504623413086,24.606279373168945,24.99721908569336,25.394487380981445,25.824254989624023,26.320791244506836,26.953596115112305,28.662879943847656
23.060441970825195,23.664567947387695,24.13632583618164,24.54603385925293,24.930856704711914,25.31938934326172,25.737621307373047,26.222610473632812,26.871618270874023,28.572429656982422
23.04072380065918,23.662960052490234,24.147687911987305,24.56397247314453,24.960039138793945,25.35464096069336,25.76882553100586,26.248565673828125,26.874847412109375,28.596994400024414
23.068716049194336,23.665142059326172,24.12784194946289,24.533246994018555,24.919179916381836,25.309511184692383,25.729721069335938,26.217090606689453,26.843969345092773,28.498497009277344
23.09758949279785,23.675819396972656,24.111801147460938,24.498048782348633,24.873580932617188,25.251310348510742,25.658214569091797,26.126358032226562,26.73988151550293,28.384937286376953
23.079233169555664,23.681352615356445,24.131797790527344,24.527585983276367,24.902446746826172,25.285982131958008,25.69940185546875,26.167936325073242,26.784683227539062,28.46706199645996
23.04768943786621,23.66885757446289,24.152751922607422,24.577268600463867,24.973981857299805,25.377809524536133,25.805822372436523,26.28447723388672,26.909948348999023,28.49199867248535
23.024330139160156,23.64810562133789,24.13561248779297,24.552515029907227,24.95188331604004,25.352920532226562,25.777544021606445,26.268062591552734,26.89655876159668,28.578617095947266
22.90195655822754,23.557193756103516,24.080810546875,24.54964828491211,24.99576187133789,25.42743492126465,25.895936965942383,26.423587799072266,27.11029624938965,28.7705078125
23.040634155273438,23.6541805267334,24.133445739746094,24.548994064331055,24.93978500366211,25.3388671875,25.761489868164062,26.24571418762207,26.875150680541992,28.586088180541992
23.113710403442383,23.6965389251709,24.14657211303711,24.53775405883789,24.91782569885254,25.292434692382812,25.692184448242188,26.16272735595703,26.790430068969727,28.418060302734375
23.017595291137695,23.636539459228516,24.122108459472656,24.541765213012695,24.93879508972168,25.338668823242188,25.771907806396484,26.25748062133789,26.894193649291992,28.486034393310547
23.029590606689453,23.66259765625,24.161609649658203,24.590776443481445,24.997589111328125,25.404443740844727,25.832183837890625,26.325313568115234,26.95982551574707,28.64081573486328
23.02423858642578,23.641578674316406,24.13234519958496,24.559001922607422,24.95626449584961,25.353328704833984,25.779356002807617,26.273157119750977,26.902944564819336,28.63436508178711
23.07020378112793,23.675874710083008,24.13902473449707,24.542314529418945,24.931821823120117,25.31825065612793,25.723344802856445,26.201034545898438,26.813373565673828,28.50310707092285
23.098329544067383,23.68657684326172,24.146060943603516,24.539112091064453,24.921920776367188,25.29669189453125,25.711429595947266,26.19696044921875,26.820297241210938,28.48394775390625
23.048999786376953,23.671541213989258,24.15336799621582,24.571619033813477,24.970041275024414,25.370832443237305,25.795459747314453,26.29137420654297,26.948328018188477,28.642288208007812
23.08482551574707,23.682159423828125,24.145139694213867,24.540973663330078,24.921466827392578,25.30467987060547,25.716516494750977,26.191076278686523,26.80422019958496,28.525192260742188
23.12274169921875,23.70850372314453,24.151691436767578,24.54111671447754,24.914724349975586,25.28607177734375,25.693187713623047,26.169519424438477,26.776384353637695,28.45206642150879
23.09185218811035,23.681921005249023,24.13239097595215,24.531179428100586,24.91266441345215,25.296297073364258,25.704248428344727,26.178176879882812,26.8083438873291,28.524478912353516
23.014331817626953,23.644357681274414,24.12405014038086,24.54654312133789,24.94411849975586,25.34369468688965,25.761980056762695,26.249300003051758,26.877641677856445,28.583866119384766
23.07710075378418,23.687719345092773,24.15390968322754,24.559831619262695,24.94286346435547,25.326684951782227,25.73965835571289,26.221994400024414,26.852642059326172,28.453569412231445
23.079496383666992,23.68423080444336,24.1586856842041,24.568632125854492,24.9638614654541,25.36237144470215,25.78705596923828,26.280061721801758,26.909517288208008,28.596920013427734
23.043018341064453,23.666423797607422,24.148761749267578,24.564762115478516,24.962167739868164,25.360671997070312,25.790733337402344,26.281076431274414,26.8881778717041,28.569059371948242
23.022727966308594,23.654443740844727,24.147008895874023,24.565671920776367,24.959653854370117,25.355077743530273,25.7785587310791,26.263641357421875,26.900659561157227,28.63099479675293
22.903913497924805,23.560842514038086,24.082874298095703,24.553388595581055,24.995452880859375,25.427583694458008,25.898473739624023,26.414165496826172,27.07720184326172,28.847362518310547
23.051925659179688,23.660858154296875,24.125324249267578,24.536340713500977,24.925308227539062,25.314693450927734,25.74083137512207,26.22705078125,26.868669509887695,28.602598190307617
23.076677322387695,23.688312530517578,24.162673950195312,24.570585250854492,24.961729049682617,25.353288650512695,25.7714900970459,26.26247787475586,26.904056549072266,28.600677490234375
23.001401901245117,23.652551651000977,24.157196044921875,24.600059509277344,25.009565353393555,25.429737091064453,25.86760902404785,26.36012840270996,27.00350570678711,28.673601150512695
23.029956817626953,23.664794921875,24.15460777282715,24.573022842407227,24.97021484375,25.36379623413086,25.786535263061523,26.274425506591797,26.91164207458496,28.609365463256836
23.108430862426758,23.68043327331543,24.132022857666016,24.533123016357422,24.91143035888672,25.299102783203125,25.71002197265625,26.17917251586914,26.80824851989746,28.471208572387695
23.083797454833984,23.67342758178711,24.132097244262695,24.538238525390625,24.92314338684082,25.31363868713379,25.732650756835938,26.218647003173828,26.837614059448242,28.470218658447266
23.008827209472656,23.638568878173828,24.133329391479492,24.55486488342285,24.957117080688477,25.362720489501953,25.794702529907227,26.292301177978516,26.9338321685791,28.643510818481445
23.06399917602539,23.674766540527344,24.140335083007812,24.556217193603516,24.949377059936523,25.34708595275879,25.763486862182617,26.24161148071289,26.868850708007812,28.578113555908203
23.06863021850586,23.665180206298828,24.124238967895508,24.528804779052734,24.91666603088379,25.31040382385254,25.72671890258789,26.207321166992188,26.827388763427734,28.49793243408203
22.894702911376953,23.548357009887695,24.080171585083008,24.549022674560547,24.99318504333496,25.430068969726562,25.89420509338379,26.401195526123047,27.07235336303711,28.737560272216797
23.041324615478516,23.645727157592773,24.114421844482422,24.523561477661133,24.917747497558594,25.311952590942383,25.730810165405273,26.215320587158203,26.835159301757812,28.4455509185791
23.014936447143555,23.64506721496582,24.14414405822754,24.57008934020996,24.97415542602539,25.37921714782715,25.808456420898438,26.308801651000977,26.95441246032715,28.744731903076172
23.03203582763672,23.651119232177734,24.11631202697754,24.529136657714844,24.911771774291992,25.292621612548828,25.70987319946289,26.191221237182617,26.81183433532715,28.50298500061035
23.09050178527832,23.689361572265625,24.148483276367188,24.549047470092773,24.93033218383789,25.316375732421875,25.72404670715332,26.20621681213379,26.850862503051758,28.450679779052734
22.90961456298828,23.575868606567383,24.092557907104492,24.55824089050293,24.982595443725586,25.406118392944336,25.854736328125,26.357433319091797,26.994125366210938,28.69759178161621
22.963388442993164,23.594253540039062,24.102521896362305,24.542266845703125,24.954214096069336,25.361387252807617,25.788606643676758,26.283809661865234,26.9062442779541,28.6315975189209
23.0770320892334,23.67392921447754,24.13800621032715,24.539165496826172,24.927215576171875,25.31707191467285,25.730934143066406,26.21149253845215,26.849933624267578,28.591228485107422
23.024227142333984,23.650758743286133,24.137828826904297,24.554222106933594,24.95504379272461,25.353191375732422,25.77788543701172,26.25823974609375,26.880474090576172,28.55413246154785
23.053003311157227,23.655473709106445,24.123626708984375,24.529964447021484,24.917224884033203,25.3087100982666,25.730501174926758,26.202707290649414,26.840261459350586,28.548301696777344
22.991004943847656,23.63040542602539,24.137451171875,24.56249237060547,24.96890640258789,25.37519645690918,25.79999542236328,26.29112434387207,26.937543869018555,28.601953506469727
23.040817260742188,23.65852928161621,24.125125885009766,24.54000473022461,24.92609405517578,25.31875991821289,25.73495101928711,26.216543197631836,26.839902877807617,28.5480899810791
23.03675079345703,23.653240203857422,24.137434005737305,24.55231285095215,24.947803497314453,25.343530654907227,25.76385498046875,26.249996185302734,26.87628173828125,28.593843460083008
23.002016067504883,23.62860870361328,24.117822647094727,24.540868759155273,24.940134048461914,25.339265823364258,25.768842697143555,26.260969161987305,26.904293060302734,28.493732452392578
23.077524185180664,23.667417526245117,24.117563247680664,24.514846801757812,24.900421142578125,25.28524398803711,25.701879501342773,26.181468963623047,26.815393447875977,28.45708656311035
23.01140785217285,23.652183532714844,24.150484085083008,24.581462860107422,24.991283416748047,25.396728515625,25.834075927734375,26.329360961914062,26.945964813232422,28.6506290435791
23.065183639526367,23.670196533203125,24.143770217895508,24.548023223876953,24.93059730529785,25.320295333862305,25.73086929321289,26.20784568786621,26.824138641357422,28.47605323791504
23.059642791748047,23.667343139648438,24.144460678100586,24.552711486816406,24.942197799682617,25.329574584960938,25.74422836303711,26.229209899902344,26.854650497436523,28.543956756591797
23.072540283203125,23.698183059692383,24.165241241455078,24.575212478637695,24.969696044921875,25.360807418823242,25.775867462158203,26.256582260131836,26.895837783813477,28.539779663085938
23.057884216308594,23.675537109375,24.14740562438965,24.557781219482422,24.944692611694336,25.34000587463379,25.75054359436035,26.216827392578125,26.830657958984375,28.519695281982422
23.00050926208496,23.636323928833008,24.13204574584961,24.56292152404785,24.964637756347656,25.362911224365234,25.78458023071289,26.273393630981445,26.90222930908203,28.57623291015625
22.936443328857422,23.588008880615234,24.094951629638672,24.538307189941406,24.976364135742188,25.404573440551758,25.857160568237305,26.37689781188965,27.032394409179688,28.68975257873535
23.063255310058594,23.665496826171875,24.133460998535156,24.53430938720703,24.92105484008789,25.309247970581055,25.72571563720703,26.209999084472656,26.845935821533203,28.576419830322266
23.073623657226562,23.69066047668457,24.15312385559082,24.55368423461914,24.940202713012695,25.325435638427734,25.742839813232422,26.229339599609375,26.84095573425293,28.52153968811035
22.996957778930664,23.621055603027344,24.11419105529785,24.560827255249023,24.978057861328125,25.392044067382812,25.831912994384766,26.329145431518555,26.962406158447266,28.585824966430664
23.023256301879883,23.657142639160156,24.132932662963867,24.55360221862793,24.952800750732422,25.349029541015625,25.775259017944336,26.25897979736328,26.899782180786133,28.576763153076172
23.07871437072754,23.671478271484375,24.135496139526367,24.542070388793945,24.921669006347656,25.304882049560547,25.70811653137207,26.173614501953125,26.772829055786133,28.421133041381836
23.102176666259766,23.678476333618164,24.127525329589844,24.520742416381836,24.903547286987305,25.287099838256836,25.699125289916992,26.17098045349121,26.784351348876953,28.53244400024414
23.088924407958984,23.6800594329834,24.13608169555664,24.535947799682617,24.90656280517578,25.277450561523438,25.6838321685791,26.15560531616211,26.78916358947754,28.46864891052246
23.086345672607422,23.68720817565918,24.157461166381836,24.563703536987305,24.95392608642578,25.345476150512695,25.777008056640625,26.267881393432617,26.901893615722656,28.580760955810547
23.04401969909668,23.675716400146484,24.16280746459961,24.586687088012695,24.980880737304688,25.379863739013672,25.797916412353516,26.288705825805664,26.918949127197266,28.568803787231445
23.057668685913086,23.683866500854492,24.157001495361328,24.563007354736328,24.963966369628906,25.35837173461914,25.77846336364746,26.26404571533203,26.888612747192383,28.581371307373047
23.05121421813965,23.663755416870117,24.141904830932617,24.55379867553711,24.949880599975586,25.3467960357666,25.767269134521484,26.25732421875,26.899795532226562,28.626617431640625
23.080846786499023,23.69245719909668,24.14386749267578,24.544254302978516,24.92778778076172,25.31018829345703,25.721155166625977,26.19091796875,26.82361602783203,28.564661026000977
23.08390998840332,23.674596786499023,24.117801666259766,24.51149559020996,24.885732650756836,25.266939163208008,25.678775787353516,26.16905975341797,26.81577491760254,28.542831420898438
23.079946517944336,23.67583465576172,24.134864807128906,24.528432846069336,24.914701461791992,25.305583953857422,25.722259521484375,26.199865341186523,26.828516006469727,28.490951538085938
23.039447784423828,23.661178588867188,24.141172409057617,24.56466293334961,24.958831787109375,25.36105728149414,25.79448699951172,26.281585693359375,26.920272827148438,28.661376953125
23.067176818847656,23.66244125366211,24.126893997192383,24.525941848754883,24.908538818359375,25.287803649902344,25.691606521606445,26.16191864013672,26.7858943939209,28.566925048828125
23.081573486328125,23.68763542175293,24.145811080932617,24.55148696899414,24.943687438964844,25.330245971679688,25.7485294342041,26.22902488708496,26.861127853393555,28.569683074951172
22.976083755493164,23.62986946105957,24.137636184692383,24.582550048828125,24.997636795043945,25.406753540039062,25.840673446655273,26.34963607788086,27.013845443725586,28.63743019104004
22.95522117614746,23.610515594482422,24.114452362060547,24.56391716003418,24.987083435058594,25.406259536743164,25.84676742553711,26.353256225585938,26.999588012695312,28.632776260375977
23.060129165649414,23.674415588378906,24.142587661743164,24.559385299682617,24.952232360839844,25.34362030029297,25.760845184326172,26.233917236328125,26.85177993774414,28.505264282226562
23.03676414489746,23.64911651611328,24.1307430267334,24.545560836791992,24.94276237487793,25.339609146118164,25.7614803314209,26.246456146240234,26.864078521728516,28.55232048034668
23.051300048828125,23.671527862548828,24.14975929260254,24.558073043823242,24.94411849975586,25.332916259765625,25.742956161499023,26.223352432250977,26.8566837310791,28.534547805786133
23.047256469726562,23.647104263305664,24.107194900512695,24.524412155151367,24.91364860534668,25.305444717407227,25.72576332092285,26.204334259033203,26.834522247314453,28.521244049072266
23.109161376953125,23.672870635986328,24.11347198486328,24.49601936340332,24.870973587036133,25.244033813476562,25.65407371520996,26.123241424560547,26.740257263183594,28.4211368560791
23.035144805908203,23.646438598632812,24.131072998046875,24.544374465942383,24.94443702697754,25.33592414855957,25.764389038085938,26.255691528320312,26.897201538085938,28.572757720947266
23.012100219726562,23.626331329345703,24.111896514892578,24.529762268066406,24.929443359375,25.327064514160156,25.749767303466797,26.24493980407715,26.88981056213379,28.630842208862305
23.07708168029785,23.67595863342285,24.142446517944336,24.538423538208008,24.920406341552734,25.309907913208008,25.72397804260254,26.19373893737793,26.807235717773438,28.39710235595703
23.0482234954834,23.667015075683594,24.137845993041992,24.551698684692383,24.95189094543457,25.347843170166016,25.769075393676758,26.261831283569336,26.906747817993164,28.577356338500977
22.967315673828125,23.60016441345215,24.111726760864258,24.556941986083984,24.97177505493164,25.397361755371094,25.827333450317383,26.32072639465332,26.945138931274414,28.660737991333008
22.9597110748291,23.618581771850586,24.134294509887695,24.572263717651367,24.99260711669922,25.40431022644043,25.838953018188477,26.330198287963867,26.967741012573242,28.655750274658203
23.038179397583008,23.649517059326172,24.128328323364258,24.537433624267578,24.930028915405273,25.323007583618164,25.74197006225586,26.232280731201172,26.880414962768555,28.59855842590332
23.07179069519043,23.669754028320312,24.13595962524414,24.54292106628418,24.93235206604004,25.325830459594727,25.751264572143555,26.234163284301758,26.8669376373291,28.538421630859375
23.00387954711914,23.629846572875977,24.120267868041992,24.544849395751953,24.943248748779297,25.349563598632812,25.778045654296875,26.266996383666992,26.901138305664062,28.5952091217041
23.058759689331055,23.656877517700195,24.1198673248291,24.534147262573242,24.920209884643555,25.317691802978516,25.738807678222656,26.224288940429688,26.84918212890625,28.495328903198242
22.969694137573242,23.610000610351562,24.106197357177734,24.55514907836914,24.971355438232422,25.396961212158203,25.84238624572754,26.351900100708008,26.996780395507812,28.687685012817383
22.9133358001709,23.56368637084961,24.083629608154297,24.538053512573242,24.96783447265625,25.39397430419922,25.841394424438477,26.34796142578125,26.983192443847656,28.676651000976562
23.010801315307617,23.64908218383789,24.150177001953125,24.577842712402344,24.982316970825195,25.374229431152344,25.79172706604004,26.275243759155273,26.899831771850586,28.575939178466797
23.089679718017578,23.689924240112305,24.145383834838867,24.549211502075195,24.937576293945312,25.324005126953125,25.734575271606445,26.213668823242188,26.845203399658203,28.530420303344727
22.90731430053711,23.541858673095703,24.074138641357422,24.530227661132812,24.955873489379883,25.378746032714844,25.826751708984375,26.329063415527344,26.980609893798828,28.74665641784668
23.042970657348633,23.659833908081055,24.146127700805664,24.567218780517578,24.970537185668945,25.37384796142578,25.80588150024414,26.297483444213867,26.922828674316406,28.599023818969727
23.03481101989746,23.646957397460938,24.128915786743164,24.546058654785156,24.944438934326172,25.339889526367188,25.756450653076172,26.23936653137207,26.860931396484375,28.524404525756836
23.039348602294922,23.65595054626465,24.137557983398438,24.55962562561035,24.953882217407227,25.350976943969727,25.77351188659668,26.261566162109375,26.89670181274414,28.583648681640625
23.093868255615234,23.694541931152344,24.161043167114258,24.56556510925293,24.947813034057617,25.337135314941406,25.758935928344727,26.243310928344727,26.892351150512695,28.562847137451172
23.057830810546875,23.664554595947266,24.1275691986084,24.54082489013672,24.9296932220459,25.316585540771484,25.73518943786621,26.214038848876953,26.84833335876465,28.568674087524414
23.068471908569336,23.672256469726562,24.132144927978516,24.5412654876709,24.93430519104004,25.32707405090332,25.74741554260254,26.23155403137207,26.874752044677734,28.522869110107422
22.99257469177246,23.628225326538086,24.127382278442383,24.5532169342041,24.956178665161133,25.357805252075195,25.78522300720215,26.283164978027344,26.933115005493164,28.68121910095215
22.95642852783203,23.61664581298828,24.12647819519043,24.575464248657227,24.997283935546875,25.42458152770996,25.877521514892578,26.402952194213867,27.087656021118164,28.778141021728516
23.042457580566406,23.663597106933594,24.148487091064453,24.569032669067383,24.967939376831055,25.36759376525879,25.788291931152344,26.26773452758789,26.88718032836914,28.55585479736328
23.081073760986328,23.665485382080078,24.11594581604004,24.517425537109375,24.898685455322266,25.27939796447754,25.69005584716797,26.166080474853516,26.789566040039062,28.51996612548828
23.04568099975586,23.65263557434082,24.124208450317383,24.53850746154785,24.929161071777344,25.324068069458008,25.744226455688477,26.229595184326172,26.858850479125977,28.53778648376465
23.053672790527344,23.66202163696289,24.13783836364746,24.545433044433594,24.93659019470215,25.329742431640625,25.749788284301758,26.237167358398438,26.869184494018555,28.55140495300293
23.027786254882812,23.642595291137695,24.12672233581543,24.545635223388672,24.9414005279541,25.33606719970703,25.757156372070312,26.226110458374023,26.834972381591797,28.569015502929688
23.033527374267578,23.654510498046875,24.12652587890625,24.544565200805664,24.937358856201172,25.32720184326172,25.75006675720215,26.221359252929688,26.853036880493164,28.58827781677246
23.057294845581055,23.663606643676758,24.137779235839844,24.549480438232422,24.936115264892578,25.330307006835938,25.746675491333008,26.22528839111328,26.840591430664062,28.50705337524414
23.093311309814453,23.698184967041016,24.158550262451172,24.561620712280273,24.941448211669922,25.325584411621094,25.73543357849121,26.212787628173828,26.84683609008789,28.487363815307617
23.08557891845703,23.68649673461914,24.1572265625,24.56313133239746,24.95254898071289,25.344350814819336,25.76031494140625,26.237836837768555,26.848182678222656,28.528249740600586
23.02411651611328,23.680315017700195,24.16834259033203,24.598163604736328,25.00359535217285,25.4107608795166,25.84491539001465,26.3505802154541,26.980789184570312,28.592905044555664
23.0928897857666,23.663005828857422,24.112852096557617,24.511240005493164,24.89049530029297,25.270681381225586,25.685449600219727,26.16465950012207,26.79229736328125,28.550037384033203
23.037351608276367,23.661819458007812,24.135738372802734,24.546926498413086,24.943281173706055,25.338850021362305,25.763395309448242,26.253454208374023,26.879138946533203,28.527090072631836
23.050233840942383,23.66471290588379,24.136980056762695,24.545387268066406,24.937387466430664,25.32904815673828,25.751230239868164,26.239303588867188,26.868635177612305,28.50998306274414
23.082944869995117,23.69027328491211,24.159624099731445,24.56139373779297,24.947967529296875,25.33749008178711,25.753314971923828,26.237777709960938,26.876235961914062,28.622671127319336
22.84416961669922,23.496166229248047,24.041038513183594,24.53795623779297,25.015607833862305,25.485050201416016,25.974241256713867,26.517227172851562,27.186323165893555,28.92322540283203
23.07391929626465,23.677122116088867,24.141889572143555,24.545806884765625,24.927392959594727,25.31784439086914,25.730152130126953,26.207881927490234,26.844207763671875,28.570295333862305
23.05406379699707,23.6566104888916,24.130332946777344,24.549795150756836,24.940092086791992,25.334716796875,25.75495719909668,26.241708755493164,26.873580932617188,28.558446884155273
23.051488876342773,23.665237426757812,24.137378692626953,24.554935455322266,24.946645736694336,25.342819213867188,25.76288414001465,26.247234344482422,26.892736434936523,28.583492279052734
23.093917846679688,23.685806274414062,24.143320083618164,24.53611183166504,24.916654586791992,25.298219680786133,25.707801818847656,26.183143615722656,26.793983459472656,28.52847671508789
23.026290893554688,23.651220321655273,24.130020141601562,24.555500030517578,24.957481384277344,25.36286735534668,25.786632537841797,26.273263931274414,26.916580200195312,28.553211212158203
23.054365158081055,23.672807693481445,24.145429611206055,24.559120178222656,24.95101547241211,25.33844566345215,25.75673484802246,26.23418426513672,26.863656997680664,28.534942626953125
23.059865951538086,23.673425674438477,24.150466918945312,24.569185256958008,24.957935333251953,25.347026824951172,25.777633666992188,26.26719093322754,26.89801597595215,28.57357406616211
23.094717025756836,23.68037223815918,24.140535354614258,24.54128074645996,24.925338745117188,25.31160545349121,25.72620391845703,26.20855712890625,26.83629035949707,28.501937866210938
23.04947280883789,23.66275978088379,24.144731521606445,24.556814193725586,24.95036506652832,25.343151092529297,25.76142120361328,26.248550415039062,26.88243293762207,28.658533096313477
22.952960968017578,23.61267852783203,24.113807678222656,24.560997009277344,24.98283576965332,25.396137237548828,25.837148666381836,26.33002281188965,26.977624893188477,28.65658187866211
23.0220890045166,23.646638870239258,24.12605094909668,24.554845809936523,24.955310821533203,25.355825424194336,25.78290557861328,26.276416778564453,26.922351837158203,28.604888916015625
22.976970672607422,23.614091873168945,24.11603546142578,24.56540870666504,24.97978973388672,25.40076446533203,25.834917068481445,26.34197998046875,26.976482391357422,28.620344161987305
23.049131393432617,23.65411949157715,24.1247501373291,24.537805557250977,24.925979614257812,25.313228607177734,25.725749969482422,26.20879554748535,26.83034324645996,28.512826919555664
22.96514892578125,23.616533279418945,24.139747619628906,24.585683822631836,25.005107879638672,25.425790786743164,25.86734962463379,26.364213943481445,27.004209518432617,28.714519500732422
23.070280075073242,23.649293899536133,24.102357864379883,24.4988956451416,24.885425567626953,25.269073486328125,25.683164596557617,26.154064178466797,26.76535415649414,28.472280502319336
23.02594566345215,23.652694702148438,24.138530731201172,24.560428619384766,24.958904266357422,25.355440139770508,25.776824951171875,26.260221481323242,26.889490127563477,28.641021728515625
23.045429229736328,23.67055320739746,24.14809799194336,24.55755043029785,24.953222274780273,25.339445114135742,25.76044464111328,26.2377872467041,26.868865966796875,28.504009246826172
23.040908813476562,23.661273956298828,24.14354705810547,24.565156936645508,24.96084976196289,25.36170196533203,25.777681350708008,26.264253616333008,26.87994956970215,28.575218200683594
23.061443328857422,23.672306060791016,24.1486873626709,24.556123733520508,24.94553565979004,25.337100982666016,25.752471923828125,26.234098434448242,26.862417221069336,28.565170288085938
23.089839935302734,23.687013626098633,24.14150619506836,24.53944969177246,24.915647506713867,25.291709899902344,25.69938087463379,26.16669464111328,26.784011840820312,28.448345184326172
23.054607391357422,23.669795989990234,24.145355224609375,24.55930519104004,24.951126098632812,25.343250274658203,25.76472282409668,26.23920249938965,26.87217140197754,28.507055282592773
23.043167114257812,23.65515899658203,24.133865356445312,24.552486419677734,24.95158576965332,25.34762191772461,25.773767471313477,26.247329711914062,26.870105743408203,28.560138702392578
23.074020385742188,23.690731048583984,24.15243148803711,24.568572998046875,24.955543518066406,25.351633071899414,25.762434005737305,26.24270248413086,26.868083953857422,28.53034019470215
23.13962745666504,23.70203399658203,24.13810157775879,24.514257431030273,24.879573822021484,25.244287490844727,25.63658332824707,26.095340728759766,26.693740844726562,28.466766357421875
23.089914321899414,23.689029693603516,24.149124145507812,24.54743003845215,24.9206485748291,25.308988571166992,25.71796417236328,26.189529418945312,26.824857711791992,28.46706771850586
23.070154190063477,23.68518829345703,24.154706954956055,24.57164764404297,24.963729858398438,25.357851028442383,25.78363037109375,26.280323028564453,26.929079055786133,28.5996036529541
22.971412658691406,23.63792610168457,24.14441680908203,24.589584350585938,25.0041561126709,25.424026489257812,25.868602752685547,26.36728858947754,27.037294387817383,28.778379440307617
23.09741973876953,23.6991024017334,24.155315399169922,24.554780960083008,24.932697296142578,25.315898895263672,25.729703903198242,26.204280853271484,26.845993041992188,28.534265518188477
23.08539581298828,23.676164627075195,24.142362594604492,24.54378890991211,24.928829193115234,25.315677642822266,25.730409622192383,26.211393356323242,26.830089569091797,28.53375244140625
23.072708129882812,23.668291091918945,24.11767578125,24.509288787841797,24.88372802734375,25.263694763183594,25.666521072387695,26.135313034057617,26.765880584716797,28.563745498657227
23.055845260620117,23.66415786743164,24.139986038208008,24.55199432373047,24.94410514831543,25.34872817993164,25.772926330566406,26.253448486328125,26.884963989257812,28.586849212646484
22.872926712036133,23.526432037353516,24.063034057617188,24.53337860107422,24.980960845947266,25.415735244750977,25.871408462524414,26.38129234313965,27.026996612548828,28.791866302490234
23.105392456054688,23.689380645751953,24.138303756713867,24.534650802612305,24.907150268554688,25.286359786987305,25.692289352416992,26.155874252319336,26.768630981445312,28.487762451171875
22.9545955657959,23.598514556884766,24.108095169067383,24.546566009521484,24.959617614746094,25.370023727416992,25.80040740966797,26.292600631713867,26.922399520874023,28.599451065063477
23.00948715209961,23.65781021118164,24.161666870117188,24.603866577148438,25.025474548339844,25.440095901489258,25.870609283447266,26.36138343811035,26.987274169921875,28.63190269470215
23.02895164489746,23.65159034729004,24.130966186523438,24.561349868774414,24.9582576751709,25.362585067749023,25.79109764099121,26.28318214416504,26.92555809020996,28.544397354125977
23.06900405883789,23.671388626098633,24.125003814697266,24.52552032470703,24.90389060974121,25.286657333374023,25.695720672607422,26.17613983154297,26.808820724487305,28.477310180664062
23.049924850463867,23.672157287597656,24.13483238220215,24.534311294555664,24.925508499145508,25.3149356842041,25.729806900024414,26.207307815551758,26.85207748413086,28.59804344177246
23.055156707763672,23.67247772216797,24.152379989624023,24.564119338989258,24.95741844177246,25.349441528320312,25.764644622802734,26.249755859375,26.884124755859375,28.607666015625
23.006240844726562,23.64957618713379,24.136194229125977,24.561565399169922,24.963565826416016,25.370563507080078,25.79703140258789,26.293533325195312,26.917665481567383,28.563817977905273
23.076017379760742,23.676231384277344,24.137496948242188,24.542869567871094,24.922548294067383,25.307830810546875,25.723649978637695,26.202062606811523,26.833053588867188,28.447540283203125
23.01961898803711,23.645221710205078,24.116241455078125,24.52585220336914,24.920331954956055,25.31531524658203,25.744548797607422,26.222806930541992,26.869373321533203,28.627599716186523
23.099994659423828,23.68132972717285,24.128429412841797,24.52188491821289,24.898286819458008,25.277063369750977,25.68256187438965,26.144393920898438,26.76035499572754,28.444421768188477
23.008338928222656,23.624195098876953,24.110578536987305,24.535438537597656,24.942237854003906,25.34734344482422,25.775991439819336,26.2724609375,26.903846740722656,28.569520950317383
23.034521102905273,23.65564727783203,24.135896682739258,24.554893493652344,24.946496963500977,25.340559005737305,25.763315200805664,26.262754440307617,26.91428565979004,28.612274169921875
23.062801361083984,23.678672790527344,24.149005889892578,24.561840057373047,24.951805114746094,25.3448543548584,25.762592315673828,26.24848175048828,26.863693237304688,28.535507202148438
23.037267684936523,23.658979415893555,24.13511085510254,24.554410934448242,24.95245933532715,25.346952438354492,25.77178955078125,26.25690269470215,26.885835647583008,28.54766845703125
23.002445220947266,23.639711380004883,24.13197898864746,24.562774658203125,24.96402359008789,25.372657775878906,25.805957794189453,26.29551887512207,26.935178756713867,28.63220977783203
23.076696395874023,23.677101135253906,24.140260696411133,24.538423538208008,24.92433738708496,25.31723403930664,25.741119384765625,26.23103904724121,26.856037139892578,28.556594848632812
23.035797119140625,23.651277542114258,24.134748458862305,24.557767868041992,24.953960418701172,25.35443878173828,25.773086547851562,26.24907684326172,26.88297462463379,28.61802864074707
23.086292266845703,23.696142196655273,24.162099838256836,24.57395362854004,24.96171760559082,25.358766555786133,25.772720336914062,26.247220993041992,26.882919311523438,28.563282012939453
23.081562042236328,23.68441390991211,24.158348083496094,24.562101364135742,24.944652557373047,25.333833694458008,25.75445556640625,26.235260009765625,26.876583099365234,28.56005859375
23.05463218688965,23.679916381835938,24.1728572845459,24.59440040588379,24.999338150024414,25.397659301757812,25.833263397216797,26.326053619384766,26.964658737182617,28.608457565307617
23.104488372802734,23.686569213867188,24.141632080078125,24.538108825683594,24.921640396118164,25.30451011657715,25.70833396911621,26.169681549072266,26.77520179748535,28.54798698425293
23.05059051513672,23.674070358276367,24.150283813476562,24.56488800048828,24.956283569335938,25.356956481933594,25.777484893798828,26.255645751953125,26.880239486694336,28.537206649780273
23.028852462768555,23.666038513183594,24.159133911132812,24.584611892700195,24.99064064025879,25.383602142333984,25.804611206054688,26.294952392578125,26.924957275390625,28.603900909423828
23.043048858642578,23.660837173461914,24.130035400390625,24.543010711669922,24.938472747802734,25.337608337402344,25.753515243530273,26.226839065551758,26.85137939453125,28.55229949951172
23.02068328857422,23.63507652282715,24.10710906982422,24.525558471679688,24.924280166625977,25.323711395263672,25.747509002685547,26.224319458007812,26.840219497680664,28.54168701171875
23.04137420654297,23.64291000366211,24.117338180541992,24.525651931762695,24.914419174194336,25.302717208862305,25.719785690307617,26.202333450317383,26.828086853027344,28.568668365478516
23.072799682617188,23.667234420776367,24.126230239868164,24.526527404785156,24.908496856689453,25.299978256225586,25.721426010131836,26.20379066467285,26.83582878112793,28.531435012817383
22.973506927490234,23.627700805664062,24.129150390625,24.576162338256836,24.99471664428711,25.419010162353516,25.870248794555664,26.37177276611328,27.012619018554688,28.69783592224121
23.027210235595703,23.66033363342285,24.149581909179688,24.576841354370117,24.98032569885254,25.376840591430664,25.79560089111328,26.28648567199707,26.930408477783203,28.580039978027344
23.067216873168945,23.686386108398438,24.162076950073242,24.578838348388672,24.970821380615234,25.359081268310547,25.77800941467285,26.257535934448242,26.86629867553711,28.55108642578125
23.105024337768555,23.694168090820312,24.150402069091797,24.54145050048828,24.91924285888672,25.30184555053711,25.715343475341797,26.187671661376953,26.792675018310547,28.457048416137695
23.104942321777344,23.69371795654297,24.14482307434082,24.540071487426758,24.914409637451172,25.298019409179688,25.702957153320312,26.172372817993164,26.78082847595215,28.41393280029297
23.002304077148438,23.647632598876953,24.141122817993164,24.580659866333008,24.990158081054688,25.405311584472656,25.843544006347656,26.338748931884766,26.977571487426758,28.58452606201172
23.04169464111328,23.654401779174805,24.120615005493164,24.53424644470215,24.928661346435547,25.32062339782715,25.744585037231445,26.233266830444336,26.871431350708008,28.60283660888672
22.995485305786133,23.622127532958984,24.109769821166992,24.542264938354492,24.952848434448242,25.36383628845215,25.801355361938477,26.300552368164062,26.930389404296875,28.57186508178711
23.00613021850586,23.626211166381836,24.119239807128906,24.547313690185547,24.961166381835938,25.37763023376465,25.817768096923828,26.323719024658203,26.966503143310547,28.67742347717285
22.924968719482422,23.57386016845703,24.091796875,24.545440673828125,24.976537704467773,25.38863754272461,25.836746215820312,26.329601287841797,26.957406997680664,28.570220947265625
23.081483840942383,23.67677116394043,24.132564544677734,24.529544830322266,24.908571243286133,25.28745460510254,25.701398849487305,26.182384490966797,26.81243896484375,28.469318389892578
23.056699752807617,23.668922424316406,24.142784118652344,24.551252365112305,24.946796417236328,25.344297409057617,25.768043518066406,26.264822006225586,26.907100677490234,28.618087768554688
23.064002990722656,23.680835723876953,24.15005874633789,24.55864715576172,24.943614959716797,25.328832626342773,25.73516273498535,26.210174560546875,26.820587158203125,28.4902400970459
23.02610206604004,23.63876724243164,24.12114906311035,24.534709930419922,24.92888641357422,25.32233238220215,25.739160537719727,26.215673446655273,26.834278106689453,28.60143280029297
23.048738479614258,23.659008026123047,24.137022018432617,24.54863739013672,24.947267532348633,25.344661712646484,25.772008895874023,26.25769805908203,26.88469123840332,28.49392318725586
23.049448013305664,23.653961181640625,24.127214431762695,24.551666259765625,24.94159698486328,25.345592498779297,25.770523071289062,26.26424217224121,26.907194137573242,28.630565643310547
23.02377700805664,23.641429901123047,24.12578582763672,24.55624771118164,24.955068588256836,25.353464126586914,25.78257942199707,26.26397705078125,26.880050659179688,28.541223526000977
23.045265197753906,23.668476104736328,24.14630889892578,24.565322875976562,24.95579719543457,25.349796295166016,25.769882202148438,26.265722274780273,26.91335105895996,28.632244110107422
23.011133193969727,23.627290725708008,24.111520767211914,24.527660369873047,24.926523208618164,25.32581329345703,25.752798080444336,26.254411697387695,26.914501190185547,28.61224937438965
23.030004501342773,23.64422035217285,24.128782272338867,24.550172805786133,24.944395065307617,25.341856002807617,25.76459503173828,26.245519638061523,26.88701820373535,28.579669952392578
23.03364372253418,23.647003173828125,24.128862380981445,24.549835205078125,24.94985008239746,25.351661682128906,25.78306770324707,26.27988624572754,26.926851272583008,28.607141494750977
23.09244155883789,23.679960250854492,24.128948211669922,24.520038604736328,24.89851188659668,25.279769897460938,25.681167602539062,26.139358520507812,26.745149612426758,28.417524337768555
23.032852172851562,23.635759353637695,24.109378814697266,24.52393913269043,24.91815185546875,25.312898635864258,25.72869873046875,26.207651138305664,26.831260681152344,28.53412628173828
23.076446533203125,23.66877555847168,24.127046585083008,24.52365493774414,24.907928466796875,25.292673110961914,25.704010009765625,26.180164337158203,26.79364776611328,28.556060791015625
23.024009704589844,23.639432907104492,24.125980377197266,24.55388641357422,24.95465660095215,25.355073928833008,25.788692474365234,26.279460906982422,26.928546905517578,28.729217529296875
23.059391021728516,23.67765235900879,24.152029037475586,24.559005737304688,24.95205307006836,25.335168838500977,25.749767303466797,26.228296279907227,26.849483489990234,28.511751174926758
23.046815872192383,23.662384033203125,24.12637710571289,24.530099868774414,24.920448303222656,25.317506790161133,25.735458374023438,26.214441299438477,26.824142456054688,28.40964698791504
23.025890350341797,23.656578063964844,24.150318145751953,24.575315475463867,24.97572898864746,25.37647819519043,25.798828125,26.287548065185547,26.92030906677246,28.6157169342041
23.039579391479492,23.646686553955078,24.12095832824707,24.53285789489746,24.929580688476562,25.326066970825195,25.749250411987305,26.245622634887695,26.894304275512695,28.59967041015625
23.053438186645508,23.665054321289062,24.133554458618164,24.53860092163086,24.931047439575195,25.32064437866211,25.74493980407715,26.219308853149414,26.850910186767578,28.47516441345215
23.117761611938477,23.703170776367188,24.141782760620117,24.529434204101562,24.899808883666992,25.275691986083984,25.68242835998535,26.156227111816406,26.788150787353516,28.471696853637695
23.06452751159668,23.668699264526367,24.137197494506836,24.546354293823242,24.929141998291016,25.317123413085938,25.7392635345459,26.23003387451172,26.871055603027344,28.54872703552246
22.96137237548828,23.603914260864258,24.098468780517578,24.539276123046875,24.955549240112305,25.374494552612305,25.815452575683594,26.329692840576172,26.99514389038086,28.683547973632812
23.061511993408203,23.676015853881836,24.160518646240234,24.576669692993164,24.974519729614258,25.373767852783203,25.792654037475586,26.277982711791992,26.903934478759766,28.551727294921875
22.953222274780273,23.61420440673828,24.127803802490234,24.577674865722656,25.008995056152344,25.425416946411133,25.868581771850586,26.365766525268555,27.016780853271484,28.718523025512695
23.062891006469727,23.680246353149414,24.156417846679688,24.56348419189453,24.95179557800293,25.348451614379883,25.771160125732422,26.255142211914062,26.888883590698242,28.572851181030273
23.06096839904785,23.659578323364258,24.120075225830078,24.524662017822266,24.908992767333984,25.290424346923828,25.701547622680664,26.166488647460938,26.777647018432617,28.37811851501465
23.006250381469727,23.628211975097656,24.11321449279785,24.550352096557617,24.965473175048828,25.38439178466797,25.822216033935547,26.333175659179688,26.9982852935791,28.735193252563477
23.06995391845703,23.662887573242188,24.125329971313477,24.526090621948242,24.91295051574707,25.301563262939453,25.71761131286621,26.199188232421875,26.837844848632812,28.572261810302734
23.076335906982422,23.666654586791992,24.127304077148438,24.53744125366211,24.9199161529541,25.30707550048828,25.712093353271484,26.179927825927734,26.794387817382812,28.433385848999023
23.060354232788086,23.67298126220703,24.133499145507812,24.539457321166992,24.925989151000977,25.313453674316406,25.734832763671875,26.215055465698242,26.855968475341797,28.570140838623047
23.02280044555664,23.64146614074707,24.11438751220703,24.53459930419922,24.925918579101562,25.319021224975586,25.736108779907227,26.224273681640625,26.84464454650879,28.490514755249023
23.061330795288086,23.681930541992188,24.147109985351562,24.555295944213867,24.93665885925293,25.323335647583008,25.740509033203125,26.22028160095215,26.8471622467041,28.509937286376953
23.072376251220703,23.655563354492188,24.107500076293945,24.49698257446289,24.87200164794922,25.244754791259766,25.647228240966797,26.117094039916992,26.730459213256836,28.457090377807617
23.098804473876953,23.68128204345703,24.11515998840332,24.50253677368164,24.87415313720703,25.25437355041504,25.656667709350586,26.123538970947266,26.74695587158203,28.342058181762695
23.104286193847656,23.6965274810791,24.155550003051758,24.555858612060547,24.93056869506836,25.316818237304688,25.730152130126953,26.214115142822266,26.830181121826172,28.48229217529297
23.04955291748047,23.6599178314209,24.133066177368164,24.536205291748047,24.916027069091797,25.299152374267578,25.70564079284668,26.177478790283203,26.780893325805664,28.436559677124023
23.04889488220215,23.675426483154297,24.160160064697266,24.583221435546875,24.97709846496582,25.383939743041992,25.813350677490234,26.30020523071289,26.92837905883789,28.52849769592285
22.980348587036133,23.625593185424805,24.14179229736328,24.584585189819336,25.001914978027344,25.41815948486328,25.855051040649414,26.35260581970215,26.989795684814453,28.696462631225586
23.001815795898438,23.62563133239746,24.12581443786621,24.56020164489746,24.965850830078125,25.372638702392578,25.79850196838379,26.298442840576172,26.94351577758789,28.63352394104004
23.097261428833008,23.705974578857422,24.15676498413086,24.554418563842773,24.931072235107422,25.313724517822266,25.727619171142578,26.206207275390625,26.848308563232422,28.51947784423828
23.056598663330078,23.65827751159668,24.11607551574707,24.525524139404297,24.9067325592041,25.289630889892578,25.699569702148438,26.175012588500977,26.799392700195312,28.503692626953125
23.09288787841797,23.68250846862793,24.13859748840332,24.536603927612305,24.917985916137695,25.300382614135742,25.70838737487793,26.175674438476562,26.797073364257812,28.447851181030273
22.986162185668945,23.62445640563965,24.13516616821289,24.57489013671875,24.990615844726562,25.405765533447266,25.84502410888672,26.34450340270996,26.983142852783203,28.641809463500977
23.044322967529297,23.650131225585938,24.122209548950195,24.534622192382812,24.926664352416992,25.324254989624023,25.746919631958008,26.24181365966797,26.887521743774414,28.59165382385254
23.03165054321289,23.653650283813477,24.132299423217773,24.55121612548828,24.94395637512207,25.331403732299805,25.757070541381836,26.237565994262695,26.87714385986328,28.570964813232422
23.004112243652344,23.631237030029297,24.11935043334961,24.55379867553711,24.96253204345703,25.3704776763916,25.79535484313965,26.29632568359375,26.93058967590332,28.62190818786621
23.02093505859375,23.6628360748291,24.16223907470703,24.595964431762695,25.011127471923828,25.42477035522461,25.862125396728516,26.36321449279785,27.00295066833496,28.63585090637207
23.046445846557617,23.667137145996094,24.150854110717773,24.568069458007812,24.970067977905273,25.376296997070312,25.80517578125,26.303430557250977,26.945833206176758,28.679595947265625
23.02062225341797,23.640581130981445,24.1202335357666,24.537294387817383,24.93402862548828,25.329113006591797,25.75328254699707,26.242191314697266,26.870161056518555,28.56667709350586
23.090181350708008,23.683719635009766,24.137605667114258,24.536888122558594,24.913654327392578,25.298189163208008,25.710710525512695,26.19027328491211,26.79975128173828,28.465787887573242
23.026321411132812,23.645994186401367,24.12862777709961,24.54413604736328,24.94266128540039,25.342790603637695,25.77130699157715,26.25739097595215,26.894437789916992,28.555055618286133
23.062103271484375,23.67327308654785,24.141918182373047,24.5550594329834,24.940399169921875,25.332691192626953,25.750455856323242,26.236316680908203,26.862884521484375,28.573495864868164
23.08920669555664,23.684417724609375,24.146665573120117,24.54376220703125,24.925676345825195,25.309329986572266,25.720535278320312,26.20122718811035,26.837045669555664,28.59079933166504
23.0617733001709,23.68861961364746,24.156320571899414,24.567359924316406,24.95073127746582,25.33521270751953,25.750699996948242,26.234142303466797,26.88105010986328,28.58868408203125
23.06312370300293,23.680856704711914,24.14985466003418,24.563365936279297,24.94695472717285,25.337486267089844,25.755380630493164,26.234634399414062,26.866151809692383,28.555347442626953
23.053621292114258,23.683406829833984,24.16543960571289,24.587587356567383,24.979694366455078,25.38176155090332,25.79802894592285,26.281850814819336,26.917789459228516,28.598291397094727
23.026174545288086,23.64220428466797,24.128427505493164,24.559791564941406,24.959070205688477,25.36678123474121,25.794986724853516,26.275461196899414,26.894262313842773,28.54777717590332
23.076496124267578,23.676973342895508,24.143413543701172,24.546316146850586,24.93807601928711,25.334951400756836,25.76032066345215,26.257719039916992,26.901351928710938,28.578819274902344
23.058879852294922,23.67472267150879,24.143699645996094,24.55059242248535,24.940860748291016,25.326168060302734,25.74030113220215,26.21717643737793,26.832313537597656,28.468523025512695
23.074125289916992,23.688989639282227,24.15780258178711,24.567707061767578,24.950647354125977,25.343502044677734,25.754650115966797,26.229177474975586,26.859418869018555,28.488758087158203
23.020029067993164,23.666357040405273,24.147506713867188,24.581186294555664,24.982995986938477,25.381532669067383,25.799257278442383,26.280534744262695,26.91033363342285,28.505327224731445
23.098602294921875,23.687984466552734,24.141929626464844,24.542381286621094,24.92201042175293,25.29866600036621,25.70469093322754,26.174768447875977,26.781524658203125,28.45050048828125
23.08246421813965,23.67101287841797,24.129444122314453,24.525972366333008,24.908584594726562,25.291776657104492,25.704509735107422,26.183040618896484,26.80206871032715,28.486793518066406
23.0242862701416,23.648902893066406,24.12482261657715,24.545106887817383,24.937437057495117,25.326480865478516,25.741058349609375,26.226579666137695,26.864540100097656,28.599327087402344
23.041217803955078,23.65665054321289,24.142309188842773,24.563892364501953,24.962324142456055,25.354183197021484,25.77644920349121,26.2546329498291,26.873655319213867,28.514846801757812
23.054481506347656,23.682281494140625,24.162824630737305,24.573623657226562,24.95941925048828,25.35195541381836,25.768646240234375,26.245573043823242,26.872758865356445,28.53849220275879
23.087139129638672,23.673498153686523,24.12247085571289,24.51557159423828,24.888803482055664,25.271297454833984,25.682621002197266,26.158203125,26.792648315429688,28.555152893066406
23.006460189819336,23.637248992919922,24.13208770751953,24.554473876953125,24.95461654663086,25.356290817260742,25.78306770324707,26.281076431274414,26.926319122314453,28.662317276000977
23.023168563842773,23.64723014831543,24.12489128112793,24.557851791381836,24.95779800415039,25.36332893371582,25.786014556884766,26.274276733398438,26.92082405090332,28.548547744750977
23.075838088989258,23.69659996032715,24.17273712158203,24.583890914916992,24.9763240814209,25.368526458740234,25.787878036499023,26.282089233398438,26.916732788085938,28.571941375732422
22.977508544921875,23.62110137939453,24.13784408569336,24.574235916137695,24.98996925354004,25.406251907348633,25.842512130737305,26.34530258178711,26.98006820678711,28.611068725585938
23.01039695739746,23.63398551940918,24.10953140258789,24.533823013305664,24.924224853515625,25.321805953979492,25.747220993041992,26.244325637817383,26.891525268554688,28.628786087036133
23.06043243408203,23.66027069091797,24.134244918823242,24.543333053588867,24.936080932617188,25.330339431762695,25.753217697143555,26.24555015563965,26.88220977783203,28.6213436126709
23.028423309326172,23.644222259521484,24.113304138183594,24.540969848632812,24.932954788208008,25.330751419067383,25.75857162475586,26.25075340270996,26.892518997192383,28.566932678222656
23.07042121887207,23.68212890625,24.143203735351562,24.55425262451172,24.94010353088379,25.331573486328125,25.742067337036133,26.216964721679688,26.848838806152344,28.560535430908203
23.100542068481445,23.67558479309082,24.12127685546875,24.510284423828125,24.88383674621582,25.25949478149414,25.665021896362305,26.13853645324707,26.748197555541992,28.451650619506836
23.073883056640625,23.68126678466797,24.14337730407715,24.549030303955078,24.936044692993164,25.320114135742188,25.732769012451172,26.20256996154785,26.832347869873047,28.49028778076172
23.054487228393555,23.659990310668945,24.138656616210938,24.5529842376709,24.94999885559082,25.34850311279297,25.774627685546875,26.274892807006836,26.923599243164062,28.649682998657227
23.078487396240234,23.67415428161621,24.12938690185547,24.52845573425293,24.907018661499023,25.29497528076172,25.708114624023438,26.176734924316406,26.799850463867188,28.516216278076172
23.05453872680664,23.663293838500977,24.139863967895508,24.556255340576172,24.94707489013672,25.337156295776367,25.767637252807617,26.257606506347656,26.884490966796875,28.563440322875977
23.01788330078125,23.65088653564453,24.126737594604492,24.550630569458008,24.947877883911133,25.355785369873047,25.79098892211914,26.288026809692383,26.937320709228516,28.62241554260254
23.050405502319336,23.667755126953125,24.14655876159668,24.551651000976562,24.935335159301758,25.326297760009766,25.742887496948242,26.21896743774414,26.8501033782959,28.524333953857422
23.034805297851562,23.643211364746094,24.12110710144043,24.533735275268555,24.928504943847656,25.319408416748047,25.73317527770996,26.211143493652344,26.830835342407227,28.580257415771484
22.935537338256836,23.592466354370117,24.114429473876953,24.572067260742188,24.9952449798584,25.414878845214844,25.85223388671875,26.35343360900879,27.01618766784668,28.663305282592773
22.963930130004883,23.60196304321289,24.106111526489258,24.538236618041992,24.954389572143555,25.36811065673828,25.80231285095215,26.30328941345215,26.969106674194336,28.71526527404785
23.067930221557617,23.66084098815918,24.12584686279297,24.53347396850586,24.913347244262695,25.30388641357422,25.722341537475586,26.19097328186035,26.809734344482422,28.506668090820312
23.001102447509766,23.63644027709961,24.12433624267578,24.549047470092773,24.951637268066406,25.351343154907227,25.779687881469727,26.262788772583008,26.892274856567383,28.522069931030273
22.962127685546875,23.594423294067383,24.103164672851562,24.54790496826172,24.972272872924805,25.395069122314453,25.83669090270996,26.335195541381836,26.975234985351562,28.667285919189453
23.04473114013672,23.666982650756836,24.152252197265625,24.570539474487305,24.95793342590332,25.356616973876953,25.780649185180664,26.273122787475586,26.91829490661621,28.631694793701172
23.064538955688477,23.6726016998291,24.14177894592285,24.552223205566406,24.937536239624023,25.32724952697754,25.742313385009766,26.216787338256836,26.83400535583496,28.447834014892578
23.040386199951172,23.65069580078125,24.129789352416992,24.54458236694336,24.94423484802246,25.341962814331055,25.77484893798828,26.270910263061523,26.914648056030273,28.681777954101562
23.040367126464844,23.667783737182617,24.14923095703125,24.571041107177734,24.967041015625,25.365564346313477,25.788936614990234,26.284957885742188,26.92925262451172,28.636869430541992
23.01793670654297,23.644142150878906,24.14200210571289,24.566675186157227,24.971540451049805,25.379243850708008,25.80908203125,26.30070686340332,26.927257537841797,28.61946678161621
23.03835105895996,23.653623580932617,24.130250930786133,24.543792724609375,24.9378604888916,25.326770782470703,25.74527931213379,26.23198699951172,26.847213745117188,28.489002227783203
23.135831832885742,23.71237564086914,24.152496337890625,24.53960418701172,24.908687591552734,25.283052444458008,25.694576263427734,26.160640716552734,26.770132064819336,28.434064865112305
23.03445816040039,23.655963897705078,24.126571655273438,24.540742874145508,24.934284210205078,25.324077606201172,25.75469398498535,26.235727310180664,26.867572784423828,28.570941925048828
23.013898849487305,23.653200149536133,24.149423599243164,24.578672409057617,24.987964630126953,25.391986846923828,25.82366371154785,26.31814193725586,26.95596694946289,28.67241668701172
23.00922966003418,23.628698348999023,24.124801635742188,24.551977157592773,24.9565486907959,25.35613441467285,25.7722225189209,26.248489379882812,26.861597061157227,28.622451782226562
23.05552864074707,23.670608520507812,24.142398834228516,24.55529022216797,24.949665069580078,25.345678329467773,25.77376365661621,26.25766944885254,26.87811279296875,28.52794075012207
23.07158660888672,23.67637062072754,24.142623901367188,24.557044982910156,24.95146369934082,25.34266471862793,25.76104164123535,26.250991821289062,26.866130828857422,28.53458023071289
23.06637954711914,23.660232543945312,24.125532150268555,24.532737731933594,24.91461753845215,25.30124282836914,25.708881378173828,26.183507919311523,26.785470962524414,28.363311767578125
23.03888511657715,23.6581974029541,24.118837356567383,24.53276824951172,24.923309326171875,25.311508178710938,25.734477996826172,26.22175407409668,26.873476028442383,28.61092185974121
23.06949234008789,23.67285919189453,24.14392852783203,24.54823875427246,24.933372497558594,25.319684982299805,25.732444763183594,26.2094783782959,26.829296112060547,28.555864334106445
23.013059616088867,23.653169631958008,24.147724151611328,24.580177307128906,24.980987548828125,25.38413429260254,25.802597045898438,26.3024845123291,26.94004249572754,28.691879272460938
22.918838500976562,23.575490951538086,24.08670425415039,24.55172348022461,24.980070114135742,25.403554916381836,25.86383056640625,26.370161056518555,27.02206039428711,28.677881240844727
23.06622886657715,23.66122817993164,24.112363815307617,24.507553100585938,24.88540267944336,25.27016258239746,25.67824363708496,26.151626586914062,26.77036476135254,28.523284912109375
23.04701042175293,23.660905838012695,24.143404006958008,24.565797805786133,24.96194839477539,25.36594009399414,25.79256820678711,26.290136337280273,26.932165145874023,28.68231964111328
23.048837661743164,23.66920280456543,24.154861450195312,24.56604766845703,24.957870483398438,25.35076332092285,25.767230987548828,26.243432998657227,26.84610366821289,28.52153778076172
23.00839614868164,23.644548416137695,24.139060974121094,24.57648277282715,24.99353790283203,25.401321411132812,25.84564781188965,26.334510803222656,26.973251342773438,28.6528377532959
23.066234588623047,23.672876358032227,24.131912231445312,24.535409927368164,24.913249969482422,25.300901412963867,25.72195053100586,26.19321632385254,26.81682777404785,28.499191284179688
22.99790382385254,23.631683349609375,24.119606018066406,24.539499282836914,24.940994262695312,25.335689544677734,25.761316299438477,26.25091552734375,26.89190673828125,28.59600830078125
23.053504943847656,23.654333114624023,24.111955642700195,24.51389503479004,24.895099639892578,25.27992820739746,25.69643211364746,26.172115325927734,26.800939559936523,28.509939193725586
22.97308921813965,23.60367202758789,24.10015106201172,24.531049728393555,24.944700241088867,25.356216430664062,25.787979125976562,26.288503646850586,26.927730560302734,28.62148094177246
23.06899642944336,23.679412841796875,24.14456558227539,24.549467086791992,24.93882179260254,25.326454162597656,25.746055603027344,26.22759246826172,26.840450286865234,28.522369384765625
23.013019561767578,23.637887954711914,24.11809539794922,24.540447235107422,24.940271377563477,25.34462547302246,25.770593643188477,26.263492584228516,26.90835952758789,28.628738403320312
23.010744094848633,23.631410598754883,24.111886978149414,24.53720474243164,24.930679321289062,25.338571548461914,25.765230178833008,26.253999710083008,26.875606536865234,28.537641525268555
23.10978889465332,23.696542739868164,24.147600173950195,24.53864860534668,24.912736892700195,25.29418182373047,25.699050903320312,26.166183471679688,26.773487091064453,28.448612213134766
23.09047508239746,23.676162719726562,24.131155014038086,24.524974822998047,24.90935707092285,25.29596710205078,25.711145401000977,26.195383071899414,26.823453903198242,28.55979347229004
23.03660774230957,23.654312133789062,24.120954513549805,24.5316104888916,24.91627311706543,25.304550170898438,25.714950561523438,26.192367553710938,26.830242156982422,28.475540161132812
23.047700881958008,23.657943725585938,24.128780364990234,24.534208297729492,24.927797317504883,25.31903839111328,25.74694061279297,26.23372459411621,26.892099380493164,28.538612365722656
23.039304733276367,23.645572662353516,24.11444664001465,24.52495574951172,24.905576705932617,25.294771194458008,25.708213806152344,26.187679290771484,26.8002872467041,28.510616302490234
23.018089294433594,23.64451789855957,24.127029418945312,24.550546646118164,24.95514488220215,25.35121726989746,25.776470184326172,26.27048683166504,26.920833587646484,28.612455368041992
23.083736419677734,23.687223434448242,24.152938842773438,24.554716110229492,24.941787719726562,25.328292846679688,25.73883628845215,26.222171783447266,26.85991668701172,28.57636070251465
23.083845138549805,23.681371688842773,24.1400203704834,24.53766441345215,24.91559410095215,25.299659729003906,25.7104549407959,26.177743911743164,26.805681228637695,28.48386573791504
23.0867977142334,23.67550277709961,24.12801170349121,24.524982452392578,24.899391174316406,25.28281593322754,25.69293212890625,26.160503387451172,26.780073165893555,28.39727020263672
22.985759735107422,23.61967658996582,24.1137638092041,24.551137924194336,24.959623336791992,25.37375259399414,25.82088851928711,26.33047866821289,26.9870548248291,28.700668334960938
22.95546531677246,23.596092224121094,24.096534729003906,24.54189109802246,24.955324172973633,25.37027359008789,25.799718856811523,26.303218841552734,26.940963745117188,28.578142166137695
23.041414260864258,23.666475296020508,24.160947799682617,24.586421966552734,24.994186401367188,25.405895233154297,25.842273712158203,26.345794677734375,26.99352264404297,28.694910049438477
23.020734786987305,23.670692443847656,24.163612365722656,24.596351623535156,24.998300552368164,25.39521598815918,25.824005126953125,26.312543869018555,26.96515464782715,28.661828994750977
23.075149536132812,23.67669105529785,24.143306732177734,24.55152702331543,24.932924270629883,25.323413848876953,25.733842849731445,26.223247528076172,26.85388946533203,28.55707359313965
23.014644622802734,23.639753341674805,24.12295913696289,24.547468185424805,24.947595596313477,25.35457992553711,25.782745361328125,26.273996353149414,26.91083526611328,28.622146606445312
23.003087997436523,23.622098922729492,24.107690811157227,24.53436279296875,24.935291290283203,25.342662811279297,25.783721923828125,26.27718734741211,26.93349266052246,28.62047004699707
22.96613883972168,23.61830711364746,24.143857955932617,24.5964412689209,25.021686553955078,25.448640823364258,25.898523330688477,26.405061721801758,27.04937171936035,28.692718505859375
22.90782928466797,23.558359146118164,24.083791732788086,24.54765510559082,24.988468170166016,25.428192138671875,25.868850708007812,26.37408447265625,27.01136589050293,28.699100494384766
22.97092056274414,23.619579315185547,24.126399993896484,24.575029373168945,24.99877166748047,25.416784286499023,25.868682861328125,26.37908935546875,27.046424865722656,28.72145652770996
23.024890899658203,23.655532836914062,24.14929962158203,24.573213577270508,24.974201202392578,25.37092399597168,25.795455932617188,26.2922306060791,26.93796157836914,28.60357093811035
23.043149948120117,23.66446876525879,24.14095687866211,24.556976318359375,24.948801040649414,25.347150802612305,25.766677856445312,26.244564056396484,26.86705207824707,28.584651947021484
23.019695281982422,23.646005630493164,24.136869430541992,24.557374954223633,24.95930290222168,25.362754821777344,25.790006637573242,26.285430908203125,26.930551528930664,28.66661834716797
23.007301330566406,23.64101219177246,24.139741897583008,24.571048736572266,24.969940185546875,25.383617401123047,25.805919647216797,26.294086456298828,26.924331665039062,28.610103607177734
23.00837516784668,23.63502311706543,24.121999740600586,24.550498962402344,24.959957122802734,25.371089935302734,25.805002212524414,26.306304931640625,26.954160690307617,28.65240478515625
22.983240127563477,23.62964630126953,24.12286376953125,24.55728530883789,24.963497161865234,25.370981216430664,25.795902252197266,26.29218292236328,26.92599868774414,28.598861694335938
23.036338806152344,23.660472869873047,24.152359008789062,24.58432388305664,24.995084762573242,25.401735305786133,25.832698822021484,26.324010848999023,26.96881103515625,28.55295181274414
23.010068893432617,23.625852584838867,24.11349868774414,24.533935546875,24.934463500976562,25.336456298828125,25.764528274536133,26.26190948486328,26.906526565551758,28.67138671875
23.016416549682617,23.64710235595703,24.131223678588867,24.55574607849121,24.961103439331055,25.36834144592285,25.80547332763672,26.295936584472656,26.933273315429688,28.629287719726562
23.057880401611328,23.646516799926758,24.108604431152344,24.511491775512695,24.887855529785156,25.273521423339844,25.684219360351562,26.155841827392578,26.76386070251465,28.430625915527344
23.073007583618164,23.672752380371094,24.12895393371582,24.531543731689453,24.907543182373047,25.286643981933594,25.699430465698242,26.16354751586914,26.793380737304688,28.47176170349121
23.06702423095703,23.66624641418457,24.133033752441406,24.5313663482666,24.918132781982422,25.309492111206055,25.725547790527344,26.211156845092773,26.826642990112305,28.481359481811523
22.988447189331055,23.61925506591797,24.123300552368164,24.561124801635742,24.97624969482422,25.38829803466797,25.82017707824707,26.31357765197754,26.950645446777344,28.636730194091797
23.097421646118164,23.691593170166016,24.142356872558594,24.54385757446289,24.92441749572754,25.314002990722656,25.737462997436523,26.22257423400879,26.846359252929688,28.43239402770996
23.045806884765625,23.66303062438965,24.146825790405273,24.563711166381836,24.958398818969727,25.345901489257812,25.766016006469727,26.244543075561523,26.87944984436035,28.58888816833496
23.008480072021484,23.64318084716797,24.144668579101562,24.58112144470215,24.98795509338379,25.393896102905273,25.827924728393555,26.325429916381836,26.9809513092041,28.693523406982422
22.979351043701172,23.62094497680664,24.113872528076172,24.546072006225586,24.956748962402344,25.360179901123047,25.797571182250977,26.298934936523438,26.946571350097656,28.65443992614746
23.055700302124023,23.679100036621094,24.165634155273438,24.578561782836914,24.96913719177246,25.359338760375977,25.775487899780273,26.262035369873047,26.897233963012695,28.59747886657715
23.079851150512695,23.667390823364258,24.118057250976562,24.51757049560547,24.903764724731445,25.28122901916504,25.696062088012695,26.17569923400879,26.81510353088379,28.501399993896484
22.99435043334961,23.631189346313477,24.117509841918945,24.554628372192383,24.974088668823242,25.39356231689453,25.827749252319336,26.32952880859375,26.984397888183594,28.7365779876709
23.042631149291992,23.671266555786133,24.14592933654785,24.572776794433594,24.974931716918945,25.37735366821289,25.798583984375,26.288442611694336,26.921993255615234,28.657806396484375
23.10344886779785,23.67341423034668,24.116239547729492,24.500947952270508,24.873262405395508,25.25152015686035,25.64997673034668,26.112695693969727,26.74036407470703,28.48518943786621
23.061071395874023,23.658889770507812,24.12342071533203,24.52566146850586,24.914714813232422,25.304018020629883,25.721132278442383,26.208969116210938,26.848339080810547,28.592121124267578
23.076580047607422,23.68688201904297,24.15150260925293,24.551551818847656,24.940074920654297,25.33242416381836,25.749555587768555,26.231021881103516,26.85808753967285,28.48773193359375
23.007404327392578,23.64841651916504,24.143939971923828,24.563631057739258,24.962587356567383,25.353687286376953,25.771060943603516,26.243976593017578,26.86330223083496,28.574871063232422
22.969160079956055,23.633773803710938,24.16026496887207,24.60197639465332,25.025178909301758,25.448606491088867,25.898193359375,26.405685424804688,27.054426193237305,28.726585388183594
22.998794555664062,23.63026237487793,24.136064529418945,24.57207679748535,24.981937408447266,25.39824104309082,25.836490631103516,26.329105377197266,26.973873138427734,28.647207260131836
23.056121826171875,23.664613723754883,24.135454177856445,24.540376663208008,24.92760467529297,25.313459396362305,25.72214126586914,26.195064544677734,26.81105613708496,28.561325073242188
23.002967834472656,23.641870498657227,24.137910842895508,24.572301864624023,24.969104766845703,25.38414764404297,25.82240104675293,26.318531036376953,26.966318130493164,28.680858612060547
23.041475296020508,23.65146827697754,24.119945526123047,24.524986267089844,24.915491104125977,25.30996322631836,25.740224838256836,26.221153259277344,26.86916732788086,28.55535316467285
23.017742156982422,23.64855194091797,24.135889053344727,24.570796966552734,24.971120834350586,25.375057220458984,25.811742782592773,26.307846069335938,26.93977928161621,28.576669692993164
23.032386779785156,23.649213790893555,24.133380889892578,24.542524337768555,24.942058563232422,25.344350814819336,25.768224716186523,26.262569427490234,26.90882682800293,28.56247901916504
23.036741256713867,23.64582061767578,24.131067276000977,24.550962448120117,24.952281951904297,25.353269577026367,25.776811599731445,26.266067504882812,26.895463943481445,28.578433990478516
22.96340560913086,23.600727081298828,24.099929809570312,24.544261932373047,24.97355842590332,25.389501571655273,25.844818115234375,26.358510971069336,27.022005081176758,28.769287109375
23.06132698059082,23.678478240966797,24.14226722717285,24.549196243286133,24.935495376586914,25.33034896850586,25.744787216186523,26.217071533203125,26.837066650390625,28.527603149414062
23.03217887878418,23.659881591796875,24.146041870117188,24.570886611938477,24.969118118286133,25.36227798461914,25.78851318359375,26.26898765563965,26.904237747192383,28.609663009643555
23.072938919067383,23.67620277404785,24.143157958984375,24.549362182617188,24.931400299072266,25.325822830200195,25.739669799804688,26.22469711303711,26.84433937072754,28.539804458618164
22.87778663635254,23.553207397460938,24.097631454467773,24.569778442382812,25.012977600097656,25.45402717590332,25.911697387695312,26.425945281982422,27.091787338256836,28.788198471069336
23.04010581970215,23.650239944458008,24.112661361694336,24.517820358276367,24.908052444458008,25.30034637451172,25.71491050720215,26.200260162353516,26.817235946655273,28.494909286499023
23.09601402282715,23.70819664001465,24.16626739501953,24.56336212158203,24.943889617919922,25.333232879638672,25.74381446838379,26.22625160217285,26.853519439697266,28.513961791992188
22.976612091064453,23.622507095336914,24.125558853149414,24.57628631591797,24.992998123168945,25.40115737915039,25.841938018798828,26.34019660949707,26.98198699951172,28.631729125976562
23.08830451965332,23.680442810058594,24.13762664794922,24.541011810302734,24.926359176635742,25.320438385009766,25.734256744384766,26.21796226501465,26.836050033569336,28.503162384033203
23.025859832763672,23.64085578918457,24.123741149902344,24.540510177612305,24.941072463989258,25.33991050720215,25.757495880126953,26.23542594909668,26.860801696777344,28.613784790039062
23.05896759033203,23.667404174804688,24.13959503173828,24.554950714111328,24.94389533996582,25.337879180908203,25.755659103393555,26.220539093017578,26.839462280273438,28.603500366210938
22.977067947387695,23.62394142150879,24.12868309020996,24.574167251586914,24.990859985351562,25.402830123901367,25.839584350585938,26.342681884765625,26.990699768066406,28.683382034301758
22.948179244995117,23.61651039123535,24.13774871826172,24.59187126159668,25.008926391601562,25.42057991027832,25.859310150146484,26.353015899658203,26.996225357055664,28.69406509399414
23.068822860717773,23.683691024780273,24.164457321166992,24.571622848510742,24.961240768432617,25.350492477416992,25.764678955078125,26.244699478149414,26.86954689025879,28.601383209228516
23.01761245727539,23.63959503173828,24.133573532104492,24.555208206176758,24.95634651184082,25.359115600585938,25.785324096679688,26.27618408203125,26.900901794433594,28.603145599365234
23.09166717529297,23.698068618774414,24.154911041259766,24.552640914916992,24.927236557006836,25.316774368286133,25.728065490722656,26.203874588012695,26.846675872802734,28.496795654296875
23.04950714111328,23.659482955932617,24.11745834350586,24.518505096435547,24.90485954284668,25.291263580322266,25.707794189453125,26.192352294921875,26.814661026000977,28.50339698791504
23.094478607177734,23.68109130859375,24.12587547302246,24.518871307373047,24.896278381347656,25.27823257446289,25.685649871826172,26.161136627197266,26.786624908447266,28.514694213867188
23.078622817993164,23.678024291992188,24.129261016845703,24.53160858154297,24.915002822875977,25.297679901123047,25.710758209228516,26.19035530090332,26.82663917541504,28.52387046813965
23.083171844482422,23.675519943237305,24.13885498046875,24.540754318237305,24.929779052734375,25.32020378112793,25.734201431274414,26.20887565612793,26.82242774963379,28.489877700805664
23.045909881591797,23.663339614868164,24.13136100769043,24.546030044555664,24.93260383605957,25.32135009765625,25.74408531188965,26.222806930541992,26.845129013061523,28.52752685546875
23.088306427001953,23.689224243164062,24.14216423034668,24.538320541381836,24.91629409790039,25.29866600036621,25.712982177734375,26.188302993774414,26.813430786132812,28.488073348999023
23.09069061279297,23.69344139099121,24.15244483947754,24.558303833007812,24.93368911743164,25.317041397094727,25.731233596801758,26.216339111328125,26.829870223999023,28.505651473999023
22.94402503967285,23.599987030029297,24.119871139526367,24.577537536621094,25.008163452148438,25.42671012878418,25.87090492248535,26.36805534362793,27.002883911132812,28.73232078552246
23.069128036499023,23.685373306274414,24.16600227355957,24.57687759399414,24.96928596496582,25.365467071533203,25.786001205444336,26.27164649963379,26.896591186523438,28.60418128967285
23.018569946289062,23.63317108154297,24.112567901611328,24.533161163330078,24.92351531982422,25.316781997680664,25.746469497680664,26.238195419311523,26.874887466430664,28.5969295501709
23.071361541748047,23.66924476623535,24.127506256103516,24.53101921081543,24.913379669189453,25.30365753173828,25.717403411865234,26.1965274810791,26.82457160949707,28.565343856811523
22.97972869873047,23.625669479370117,24.124853134155273,24.558706283569336,24.95829963684082,25.360633850097656,25.78021812438965,26.269214630126953,26.913942337036133,28.615524291992188
23.089834213256836,23.68549156188965,24.137460708618164,24.5380859375,24.920578002929688,25.31185531616211,25.73350715637207,26.21038818359375,26.833833694458008,28.50472640991211
23.077856063842773,23.679609298706055,24.145538330078125,24.544517517089844,24.92949676513672,25.31752586364746,25.734342575073242,26.224668502807617,26.867713928222656,28.56768226623535
22.996402740478516,23.620830535888672,24.125228881835938,24.563236236572266,24.97698402404785,25.389883041381836,25.840787887573242,26.349842071533203,27.004756927490234,28.711702346801758
22.97106170654297,23.614459991455078,24.113479614257812,24.558902740478516,24.968473434448242,25.391807556152344,25.833707809448242,26.348047256469727,26.997417449951172,28.774396896362305
23.038171768188477,23.654565811157227,24.124061584472656,24.53801727294922,24.925861358642578,25.321306228637695,25.74550437927246,26.23676109313965,26.862207412719727,28.54345703125
23.071949005126953,23.674659729003906,24.140796661376953,24.542444229125977,24.925628662109375,25.31998062133789,25.736642837524414,26.22157859802246,26.839658737182617,28.534652709960938
22.878650665283203,23.539709091186523,24.065950393676758,24.527986526489258,24.967792510986328,25.40568733215332,25.87135887145996,26.401473999023438,27.07632827758789,28.781352996826172
23.054555892944336,23.67469024658203,24.151121139526367,24.564849853515625,24.95517921447754,25.350595474243164,25.767215728759766,26.256229400634766,26.89967918395996,28.53113555908203
23.098161697387695,23.69125747680664,24.134891510009766,24.53482437133789,24.913822174072266,25.295921325683594,25.707271575927734,26.16785430908203,26.781997680664062,28.483129501342773
23.069913864135742,23.6660213470459,24.120418548583984,24.517051696777344,24.894695281982422,25.281963348388672,25.694753646850586,26.175851821899414,26.816221237182617,28.49113655090332
22.841808319091797,23.502824783325195,24.046680450439453,24.534852981567383,25.003700256347656,25.459686279296875,25.951318740844727,26.495588302612305,27.187450408935547,28.855806350708008
23.078125,23.675952911376953,24.142553329467773,24.546859741210938,24.937862396240234,25.332775115966797,25.75330924987793,26.239131927490234,26.870986938476562,28.574132919311523
23.08049964904785,23.667346954345703,24.115205764770508,24.515235900878906,24.89760971069336,25.283954620361328,25.698348999023438,26.190505981445312,26.83293342590332,28.535327911376953
23.041475296020508,23.65911293029785,24.13294219970703,24.546911239624023,24.938875198364258,25.338672637939453,25.760263442993164,26.239004135131836,26.858394622802734,28.497514724731445
23.04235076904297,23.641765594482422,24.10919189453125,24.521501541137695,24.90370750427246,25.295896530151367,25.70639991760254,26.18589973449707,26.819717407226562,28.507892608642578
23.00570297241211,23.642681121826172,24.12885284423828,24.560178756713867,24.974140167236328,25.39209747314453,25.82828140258789,26.330001831054688,26.95757293701172,28.622278213500977
23.045644760131836,23.652690887451172,24.125137329101562,24.530841827392578,24.917888641357422,25.30119514465332,25.708847045898438,26.18861198425293,26.832975387573242,28.610557556152344
23.05113983154297,23.66545867919922,24.141189575195312,24.5529842376709,24.942758560180664,25.33478355407715,25.755706787109375,26.241840362548828,26.869644165039062,28.55089569091797
23.065399169921875,23.685794830322266,24.154748916625977,24.566082000732422,24.962114334106445,25.356782913208008,25.780729293823242,26.26695442199707,26.87750816345215,28.538864135742188
23.05132484436035,23.660655975341797,24.12529182434082,24.528596878051758,24.917964935302734,25.31333351135254,25.72740936279297,26.20865821838379,26.833450317382812,28.493896484375
23.08759117126465,23.69084930419922,24.152599334716797,24.55816650390625,24.935333251953125,25.312978744506836,25.726699829101562,26.1982364654541,26.81667137145996,28.436702728271484
23.047901153564453,23.65912628173828,24.13714599609375,24.547836303710938,24.939733505249023,25.332433700561523,25.752002716064453,26.235334396362305,26.860774993896484,28.650888442993164
23.072233200073242,23.681550979614258,24.141265869140625,24.546968460083008,24.92596435546875,25.316818237304688,25.73733139038086,26.218050003051758,26.853015899658203,28.561735153198242
22.961265563964844,23.60590934753418,24.108470916748047,24.54973793029785,24.957284927368164,25.364749908447266,25.79437255859375,26.274517059326172,26.90630340576172,28.570951461791992
23.018741607666016,23.64158058166504,24.11371421813965,24.530324935913086,24.928104400634766,25.32533836364746,25.75324058532715,26.23215103149414,26.853418350219727,28.504714965820312
23.03402328491211,23.637819290161133,24.106891632080078,24.516162872314453,24.896102905273438,25.28057098388672,25.694372177124023,26.16931915283203,26.79354476928711,28.455366134643555
23.087039947509766,23.68350601196289,24.145776748657227,24.544803619384766,24.931663513183594,25.321775436401367,25.74115753173828,26.230300903320312,26.866769790649414,28.58511734008789
23.081026077270508,23.672576904296875,24.12623405456543,24.526737213134766,24.90191650390625,25.28414535522461,25.693674087524414,26.167713165283203,26.77672576904297,28.432296752929688
22.954294204711914,23.599016189575195,24.11336898803711,24.566329956054688,24.985910415649414,25.404253005981445,25.84060287475586,26.34918785095215,26.9990234375,28.647790908813477
23.078025817871094,23.674726486206055,24.131792068481445,24.525331497192383,24.905410766601562,25.287620544433594,25.6987361907959,26.16510009765625,26.777772903442383,28.448013305664062
22.917823791503906,23.579486846923828,24.112409591674805,24.586753845214844,25.030841827392578,25.470928192138672,25.921188354492188,26.4287052154541,27.067523956298828,28.733631134033203
23.081037521362305,23.67097282409668,24.127059936523438,24.51864242553711,24.89629554748535,25.275192260742188,25.685606002807617,26.162858963012695,26.776779174804688,28.495529174804688
23.071321487426758,23.672555923461914,24.12812614440918,24.533771514892578,24.916175842285156,25.304990768432617,25.72498893737793,26.195650100708008,26.831985473632812,28.51164436340332
23.03713607788086,23.65508270263672,24.121809005737305,24.544065475463867,24.93578338623047,25.334489822387695,25.75692367553711,26.241592407226562,26.884614944458008,28.61469078063965
23.065397262573242,23.664142608642578,24.134363174438477,24.535730361938477,24.922199249267578,25.30971336364746,25.721033096313477,26.197378158569336,26.82628631591797,28.505952835083008
23.078338623046875,23.68715476989746,24.147310256958008,24.557411193847656,24.94609832763672,25.343629837036133,25.765348434448242,26.252431869506836,26.867712020874023,28.47760581970215
23.056734085083008,23.678977966308594,24.161476135253906,24.56989097595215,24.9561710357666,25.340869903564453,25.74720001220703,26.217693328857422,26.830610275268555,28.521434783935547
23.11947250366211,23.71551513671875,24.170936584472656,24.56524085998535,24.942556381225586,25.326061248779297,25.741125106811523,26.212331771850586,26.8425235748291,28.480270385742188
22.913524627685547,23.574644088745117,24.105682373046875,24.571664810180664,25.01364517211914,25.44282341003418,25.88802146911621,26.397579193115234,27.031211853027344,28.690258026123047
23.074607849121094,23.66253089904785,24.114582061767578,24.50770378112793,24.898834228515625,25.285049438476562,25.698558807373047,26.173736572265625,26.79502296447754,28.442956924438477
23.02595329284668,23.64982032775879,24.13520050048828,24.555450439453125,24.94529151916504,25.339120864868164,25.759109497070312,26.248504638671875,26.871341705322266,28.58339500427246
22.95965003967285,23.609420776367188,24.12812042236328,24.575786590576172,24.99892234802246,25.42189598083496,25.866422653198242,26.370086669921875,27.015975952148438,28.699365615844727
23.040771484375,23.661598205566406,24.135576248168945,24.545734405517578,24.941423416137695,25.345365524291992,25.76462745666504,26.252094268798828,26.86819076538086,28.541275024414062
23.099864959716797,23.690942764282227,24.149625778198242,24.541446685791016,24.91567611694336,25.30107879638672,25.708820343017578,26.183778762817383,26.794261932373047,28.442176818847656
23.08624839782715,23.678369522094727,24.13621711730957,24.536306381225586,24.924766540527344,25.315134048461914,25.732236862182617,26.205289840698242,26.84332847595215,28.588987350463867
23.052196502685547,23.66876983642578,24.14433479309082,24.568090438842773,24.954627990722656,25.34520149230957,25.76774024963379,26.260297775268555,26.899267196655273,28.588241577148438
22.97625732421875,23.605249404907227,24.108266830444336,24.54644012451172,24.963285446166992,25.378175735473633,25.811126708984375,26.30390167236328,26.9374942779541,28.63680648803711
23.044025421142578,23.64910125732422,24.115718841552734,24.532779693603516,24.92390251159668,25.32859230041504,25.757518768310547,26.256500244140625,26.898855209350586,28.654035568237305
23.05280876159668,23.65520477294922,24.127309799194336,24.53992462158203,24.93197250366211,25.326026916503906,25.756729125976562,26.23960304260254,26.870590209960938,28.526683807373047
23.003475189208984,23.644208908081055,24.133085250854492,24.559511184692383,24.952775955200195,25.35504722595215,25.777360916137695,26.270050048828125,26.909217834472656,28.639684677124023
22.976043701171875,23.6046199798584,24.10078239440918,24.535856246948242,24.95002555847168,25.367834091186523,25.80948257446289,26.304967880249023,26.956769943237305,28.6791934967041
23.05940818786621,23.678361892700195,24.159772872924805,24.57114601135254,24.964933395385742,25.357746124267578,25.771995544433594,26.256195068359375,26.879077911376953,28.58688735961914
23.09171485900879,23.686199188232422,24.141883850097656,24.54427719116211,24.92755126953125,25.31122589111328,25.73318099975586,26.208702087402344,26.848419189453125,28.466520309448242
23.095993041992188,23.69274139404297,24.143386840820312,24.54124641418457,24.923181533813477,25.30851936340332,25.72319984436035,26.19756507873535,26.82294273376465,28.576704025268555
23.046062469482422,23.652711868286133,24.124557495117188,24.535202026367188,24.930622100830078,25.325164794921875,25.748394012451172,26.229501724243164,26.857921600341797,28.43381690979004
23.080961227416992,23.68307876586914,24.142784118652344,24.545612335205078,24.92934226989746,25.322757720947266,25.739463806152344,26.22718048095703,26.857257843017578,28.499637603759766
23.011919021606445,23.65099334716797,24.158641815185547,24.594839096069336,25.005430221557617,25.414867401123047,25.84613037109375,26.342636108398438,26.987258911132812,28.701690673828125
23.07561683654785,23.66374969482422,24.122472763061523,24.524446487426758,24.90790557861328,25.304819107055664,25.721445083618164,26.21295166015625,26.854663848876953,28.55431365966797
23.083654403686523,23.683664321899414,24.138046264648438,24.536117553710938,24.9166202545166,25.305213928222656,25.718326568603516,26.18682861328125,26.822742462158203,28.461463928222656
22.976133346557617,23.633926391601562,24.1494083404541,24.601871490478516,25.016393661499023,25.42987823486328,25.86907386779785,26.36919403076172,27.021560668945312,28.644983291625977
23.055625915527344,23.66373062133789,24.13002586364746,24.53339385986328,24.912078857421875,25.29623031616211,25.712677001953125,26.185327529907227,26.808725357055664,28.500337600708008
23.027463912963867,23.643381118774414,24.125423431396484,24.540035247802734,24.936737060546875,25.335420608520508,25.763959884643555,26.26555061340332,26.906503677368164,28.608562469482422
23.0593318939209,23.658729553222656,24.127159118652344,24.542593002319336,24.933666229248047,25.331388473510742,25.752994537353516,26.23737907409668,26.881729125976562,28.619916915893555
22.998477935791016,23.62690544128418,24.127668380737305,24.565326690673828,24.985397338867188,25.393648147583008,25.829633712768555,26.339197158813477,26.97791290283203,28.717079162597656
23.018417358398438,23.621410369873047,24.10963249206543,24.52806282043457,24.92499542236328,25.325424194335938,25.755502700805664,26.243810653686523,26.881216049194336,28.505674362182617
23.04646110534668,23.659210205078125,24.13214683532715,24.543630599975586,24.93181037902832,25.325862884521484,25.74910545349121,26.23011016845703,26.848342895507812,28.452672958374023
22.964435577392578,23.611772537231445,24.128894805908203,24.57268714904785,24.99012565612793,25.403928756713867,25.83599281311035,26.328893661499023,26.953603744506836,28.60549545288086
22.986722946166992,23.617237091064453,24.12105941772461,24.564847946166992,24.977859497070312,25.399751663208008,25.826580047607422,26.33266258239746,27.002779006958008,28.72550392150879
23.012353897094727,23.64255142211914,24.132030487060547,24.55940055847168,24.9580020904541,25.358856201171875,25.787988662719727,26.280508041381836,26.925167083740234,28.61162567138672
23.077425003051758,23.6784725189209,24.130046844482422,24.53116798400879,24.915632247924805,25.303890228271484,25.708724975585938,26.171859741210938,26.789825439453125,28.450332641601562
22.942493438720703,23.59123992919922,24.094987869262695,24.543886184692383,24.961450576782227,25.381649017333984,25.81315040588379,26.317697525024414,26.94988441467285,28.650522232055664
23.071739196777344,23.679851531982422,24.150327682495117,24.549739837646484,24.932085037231445,25.316650390625,25.728652954101562,26.204330444335938,26.818696975708008,28.495372772216797
23.04231834411621,23.67206382751465,24.14604377746582,24.56354522705078,24.963376998901367,25.354677200317383,25.781972885131836,26.261951446533203,26.895132064819336,28.555049896240234
23.098384857177734,23.68423080444336,24.135440826416016,24.526681900024414,24.905818939208984,25.27900505065918,25.687143325805664,26.154399871826172,26.77672004699707,28.49720001220703
23.017059326171875,23.64849090576172,24.13583755493164,24.559200286865234,24.965579986572266,25.367170333862305,25.799631118774414,26.30010414123535,26.934402465820312,28.644214630126953
23.07956314086914,23.675010681152344,24.14210319519043,24.543500900268555,24.923511505126953,25.314603805541992,25.732725143432617,26.20059585571289,26.82893943786621,28.50556182861328
23.07826042175293,23.69127082824707,24.170185089111328,24.580976486206055,24.971765518188477,25.36272430419922,25.774620056152344,26.25157356262207,26.873294830322266,28.59844398498535
23.031089782714844,23.65956687927246,24.134248733520508,24.55074691772461,24.937131881713867,25.32537269592285,25.745248794555664,26.219451904296875,26.842437744140625,28.555770874023438
23.087791442871094,23.688615798950195,24.14451026916504,24.547094345092773,24.92864990234375,25.313173294067383,25.72210121154785,26.19636344909668,26.826507568359375,28.5302791595459
23.02574920654297,23.65412139892578,24.137895584106445,24.565704345703125,24.965200424194336,25.377042770385742,25.79743003845215,26.28908920288086,26.917938232421875,28.56401824951172
23.051382064819336,23.662168502807617,24.129884719848633,24.532867431640625,24.923614501953125,25.3121395111084,25.72442626953125,26.202789306640625,26.832199096679688,28.517316818237305
23.084901809692383,23.703697204589844,24.180551528930664,24.58293342590332,24.96963882446289,25.36009979248047,25.773340225219727,26.253629684448242,26.883657455444336,28.589284896850586
23.08375358581543,23.67482566833496,24.121261596679688,24.524682998657227,24.902605056762695,25.282554626464844,25.692659378051758,26.171857833862305,26.786001205444336,28.442001342773438
23.10834503173828,23.69322967529297,24.13787078857422,24.532611846923828,24.904376983642578,25.280214309692383,25.68468475341797,26.148517608642578,26.770126342773438,28.474788665771484
23.028818130493164,23.652925491333008,24.137876510620117,24.56279945373535,24.959327697753906,25.358993530273438,25.78280258178711,26.2731876373291,26.906972885131836,28.595458984375
23.01514434814453,23.641891479492188,24.126148223876953,24.540437698364258,24.927600860595703,25.316953659057617,25.73256492614746,26.202592849731445,26.819942474365234,28.566123962402344
23.037166595458984,23.668310165405273,24.157691955566406,24.57147216796875,24.967281341552734,25.36481285095215,25.785537719726562,26.277040481567383,26.918115615844727,28.624103546142578
23.022443771362305,23.66449737548828,24.151691436767578,24.572555541992188,24.97402000427246,25.36606788635254,25.79876708984375,26.296634674072266,26.932052612304688,28.649215698242188
23.131559371948242,23.713605880737305,24.157732009887695,24.544376373291016,24.919631958007812,25.29981231689453,25.713899612426758,26.190011978149414,26.83405876159668,28.581504821777344
22.857328414916992,23.51531982421875,24.055084228515625,24.542394638061523,24.994068145751953,25.441547393798828,25.915496826171875,26.442821502685547,27.111257553100586,28.73569679260254
22.934907913208008,23.584325790405273,24.108640670776367,24.55771827697754,24.99260902404785,25.409696578979492,25.8606014251709,26.360666275024414,27.011703491210938,28.69809913635254
23.014463424682617,23.650781631469727,24.14919090270996,24.57264518737793,24.972705841064453,25.37372589111328,25.798593521118164,26.29205322265625,26.93071937561035,28.644657135009766
23.03176498413086,23.658374786376953,24.136260986328125,24.55773162841797,24.957216262817383,25.35159683227539,25.7895565032959,26.2773380279541,26.907094955444336,28.573074340820312
23.03769874572754,23.662967681884766,24.13971519470215,24.556657791137695,24.95327377319336,25.35097312927246,25.76730728149414,26.25124168395996,26.88656234741211,28.52596092224121
23.070682525634766,23.666486740112305,24.12896156311035,24.52766990661621,24.90528678894043,25.290130615234375,25.7021427154541,26.16958999633789,26.78713035583496,28.452613830566406
23.045320510864258,23.663387298583984,24.120731353759766,24.532447814941406,24.922807693481445,25.31032943725586,25.732738494873047,26.20861053466797,26.813674926757812,28.50067710876465
23.05982208251953,23.672975540161133,24.15326690673828,24.566619873046875,24.962425231933594,25.358434677124023,25.777034759521484,26.26714324951172,26.905012130737305,28.621505737304688
22.88850975036621,23.554765701293945,24.094606399536133,24.5657901763916,25.02253532409668,25.46570587158203,25.93451690673828,26.458858489990234,27.133136749267578,28.817102432250977
23.049034118652344,23.645784378051758,24.10840606689453,24.51868438720703,24.909263610839844,25.300579071044922,25.726089477539062,26.1975040435791,26.81879234313965,28.55211639404297
22.977493286132812,23.624988555908203,24.128381729125977,24.561872482299805,24.974327087402344,25.37288475036621,25.79500961303711,26.28810691833496,26.915084838867188,28.568496704101562
23.004676818847656,23.629465103149414,24.11229133605957,24.541648864746094,24.94970703125,25.356351852416992,25.789703369140625,26.30605125427246,26.957849502563477,28.69449234008789
23.08046531677246,23.67387580871582,24.131378173828125,24.52336311340332,24.902259826660156,25.281278610229492,25.686052322387695,26.15622329711914,26.77313995361328,28.47637367248535
23.062606811523438,23.660194396972656,24.13257598876953,24.541364669799805,24.932355880737305,25.32486915588379,25.747602462768555,26.23407554626465,26.877124786376953,28.59861183166504
23.049800872802734,23.655832290649414,24.115732192993164,24.53242301940918,24.921415328979492,25.321924209594727,25.746179580688477,26.23040771484375,26.8688907623291,28.573827743530273
23.075937271118164,23.66651153564453,24.129398345947266,24.535968780517578,24.916824340820312,25.30867576599121,25.732128143310547,26.219982147216797,26.852813720703125,28.44468879699707
22.971208572387695,23.61085319519043,24.125213623046875,24.575332641601562,24.990385055541992,25.403200149536133,25.832340240478516,26.322834014892578,26.960264205932617,28.78196144104004
23.022624969482422,23.639429092407227,24.128328323364258,24.549270629882812,24.950672149658203,25.351041793823242,25.773574829101562,26.2680721282959,26.90179443359375,28.585683822631836
23.12141227722168,23.71062469482422,24.163209915161133,24.559616088867188,24.938995361328125,25.321147918701172,25.72837257385254,26.189197540283203,26.80728530883789,28.426467895507812
22.921457290649414,23.577346801757812,24.106599807739258,24.57723617553711,25.012983322143555,25.44834327697754,25.904632568359375,26.417545318603516,27.06746482849121,28.754568099975586
23.0368709564209,23.658855438232422,24.135208129882812,24.558151245117188,24.954648971557617,25.356916427612305,25.782041549682617,26.281761169433594,26.92576026916504,28.667850494384766
22.89246940612793,23.554882049560547,24.088626861572266,24.552108764648438,24.988826751708984,25.428333282470703,25.889291763305664,26.40888214111328,27.06561279296875,28.783382415771484
23.06237030029297,23.668697357177734,24.139928817749023,24.5418643951416,24.924354553222656,25.304527282714844,25.71088409423828,26.184219360351562,26.805416107177734,28.546871185302734
23.040529251098633,23.668140411376953,24.15521240234375,24.5684871673584,24.965496063232422,25.367393493652344,25.7880916595459,26.265140533447266,26.88701820373535,28.54776954650879
23.049999237060547,23.67878532409668,24.15525245666504,24.563570022583008,24.953941345214844,25.341623306274414,25.75103759765625,26.2302188873291,26.858718872070312,28.601608276367188
23.036026000976562,23.647743225097656,24.12440299987793,24.54332733154297,24.933876037597656,25.332107543945312,25.746841430664062,26.234203338623047,26.866622924804688,28.501953125
22.971622467041016,23.606821060180664,24.104772567749023,24.54485321044922,24.94949722290039,25.357532501220703,25.79050636291504,26.284162521362305,26.91588020324707,28.56941032409668
23.04290008544922,23.655303955078125,24.137056350708008,24.546356201171875,24.935577392578125,25.323820114135742,25.73430061340332,26.21033477783203,26.840669631958008,28.596529006958008
23.004745483398438,23.62919807434082,24.122053146362305,24.55690574645996,24.960552215576172,25.378009796142578,25.809120178222656,26.307872772216797,26.943674087524414,28.590744018554688
23.06548309326172,23.65337371826172,24.119516372680664,24.52626609802246,24.9083309173584,25.29624366760254,25.71544647216797,26.19634437561035,26.827701568603516,28.53160285949707
23.049955368041992,23.662254333496094,24.13380241394043,24.552656173706055,24.9389591217041,25.333946228027344,25.75231170654297,26.237411499023438,26.866500854492188,28.5424861907959
23.059587478637695,23.675310134887695,24.140636444091797,24.548242568969727,24.93372917175293,25.320810317993164,25.737140655517578,26.21793556213379,26.83135986328125,28.502382278442383
23.024484634399414,23.640989303588867,24.122163772583008,24.535411834716797,24.93205451965332,25.32939910888672,25.74895668029785,26.228317260742188,26.837121963500977,28.57646942138672
23.02552032470703,23.64449691772461,24.128652572631836,24.55561065673828,24.959636688232422,25.369600296020508,25.802322387695312,26.300283432006836,26.95060920715332,28.655029296875
23.027862548828125,23.65683937072754,24.134002685546875,24.556068420410156,24.956283569335938,25.352447509765625,25.78091812133789,26.267742156982422,26.904949188232422,28.59166145324707
23.06525993347168,23.672809600830078,24.13770866394043,24.543840408325195,24.9367733001709,25.3291072845459,25.751480102539062,26.241981506347656,26.882726669311523,28.612586975097656
23.081098556518555,23.678857803344727,24.1273250579834,24.53038215637207,24.90753173828125,25.288074493408203,25.702346801757812,26.17542266845703,26.8222713470459,28.502553939819336
23.053462982177734,23.673236846923828,24.160480499267578,24.577661514282227,24.976343154907227,25.37811279296875,25.804410934448242,26.29679298400879,26.922428131103516,28.609304428100586
23.08932113647461,23.681766510009766,24.135061264038086,24.531497955322266,24.905864715576172,25.29183006286621,25.700639724731445,26.169898986816406,26.791515350341797,28.425994873046875
23.04828643798828,23.678695678710938,24.16222381591797,24.582000732421875,24.978546142578125,25.375286102294922,25.798616409301758,26.283273696899414,26.915355682373047,28.555849075317383
23.111379623413086,23.68977165222168,24.131175994873047,24.524120330810547,24.89695167541504,25.27528953552246,25.67806625366211,26.135156631469727,26.740076065063477,28.429302215576172
23.021512985229492,23.65110969543457,24.149065017700195,24.577436447143555,24.987138748168945,25.391437530517578,25.823183059692383,26.315414428710938,26.941158294677734,28.536945343017578
23.064220428466797,23.67876434326172,24.15576171875,24.560266494750977,24.948741912841797,25.340072631835938,25.75849151611328,26.243255615234375,26.864574432373047,28.52162742614746
22.947803497314453,23.593990325927734,24.10588264465332,24.56519889831543,25.005460739135742,25.428308486938477,25.883464813232422,26.398340225219727,27.053298950195312,28.67499542236328
23.102508544921875,23.697486877441406,24.155881881713867,24.554372787475586,24.931556701660156,25.314226150512695,25.724933624267578,26.20418357849121,26.84197998046875,28.5573787689209
23.024919509887695,23.642364501953125,24.119205474853516,24.539941787719727,24.937419891357422,25.342838287353516,25.771745681762695,26.27452850341797,26.919214248657227,28.591632843017578
23.011226654052734,23.639846801757812,24.134723663330078,24.56070327758789,24.972017288208008,25.377429962158203,25.81085777282715,26.314355850219727,26.945392608642578,28.59787368774414
23.052837371826172,23.66071891784668,24.133121490478516,24.53862953186035,24.927837371826172,25.317054748535156,25.734413146972656,26.222047805786133,26.849689483642578,28.547592163085938
22.99005126953125,23.610891342163086,24.1053409576416,24.540159225463867,24.948455810546875,25.355796813964844,25.787782669067383,26.293304443359375,26.949230194091797,28.680675506591797
23.030611038208008,23.643798828125,24.120559692382812,24.540000915527344,24.937070846557617,25.329322814941406,25.744823455810547,26.227041244506836,26.874380111694336,28.626291275024414
23.03067398071289,23.66474151611328,24.137649536132812,24.562042236328125,24.95397186279297,25.352134704589844,25.76960563659668,26.259902954101562,26.89235496520996,28.521154403686523
22.990619659423828,23.61871337890625,24.116580963134766,24.544660568237305,24.95173454284668,25.35926055908203,25.7897891998291,26.286409378051758,26.91533660888672,28.496063232421875
23.068952560424805,23.659873962402344,24.120431900024414,24.51716423034668,24.900171279907227,25.28064727783203,25.684511184692383,26.153770446777344,26.769742965698242,28.485733032226562
23.026691436767578,23.654098510742188,24.151288986206055,24.578744888305664,24.982593536376953,25.392032623291016,25.82080078125,26.319589614868164,26.96940040588379,28.622114181518555
23.091129302978516,23.692720413208008,24.151620864868164,24.54932975769043,24.927854537963867,25.30877685546875,25.716716766357422,26.183944702148438,26.79871368408203,28.494548797607422
23.027557373046875,23.641674041748047,24.118741989135742,24.535669326782227,24.931673049926758,25.32775115966797,25.746076583862305,26.22037124633789,26.84949493408203,28.522735595703125
23.005298614501953,23.639753341674805,24.12389373779297,24.55064582824707,24.952470779418945,25.359344482421875,25.787782669067383,26.28548812866211,26.909412384033203,28.48027801513672
23.06568717956543,23.669443130493164,24.137575149536133,24.539688110351562,24.92620277404785,25.313631057739258,25.728321075439453,26.20861053466797,26.824512481689453,28.49186134338379
23.06338882446289,23.676332473754883,24.152633666992188,24.562713623046875,24.959394454956055,25.352081298828125,25.778282165527344,26.26898956298828,26.89309310913086,28.55940818786621
23.00029182434082,23.628902435302734,24.119367599487305,24.55523681640625,24.960567474365234,25.36151123046875,25.78645896911621,26.272010803222656,26.89781379699707,28.585817337036133
23.112897872924805,23.707136154174805,24.156404495239258,24.55181312561035,24.92725944519043,25.312440872192383,25.72016143798828,26.193674087524414,26.814849853515625,28.514245986938477
22.875947952270508,23.54450798034668,24.085737228393555,24.56351089477539,25.011783599853516,25.468605041503906,25.93947982788086,26.46712875366211,27.1313419342041,28.845184326171875
23.03578758239746,23.657520294189453,24.14319610595703,24.55748748779297,24.953027725219727,25.34807014465332,25.76716423034668,26.250619888305664,26.870914459228516,28.555946350097656
23.038982391357422,23.65302085876465,24.133363723754883,24.55780792236328,24.951398849487305,25.344745635986328,25.76605987548828,26.24777603149414,26.89391326904297,28.560333251953125
22.967126846313477,23.634119033813477,24.14200782775879,24.593496322631836,25.019886016845703,25.440292358398438,25.89381980895996,26.40142059326172,27.038145065307617,28.691186904907227
23.082860946655273,23.678741455078125,24.13743782043457,24.539871215820312,24.920684814453125,25.3054141998291,25.71766471862793,26.18953514099121,26.80841636657715,28.472152709960938
23.068662643432617,23.668100357055664,24.11543083190918,24.52073860168457,24.911062240600586,25.308597564697266,25.729761123657227,26.211854934692383,26.843460083007812,28.52227783203125
23.043107986450195,23.66265869140625,24.145259857177734,24.55537223815918,24.947553634643555,25.342504501342773,25.760223388671875,26.242023468017578,26.871206283569336,28.588953018188477
23.015722274780273,23.636980056762695,24.120012283325195,24.543270111083984,24.943479537963867,25.347564697265625,25.767440795898438,26.253780364990234,26.873153686523438,28.493000030517578
22.97536849975586,23.604957580566406,24.10915184020996,24.54042625427246,24.95736312866211,25.369354248046875,25.799304962158203,26.298583984375,26.934255599975586,28.666179656982422
22.980640411376953,23.626293182373047,24.133134841918945,24.579456329345703,24.99709701538086,25.414146423339844,25.856937408447266,26.36347007751465,27.007556915283203,28.613248825073242
23.092159271240234,23.67616081237793,24.12963104248047,24.524961471557617,24.907093048095703,25.291709899902344,25.711788177490234,26.18788719177246,26.826309204101562,28.443208694458008
22.999427795410156,23.62942886352539,24.127073287963867,24.55319595336914,24.959285736083984,25.36359405517578,25.789871215820312,26.281856536865234,26.907934188842773,28.597986221313477
23.05952262878418,23.665607452392578,24.134140014648438,24.54657745361328,24.94489097595215,25.34619903564453,25.76996421813965,26.25741195678711,26.896631240844727,28.517120361328125
23.104032516479492,23.68243408203125,24.13128089904785,24.524831771850586,24.89560890197754,25.27560043334961,25.679702758789062,26.150314331054688,26.772541046142578,28.414953231811523
23.00324058532715,23.633167266845703,24.11553955078125,24.5473690032959,24.9387149810791,25.337804794311523,25.75263023376465,26.237396240234375,26.86041831970215,28.589799880981445
22.983585357666016,23.627391815185547,24.12285041809082,24.56690216064453,24.97800064086914,25.393428802490234,25.833175659179688,26.32943344116211,26.964794158935547,28.57285499572754
23.016103744506836,23.650529861450195,24.156614303588867,24.58924102783203,24.99980926513672,25.411054611206055,25.844982147216797,26.34480857849121,26.991870880126953,28.670272827148438
22.994596481323242,23.61847496032715,24.105060577392578,24.53253936767578,24.9327335357666,25.340356826782227,25.759260177612305,26.254732131958008,26.90003204345703,28.637197494506836
23.071044921875,23.667476654052734,24.118879318237305,24.52207374572754,24.89406394958496,25.269495010375977,25.681188583374023,26.150848388671875,26.776416778564453,28.497861862182617
22.989501953125,23.615251541137695,24.102781295776367,24.542800903320312,24.948768615722656,25.358964920043945,25.795318603515625,26.296096801757812,26.947124481201172,28.629384994506836
23.050323486328125,23.669282913208008,24.134191513061523,24.53818130493164,24.926565170288086,25.318830490112305,25.732789993286133,26.217859268188477,26.868879318237305,28.507858276367188
23.08363151550293,23.675981521606445,24.1366024017334,24.531930923461914,24.910842895507812,25.289581298828125,25.697429656982422,26.16887092590332,26.777603149414062,28.545909881591797
23.05644989013672,23.65812873840332,24.1175594329834,24.52703857421875,24.906700134277344,25.292490005493164,25.70559310913086,26.192035675048828,26.818084716796875,28.431549072265625
23.044010162353516,23.678403854370117,24.160430908203125,24.58344078063965,24.978824615478516,25.379562377929688,25.80328941345215,26.303281784057617,26.938119888305664,28.596515655517578
23.060134887695312,23.673124313354492,24.130393981933594,24.544456481933594,24.9232120513916,25.30885124206543,25.720659255981445,26.195470809936523,26.837596893310547,28.54598617553711
23.070749282836914,23.6713924407959,24.13287925720215,24.5422420501709,24.923566818237305,25.31403350830078,25.73325538635254,26.210866928100586,26.836645126342773,28.472152709960938
23.028715133666992,23.659887313842773,24.15888214111328,24.585886001586914,24.98927116394043,25.390369415283203,25.812517166137695,26.29573631286621,26.916019439697266,28.59807777404785
23.041305541992188,23.670684814453125,24.153745651245117,24.574420928955078,24.967348098754883,25.358144760131836,25.767183303833008,26.253204345703125,26.88010025024414,28.5537109375
22.949172973632812,23.597097396850586,24.10242462158203,24.542577743530273,24.959880828857422,25.374765396118164,25.81159782409668,26.31329345703125,26.954345703125,28.67810821533203
23.021581649780273,23.655811309814453,24.146697998046875,24.574125289916992,24.97775650024414,25.38437843322754,25.817840576171875,26.312545776367188,26.948068618774414,28.608713150024414
23.033479690551758,23.642715454101562,24.11469268798828,24.52916145324707,24.919404983520508,25.32015037536621,25.74213218688965,26.229047775268555,26.867338180541992,28.551328659057617
23.015146255493164,23.646587371826172,24.14368438720703,24.57048225402832,24.976558685302734,25.38082504272461,25.80563735961914,26.295583724975586,26.927982330322266,28.643600463867188
23.05664825439453,23.68195152282715,24.150959014892578,24.553926467895508,24.93718910217285,25.328088760375977,25.74307632446289,26.228958129882812,26.836254119873047,28.540668487548828
22.960472106933594,23.603286743164062,24.116840362548828,24.56266975402832,24.983476638793945,25.400768280029297,25.841272354125977,26.327299118041992,26.958534240722656,28.636194229125977
23.009719848632812,23.629776000976562,24.11481475830078,24.553442001342773,24.960067749023438,25.369165420532227,25.790807723999023,26.27303695678711,26.90134620666504,28.654266357421875
23.02735710144043,23.652671813964844,24.139760971069336,24.54555320739746,24.943265914916992,25.33477020263672,25.755788803100586,26.244606018066406,26.88506507873535,28.544986724853516
23.0454044342041,23.64533233642578,24.111793518066406,24.513750076293945,24.902620315551758,25.292327880859375,25.710580825805664,26.193906784057617,26.818294525146484,28.52874183654785
22.945955276489258,23.587343215942383,24.097810745239258,24.557153701782227,24.98118019104004,25.409839630126953,25.850191116333008,26.3586368560791,27.01358985900879,28.73885726928711
23.039270401000977,23.6436710357666,24.112327575683594,24.517696380615234,24.916194915771484,25.303678512573242,25.729753494262695,26.193668365478516,26.813716888427734,28.530305862426758
23.084402084350586,23.683212280273438,24.134614944458008,24.531776428222656,24.906457901000977,25.284099578857422,25.690195083618164,26.16384506225586,26.7959041595459,28.599645614624023
23.049936294555664,23.660429000854492,24.129587173461914,24.535133361816406,24.914297103881836,25.31403350830078,25.730224609375,26.210134506225586,26.842544555664062,28.525249481201172
23.01897430419922,23.646095275878906,24.143722534179688,24.569347381591797,24.97572898864746,25.386497497558594,25.826356887817383,26.334392547607422,26.988245010375977,28.654541015625
23.064035415649414,23.67504119873047,24.14446449279785,24.56303596496582,24.948036193847656,25.345468521118164,25.761695861816406,26.243865966796875,26.847396850585938,28.505529403686523
22.952999114990234,23.612255096435547,24.120166778564453,24.564706802368164,24.986066818237305,25.40548324584961,25.839685440063477,26.34396743774414,26.975509643554688,28.64249610900879
22.953289031982422,23.60527992248535,24.112442016601562,24.561491012573242,24.98639488220215,25.402698516845703,25.840734481811523,26.334121704101562,26.972505569458008,28.667510986328125
23.07996940612793,23.694534301757812,24.15470314025879,24.552770614624023,24.943471908569336,25.337356567382812,25.760303497314453,26.24422836303711,26.859338760375977,28.479690551757812
22.986291885375977,23.627187728881836,24.13419532775879,24.566633224487305,24.97425079345703,25.38069725036621,25.808317184448242,26.3049259185791,26.936750411987305,28.639209747314453
23.021028518676758,23.647268295288086,24.12615394592285,24.539142608642578,24.9269962310791,25.312023162841797,25.731494903564453,26.21799659729004,26.84311866760254,28.49888801574707
22.94296646118164,23.573118209838867,24.081449508666992,24.53118324279785,24.953472137451172,25.37424087524414,25.827919006347656,26.336673736572266,26.97127914428711,28.674152374267578
23.070720672607422,23.678922653198242,24.13498878479004,24.535783767700195,24.916574478149414,25.296436309814453,25.70587158203125,26.174678802490234,26.80165672302246,28.47005271911621
22.996257781982422,23.6270809173584,24.12066650390625,24.547094345092773,24.951416015625,25.354507446289062,25.786128997802734,26.288312911987305,26.941640853881836,28.703964233398438
23.054882049560547,23.661283493041992,24.138324737548828,24.5471248626709,24.93824005126953,25.329608917236328,25.749256134033203,26.237228393554688,26.86113739013672,28.617050170898438
23.037614822387695,23.668601989746094,24.154808044433594,24.577051162719727,24.979433059692383,25.378753662109375,25.80536460876465,26.281553268432617,26.909448623657227,28.529237747192383
23.00957489013672,23.637380599975586,24.131805419921875,24.562747955322266,24.96796989440918,25.37841796875,25.803722381591797,26.291597366333008,26.9140625,28.57281494140625
23.049030303955078,23.660188674926758,24.134798049926758,24.548566818237305,24.946151733398438,25.337505340576172,25.764142990112305,26.250879287719727,26.88946533203125,28.58311653137207
22.874961853027344,23.528087615966797,24.07591438293457,24.55259895324707,25.016855239868164,25.468042373657227,25.944442749023438,26.4768123626709,27.125879287719727,28.818359375
23.058603286743164,23.65397834777832,24.12239646911621,24.5268611907959,24.91303062438965,25.300212860107422,25.71792984008789,26.204437255859375,26.84122657775879,28.54866600036621
23.036102294921875,23.65229606628418,24.12732696533203,24.549482345581055,24.949787139892578,25.34686851501465,25.77037239074707,26.260204315185547,26.88910484313965,28.624542236328125
23.066015243530273,23.679140090942383,24.144472122192383,24.554676055908203,24.9361629486084,25.324953079223633,25.73976707458496,26.21787452697754,26.852170944213867,28.470703125
23.04898452758789,23.66832733154297,24.13535499572754,24.551984786987305,24.94568634033203,25.343563079833984,25.76206398010254,26.24791717529297,26.873964309692383,28.524810791015625
23.045551300048828,23.65315055847168,24.124286651611328,24.5394229888916,24.924009323120117,25.321989059448242,25.73917579650879,26.21133804321289,26.837385177612305,28.54680824279785
23.09847640991211,23.689868927001953,24.148252487182617,24.543357849121094,24.923961639404297,25.30527114868164,25.71231460571289,26.185338973999023,26.802885055541992,28.54581642150879
22.990068435668945,23.613779067993164,24.101356506347656,24.521392822265625,24.920124053955078,25.32817268371582,25.756505966186523,26.250150680541992,26.89573097229004,28.6064395904541
23.050399780273438,23.677349090576172,24.147869110107422,24.55704116821289,24.941757202148438,25.334003448486328,25.751068115234375,26.22565269470215,26.828819274902344,28.524234771728516
22.973628997802734,23.613550186157227,24.10886573791504,24.551666259765625,24.963411331176758,25.380481719970703,25.812482833862305,26.30780792236328,26.94443702697754,28.636016845703125
22.956430435180664,23.612152099609375,24.11969566345215,24.581893920898438,25.010711669921875,25.42499351501465,25.86945152282715,26.370267868041992,27.023517608642578,28.676513671875
23.07695198059082,23.6796875,24.147808074951172,24.55007553100586,24.9360294342041,25.325366973876953,25.745073318481445,26.234737396240234,26.876096725463867,28.59069061279297
23.084749221801758,23.681785583496094,24.1396484375,24.542972564697266,24.92578125,25.314624786376953,25.72813606262207,26.195707321166992,26.825178146362305,28.516942977905273
23.00724220275879,23.623830795288086,24.11801528930664,24.54473304748535,24.953407287597656,25.35987663269043,25.79449462890625,26.296615600585938,26.920490264892578,28.63852882385254
23.00148582458496,23.62884521484375,24.117712020874023,24.546323776245117,24.95545196533203,25.36573028564453,25.788433074951172,26.287281036376953,26.919721603393555,28.589275360107422
23.093008041381836,23.689878463745117,24.143714904785156,24.547607421875,24.929201126098633,25.312076568603516,25.73088264465332,26.20252227783203,26.823043823242188,28.461669921875
23.049571990966797,23.668010711669922,24.154354095458984,24.570528030395508,24.968074798583984,25.365360260009766,25.781295776367188,26.26020050048828,26.877779006958008,28.602006912231445
23.031003952026367,23.663808822631836,24.141572952270508,24.564891815185547,24.97256088256836,25.368885040283203,25.79671287536621,26.29438018798828,26.95645523071289,28.624879837036133
23.037147521972656,23.65460777282715,24.13827896118164,24.55208969116211,24.94316864013672,25.339229583740234,25.762500762939453,26.240222930908203,26.879684448242188,28.566547393798828
23.09298324584961,23.66899871826172,24.12047576904297,24.516008377075195,24.896272659301758,25.285137176513672,25.693435668945312,26.170854568481445,26.79424285888672,28.451974868774414
23.071685791015625,23.671953201293945,24.129091262817383,24.53022575378418,24.910921096801758,25.300220489501953,25.714645385742188,26.20545768737793,26.82756996154785,28.496028900146484
23.073226928710938,23.66912269592285,24.13294219970703,24.530384063720703,24.911827087402344,25.292110443115234,25.696130752563477,26.1633243560791,26.77405548095703,28.460254669189453
22.972129821777344,23.599685668945312,24.09233856201172,24.526540756225586,24.94504165649414,25.36622428894043,25.812576293945312,26.324920654296875,26.990034103393555,28.791711807250977
23.087574005126953,23.677448272705078,24.129173278808594,24.51613998413086,24.890539169311523,25.271879196166992,25.674386978149414,26.138702392578125,26.748706817626953,28.4326229095459
23.06471061706543,23.67299461364746,24.145727157592773,24.55034065246582,24.93582534790039,25.325801849365234,25.744802474975586,26.22399139404297,26.842432022094727,28.450519561767578
23.025484085083008,23.649738311767578,24.118043899536133,24.535160064697266,24.92561912536621,25.316476821899414,25.732284545898438,26.207565307617188,26.837011337280273,28.494918823242188
23.09682273864746,23.700176239013672,24.166900634765625,24.566362380981445,24.951406478881836,25.339723587036133,25.75326156616211,26.232784271240234,26.846208572387695,28.509803771972656
23.015735626220703,23.64255714416504,24.120094299316406,24.551856994628906,24.946813583374023,25.347339630126953,25.78234100341797,26.280256271362305,26.9321231842041,28.630441665649414
23.018972396850586,23.63735008239746,24.12266731262207,24.546478271484375,24.948087692260742,25.348628997802734,25.77362060546875,26.256494522094727,26.900014877319336,28.587060928344727
23.062484741210938,23.673587799072266,24.139944076538086,24.54026985168457,24.920917510986328,25.307283401489258,25.710834503173828,26.180219650268555,26.795909881591797,28.491256713867188
23.01641082763672,23.630205154418945,24.119199752807617,24.549209594726562,24.954999923706055,25.364612579345703,25.802453994750977,26.305566787719727,26.952613830566406,28.603240966796875
23.076841354370117,23.682558059692383,24.1549129486084,24.556034088134766,24.938716888427734,25.321870803833008,25.731098175048828,26.206525802612305,26.834243774414062,28.54993438720703
23.064212799072266,23.671878814697266,24.144590377807617,24.554969787597656,24.938539505004883,25.33165740966797,25.750640869140625,26.226913452148438,26.860977172851562,28.5331974029541
23.040796279907227,23.6308650970459,24.110498428344727,24.523908615112305,24.91657257080078,25.312828063964844,25.734086990356445,26.209945678710938,26.841033935546875,28.512680053710938
23.015832901000977,23.639434814453125,24.115055084228516,24.536535263061523,24.928428649902344,25.320680618286133,25.747278213500977,26.223636627197266,26.85085105895996,28.47496223449707
23.079654693603516,23.675485610961914,24.13024139404297,24.537538528442383,24.916454315185547,25.300861358642578,25.72567367553711,26.199087142944336,26.81264305114746,28.447185516357422
23.07514762878418,23.682151794433594,24.153059005737305,24.55560874938965,24.939393997192383,25.320241928100586,25.72645378112793,26.19904136657715,26.815059661865234,28.519367218017578
23.060405731201172,23.656972885131836,24.119873046875,24.523151397705078,24.9039249420166,25.29344367980957,25.71247673034668,26.18692970275879,26.815988540649414,28.457107543945312
23.013566970825195,23.64735221862793,24.137630462646484,24.569828033447266,24.96706199645996,25.370073318481445,25.80040740966797,26.30270767211914,26.953449249267578,28.593021392822266
22.970247268676758,23.612146377563477,24.131071090698242,24.586515426635742,25.000749588012695,25.426776885986328,25.863906860351562,26.3681697845459,27.021793365478516,28.678163528442383
23.054035186767578,23.666597366333008,24.142141342163086,24.56297492980957,24.95539665222168,25.356204986572266,25.77530288696289,26.26508331298828,26.899133682250977,28.618391036987305
23.039228439331055,23.64549446105957,24.124277114868164,24.535036087036133,24.926380157470703,25.316143035888672,25.72718620300293,26.197704315185547,26.80523109436035,28.532276153564453
23.010025024414062,23.628480911254883,24.1178035736084,24.539506912231445,24.93961524963379,25.337060928344727,25.76215362548828,26.251502990722656,26.89861488342285,28.650596618652344
23.021745681762695,23.653892517089844,24.148622512817383,24.581584930419922,24.982418060302734,25.387712478637695,25.81467056274414,26.302820205688477,26.92848777770996,28.615581512451172
23.063583374023438,23.67819595336914,24.148609161376953,24.554868698120117,24.94464111328125,25.337648391723633,25.762903213500977,26.261919021606445,26.901561737060547,28.62380027770996
23.066158294677734,23.685543060302734,24.163171768188477,24.573915481567383,24.964698791503906,25.35782241821289,25.777379989624023,26.26120376586914,26.887901306152344,28.525943756103516
23.089189529418945,23.690542221069336,24.155017852783203,24.552722930908203,24.936479568481445,25.323442459106445,25.734756469726562,26.20255470275879,26.80621910095215,28.491939544677734
23.053396224975586,23.66982650756836,24.141555786132812,24.559749603271484,24.95319175720215,25.348602294921875,25.763574600219727,26.25868797302246,26.898420333862305,28.6064510345459
23.0245304107666,23.64203643798828,24.114065170288086,24.53147315979004,24.91498374938965,25.302915573120117,25.707731246948242,26.17192840576172,26.782241821289062,28.375391006469727
23.02537727355957,23.650592803955078,24.125730514526367,24.546733856201172,24.938505172729492,25.335330963134766,25.75447654724121,26.247953414916992,26.87456512451172,28.555908203125
23.0402774810791,23.661136627197266,24.120525360107422,24.532428741455078,24.924375534057617,25.317354202270508,25.742631912231445,26.23044776916504,26.881574630737305,28.553970336914062
23.073589324951172,23.673999786376953,24.138273239135742,24.537132263183594,24.919944763183594,25.30254364013672,25.713098526000977,26.19122314453125,26.816055297851562,28.53859519958496
23.08416748046875,23.68467140197754,24.146495819091797,24.552305221557617,24.937528610229492,25.324857711791992,25.740615844726562,26.207340240478516,26.83188819885254,28.521774291992188
23.067779541015625,23.679948806762695,24.155954360961914,24.56276512145996,24.949033737182617,25.343090057373047,25.763792037963867,26.241779327392578,26.859783172607422,28.547149658203125
22.942970275878906,23.58285140991211,24.10963249206543,24.56375503540039,25.00667953491211,25.430326461791992,25.879384994506836,26.385746002197266,27.029417037963867,28.745559692382812
23.042264938354492,23.64516258239746,24.116544723510742,24.53230857849121,24.925647735595703,25.31991958618164,25.736257553100586,26.21883773803711,26.848302841186523,28.554672241210938
23.08393096923828,23.67491340637207,24.133798599243164,24.52916717529297,24.909364700317383,25.28849983215332,25.693315505981445,26.162683486938477,26.77631187438965,28.488168716430664
23.068084716796875,23.667707443237305,24.12531280517578,24.530702590942383,24.91077995300293,25.298551559448242,25.71719741821289,26.19919776916504,26.82904815673828,28.45720863342285
23.078157424926758,23.67502212524414,24.132566452026367,24.52855682373047,24.908748626708984,25.293771743774414,25.70738983154297,26.180700302124023,26.8022403717041,28.494905471801758
22.92076873779297,23.567781448364258,24.08655548095703,24.539430618286133,24.96497344970703,25.391109466552734,25.834278106689453,26.352401733398438,26.997264862060547,28.611547470092773
23.007537841796875,23.643070220947266,24.133298873901367,24.563648223876953,24.974870681762695,25.38144874572754,25.814085006713867,26.31654167175293,26.957612991333008,28.68267250061035
23.06561279296875,23.67006492614746,24.14488983154297,24.553354263305664,24.942325592041016,25.330787658691406,25.745975494384766,26.229761123657227,26.862728118896484,28.58879280090332
23.037818908691406,23.656585693359375,24.12674331665039,24.545732498168945,24.936370849609375,25.331911087036133,25.752347946166992,26.225332260131836,26.84871482849121,28.509057998657227
23.051097869873047,23.66988754272461,24.135948181152344,24.551286697387695,24.942668914794922,25.337541580200195,25.76276206970215,26.244163513183594,26.869054794311523,28.535724639892578
23.080644607543945,23.674177169799805,24.13232421875,24.536190032958984,24.922393798828125,25.307552337646484,25.72792625427246,26.208023071289062,26.82532501220703,28.48622703552246
22.98776626586914,23.625654220581055,24.127408981323242,24.57093620300293,24.975784301757812,25.392484664916992,25.821453094482422,26.317153930664062,26.952030181884766,28.62752342224121
23.024333953857422,23.643083572387695,24.126501083374023,24.541479110717773,24.93973159790039,25.339475631713867,25.763402938842773,26.257556915283203,26.90032386779785,28.64203643798828
23.02141761779785,23.646522521972656,24.132286071777344,24.558120727539062,24.953733444213867,25.35042381286621,25.782108306884766,26.27207374572754,26.918994903564453,28.68874740600586
23.055410385131836,23.66791534423828,24.128679275512695,24.54110336303711,24.927412033081055,25.31014633178711,25.734262466430664,26.20745849609375,26.846317291259766,28.538829803466797
23.051528930664062,23.655338287353516,24.108789443969727,24.518218994140625,24.910451889038086,25.308298110961914,25.732139587402344,26.224077224731445,26.860626220703125,28.578733444213867
23.05697250366211,23.66254997253418,24.125869750976562,24.535478591918945,24.922143936157227,25.32025718688965,25.736421585083008,26.220199584960938,26.838069915771484,28.586008071899414
23.086212158203125,23.679561614990234,24.13776969909668,24.528474807739258,24.90511703491211,25.282333374023438,25.690662384033203,26.170047760009766,26.801895141601562,28.515777587890625
23.03419303894043,23.659900665283203,24.13233757019043,24.547954559326172,24.946006774902344,25.34532928466797,25.778366088867188,26.269737243652344,26.902063369750977,28.602651596069336
23.072534561157227,23.669828414916992,24.13006591796875,24.536296844482422,24.922060012817383,25.309162139892578,25.724206924438477,26.204553604125977,26.841981887817383,28.471853256225586
23.053335189819336,23.677934646606445,24.163944244384766,24.58385467529297,24.978404998779297,25.378528594970703,25.80237579345703,26.291540145874023,26.92775535583496,28.632369995117188
23.059507369995117,23.64911460876465,24.10610008239746,24.508047103881836,24.89173698425293,25.275707244873047,25.690155029296875,26.173795700073242,26.820430755615234,28.55992317199707
23.109346389770508,23.69049644470215,24.139596939086914,24.52619171142578,24.900150299072266,25.274951934814453,25.68044662475586,26.15142822265625,26.75263214111328,28.412303924560547
23.045854568481445,23.65561866760254,24.1300106048584,24.54582405090332,24.93400764465332,25.327529907226562,25.741287231445312,26.22047996520996,26.830469131469727,28.502561569213867
22.995838165283203,23.633121490478516,24.13650894165039,24.580228805541992,24.998985290527344,25.39681625366211,25.837732315063477,26.32586669921875,26.975791931152344,28.6862850189209
23.04465103149414,23.653470993041992,24.126489639282227,24.540372848510742,24.930213928222656,25.32886505126953,25.755218505859375,26.248788833618164,26.888578414916992,28.714529037475586
22.991260528564453,23.63214683532715,24.139169692993164,24.57476043701172,24.98320198059082,25.383750915527344,25.804664611816406,26.300247192382812,26.924148559570312,28.572500228881836
23.031185150146484,23.653352737426758,24.138525009155273,24.555044174194336,24.954492568969727,25.353364944458008,25.77555274963379,26.26250457763672,26.893587112426758,28.644195556640625
23.043550491333008,23.659286499023438,24.128633499145508,24.5325984954834,24.923320770263672,25.314851760864258,25.734155654907227,26.20838737487793,26.844125747680664,28.502456665039062
23.03208351135254,23.655094146728516,24.143911361694336,24.569026947021484,24.972652435302734,25.369346618652344,25.78440284729004,26.275888442993164,26.900840759277344,28.56312370300293
23.07616424560547,23.67723274230957,24.128751754760742,24.53249740600586,24.918594360351562,25.309545516967773,25.729110717773438,26.2043514251709,26.809185028076172,28.46954917907715
23.068313598632812,23.66443634033203,24.113597869873047,24.517324447631836,24.897701263427734,25.277320861816406,25.688318252563477,26.161142349243164,26.78884506225586,28.48333740234375
23.102535247802734,23.681713104248047,24.131486892700195,24.518714904785156,24.893890380859375,25.27007293701172,25.676105499267578,26.14987564086914,26.762636184692383,28.430343627929688
23.02794647216797,23.65285873413086,24.13665008544922,24.56123161315918,24.97002410888672,25.38286018371582,25.824153900146484,26.33490562438965,26.993133544921875,28.651168823242188
23.078554153442383,23.67083168029785,24.116107940673828,24.51595115661621,24.88836097717285,25.27111053466797,25.676822662353516,26.15117645263672,26.779184341430664,28.528818130493164
23.03805923461914,23.648374557495117,24.11808967590332,24.535795211791992,24.929166793823242,25.33262062072754,25.767642974853516,26.266773223876953,26.930505752563477,28.603139877319336
22.98862648010254,23.621795654296875,24.11636734008789,24.539457321166992,24.935060501098633,25.34319496154785,25.77897071838379,26.27874755859375,26.923810958862305,28.588010787963867
23.077096939086914,23.6796817779541,24.149784088134766,24.55304527282715,24.940147399902344,25.330299377441406,25.74757957458496,26.23174285888672,26.8581600189209,28.589550018310547
23.06288719177246,23.67108154296875,24.133153915405273,24.538270950317383,24.92620277404785,25.31590461730957,25.729448318481445,26.197547912597656,26.813674926757812,28.46633529663086
23.07939338684082,23.67269515991211,24.1271915435791,24.523740768432617,24.90442657470703,25.29256820678711,25.707990646362305,26.182607650756836,26.824586868286133,28.518335342407227
23.04314613342285,23.66501235961914,24.140419006347656,24.557598114013672,24.940696716308594,25.33880615234375,25.762008666992188,26.24908447265625,26.874500274658203,28.525232315063477
23.07756996154785,23.680095672607422,24.140426635742188,24.540401458740234,24.920825958251953,25.298696517944336,25.70743751525879,26.17946434020996,26.806385040283203,28.498138427734375
23.00009536743164,23.617734909057617,24.110877990722656,24.539499282836914,24.94635009765625,25.35246467590332,25.780597686767578,26.274816513061523,26.91126251220703,28.62982177734375
23.069164276123047,23.663490295410156,24.12901496887207,24.531089782714844,24.909400939941406,25.296649932861328,25.706674575805664,26.182098388671875,26.803436279296875,28.53533935546875
22.925827026367188,23.58342170715332,24.10472297668457,24.562726974487305,24.99677848815918,25.423110961914062,25.871402740478516,26.373172760009766,27.018787384033203,28.6557559967041
23.043739318847656,23.656768798828125,24.12498664855957,24.542314529418945,24.937641143798828,25.332284927368164,25.75981903076172,26.250625610351562,26.882217407226562,28.56412124633789
23.046344757080078,23.65276336669922,24.11939239501953,24.522138595581055,24.91205596923828,25.303762435913086,25.718830108642578,26.195316314697266,26.8185977935791,28.544815063476562
23.06624412536621,23.671123504638672,24.141403198242188,24.542409896850586,24.92619514465332,25.311513900756836,25.722274780273438,26.19474220275879,26.8110408782959,28.483081817626953
22.976057052612305,23.60944938659668,24.093612670898438,24.525239944458008,24.936952590942383,25.349000930786133,25.77850341796875,26.26597023010254,26.882488250732422,28.54486083984375
23.063522338867188,23.66008758544922,24.12701416015625,24.53664779663086,24.92781639099121,25.314964294433594,25.734033584594727,26.21101951599121,26.8500919342041,28.617578506469727
22.995990753173828,23.625810623168945,24.115995407104492,24.538558959960938,24.935083389282227,25.336402893066406,25.758441925048828,26.243432998657227,26.875694274902344,28.55092430114746
23.078907012939453,23.676973342895508,24.13616371154785,24.53766441345215,24.917301177978516,25.308574676513672,25.727298736572266,26.211877822875977,26.840267181396484,28.533061981201172
23.074113845825195,23.67738914489746,24.147869110107422,24.550024032592773,24.937196731567383,25.327295303344727,25.744922637939453,26.228723526000977,26.856782913208008,28.59705352783203
23.049047470092773,23.646312713623047,24.12317657470703,24.537139892578125,24.928512573242188,25.31646728515625,25.729812622070312,26.202136993408203,26.830951690673828,28.537370681762695
23.00406265258789,23.64181900024414,24.112462997436523,24.528276443481445,24.92272186279297,25.318559646606445,25.7470645904541,26.2341251373291,26.891704559326172,28.568222045898438
23.11484146118164,23.695003509521484,24.132997512817383,24.520978927612305,24.894784927368164,25.275259017944336,25.68663787841797,26.162511825561523,26.79601287841797,28.515832901000977
23.031917572021484,23.656761169433594,24.141162872314453,24.563861846923828,24.959646224975586,25.35161781311035,25.770029067993164,26.252103805541992,26.87868881225586,28.556970596313477
23.02207374572754,23.64630126953125,24.132951736450195,24.547513961791992,24.943212509155273,25.341381072998047,25.767398834228516,26.26618003845215,26.920316696166992,28.67848777770996
22.99605941772461,23.649423599243164,24.155874252319336,24.59223747253418,25.01555824279785,25.41846466064453,25.859027862548828,26.357418060302734,26.999034881591797,28.71828269958496
22.962905883789062,23.628982543945312,24.13256072998047,24.579940795898438,25.002016067504883,25.420995712280273,25.85793113708496,26.343969345092773,26.980228424072266,28.660633087158203
23.010295867919922,23.6381778717041,24.12584686279297,24.558534622192383,24.95404815673828,25.35834503173828,25.78879165649414,26.275901794433594,26.91805648803711,28.596811294555664
23.069366455078125,23.6760196685791,24.134601593017578,24.53729820251465,24.916013717651367,25.301420211791992,25.713258743286133,26.185409545898438,26.805452346801758,28.449321746826172
23.043954849243164,23.664379119873047,24.14712905883789,24.558652877807617,24.948949813842773,25.336679458618164,25.74718475341797,26.221914291381836,26.84112548828125,28.49371910095215
23.086641311645508,23.68838119506836,24.144025802612305,24.546367645263672,24.925241470336914,25.30826187133789,25.721532821655273,26.208316802978516,26.845699310302734,28.494842529296875
23.098060607910156,23.689939498901367,24.145122528076172,24.54330825805664,24.922630310058594,25.308855056762695,25.727636337280273,26.20148277282715,26.8220272064209,28.50563621520996
23.07368278503418,23.684072494506836,24.151872634887695,24.55752182006836,24.941051483154297,25.329299926757812,25.739999771118164,26.227338790893555,26.847471237182617,28.47833251953125
23.03887367248535,23.6528377532959,24.13861846923828,24.56247329711914,24.959779739379883,25.36370277404785,25.790327072143555,26.278894424438477,26.915294647216797,28.624786376953125
23.05218505859375,23.667388916015625,24.15174102783203,24.56671905517578,24.961421966552734,25.355350494384766,25.770639419555664,26.248870849609375,26.870365142822266,28.59285545349121
23.062761306762695,23.66195297241211,24.127382278442383,24.532480239868164,24.91486167907715,25.30501937866211,25.72174072265625,26.20086669921875,26.829931259155273,28.49489402770996
22.993803024291992,23.627126693725586,24.12714958190918,24.564857482910156,24.98333168029785,25.410696029663086,25.86004638671875,26.375520706176758,27.021228790283203,28.71053695678711
23.07701301574707,23.67469596862793,24.133756637573242,24.539899826049805,24.92371368408203,25.308523178100586,25.72381019592285,26.197519302368164,26.81732940673828,28.420433044433594
22.994218826293945,23.62753677368164,24.112062454223633,24.53451156616211,24.936994552612305,25.33038902282715,25.754823684692383,26.23493003845215,26.856796264648438,28.503326416015625
22.98230743408203,23.62607765197754,24.140596389770508,24.578569412231445,24.99024772644043,25.40215301513672,25.838401794433594,26.337682723999023,26.97357749938965,28.718875885009766
22.978805541992188,23.610013961791992,24.10527801513672,24.53702163696289,24.950538635253906,25.35707664489746,25.79140281677246,26.274229049682617,26.90391731262207,28.551307678222656
23.048873901367188,23.66839027404785,24.1466121673584,24.557817459106445,24.952226638793945,25.346498489379883,25.763954162597656,26.24617576599121,26.87774658203125,28.646209716796875
23.06715965270996,23.679641723632812,24.144140243530273,24.55234718322754,24.93991470336914,25.33611297607422,25.75209617614746,26.23676109313965,26.861698150634766,28.502193450927734
23.0783634185791,23.682600021362305,24.138717651367188,24.547319412231445,24.92723846435547,25.312196731567383,25.723155975341797,26.194677352905273,26.826919555664062,28.471174240112305
23.060455322265625,23.66144371032715,24.12774085998535,24.52912712097168,24.915197372436523,25.301149368286133,25.714811325073242,26.192920684814453,26.813383102416992,28.56048011779785
23.06214141845703,23.67253303527832,24.134065628051758,24.532495498657227,24.912809371948242,25.29678726196289,25.714061737060547,26.184343338012695,26.816715240478516,28.483707427978516
23.050315856933594,23.663394927978516,24.137487411499023,24.54932403564453,24.942838668823242,25.34393310546875,25.774295806884766,26.261789321899414,26.903554916381836,28.619401931762695
23.031736373901367,23.64533042907715,24.127450942993164,24.545820236206055,24.947521209716797,25.351720809936523,25.777814865112305,26.25815773010254,26.89021110534668,28.56402015686035
23.050275802612305,23.654098510742188,24.117090225219727,24.523822784423828,24.90570831298828,25.29164695739746,25.70471954345703,26.180849075317383,26.793121337890625,28.46527862548828
23.018787384033203,23.650390625,24.15130043029785,24.578752517700195,24.98333168029785,25.388362884521484,25.81551170349121,26.31329917907715,26.962921142578125,28.649892807006836
23.02321434020996,23.652189254760742,24.129718780517578,24.550661087036133,24.94056510925293,25.332557678222656,25.749755859375,26.229312896728516,26.85739517211914,28.52878189086914
23.011009216308594,23.64748191833496,24.152587890625,24.587400436401367,24.99217414855957,25.40437126159668,25.83188819885254,26.331716537475586,26.96123504638672,28.637969970703125
23.028837203979492,23.64190101623535,24.132320404052734,24.55579948425293,24.952241897583008,25.348020553588867,25.77648162841797,26.2768497467041,26.918787002563477,28.595321655273438
23.05291748046875,23.6545467376709,24.120698928833008,24.527944564819336,24.924285888671875,25.314510345458984,25.728656768798828,26.21422576904297,26.831506729125977,28.589635848999023
22.990415573120117,23.61532211303711,24.112821578979492,24.543567657470703,24.95692253112793,25.37070083618164,25.808490753173828,26.31363296508789,26.960514068603516,28.626590728759766
23.04994010925293,23.66666030883789,24.136484146118164,24.55516815185547,24.949230194091797,25.342727661132812,25.764663696289062,26.259016036987305,26.912240982055664,28.62070655822754
23.100746154785156,23.686687469482422,24.145090103149414,24.538942337036133,24.918014526367188,25.305034637451172,25.726362228393555,26.215641021728516,26.866363525390625,28.534957885742188
23.074718475341797,23.671066284179688,24.128557205200195,24.533824920654297,24.92131233215332,25.313074111938477,25.732309341430664,26.219345092773438,26.855331420898438,28.535579681396484
23.084606170654297,23.694900512695312,24.1594295501709,24.563278198242188,24.943355560302734,25.32659912109375,25.739343643188477,26.211122512817383,26.829299926757812,28.444639205932617
23.015663146972656,23.651456832885742,24.15024757385254,24.575164794921875,24.980430603027344,25.388334274291992,25.819032669067383,26.315349578857422,26.953840255737305,28.632997512817383
23.028671264648438,23.653003692626953,24.13237762451172,24.553686141967773,24.95035171508789,25.344839096069336,25.76066780090332,26.243141174316406,26.847806930541992,28.525554656982422
22.94053840637207,23.59527587890625,24.098609924316406,24.547359466552734,24.982892990112305,25.401226043701172,25.851577758789062,26.350357055664062,26.988243103027344,28.681232452392578
23.060638427734375,23.664531707763672,24.133785247802734,24.54031753540039,24.928613662719727,25.32380485534668,25.740398406982422,26.225793838500977,26.851089477539062,28.535551071166992
23.042240142822266,23.66883087158203,24.152114868164062,24.5681209564209,24.968564987182617,25.366329193115234,25.78350067138672,26.28510284423828,26.937929153442383,28.618558883666992
23.061321258544922,23.667566299438477,24.141956329345703,24.552452087402344,24.947832107543945,25.343975067138672,25.763221740722656,26.246252059936523,26.86903953552246,28.575754165649414
23.037731170654297,23.641082763671875,24.106887817382812,24.528644561767578,24.925582885742188,25.331342697143555,25.765230178833008,26.266069412231445,26.918006896972656,28.565032958984375
23.059534072875977,23.673620223999023,24.130800247192383,24.535194396972656,24.917526245117188,25.30388832092285,25.725509643554688,26.208505630493164,26.858407974243164,28.573589324951172
23.06513214111328,23.665359497070312,24.11775779724121,24.517391204833984,24.89966583251953,25.287256240844727,25.703577041625977,26.17730712890625,26.808940887451172,28.47937774658203
23.008686065673828,23.633033752441406,24.113344192504883,24.542930603027344,24.945201873779297,25.349489212036133,25.781982421875,26.28236961364746,26.924402236938477,28.62139129638672
22.921281814575195,23.581586837768555,24.11249542236328,24.571264266967773,25.002548217773438,25.433826446533203,25.88681983947754,26.392948150634766,27.042001724243164,28.719846725463867
23.067432403564453,23.67038345336914,24.13751983642578,24.54183578491211,24.928102493286133,25.315624237060547,25.72618293762207,26.202016830444336,26.81168556213379,28.474689483642578
23.03228187561035,23.658475875854492,24.145309448242188,24.575273513793945,24.96772003173828,25.363361358642578,25.78597640991211,26.279821395874023,26.921566009521484,28.615493774414062
23.097774505615234,23.693784713745117,24.151371002197266,24.54998016357422,24.928346633911133,25.313222885131836,25.72617530822754,26.197763442993164,26.816797256469727,28.478261947631836
22.948814392089844,23.604154586791992,24.118000030517578,24.570554733276367,24.998661041259766,25.42165756225586,25.870874404907227,26.38028335571289,27.044645309448242,28.740020751953125
23.008729934692383,23.63271713256836,24.125804901123047,24.554027557373047,24.961761474609375,25.366661071777344,25.78998565673828,26.274948120117188,26.899181365966797,28.60441780090332
23.069276809692383,23.67447280883789,24.14486312866211,24.55048179626465,24.934207916259766,25.318864822387695,25.728435516357422,26.201425552368164,26.800413131713867,28.446537017822266
23.084392547607422,23.68855857849121,24.14727020263672,24.548227310180664,24.927871704101562,25.311866760253906,25.723308563232422,26.197439193725586,26.82293128967285,28.51648712158203
23.05164337158203,23.650367736816406,24.10909652709961,24.517210006713867,24.896799087524414,25.286645889282227,25.69919776916504,26.175024032592773,26.807437896728516,28.548812866210938
23.081497192382812,23.688371658325195,24.156232833862305,24.560049057006836,24.94643783569336,25.33413314819336,25.75257110595703,26.230716705322266,26.864337921142578,28.642831802368164
22.919261932373047,23.573368072509766,24.103551864624023,24.568340301513672,25.0078067779541,25.44182586669922,25.893436431884766,26.401384353637695,27.05158042907715,28.726594924926758
23.067310333251953,23.674148559570312,24.143230438232422,24.54694175720215,24.93885612487793,25.329395294189453,25.75141143798828,26.239723205566406,26.876739501953125,28.54850196838379
23.036083221435547,23.6507625579834,24.116514205932617,24.537113189697266,24.924968719482422,25.318593978881836,25.737579345703125,26.218276977539062,26.831499099731445,28.51507568359375
23.030553817749023,23.663997650146484,24.166746139526367,24.589588165283203,24.99666976928711,25.39959716796875,25.829696655273438,26.319242477416992,26.949880599975586,28.567840576171875
23.02511215209961,23.639062881469727,24.112829208374023,24.532691955566406,24.92999839782715,25.33835220336914,25.764989852905273,26.257709503173828,26.892545700073242,28.567041397094727
22.93993377685547,23.586933135986328,24.1033878326416,24.555274963378906,24.986705780029297,25.416494369506836,25.863082885742188,26.362775802612305,27.001420974731445,28.70380210876465
23.0434627532959,23.66267967224121,24.129344940185547,24.540508270263672,24.930301666259766,25.32156753540039,25.74436378479004,26.234201431274414,26.864896774291992,28.632278442382812
23.023117065429688,23.635622024536133,24.113130569458008,24.526992797851562,24.921689987182617,25.31232452392578,25.731245040893555,26.216793060302734,26.849626541137695,28.524654388427734
23.049911499023438,23.655773162841797,24.133657455444336,24.54582405090332,24.939104080200195,25.33388900756836,25.756467819213867,26.231653213500977,26.847497940063477,28.518163681030273
23.072771072387695,23.69365119934082,24.168685913085938,24.585651397705078,24.97607421875,25.374792098999023,25.794708251953125,26.27628517150879,26.887704849243164,28.547937393188477
