23.033952713012695,23.642623901367188,24.118825912475586,24.529129028320312,24.918954849243164,25.307510375976562,25.71988868713379,26.194461822509766,26.81485939025879,28.563671112060547
22.869121551513672,23.52463722229004,24.067777633666992,24.54684066772461,24.997684478759766,25.438941955566406,25.906448364257812,26.428922653198242,27.09052276611328,28.82839584350586
23.01521110534668,23.649063110351562,24.148014068603516,24.578107833862305,24.987369537353516,25.396265029907227,25.82526206970215,26.315082550048828,26.943679809570312,28.60690689086914
22.9803409576416,23.637210845947266,24.145641326904297,24.58466339111328,25.004154205322266,25.416154861450195,25.86315155029297,26.34923553466797,26.974414825439453,28.687896728515625
23.052932739257812,23.662670135498047,24.128158569335938,24.53606605529785,24.924482345581055,25.314634323120117,25.731130599975586,26.20724868774414,26.829574584960938,28.536039352416992
23.023944854736328,23.649208068847656,24.142560958862305,24.568620681762695,24.976634979248047,25.387298583984375,25.823949813842773,26.329761505126953,26.982730865478516,28.711999893188477
22.955215454101562,23.613525390625,24.127347946166992,24.57976531982422,25.004440307617188,25.418766021728516,25.86711311340332,26.3625431060791,26.989505767822266,28.660512924194336
23.015562057495117,23.644207000732422,24.12193489074707,24.546396255493164,24.95020294189453,25.35372543334961,25.785259246826172,26.28302001953125,26.91974449157715,28.62293815612793
23.049903869628906,23.659399032592773,24.123783111572266,24.534482955932617,24.923112869262695,25.315811157226562,25.742822647094727,26.23854637145996,26.885879516601562,28.59849739074707
22.98276138305664,23.617643356323242,24.12156105041504,24.566757202148438,24.978076934814453,25.395002365112305,25.83506965637207,26.334854125976562,26.967565536499023,28.676740646362305
23.08257484436035,23.68914222717285,24.161317825317383,24.567256927490234,24.953372955322266,25.33854103088379,25.747299194335938,26.218820571899414,26.835195541381836,28.527740478515625
23.090883255004883,23.698013305664062,24.161775588989258,24.569889068603516,24.954320907592773,25.333354949951172,25.74226188659668,26.205127716064453,26.809778213500977,28.454296112060547
23.04233741760254,23.653135299682617,24.116008758544922,24.5268497467041,24.92228126525879,25.31365966796875,25.739849090576172,26.221853256225586,26.872604370117188,28.617876052856445
23.097183227539062,23.679628372192383,24.123594284057617,24.522998809814453,24.901203155517578,25.288204193115234,25.707958221435547,26.189964294433594,26.819942474365234,28.477855682373047
23.048627853393555,23.650609970092773,24.124267578125,24.540328979492188,24.929601669311523,25.331443786621094,25.752243041992188,26.242855072021484,26.855876922607422,28.50771141052246
23.070510864257812,23.662193298339844,24.119321823120117,24.515060424804688,24.894573211669922,25.27301597595215,25.681636810302734,26.1628360748291,26.793956756591797,28.51572608947754
23.03471565246582,23.646013259887695,24.11968231201172,24.536775588989258,24.928483963012695,25.32276153564453,25.7421875,26.224328994750977,26.84855842590332,28.573192596435547
23.07917594909668,23.68634796142578,24.155345916748047,24.5609188079834,24.941591262817383,25.327604293823242,25.741390228271484,26.216060638427734,26.851757049560547,28.48933982849121
23.016542434692383,23.646669387817383,24.143884658813477,24.574199676513672,24.978899002075195,25.379697799682617,25.807003021240234,26.304683685302734,26.955093383789062,28.64153480529785
23.05207633972168,23.666927337646484,24.14124870300293,24.559751510620117,24.952268600463867,25.350276947021484,25.765838623046875,26.248811721801758,26.871131896972656,28.503950119018555
22.98871421813965,23.625965118408203,24.133270263671875,24.571266174316406,24.98554229736328,25.399009704589844,25.830190658569336,26.320518493652344,26.94449234008789,28.60967445373535
23.04473114013672,23.662446975708008,24.13857650756836,24.55052375793457,24.937522888183594,25.33188819885254,25.742578506469727,26.2177677154541,26.82527732849121,28.465824127197266
23.032577514648438,23.64494514465332,24.116455078125,24.52425193786621,24.913244247436523,25.30154037475586,25.714879989624023,26.188796997070312,26.807270050048828,28.48126220703125
23.066993713378906,23.670215606689453,24.13661003112793,24.54595184326172,24.937894821166992,25.333049774169922,25.755508422851562,26.259878158569336,26.904464721679688,28.609630584716797
23.031923294067383,23.666444778442383,24.148681640625,24.575178146362305,24.97333335876465,25.37849235534668,25.80495834350586,26.30563735961914,26.944061279296875,28.633386611938477
23.060997009277344,23.669443130493164,24.141225814819336,24.551034927368164,24.942462921142578,25.335996627807617,25.756603240966797,26.245845794677734,26.878721237182617,28.586843490600586
23.056089401245117,23.683317184448242,24.160417556762695,24.581745147705078,24.980236053466797,25.378524780273438,25.807720184326172,26.297216415405273,26.924320220947266,28.653539657592773
23.033863067626953,23.649518966674805,24.120054244995117,24.531904220581055,24.924409866333008,25.324325561523438,25.749408721923828,26.229469299316406,26.843738555908203,28.47037696838379
22.97394371032715,23.619659423828125,24.11829376220703,24.55776596069336,24.976957321166992,25.393348693847656,25.82986068725586,26.329742431640625,26.98598289489746,28.70037269592285
23.030315399169922,23.668073654174805,24.15308380126953,24.57098960876465,24.967681884765625,25.367595672607422,25.80086898803711,26.288467407226562,26.931547164916992,28.640186309814453
23.04511070251465,23.653657913208008,24.12491226196289,24.531713485717773,24.922115325927734,25.312681198120117,25.72643280029297,26.201616287231445,26.82121467590332,28.51806640625
22.996017456054688,23.639741897583008,24.134763717651367,24.569446563720703,24.975597381591797,25.386625289916992,25.82366371154785,26.333507537841797,26.998666763305664,28.745166778564453
23.056589126586914,23.662832260131836,24.136743545532227,24.553184509277344,24.942626953125,25.343544006347656,25.774934768676758,26.26906967163086,26.912044525146484,28.589624404907227
23.051076889038086,23.660057067871094,24.130624771118164,24.549331665039062,24.940391540527344,25.335159301757812,25.766361236572266,26.248220443725586,26.896408081054688,28.607635498046875
22.983226776123047,23.625375747680664,24.12993812561035,24.571887969970703,24.982511520385742,25.40001678466797,25.83270835876465,26.341201782226562,26.983421325683594,28.622114181518555
23.030973434448242,23.638273239135742,24.11475372314453,24.524944305419922,24.914527893066406,25.303363800048828,25.72010040283203,26.202377319335938,26.830774307250977,28.582563400268555
23.08965301513672,23.685314178466797,24.142658233642578,24.54656410217285,24.929418563842773,25.3198299407959,25.738019943237305,26.22235107421875,26.85604476928711,28.46178436279297
23.043231964111328,23.65066909790039,24.124359130859375,24.53614044189453,24.93294906616211,25.334177017211914,25.764854431152344,26.263458251953125,26.917144775390625,28.632068634033203
23.02384376525879,23.648096084594727,24.130651473999023,24.550901412963867,24.950870513916016,25.350187301635742,25.779077529907227,26.26885223388672,26.911739349365234,28.6120662689209
23.05820083618164,23.659626007080078,24.12446403503418,24.531524658203125,24.924423217773438,25.30931282043457,25.721027374267578,26.202192306518555,26.816898345947266,28.510812759399414
23.074796676635742,23.67525863647461,24.13911247253418,24.536270141601562,24.916553497314453,25.300029754638672,25.713098526000977,26.19390296936035,26.81966781616211,28.512718200683594
23.023622512817383,23.647632598876953,24.117403030395508,24.543622970581055,24.944438934326172,25.3547420501709,25.784406661987305,26.28409194946289,26.92100715637207,28.562942504882812
23.07236671447754,23.686229705810547,24.14797019958496,24.55274200439453,24.933088302612305,25.31962776184082,25.739620208740234,26.2243595123291,26.853612899780273,28.489513397216797
23.02256202697754,23.652273178100586,24.132766723632812,24.562286376953125,24.959177017211914,25.366912841796875,25.791889190673828,26.286659240722656,26.91313934326172,28.589008331298828
22.975444793701172,23.632009506225586,24.133113861083984,24.575485229492188,24.988054275512695,25.401580810546875,25.840179443359375,26.346065521240234,26.997150421142578,28.647098541259766
23.048126220703125,23.663965225219727,24.142208099365234,24.55240249633789,24.94269561767578,25.33277702331543,25.7492618560791,26.232803344726562,26.860280990600586,28.541912078857422
23.027952194213867,23.641937255859375,24.127803802490234,24.554641723632812,24.957834243774414,25.35737419128418,25.781999588012695,26.26630210876465,26.90281105041504,28.612051010131836
23.023059844970703,23.63967514038086,24.12363624572754,24.547624588012695,24.952476501464844,25.356294631958008,25.7893123626709,26.291900634765625,26.939815521240234,28.635080337524414
23.044450759887695,23.664518356323242,24.143447875976562,24.5540714263916,24.94423484802246,25.33369255065918,25.749679565429688,26.217803955078125,26.839351654052734,28.505159378051758
23.013742446899414,23.63858413696289,24.119901657104492,24.5391902923584,24.934635162353516,25.3345890045166,25.76033592224121,26.251708984375,26.896440505981445,28.54206657409668
23.025239944458008,23.648578643798828,24.144899368286133,24.57400894165039,24.983430862426758,25.39468765258789,25.82866668701172,26.32463264465332,26.956148147583008,28.610925674438477
23.041393280029297,23.65761375427246,24.126171112060547,24.543848037719727,24.939077377319336,25.337360382080078,25.756479263305664,26.242324829101562,26.864892959594727,28.511260986328125
22.94054412841797,23.58803367614746,24.08743667602539,24.541908264160156,24.96482276916504,25.385173797607422,25.830984115600586,26.34024429321289,26.991708755493164,28.74777603149414
23.03074073791504,23.663423538208008,24.154191970825195,24.582448959350586,24.979352951049805,25.384552001953125,25.807861328125,26.311588287353516,26.948171615600586,28.62930679321289
23.060138702392578,23.673431396484375,24.141571044921875,24.55116081237793,24.94237518310547,25.337099075317383,25.75364112854004,26.244117736816406,26.888439178466797,28.518192291259766
23.034940719604492,23.645002365112305,24.121929168701172,24.533710479736328,24.927967071533203,25.320022583007812,25.736068725585938,26.21518898010254,26.830415725708008,28.526203155517578
23.008264541625977,23.636966705322266,24.131717681884766,24.56007194519043,24.9678897857666,25.379981994628906,25.815746307373047,26.320003509521484,26.95644187927246,28.685850143432617
23.03817367553711,23.65125846862793,24.126995086669922,24.54301643371582,24.930395126342773,25.33245277404785,25.754135131835938,26.246414184570312,26.902376174926758,28.65313720703125
22.989931106567383,23.624990463256836,24.117380142211914,24.55026626586914,24.959022521972656,25.368513107299805,25.79917335510254,26.292736053466797,26.93634033203125,28.632055282592773
23.012706756591797,23.64507484436035,24.132055282592773,24.554039001464844,24.95836639404297,25.3566951751709,25.784744262695312,26.278493881225586,26.90877342224121,28.581161499023438
23.051433563232422,23.654525756835938,24.123184204101562,24.531599044799805,24.924360275268555,25.319095611572266,25.74131965637207,26.229692459106445,26.861318588256836,28.592273712158203
23.067476272583008,23.66414451599121,24.125558853149414,24.530057907104492,24.91624641418457,25.303333282470703,25.71744155883789,26.19599151611328,26.81098175048828,28.461782455444336
22.976593017578125,23.620819091796875,24.117197036743164,24.55791473388672,24.969207763671875,25.377988815307617,25.812755584716797,26.30178451538086,26.930139541625977,28.603403091430664
23.093767166137695,23.689319610595703,24.13907814025879,24.539596557617188,24.912328720092773,25.293840408325195,25.702789306640625,26.168466567993164,26.7812442779541,28.40977668762207
23.053144454956055,23.66525650024414,24.134084701538086,24.546669006347656,24.93754768371582,25.332971572875977,25.756065368652344,26.246063232421875,26.88909912109375,28.504199981689453
23.0035457611084,23.635360717773438,24.130605697631836,24.559358596801758,24.967422485351562,25.374780654907227,25.805437088012695,26.30257225036621,26.942514419555664,28.691850662231445
23.06355094909668,23.665746688842773,24.126474380493164,24.524417877197266,24.9130916595459,25.297937393188477,25.70808219909668,26.180198669433594,26.791000366210938,28.495838165283203
23.02910614013672,23.637798309326172,24.114261627197266,24.52741050720215,24.92047882080078,25.3110294342041,25.73508644104004,26.225351333618164,26.86533546447754,28.579370498657227
23.06427764892578,23.686565399169922,24.164602279663086,24.593730926513672,24.98529815673828,25.38735580444336,25.810943603515625,26.29874610900879,26.931537628173828,28.613805770874023
23.039690017700195,23.674182891845703,24.15951156616211,24.5802059173584,24.981714248657227,25.380672454833984,25.808212280273438,26.303226470947266,26.936792373657227,28.554790496826172
22.979141235351562,23.61165428161621,24.107460021972656,24.537328720092773,24.945072174072266,25.352577209472656,25.784717559814453,26.281784057617188,26.920019149780273,28.639644622802734
23.012666702270508,23.652793884277344,24.148239135742188,24.581132888793945,24.99252700805664,25.402969360351562,25.839462280273438,26.34073829650879,26.96522331237793,28.631473541259766
23.070247650146484,23.681594848632812,24.15073013305664,24.55876350402832,24.947158813476562,25.334463119506836,25.74939727783203,26.227005004882812,26.85806655883789,28.549076080322266
22.983654022216797,23.612628936767578,24.105039596557617,24.541301727294922,24.949739456176758,25.359336853027344,25.79147720336914,26.28887939453125,26.92529296875,28.70038604736328
22.983232498168945,23.621591567993164,24.11369514465332,24.55202293395996,24.966262817382812,25.371906280517578,25.80763816833496,26.301258087158203,26.93202018737793,28.612621307373047
23.087371826171875,23.672243118286133,24.121492385864258,24.509666442871094,24.88384246826172,25.25933837890625,25.664648056030273,26.14054298400879,26.764625549316406,28.489429473876953
23.078025817871094,23.684423446655273,24.156227111816406,24.564958572387695,24.95732307434082,25.348447799682617,25.77086639404297,26.254100799560547,26.86301612854004,28.491676330566406
23.01869773864746,23.6440486907959,24.124168395996094,24.54751968383789,24.944414138793945,25.348331451416016,25.775793075561523,26.264366149902344,26.900272369384766,28.607906341552734
23.069128036499023,23.670330047607422,24.13506317138672,24.536439895629883,24.920494079589844,25.301197052001953,25.71506690979004,26.192447662353516,26.827241897583008,28.458101272583008
23.065059661865234,23.676715850830078,24.14497184753418,24.557546615600586,24.953582763671875,25.337400436401367,25.762203216552734,26.24050521850586,26.874160766601562,28.58424949645996
23.082006454467773,23.67920684814453,24.1406192779541,24.541271209716797,24.925697326660156,25.310523986816406,25.72374153137207,26.20472526550293,26.835891723632812,28.58112907409668
23.059606552124023,23.666162490844727,24.12879180908203,24.53073501586914,24.914236068725586,25.29511260986328,25.708084106445312,26.179962158203125,26.7958927154541,28.43977928161621
23.094987869262695,23.693294525146484,24.14208221435547,24.54067039489746,24.92156982421875,25.30885124206543,25.72609519958496,26.210542678833008,26.853538513183594,28.55278778076172
22.978763580322266,23.61814308166504,24.121244430541992,24.557756423950195,24.970373153686523,25.388229370117188,25.81488037109375,26.3095703125,26.950790405273438,28.65240478515625
23.02889060974121,23.628036499023438,24.096628189086914,24.508821487426758,24.90021324157715,25.294334411621094,25.71967124938965,26.20713233947754,26.84678077697754,28.524402618408203
22.983497619628906,23.612974166870117,24.108325958251953,24.53618621826172,24.94152069091797,25.344017028808594,25.7675838470459,26.2558650970459,26.893375396728516,28.6249942779541
23.019060134887695,23.650009155273438,24.132369995117188,24.55820655822754,24.959257125854492,25.365745544433594,25.79486656188965,26.30149269104004,26.935562133789062,28.602397918701172
23.088272094726562,23.67983055114746,24.128816604614258,24.52618980407715,24.90413475036621,25.289533615112305,25.70765495300293,26.184965133666992,26.812328338623047,28.513845443725586
23.007226943969727,23.632471084594727,24.12168312072754,24.548805236816406,24.94809913635254,25.345733642578125,25.76935386657715,26.249591827392578,26.877506256103516,28.60842514038086
23.071741104125977,23.66727066040039,24.12440299987793,24.523181915283203,24.90380859375,25.28453254699707,25.694786071777344,26.163461685180664,26.78431510925293,28.435400009155273
23.059974670410156,23.68273162841797,24.16584014892578,24.577157974243164,24.969785690307617,25.365140914916992,25.784374237060547,26.2729549407959,26.907974243164062,28.624608993530273
23.06182098388672,23.666114807128906,24.138818740844727,24.550254821777344,24.934349060058594,25.330297470092773,25.75287437438965,26.248565673828125,26.873964309692383,28.514741897583008
23.01902961730957,23.640209197998047,24.122169494628906,24.543773651123047,24.944984436035156,25.347232818603516,25.7763729095459,26.26716423034668,26.914995193481445,28.58453369140625
22.954389572143555,23.602373123168945,24.12432861328125,24.58588409423828,25.012617111206055,25.440231323242188,25.88804054260254,26.383960723876953,27.017290115356445,28.685216903686523
22.957805633544922,23.599550247192383,24.107723236083984,24.547590255737305,24.961360931396484,25.379863739013672,25.82413673400879,26.329980850219727,26.977874755859375,28.64293670654297
23.055166244506836,23.669269561767578,24.153446197509766,24.572324752807617,24.971174240112305,25.370716094970703,25.794818878173828,26.289108276367188,26.92426300048828,28.642887115478516
23.054445266723633,23.674152374267578,24.146530151367188,24.55451011657715,24.94761085510254,25.338157653808594,25.758182525634766,26.231592178344727,26.86814308166504,28.560976028442383
23.02798843383789,23.643184661865234,24.1162166595459,24.53724479675293,24.932613372802734,25.33369255065918,25.75108528137207,26.240453720092773,26.878986358642578,28.55613136291504
23.06586456298828,23.66758918762207,24.127262115478516,24.532745361328125,24.919527053833008,25.306934356689453,25.72835922241211,26.209379196166992,26.8237361907959,28.53534507751465
23.0819149017334,23.685375213623047,24.14426612854004,24.55205535888672,24.930862426757812,25.32006072998047,25.73581886291504,26.219743728637695,26.85009765625,28.516883850097656
23.045637130737305,23.66291618347168,24.143733978271484,24.555322647094727,24.94666862487793,25.339351654052734,25.75914764404297,26.24669647216797,26.87440299987793,28.578704833984375
23.03670883178711,23.653453826904297,24.127023696899414,24.54306411743164,24.939577102661133,25.331340789794922,25.754613876342773,26.23952293395996,26.858251571655273,28.50862693786621
23.107267379760742,23.692157745361328,24.145069122314453,24.541534423828125,24.921573638916016,25.303424835205078,25.717479705810547,26.192302703857422,26.819564819335938,28.463455200195312
22.941781997680664,23.581308364868164,24.093021392822266,24.541032791137695,24.967243194580078,25.39007568359375,25.83968162536621,26.347558975219727,26.993682861328125,28.70224952697754
23.062395095825195,23.66468620300293,24.121177673339844,24.52611541748047,24.909826278686523,25.299911499023438,25.71173095703125,26.185216903686523,26.80755615234375,28.440746307373047
23.044452667236328,23.64702033996582,24.119489669799805,24.527956008911133,24.918691635131836,25.308080673217773,25.724233627319336,26.20667839050293,26.83575439453125,28.584423065185547
23.04201889038086,23.66193199157715,24.136690139770508,24.555313110351562,24.950037002563477,25.343849182128906,25.765661239624023,26.259868621826172,26.89862632751465,28.658910751342773
22.949661254882812,23.592491149902344,24.101219177246094,24.554210662841797,24.97608184814453,25.39713478088379,25.846853256225586,26.358678817749023,27.007558822631836,28.660747528076172
23.02138328552246,23.657062530517578,24.14743995666504,24.579374313354492,24.98180389404297,25.39043426513672,25.816341400146484,26.30723762512207,26.927719116210938,28.581912994384766
22.869295120239258,23.518922805786133,24.049266815185547,24.528671264648438,24.972373962402344,25.417924880981445,25.878265380859375,26.388591766357422,27.047725677490234,28.797576904296875
23.0488338470459,23.665433883666992,24.14518165588379,24.555326461791992,24.945253372192383,25.335325241088867,25.751432418823242,26.236602783203125,26.865894317626953,28.568674087524414
22.95088005065918,23.60541534423828,24.11982536315918,24.565690994262695,24.985607147216797,25.393802642822266,25.834426879882812,26.343181610107422,26.98313331604004,28.684412002563477
23.07664680480957,23.68058967590332,24.137182235717773,24.54128646850586,24.933082580566406,25.322893142700195,25.745071411132812,26.22865104675293,26.862842559814453,28.54698944091797
23.039560317993164,23.652629852294922,24.127721786499023,24.54587745666504,24.939666748046875,25.326459884643555,25.741683959960938,26.217248916625977,26.838655471801758,28.514408111572266
23.0913028717041,23.670692443847656,24.128124237060547,24.52406883239746,24.904869079589844,25.28523826599121,25.694055557250977,26.16803550720215,26.80791473388672,28.537076950073242
23.029111862182617,23.653831481933594,24.137243270874023,24.550046920776367,24.944162368774414,25.34015464782715,25.76328468322754,26.250999450683594,26.87706756591797,28.562288284301758
23.07421875,23.685319900512695,24.149261474609375,24.55223846435547,24.936674118041992,25.326501846313477,25.746450424194336,26.21739387512207,26.853790283203125,28.52997398376465
23.054595947265625,23.661752700805664,24.129844665527344,24.54088592529297,24.92723274230957,25.320716857910156,25.733083724975586,26.19791030883789,26.819395065307617,28.52696418762207
23.027902603149414,23.655258178710938,24.138851165771484,24.557697296142578,24.953750610351562,25.354719161987305,25.779541015625,26.277746200561523,26.923843383789062,28.660356521606445
23.05120277404785,23.66164779663086,24.130828857421875,24.547346115112305,24.938112258911133,25.330730438232422,25.75238609313965,26.236928939819336,26.878433227539062,28.550254821777344
22.9683895111084,23.613195419311523,24.122846603393555,24.55998420715332,24.971755981445312,25.382183074951172,25.815189361572266,26.312837600708008,26.944971084594727,28.629329681396484
22.934511184692383,23.601715087890625,24.124277114868164,24.580778121948242,25.008197784423828,25.434606552124023,25.880067825317383,26.384979248046875,27.033203125,28.715457916259766
23.090341567993164,23.690038681030273,24.142730712890625,24.54042625427246,24.919954299926758,25.30340003967285,25.71718406677246,26.19567108154297,26.844188690185547,28.50748634338379
23.07590103149414,23.667098999023438,24.11925506591797,24.51288604736328,24.891433715820312,25.275238037109375,25.686349868774414,26.151996612548828,26.762447357177734,28.458145141601562
23.061513900756836,23.672273635864258,24.13762092590332,24.5456485748291,24.926881790161133,25.31467628479004,25.72618865966797,26.209684371948242,26.82483673095703,28.534759521484375
23.019630432128906,23.644912719726562,24.13515281677246,24.56035041809082,24.96517562866211,25.37177848815918,25.802114486694336,26.300617218017578,26.93727684020996,28.612157821655273
23.045682907104492,23.652738571166992,24.113162994384766,24.524948120117188,24.918058395385742,25.318771362304688,25.744176864624023,26.227657318115234,26.855289459228516,28.493850708007812
22.961463928222656,23.59393882751465,24.090530395507812,24.52957534790039,24.945955276489258,25.370656967163086,25.816614151000977,26.32576560974121,26.97365951538086,28.690988540649414
23.015907287597656,23.651344299316406,24.150245666503906,24.577470779418945,24.982118606567383,25.387426376342773,25.812788009643555,26.297700881958008,26.92462158203125,28.58795166015625
23.06062126159668,23.679893493652344,24.15198516845703,24.564023971557617,24.957275390625,25.35610008239746,25.778764724731445,26.266830444335938,26.887847900390625,28.57210922241211
23.030887603759766,23.66007423400879,24.155439376831055,24.580656051635742,24.986478805541992,25.389867782592773,25.812517166137695,26.29754638671875,26.918832778930664,28.60637092590332
23.028867721557617,23.641237258911133,24.11729621887207,24.537071228027344,24.93623161315918,25.335573196411133,25.75990104675293,26.254377365112305,26.88858985900879,28.569982528686523
22.953065872192383,23.599515914916992,24.1062068939209,24.557804107666016,24.99296760559082,25.41815757751465,25.87998390197754,26.399490356445312,27.054243087768555,28.676748275756836
23.050106048583984,23.656190872192383,24.13266372680664,24.545625686645508,24.94068145751953,25.336742401123047,25.760927200317383,26.249465942382812,26.88576889038086,28.66495704650879
22.964269638061523,23.60993766784668,24.12680435180664,24.57366371154785,24.99620819091797,25.418363571166992,25.863916397094727,26.366849899291992,27.01085090637207,28.70350456237793
23.042930603027344,23.649808883666992,24.12155532836914,24.528095245361328,24.915788650512695,25.301942825317383,25.71430206298828,26.19032096862793,26.80354881286621,28.488189697265625
22.94854164123535,23.598764419555664,24.113061904907227,24.563335418701172,24.991239547729492,25.414684295654297,25.857141494750977,26.35748863220215,26.99896812438965,28.66341209411621
23.04322624206543,23.665515899658203,24.146730422973633,24.562538146972656,24.955291748046875,25.35212516784668,25.77666473388672,26.256364822387695,26.895116806030273,28.536827087402344
23.041854858398438,23.660207748413086,24.143959045410156,24.56189727783203,24.959308624267578,25.349571228027344,25.764665603637695,26.242652893066406,26.85975456237793,28.486108779907227
23.086673736572266,23.689165115356445,24.152090072631836,24.56170082092285,24.94472885131836,25.335844039916992,25.749691009521484,26.232559204101562,26.85711669921875,28.54625129699707
23.016578674316406,23.645038604736328,24.137733459472656,24.563919067382812,24.966535568237305,25.37069320678711,25.800561904907227,26.299734115600586,26.935420989990234,28.621843338012695
23.01136589050293,23.64412498474121,24.130123138427734,24.55732536315918,24.954988479614258,25.35457992553711,25.784753799438477,26.278961181640625,26.926713943481445,28.615570068359375
23.068275451660156,23.677688598632812,24.141490936279297,24.551008224487305,24.935890197753906,25.322969436645508,25.736827850341797,26.210222244262695,26.840234756469727,28.522611618041992
23.042510986328125,23.662214279174805,24.136728286743164,24.55281639099121,24.948638916015625,25.344966888427734,25.769840240478516,26.265060424804688,26.91168212890625,28.601259231567383
23.060138702392578,23.66114044189453,24.129465103149414,24.538908004760742,24.919469833374023,25.313926696777344,25.730669021606445,26.222618103027344,26.865440368652344,28.559711456298828
23.028200149536133,23.644136428833008,24.125484466552734,24.543094635009766,24.941198348999023,25.338361740112305,25.761478424072266,26.252458572387695,26.88288688659668,28.600521087646484
23.064807891845703,23.663896560668945,24.120698928833008,24.52332878112793,24.90535545349121,25.296133041381836,25.71717643737793,26.207448959350586,26.858596801757812,28.502702713012695
23.00823974609375,23.632604598999023,24.116348266601562,24.545352935791016,24.948148727416992,25.347257614135742,25.77007484436035,26.258480072021484,26.88710594177246,28.536468505859375
22.969932556152344,23.611352920532227,24.12521743774414,24.573232650756836,24.990520477294922,25.406455993652344,25.84353256225586,26.340288162231445,26.98008918762207,28.67963409423828
22.9335880279541,23.59745979309082,24.11745262145996,24.579439163208008,25.008474349975586,25.434864044189453,25.8793888092041,26.375064849853516,27.008750915527344,28.715072631835938
23.039337158203125,23.66313934326172,24.149396896362305,24.563064575195312,24.955514907836914,25.351287841796875,25.772830963134766,26.257715225219727,26.872838973999023,28.532461166381836
23.087541580200195,23.683422088623047,24.134746551513672,24.534202575683594,24.9169979095459,25.295978546142578,25.71175765991211,26.192811965942383,26.836402893066406,28.57852554321289
22.972623825073242,23.62313461303711,24.131895065307617,24.574060440063477,24.99090003967285,25.404756546020508,25.8481502532959,26.35733413696289,27.017807006835938,28.741464614868164
23.087051391601562,23.694765090942383,24.15416717529297,24.560749053955078,24.941987991333008,25.326433181762695,25.740787506103516,26.209449768066406,26.817935943603516,28.4619140625
23.004802703857422,23.64629364013672,24.13457489013672,24.561058044433594,24.961973190307617,25.361574172973633,25.786800384521484,26.28021240234375,26.90570640563965,28.591527938842773
22.960399627685547,23.598241806030273,24.100296020507812,24.53441619873047,24.94475746154785,25.35326385498047,25.784255981445312,26.28238296508789,26.91954231262207,28.618892669677734
23.005321502685547,23.63681983947754,24.13246726989746,24.563148498535156,24.97106170654297,25.374160766601562,25.803564071655273,26.287086486816406,26.906787872314453,28.544057846069336
23.02854347229004,23.654081344604492,24.14189910888672,24.56507110595703,24.96417808532715,25.361114501953125,25.785062789916992,26.276098251342773,26.916189193725586,28.585351943969727
23.085647583007812,23.679994583129883,24.14860725402832,24.558101654052734,24.95242691040039,25.346464157104492,25.766151428222656,26.252153396606445,26.895137786865234,28.6132755279541
22.92685890197754,23.576309204101562,24.09235191345215,24.547788619995117,24.977327346801758,25.398406982421875,25.840057373046875,26.337907791137695,26.98980712890625,28.655561447143555
23.07849884033203,23.680410385131836,24.14397430419922,24.544235229492188,24.930652618408203,25.31897735595703,25.73356056213379,26.215240478515625,26.8535213470459,28.621124267578125
23.030637741088867,23.639036178588867,24.112363815307617,24.52381134033203,24.92025375366211,25.319820404052734,25.743789672851562,26.226232528686523,26.84027862548828,28.512998580932617
23.097747802734375,23.678504943847656,24.126991271972656,24.51451301574707,24.89279556274414,25.272974014282227,25.680908203125,26.160247802734375,26.792804718017578,28.457469940185547
23.076175689697266,23.684602737426758,24.148767471313477,24.553058624267578,24.94104766845703,25.328872680664062,25.747684478759766,26.22612953186035,26.863807678222656,28.61023712158203
23.007858276367188,23.63386344909668,24.11507225036621,24.5378360748291,24.939424514770508,25.34154510498047,25.76487159729004,26.251596450805664,26.877573013305664,28.57575035095215
22.96256446838379,23.60677719116211,24.1156063079834,24.55386734008789,24.966102600097656,25.375961303710938,25.80739974975586,26.30499839782715,26.94367027282715,28.653114318847656
23.059871673583984,23.6702938079834,24.137113571166992,24.544883728027344,24.932218551635742,25.319332122802734,25.735759735107422,26.211772918701172,26.85463523864746,28.526447296142578
23.092899322509766,23.696516036987305,24.160192489624023,24.560283660888672,24.94399642944336,25.326313018798828,25.740175247192383,26.213062286376953,26.836767196655273,28.501476287841797
23.065433502197266,23.680925369262695,24.144081115722656,24.553909301757812,24.943647384643555,25.33853530883789,25.760900497436523,26.251144409179688,26.88970375061035,28.574127197265625
23.03450584411621,23.654102325439453,24.144987106323242,24.563690185546875,24.961406707763672,25.360265731811523,25.781314849853516,26.26719856262207,26.90911293029785,28.53713607788086
22.997085571289062,23.622262954711914,24.114704132080078,24.541011810302734,24.94811248779297,25.35402488708496,25.782459259033203,26.27741813659668,26.915603637695312,28.59602928161621
23.069549560546875,23.684982299804688,24.15668487548828,24.561044692993164,24.947643280029297,25.338747024536133,25.756587982177734,26.230249404907227,26.844921112060547,28.462690353393555
23.069793701171875,23.667739868164062,24.13541030883789,24.536514282226562,24.923994064331055,25.312393188476562,25.71875,26.19601821899414,26.815078735351562,28.46839141845703
23.020755767822266,23.647066116333008,24.130313873291016,24.56174087524414,24.965482711791992,25.366506576538086,25.79046630859375,26.280122756958008,26.90110206604004,28.52962303161621
23.027366638183594,23.65028953552246,24.131805419921875,24.54985809326172,24.942733764648438,25.33368682861328,25.752099990844727,26.24725341796875,26.881107330322266,28.602848052978516
22.927385330200195,23.573184967041016,24.087932586669922,24.54039764404297,24.97173309326172,25.403400421142578,25.85691261291504,26.371662139892578,27.029525756835938,28.753658294677734
23.000497817993164,23.631616592407227,24.124237060546875,24.548307418823242,24.93956184387207,25.336881637573242,25.752161026000977,26.236703872680664,26.864248275756836,28.563459396362305
23.05756950378418,23.6611385345459,24.130739212036133,24.538589477539062,24.931772232055664,25.32168960571289,25.742504119873047,26.214372634887695,26.852340698242188,28.51788902282715
22.96478271484375,23.61770248413086,24.121063232421875,24.5629940032959,24.980443954467773,25.39751434326172,25.831058502197266,26.33193016052246,26.97982406616211,28.69784164428711
23.02418327331543,23.649906158447266,24.131248474121094,24.551654815673828,24.94814109802246,25.34095001220703,25.761972427368164,26.253616333007812,26.901565551757812,28.643537521362305
23.05344581604004,23.669185638427734,24.150352478027344,24.56415367126465,24.95911979675293,25.357404708862305,25.784902572631836,26.285003662109375,26.93304443359375,28.629568099975586
23.032163619995117,23.65298080444336,24.13556480407715,24.563112258911133,24.96527671813965,25.37135887145996,25.79967498779297,26.28957748413086,26.909948348999023,28.609622955322266
22.969406127929688,23.615650177001953,24.121742248535156,24.56635284423828,24.979511260986328,25.396326065063477,25.838464736938477,26.329097747802734,26.961149215698242,28.662322998046875
23.06504249572754,23.67828941345215,24.134647369384766,24.535202026367188,24.91710662841797,25.3013858795166,25.712230682373047,26.18692970275879,26.821489334106445,28.51453399658203
23.045198440551758,23.659141540527344,24.126819610595703,24.535232543945312,24.923757553100586,25.317596435546875,25.73183250427246,26.2089900970459,26.849077224731445,28.557466506958008
22.970748901367188,23.607669830322266,24.10758399963379,24.53792381286621,24.9483585357666,25.36016082763672,25.796375274658203,26.3002986907959,26.944576263427734,28.6687068939209
23.05672836303711,23.66531753540039,24.136491775512695,24.54526138305664,24.931554794311523,25.31966781616211,25.737218856811523,26.213529586791992,26.833322525024414,28.534343719482422
23.015872955322266,23.64293670654297,24.12354278564453,24.545320510864258,24.941490173339844,25.34233856201172,25.76355743408203,26.24859619140625,26.87895965576172,28.53154754638672
23.089998245239258,23.69184112548828,24.150602340698242,24.550262451171875,24.93714141845703,25.31867218017578,25.73193359375,26.20538902282715,26.82871437072754,28.520126342773438
22.9672908782959,23.61563491821289,24.13027572631836,24.581724166870117,25.003599166870117,25.425045013427734,25.872955322265625,26.381078720092773,27.033876419067383,28.723642349243164
23.039016723632812,23.65387535095215,24.13641929626465,24.55274200439453,24.9504337310791,25.349058151245117,25.771255493164062,26.25735092163086,26.878114700317383,28.546955108642578
23.049097061157227,23.657148361206055,24.130666732788086,24.54874038696289,24.942100524902344,25.335140228271484,25.75335121154785,26.239046096801758,26.875896453857422,28.544841766357422
23.06599998474121,23.671846389770508,24.13913345336914,24.553157806396484,24.948925018310547,25.3457088470459,25.76947593688965,26.26079750061035,26.897769927978516,28.598936080932617
23.027681350708008,23.654521942138672,24.141313552856445,24.56769561767578,24.965225219726562,25.37685775756836,25.809246063232422,26.317169189453125,26.970596313476562,28.636381149291992
23.032573699951172,23.653732299804688,24.130598068237305,24.553861618041992,24.94768714904785,25.345043182373047,25.761648178100586,26.247711181640625,26.875873565673828,28.617258071899414
23.069002151489258,23.684627532958984,24.166545867919922,24.581722259521484,24.97844886779785,25.378982543945312,25.806468963623047,26.30384635925293,26.941179275512695,28.622581481933594
23.06044578552246,23.672605514526367,24.135822296142578,24.544570922851562,24.926401138305664,25.312328338623047,25.72567367553711,26.196537017822266,26.813817977905273,28.476205825805664
23.054929733276367,23.659894943237305,24.122783660888672,24.532583236694336,24.91693878173828,25.308443069458008,25.721982955932617,26.201807022094727,26.839143753051758,28.564697265625
23.061723709106445,23.670141220092773,24.134071350097656,24.54144859313965,24.930143356323242,25.31647491455078,25.735713958740234,26.21807289123535,26.860210418701172,28.59020233154297
22.97515296936035,23.62700653076172,24.13314437866211,24.57884979248047,24.98912811279297,25.399951934814453,25.832305908203125,26.337522506713867,26.965444564819336,28.57335090637207
23.017566680908203,23.632522583007812,24.121349334716797,24.54676055908203,24.95489501953125,25.364009857177734,25.795522689819336,26.293258666992188,26.9331111907959,28.635732650756836
23.020299911499023,23.646387100219727,24.13532257080078,24.561878204345703,24.968612670898438,25.371543884277344,25.802793502807617,26.29891586303711,26.95713233947754,28.629867553710938
22.965740203857422,23.604040145874023,24.110124588012695,24.555313110351562,24.96885108947754,25.38591957092285,25.824966430664062,26.316640853881836,26.953012466430664,28.641672134399414
23.081655502319336,23.690515518188477,24.148040771484375,24.545047760009766,24.932016372680664,25.31824493408203,25.735801696777344,26.21050262451172,26.82033348083496,28.49232292175293
23.01304054260254,23.629844665527344,24.127174377441406,24.559894561767578,24.96693992614746,25.379268646240234,25.816280364990234,26.314697265625,26.964923858642578,28.70247459411621
23.058008193969727,23.677047729492188,24.156343460083008,24.566911697387695,24.95659637451172,25.347332000732422,25.76456642150879,26.254056930541992,26.892763137817383,28.546390533447266
22.966787338256836,23.60033416748047,24.08743667602539,24.526140213012695,24.94508934020996,25.363584518432617,25.80512237548828,26.31305503845215,26.95863914489746,28.66348648071289
23.040441513061523,23.664066314697266,24.142839431762695,24.55268669128418,24.945032119750977,25.335662841796875,25.75653648376465,26.24664878845215,26.87781524658203,28.598861694335938
22.96660614013672,23.610746383666992,24.118288040161133,24.562498092651367,24.978866577148438,25.392518997192383,25.833555221557617,26.33680534362793,26.9799861907959,28.686176300048828
22.974075317382812,23.631078720092773,24.138935089111328,24.581518173217773,24.99612045288086,25.405826568603516,25.844173431396484,26.346342086791992,26.99269676208496,28.666303634643555
23.060720443725586,23.678377151489258,24.164533615112305,24.583677291870117,24.982690811157227,25.37950897216797,25.793745040893555,26.272802352905273,26.891586303710938,28.559064865112305
23.03519058227539,23.649019241333008,24.125598907470703,24.53424644470215,24.92711067199707,25.326162338256836,25.75714683532715,26.241107940673828,26.887365341186523,28.620779037475586
23.07191276550293,23.678428649902344,24.150209426879883,24.560672760009766,24.94891929626465,25.33574104309082,25.756797790527344,26.23936653137207,26.862178802490234,28.49524688720703
23.002906799316406,23.631032943725586,24.110870361328125,24.541522979736328,24.94876480102539,25.35752296447754,25.789234161376953,26.29226303100586,26.933988571166992,28.637378692626953
23.09608268737793,23.68695831298828,24.134042739868164,24.523427963256836,24.898921966552734,25.27988052368164,25.69341468811035,26.171724319458008,26.784408569335938,28.48836898803711
22.976716995239258,23.61241340637207,24.114429473876953,24.556583404541016,24.978410720825195,25.39533233642578,25.829940795898438,26.323415756225586,26.951725006103516,28.679279327392578
23.014389038085938,23.64031219482422,24.114402770996094,24.53980255126953,24.94184112548828,25.343120574951172,25.769689559936523,26.270469665527344,26.912479400634766,28.597026824951172
23.019180297851562,23.654476165771484,24.153587341308594,24.582250595092773,24.98865509033203,25.398189544677734,25.83722496032715,26.32951545715332,26.971181869506836,28.60828971862793
23.066211700439453,23.664289474487305,24.12530517578125,24.52800941467285,24.90866470336914,25.28899383544922,25.706119537353516,26.180343627929688,26.805212020874023,28.50466537475586
22.977933883666992,23.626663208007812,24.12834358215332,24.571443557739258,24.973743438720703,25.384109497070312,25.824310302734375,26.32343292236328,26.968603134155273,28.623376846313477
23.06573486328125,23.661115646362305,24.122316360473633,24.52191925048828,24.906665802001953,25.291109085083008,25.70233726501465,26.179269790649414,26.809619903564453,28.566537857055664
23.054121017456055,23.657543182373047,24.125507354736328,24.539588928222656,24.928022384643555,25.317625045776367,25.73688316345215,26.21685218811035,26.85427474975586,28.545251846313477
23.105531692504883,23.692535400390625,24.137659072875977,24.532737731933594,24.909080505371094,25.291013717651367,25.706857681274414,26.191556930541992,26.80189323425293,28.567733764648438
23.07110595703125,23.667795181274414,24.123123168945312,24.530040740966797,24.91535758972168,25.309852600097656,25.72653579711914,26.21590232849121,26.853641510009766,28.551990509033203
23.06532859802246,23.681180953979492,24.149784088134766,24.560251235961914,24.950410842895508,25.343469619750977,25.764066696166992,26.249670028686523,26.8901424407959,28.59610939025879
22.98021697998047,23.6147403717041,24.117908477783203,24.55823516845703,24.97846031188965,25.402801513671875,25.855026245117188,26.363269805908203,27.00107765197754,28.697683334350586
23.013507843017578,23.645915985107422,24.140899658203125,24.565519332885742,24.97548484802246,25.382381439208984,25.814687728881836,26.312326431274414,26.95572280883789,28.63401222229004
23.072994232177734,23.69157600402832,24.158212661743164,24.569116592407227,24.954378128051758,25.347105026245117,25.766454696655273,26.2465877532959,26.875652313232422,28.514678955078125
23.02512550354004,23.64861488342285,24.138269424438477,24.56229019165039,24.959009170532227,25.365882873535156,25.795047760009766,26.29006004333496,26.929210662841797,28.58260726928711
23.047574996948242,23.656030654907227,24.12436866760254,24.534208297729492,24.927635192871094,25.32134246826172,25.743892669677734,26.227432250976562,26.846776962280273,28.456693649291992
22.977170944213867,23.62177085876465,24.130523681640625,24.564533233642578,24.971878051757812,25.379377365112305,25.81263542175293,26.316068649291992,26.9585018157959,28.700380325317383
23.06231689453125,23.678462982177734,24.148069381713867,24.557035446166992,24.94220733642578,25.334062576293945,25.75054168701172,26.237146377563477,26.861957550048828,28.555625915527344
23.060020446777344,23.66168785095215,24.125442504882812,24.53497314453125,24.921672821044922,25.309810638427734,25.72208595275879,26.188648223876953,26.814071655273438,28.51424789428711
23.062721252441406,23.686918258666992,24.15890121459961,24.572174072265625,24.956357955932617,25.350078582763672,25.760982513427734,26.239017486572266,26.85296630859375,28.480987548828125
23.024940490722656,23.64635467529297,24.12611961364746,24.55303955078125,24.951486587524414,25.356775283813477,25.789941787719727,26.289073944091797,26.92569351196289,28.60799789428711
23.04001235961914,23.642257690429688,24.11200523376465,24.520442962646484,24.91075897216797,25.29838752746582,25.71137237548828,26.187007904052734,26.809711456298828,28.579404830932617
23.089035034179688,23.688814163208008,24.15013885498047,24.555028915405273,24.941022872924805,25.33014678955078,25.743593215942383,26.219921112060547,26.841135025024414,28.551225662231445
23.03748321533203,23.65217399597168,24.122987747192383,24.536861419677734,24.928937911987305,25.32474136352539,25.745670318603516,26.233430862426758,26.880268096923828,28.60198402404785
23.009550094604492,23.644453048706055,24.13620948791504,24.56142234802246,24.962684631347656,25.3662166595459,25.791423797607422,26.286794662475586,26.9267578125,28.588335037231445
23.08116340637207,23.69463348388672,24.165996551513672,24.566463470458984,24.950300216674805,25.333274841308594,25.749977111816406,26.230838775634766,26.853307723999023,28.50814437866211
22.943479537963867,23.590482711791992,24.108156204223633,24.556413650512695,24.979503631591797,25.402578353881836,25.848264694213867,26.355484008789062,27.000093460083008,28.68744468688965
23.071508407592773,23.681577682495117,24.14314079284668,24.547945022583008,24.93258285522461,25.319047927856445,25.733407974243164,26.219554901123047,26.83086395263672,28.501562118530273
23.025625228881836,23.64824867248535,24.126962661743164,24.544843673706055,24.943395614624023,25.342546463012695,25.767791748046875,26.262727737426758,26.897613525390625,28.613584518432617
23.057167053222656,23.66953468322754,24.138334274291992,24.550352096557617,24.939876556396484,25.333810806274414,25.75099754333496,26.227571487426758,26.856786727905273,28.604595184326172
23.00311279296875,23.63097381591797,24.115591049194336,24.532554626464844,24.93466567993164,25.32908058166504,25.751224517822266,26.2334041595459,26.869735717773438,28.57622528076172
22.987586975097656,23.626468658447266,24.14120101928711,24.584922790527344,25.002161026000977,25.41857147216797,25.856050491333008,26.35027503967285,26.985383987426758,28.707122802734375
22.92764663696289,23.581769943237305,24.09187889099121,24.546924591064453,24.976003646850586,25.39201545715332,25.839366912841797,26.347131729125977,26.99590492248535,28.656131744384766
23.07444953918457,23.664295196533203,24.12435531616211,24.525102615356445,24.906761169433594,25.289865493774414,25.70395851135254,26.17467498779297,26.790504455566406,28.454687118530273
22.931819915771484,23.58189582824707,24.09562873840332,24.54192352294922,24.96575355529785,25.391071319580078,25.850662231445312,26.3608341217041,27.011524200439453,28.73162269592285
22.9897403717041,23.617298126220703,24.11496925354004,24.539714813232422,24.947147369384766,25.35345458984375,25.786401748657227,26.279985427856445,26.924488067626953,28.623247146606445
23.058624267578125,23.677499771118164,24.157508850097656,24.57117462158203,24.965194702148438,25.359710693359375,25.775476455688477,26.254785537719727,26.8754825592041,28.533329010009766
22.85107421875,23.51586151123047,24.061765670776367,24.543336868286133,24.987781524658203,25.431610107421875,25.893564224243164,26.41574478149414,27.062259674072266,28.713134765625
23.052217483520508,23.666786193847656,24.146055221557617,24.563766479492188,24.958267211914062,25.35696029663086,25.78033447265625,26.268489837646484,26.914316177368164,28.61374282836914
23.045162200927734,23.660980224609375,24.13530921936035,24.550296783447266,24.949037551879883,25.345928192138672,25.769634246826172,26.25031089782715,26.880733489990234,28.537153244018555
23.030906677246094,23.648252487182617,24.134977340698242,24.551395416259766,24.947633743286133,25.34501838684082,25.76527976989746,26.247282028198242,26.882883071899414,28.512487411499023
22.860506057739258,23.512475967407227,24.036537170410156,24.50779151916504,24.959978103637695,25.414316177368164,25.891916275024414,26.420650482177734,27.092365264892578,28.786670684814453
23.020233154296875,23.648366928100586,24.14021110534668,24.572975158691406,24.978355407714844,25.387998580932617,25.82186508178711,26.319374084472656,26.951419830322266,28.618452072143555
23.072885513305664,23.676408767700195,24.14122772216797,24.547595977783203,24.930282592773438,25.323373794555664,25.741764068603516,26.23135757446289,26.871328353881836,28.624906539916992
23.006813049316406,23.645584106445312,24.127765655517578,24.547557830810547,24.949750900268555,25.350360870361328,25.771587371826172,26.26134490966797,26.88373374938965,28.550695419311523
23.043739318847656,23.666757583618164,24.149864196777344,24.565114974975586,24.957202911376953,25.353063583374023,25.775720596313477,26.257089614868164,26.886741638183594,28.528282165527344
22.99073600769043,23.623926162719727,24.128427505493164,24.561037063598633,24.968374252319336,25.375598907470703,25.80303192138672,26.292577743530273,26.92517852783203,28.625932693481445
23.03083038330078,23.662914276123047,24.146163940429688,24.561580657958984,24.9548282623291,25.352317810058594,25.780109405517578,26.275156021118164,26.915342330932617,28.61383056640625
22.936229705810547,23.580907821655273,24.088863372802734,24.541841506958008,24.97553253173828,25.402929306030273,25.85568618774414,26.365371704101562,27.035459518432617,28.74591064453125
23.043134689331055,23.646865844726562,24.11040496826172,24.52019691467285,24.911109924316406,25.31407928466797,25.743228912353516,26.220861434936523,26.854751586914062,28.584796905517578
23.04414176940918,23.663227081298828,24.146194458007812,24.55976104736328,24.953861236572266,25.348295211791992,25.76665687561035,26.24324607849121,26.880895614624023,28.54400062561035
22.964929580688477,23.59070587158203,24.081666946411133,24.5112247467041,24.922380447387695,25.334861755371094,25.77496337890625,26.281909942626953,26.92374038696289,28.630599975585938
22.97890281677246,23.61498260498047,24.117053985595703,24.55661392211914,24.97697639465332,25.385814666748047,25.821386337280273,26.314420700073242,26.971017837524414,28.644145965576172
23.06946563720703,23.67894172668457,24.142549514770508,24.55463409423828,24.942888259887695,25.332286834716797,25.75111198425293,26.225027084350586,26.858247756958008,28.504714965820312
23.076078414916992,23.683761596679688,24.14618492126465,24.552207946777344,24.929275512695312,25.317079544067383,25.738676071166992,26.23236083984375,26.87147331237793,28.583526611328125
23.084552764892578,23.666465759277344,24.10683250427246,24.502910614013672,24.876399993896484,25.257211685180664,25.664339065551758,26.130014419555664,26.74527359008789,28.401762008666992
23.01136016845703,23.640474319458008,24.12859535217285,24.54990005493164,24.95256996154785,25.356414794921875,25.78849983215332,26.291418075561523,26.938812255859375,28.684547424316406
23.095190048217773,23.678497314453125,24.12787437438965,24.519744873046875,24.895233154296875,25.277502059936523,25.69081687927246,26.169559478759766,26.796401977539062,28.52234649658203
23.041187286376953,23.665300369262695,24.144807815551758,24.56842041015625,24.969743728637695,25.367414474487305,25.800857543945312,26.295875549316406,26.928176879882812,28.581249237060547
23.061147689819336,23.670522689819336,24.140762329101562,24.55208396911621,24.938186645507812,25.328420639038086,25.745492935180664,26.23147201538086,26.86089515686035,28.549089431762695
23.024351119995117,23.656843185424805,24.134965896606445,24.55265235900879,24.945213317871094,25.34333038330078,25.76776885986328,26.264007568359375,26.906282424926758,28.59467124938965
22.98163604736328,23.621828079223633,24.129175186157227,24.56812858581543,24.986289978027344,25.40501594543457,25.845178604125977,26.340160369873047,26.969635009765625,28.64935874938965
23.07544708251953,23.67181396484375,24.12994956970215,24.533138275146484,24.919689178466797,25.30621910095215,25.72348976135254,26.197385787963867,26.8166446685791,28.500532150268555
23.074068069458008,23.683794021606445,24.15007781982422,24.555503845214844,24.935054779052734,25.31977081298828,25.723596572875977,26.191898345947266,26.811635971069336,28.487445831298828
23.037883758544922,23.667274475097656,24.143402099609375,24.561439514160156,24.96153450012207,25.359830856323242,25.788806915283203,26.27526092529297,26.905317306518555,28.610395431518555
22.996501922607422,23.630451202392578,24.125568389892578,24.55646514892578,24.966215133666992,25.365201950073242,25.798458099365234,26.283023834228516,26.92293357849121,28.612422943115234
23.036874771118164,23.652786254882812,24.132343292236328,24.54511833190918,24.93764305114746,25.330167770385742,25.750244140625,26.23618507385254,26.863080978393555,28.620859146118164
23.075345993041992,23.67023277282715,24.126991271972656,24.52992820739746,24.915098190307617,25.309621810913086,25.730854034423828,26.212141036987305,26.839365005493164,28.536304473876953
23.086483001708984,23.68185806274414,24.13299560546875,24.530670166015625,24.910396575927734,25.294137954711914,25.69735336303711,26.166309356689453,26.784027099609375,28.445171356201172
23.048105239868164,23.660865783691406,24.130626678466797,24.53285789489746,24.92241668701172,25.308151245117188,25.721576690673828,26.202255249023438,26.83571434020996,28.594955444335938
23.007768630981445,23.639862060546875,24.131668090820312,24.553728103637695,24.95977783203125,25.364593505859375,25.79183006286621,26.292160034179688,26.9226016998291,28.654626846313477
23.07234001159668,23.673660278320312,24.137243270874023,24.534387588500977,24.914657592773438,25.296327590942383,25.705394744873047,26.178916931152344,26.79926300048828,28.486083984375
23.060501098632812,23.678442001342773,24.148176193237305,24.55510139465332,24.94032859802246,25.33344268798828,25.75090980529785,26.2263126373291,26.854320526123047,28.611242294311523
23.033802032470703,23.652334213256836,24.128358840942383,24.544784545898438,24.93246078491211,25.325542449951172,25.741195678710938,26.216590881347656,26.82410430908203,28.495637893676758
22.975915908813477,23.617694854736328,24.119159698486328,24.555892944335938,24.971599578857422,25.383291244506836,25.823034286499023,26.32486343383789,26.96120834350586,28.63044548034668
22.98174476623535,23.625873565673828,24.122882843017578,24.5600643157959,24.97274398803711,25.38100242614746,25.810794830322266,26.304479598999023,26.938730239868164,28.593521118164062
22.892044067382812,23.538820266723633,24.063318252563477,24.52887725830078,24.970125198364258,25.412811279296875,25.876949310302734,26.39556884765625,27.05422019958496,28.74831199645996
23.035858154296875,23.66023063659668,24.147958755493164,24.567529678344727,24.96916389465332,25.37151527404785,25.805034637451172,26.309553146362305,26.943836212158203,28.58977699279785
22.980348587036133,23.610946655273438,24.112098693847656,24.55010986328125,24.964017868041992,25.372743606567383,25.808225631713867,26.304967880249023,26.944372177124023,28.642160415649414
23.075054168701172,23.67791175842285,24.137733459472656,24.546260833740234,24.939361572265625,25.329328536987305,25.753087997436523,26.22422981262207,26.863901138305664,28.57737159729004
23.051652908325195,23.668516159057617,24.14039421081543,24.551179885864258,24.937118530273438,25.33502769470215,25.7536678314209,26.245834350585938,26.882293701171875,28.556222915649414
23.014543533325195,23.64168930053711,24.137889862060547,24.56730842590332,24.975187301635742,25.382545471191406,25.811527252197266,26.302764892578125,26.92388916015625,28.581331253051758
23.080713272094727,23.687217712402344,24.14437484741211,24.552520751953125,24.934831619262695,25.32587432861328,25.74363136291504,26.233095169067383,26.877771377563477,28.59941864013672
22.951183319091797,23.59987449645996,24.11142921447754,24.562368392944336,24.985158920288086,25.40685272216797,25.855722427368164,26.3708438873291,27.033538818359375,28.708486557006836
23.054203033447266,23.664154052734375,24.12871742248535,24.531389236450195,24.916540145874023,25.304800033569336,25.722492218017578,26.189565658569336,26.81361961364746,28.527896881103516
23.012176513671875,23.63096046447754,24.11899185180664,24.54772186279297,24.943511962890625,25.344402313232422,25.771305084228516,26.266054153442383,26.907461166381836,28.59480857849121
22.990041732788086,23.628435134887695,24.134265899658203,24.573348999023438,24.988134384155273,25.400218963623047,25.833572387695312,26.32845687866211,26.96539306640625,28.655467987060547
23.063392639160156,23.672677993774414,24.147764205932617,24.557348251342773,24.94527816772461,25.328136444091797,25.744157791137695,26.217052459716797,26.82985496520996,28.503705978393555
22.88560676574707,23.540634155273438,24.073657989501953,24.548057556152344,25.001163482666016,25.445127487182617,25.91048240661621,26.426467895507812,27.078689575195312,28.78141212463379
23.09284782409668,23.685503005981445,24.142404556274414,24.54034996032715,24.919410705566406,25.30535316467285,25.71721076965332,26.185596466064453,26.80535316467285,28.486221313476562
23.001028060913086,23.612573623657227,24.09424591064453,24.5156307220459,24.92616844177246,25.328155517578125,25.763233184814453,26.24932098388672,26.871755599975586,28.582773208618164
23.074298858642578,23.672151565551758,24.135873794555664,24.536582946777344,24.918746948242188,25.299768447875977,25.705474853515625,26.178470611572266,26.80143165588379,28.553298950195312
23.00893211364746,23.632959365844727,24.113121032714844,24.53355598449707,24.935144424438477,25.338769912719727,25.769004821777344,26.262664794921875,26.90704917907715,28.58580207824707
23.048246383666992,23.657550811767578,24.13257598876953,24.544979095458984,24.933897018432617,25.32276153564453,25.73871612548828,26.213459014892578,26.827966690063477,28.450716018676758
23.054107666015625,23.659231185913086,24.131128311157227,24.548702239990234,24.943931579589844,25.336345672607422,25.760448455810547,26.248525619506836,26.882762908935547,28.59210777282715
23.013551712036133,23.642372131347656,24.13627815246582,24.564281463623047,24.97370147705078,25.37466812133789,25.797954559326172,26.290321350097656,26.92572021484375,28.579118728637695
23.073894500732422,23.680421829223633,24.145418167114258,24.543169021606445,24.924102783203125,25.308935165405273,25.722896575927734,26.203577041625977,26.835861206054688,28.543668746948242
22.938045501708984,23.57863426208496,24.082618713378906,24.537199020385742,24.961851119995117,25.38003921508789,25.828720092773438,26.32969093322754,26.963720321655273,28.64946937561035
23.087627410888672,23.68370246887207,24.13776397705078,24.535051345825195,24.919145584106445,25.30575942993164,25.71925926208496,26.203969955444336,26.83234214782715,28.554946899414062
23.03147315979004,23.658842086791992,24.147483825683594,24.571481704711914,24.977819442749023,25.387943267822266,25.823871612548828,26.327898025512695,26.970979690551758,28.637161254882812
23.030099868774414,23.64643096923828,24.124004364013672,24.544912338256836,24.94196128845215,25.343420028686523,25.764413833618164,26.25115966796875,26.873050689697266,28.555025100708008
22.97661781311035,23.614233016967773,24.119104385375977,24.557594299316406,24.971670150756836,25.383792877197266,25.819162368774414,26.321321487426758,26.965858459472656,28.669157028198242
22.991361618041992,23.62316131591797,24.111392974853516,24.54638671875,24.953779220581055,25.36366844177246,25.793319702148438,26.28963279724121,26.929967880249023,28.628149032592773
23.058141708374023,23.674570083618164,24.14202308654785,24.54987144470215,24.937057495117188,25.328447341918945,25.744171142578125,26.219680786132812,26.851837158203125,28.52794647216797
23.04680061340332,23.662187576293945,24.135894775390625,24.547710418701172,24.936973571777344,25.332334518432617,25.752138137817383,26.235748291015625,26.86041259765625,28.586990356445312
22.95823097229004,23.60106658935547,24.11550521850586,24.5578556060791,24.982160568237305,25.394277572631836,25.839693069458008,26.347997665405273,26.998849868774414,28.726938247680664
23.027212142944336,23.642919540405273,24.12677764892578,24.545761108398438,24.946569442749023,25.349075317382812,25.77771759033203,26.275114059448242,26.911264419555664,28.638708114624023
22.931575775146484,23.5765438079834,24.08797264099121,24.540782928466797,24.9686336517334,25.396564483642578,25.847867965698242,26.357515335083008,27.001323699951172,28.69832992553711
23.061595916748047,23.66575050354004,24.135005950927734,24.539657592773438,24.934236526489258,25.325166702270508,25.745071411132812,26.226282119750977,26.845888137817383,28.502758026123047
23.04875946044922,23.65497589111328,24.128612518310547,24.54422378540039,24.94078826904297,25.336727142333984,25.76644515991211,26.26256561279297,26.891437530517578,28.549209594726562
22.979795455932617,23.625213623046875,24.126436233520508,24.569517135620117,24.984420776367188,25.393882751464844,25.82693099975586,26.327186584472656,26.963104248046875,28.650346755981445
23.01166534423828,23.635875701904297,24.130598068237305,24.558748245239258,24.967636108398438,25.377744674682617,25.808826446533203,26.306232452392578,26.943496704101562,28.654647827148438
22.93327522277832,23.581430435180664,24.097074508666992,24.551401138305664,24.974863052368164,25.397584915161133,25.840103149414062,26.337984085083008,26.972190856933594,28.625003814697266
23.048303604125977,23.654930114746094,24.12504768371582,24.54384994506836,24.931777954101562,25.327430725097656,25.74471092224121,26.221111297607422,26.849712371826172,28.519704818725586
23.087106704711914,23.666898727416992,24.11342430114746,24.510591506958008,24.879613876342773,25.257343292236328,25.663925170898438,26.130962371826172,26.753358840942383,28.469144821166992
23.034088134765625,23.658824920654297,24.1271915435791,24.540042877197266,24.932119369506836,25.32745933532715,25.74891471862793,26.22307014465332,26.8366756439209,28.473190307617188
23.04856300354004,23.65907859802246,24.134267807006836,24.546768188476562,24.94223976135254,25.337865829467773,25.75771141052246,26.24105453491211,26.8586483001709,28.56597137451172
23.008039474487305,23.640050888061523,24.146921157836914,24.57608413696289,24.988445281982422,25.391632080078125,25.819833755493164,26.31385040283203,26.949630737304688,28.607507705688477
22.927505493164062,23.586122512817383,24.097970962524414,24.552061080932617,24.973936080932617,25.396947860717773,25.837787628173828,26.343652725219727,26.9765567779541,28.67453956604004
23.091251373291016,23.686721801757812,24.14044761657715,24.540151596069336,24.922578811645508,25.30543327331543,25.715091705322266,26.180011749267578,26.796186447143555,28.446311950683594
23.062746047973633,23.674800872802734,24.134458541870117,24.542842864990234,24.928796768188477,25.318397521972656,25.732622146606445,26.21435546875,26.84463882446289,28.482131958007812
23.068201065063477,23.664772033691406,24.126258850097656,24.525943756103516,24.911367416381836,25.29827308654785,25.709360122680664,26.182878494262695,26.80303382873535,28.563980102539062
23.090858459472656,23.69366455078125,24.148029327392578,24.539085388183594,24.915367126464844,25.29192543029785,25.700077056884766,26.172574996948242,26.790550231933594,28.492137908935547
23.0424861907959,23.65851402282715,24.126667022705078,24.543508529663086,24.93577766418457,25.32052230834961,25.73971939086914,26.22930145263672,26.848291397094727,28.49994659423828
23.117029190063477,23.709775924682617,24.162887573242188,24.5622615814209,24.935606002807617,25.31467628479004,25.715377807617188,26.17740249633789,26.782363891601562,28.456552505493164
22.97295379638672,23.611501693725586,24.113554000854492,24.556819915771484,24.969057083129883,25.384639739990234,25.828636169433594,26.32965087890625,26.968624114990234,28.653261184692383
23.00550079345703,23.644807815551758,24.149925231933594,24.583080291748047,24.993408203125,25.402122497558594,25.82826042175293,26.312530517578125,26.927648544311523,28.565092086791992
23.07025718688965,23.6807918548584,24.144330978393555,24.554733276367188,24.944232940673828,25.33808135986328,25.75591468811035,26.244325637817383,26.8762149810791,28.546142578125
23.045238494873047,23.670015335083008,24.154232025146484,24.57605743408203,24.973377227783203,25.3787784576416,25.80069923400879,26.29323959350586,26.93869972229004,28.615140914916992
23.021432876586914,23.64513397216797,24.12994384765625,24.559368133544922,24.96308135986328,25.363262176513672,25.788745880126953,26.2795467376709,26.902366638183594,28.630935668945312
23.02008628845215,23.664838790893555,24.15859031677246,24.584758758544922,24.98397445678711,25.38805389404297,25.81980323791504,26.30507469177246,26.937286376953125,28.610904693603516
22.968338012695312,23.61756134033203,24.13290023803711,24.579744338989258,24.999418258666992,25.417850494384766,25.85687828063965,26.353944778442383,26.987823486328125,28.66552734375
23.05518341064453,23.648069381713867,24.107954025268555,24.517568588256836,24.904903411865234,25.293014526367188,25.715158462524414,26.19865608215332,26.837921142578125,28.509553909301758
23.068531036376953,23.67204475402832,24.133073806762695,24.53305435180664,24.916593551635742,25.299419403076172,25.71062660217285,26.183435440063477,26.80254364013672,28.507165908813477
23.073993682861328,23.675212860107422,24.129470825195312,24.526805877685547,24.910274505615234,25.291919708251953,25.711978912353516,26.189294815063477,26.810903549194336,28.48963737487793
23.067338943481445,23.674386978149414,24.140954971313477,24.547269821166992,24.931650161743164,25.324588775634766,25.73697280883789,26.21405601501465,26.830093383789062,28.47350311279297
23.001663208007812,23.630691528320312,24.127395629882812,24.552921295166016,24.95453453063965,25.355100631713867,25.78057861328125,26.272424697875977,26.908109664916992,28.617816925048828
22.950439453125,23.58942222595215,24.104135513305664,24.55587387084961,24.976041793823242,25.39422035217285,25.839794158935547,26.35017204284668,26.989728927612305,28.71907615661621
23.06138038635254,23.66558837890625,24.12541389465332,24.52263832092285,24.903749465942383,25.286624908447266,25.686365127563477,26.154306411743164,26.757287979125977,28.365304946899414
23.081974029541016,23.67056655883789,24.12983512878418,24.53379249572754,24.92053985595703,25.306055068969727,25.726112365722656,26.19855308532715,26.826833724975586,28.505491256713867
23.00686264038086,23.62331771850586,24.09994125366211,24.516904830932617,24.913835525512695,25.310741424560547,25.73638153076172,26.21516990661621,26.83477783203125,28.498159408569336
22.999126434326172,23.62983512878418,24.126630783081055,24.55433464050293,24.960250854492188,25.364477157592773,25.79017448425293,26.284582138061523,26.926372528076172,28.658447265625
23.0404109954834,23.670114517211914,24.1508846282959,24.572362899780273,24.973264694213867,25.374948501586914,25.812776565551758,26.301420211791992,26.943159103393555,28.57248878479004
23.01285171508789,23.62352180480957,24.094200134277344,24.506505966186523,24.90065574645996,25.29475212097168,25.71964454650879,26.20269775390625,26.843994140625,28.670246124267578
23.068021774291992,23.661212921142578,24.116758346557617,24.521507263183594,24.902055740356445,25.290447235107422,25.704404830932617,26.189685821533203,26.81963348388672,28.524187088012695
23.024383544921875,23.650474548339844,24.132822036743164,24.561918258666992,24.96384048461914,25.3662166595459,25.79432487487793,26.290939331054688,26.92352294921875,28.636762619018555
23.022138595581055,23.63789176940918,24.116117477416992,24.527328491210938,24.921831130981445,25.318010330200195,25.73938751220703,26.220979690551758,26.839731216430664,28.484210968017578
22.90169334411621,23.551698684692383,24.081769943237305,24.55466651916504,25.00040626525879,25.43636703491211,25.900487899780273,26.41864585876465,27.08393096923828,28.813920974731445
23.072185516357422,23.68044662475586,24.136356353759766,24.53862190246582,24.922260284423828,25.304044723510742,25.719457626342773,26.19601821899414,26.812183380126953,28.48744773864746
23.103837966918945,23.688873291015625,24.136749267578125,24.537256240844727,24.90937042236328,25.28890609741211,25.695138931274414,26.168182373046875,26.788976669311523,28.507638931274414
23.071035385131836,23.673873901367188,24.136444091796875,24.54253387451172,24.92572021484375,25.311695098876953,25.731678009033203,26.2036190032959,26.834381103515625,28.522537231445312
23.031042098999023,23.66136360168457,24.153762817382812,24.576236724853516,24.977027893066406,25.37884521484375,25.801925659179688,26.28748893737793,26.917133331298828,28.618684768676758
23.048179626464844,23.662525177001953,24.136066436767578,24.55365753173828,24.9467830657959,25.346744537353516,25.769981384277344,26.260217666625977,26.900863647460938,28.555225372314453
23.053171157836914,23.680757522583008,24.158748626708984,24.57416534423828,24.969274520874023,25.369314193725586,25.794275283813477,26.283123016357422,26.912612915039062,28.621187210083008
23.041772842407227,23.665802001953125,24.138973236083984,24.550735473632812,24.941328048706055,25.326906204223633,25.736793518066406,26.21202850341797,26.83316993713379,28.558975219726562
23.021228790283203,23.64313316345215,24.129865646362305,24.55430030822754,24.950063705444336,25.34975242614746,25.777523040771484,26.27866554260254,26.916095733642578,28.632015228271484
23.005033493041992,23.633930206298828,24.133447647094727,24.56202507019043,24.967222213745117,25.372835159301758,25.80047035217285,26.295974731445312,26.940414428710938,28.693288803100586
23.04114532470703,23.663860321044922,24.14191246032715,24.558679580688477,24.950990676879883,25.348283767700195,25.776308059692383,26.265304565429688,26.89362144470215,28.571557998657227
23.036605834960938,23.65252113342285,24.1265926361084,24.544540405273438,24.937313079833984,25.331995010375977,25.752395629882812,26.23736572265625,26.877166748046875,28.608474731445312
23.079259872436523,23.662078857421875,24.108150482177734,24.502044677734375,24.87647247314453,25.25530433654785,25.661514282226562,26.137462615966797,26.751102447509766,28.404726028442383
22.971920013427734,23.61811637878418,24.122920989990234,24.567081451416016,24.982269287109375,25.396512985229492,25.84088706970215,26.342578887939453,26.987756729125977,28.643835067749023
22.976240158081055,23.606658935546875,24.104873657226562,24.53734588623047,24.947118759155273,25.356182098388672,25.787797927856445,26.28354835510254,26.91704559326172,28.632593154907227
23.025436401367188,23.644527435302734,24.125370025634766,24.542457580566406,24.934772491455078,25.332706451416016,25.754133224487305,26.23483657836914,26.862913131713867,28.558279037475586
22.958505630493164,23.5992374420166,24.098630905151367,24.536956787109375,24.949920654296875,25.36712646484375,25.800186157226562,26.296283721923828,26.948577880859375,28.663415908813477
23.063804626464844,23.691591262817383,24.155534744262695,24.566211700439453,24.950380325317383,25.335111618041992,25.742822647094727,26.215679168701172,26.838085174560547,28.507156372070312
22.959365844726562,23.615266799926758,24.143571853637695,24.593690872192383,25.011728286743164,25.418956756591797,25.865516662597656,26.355039596557617,26.982009887695312,28.649322509765625
23.052959442138672,23.670785903930664,24.150829315185547,24.561349868774414,24.950529098510742,25.33901596069336,25.7531681060791,26.23776626586914,26.86919403076172,28.580745697021484
23.069664001464844,23.69171714782715,24.170377731323242,24.586740493774414,24.98167610168457,25.372798919677734,25.790287017822266,26.277935028076172,26.911367416381836,28.56585693359375
23.033893585205078,23.66055679321289,24.13517951965332,24.55602264404297,24.955177307128906,25.350595474243164,25.779741287231445,26.27019691467285,26.90738868713379,28.61469268798828
23.130374908447266,23.703500747680664,24.146554946899414,24.535627365112305,24.907958984375,25.291797637939453,25.70496940612793,26.172983169555664,26.799718856811523,28.42245101928711
22.985504150390625,23.62574577331543,24.113597869873047,24.543102264404297,24.950742721557617,25.35474967956543,25.79096031188965,26.281204223632812,26.929975509643555,28.675743103027344
22.95901107788086,23.598234176635742,24.10798454284668,24.554014205932617,24.975961685180664,25.397701263427734,25.841842651367188,26.344179153442383,26.986351013183594,28.693716049194336
23.09980010986328,23.668222427368164,24.106504440307617,24.492650985717773,24.86414909362793,25.2354679107666,25.640005111694336,26.114959716796875,26.724285125732422,28.396982192993164
23.058340072631836,23.652862548828125,24.125234603881836,24.533863067626953,24.924535751342773,25.320348739624023,25.7451229095459,26.229768753051758,26.85674476623535,28.534574508666992
22.916654586791992,23.57583999633789,24.10675811767578,24.576017379760742,25.009239196777344,25.44278335571289,25.890405654907227,26.40814781188965,27.079727172851562,28.777729034423828
23.05614471435547,23.653615951538086,24.120498657226562,24.521848678588867,24.911170959472656,25.301855087280273,25.713117599487305,26.190927505493164,26.80799102783203,28.477880477905273
23.051753997802734,23.668352127075195,24.145967483520508,24.55602264404297,24.948562622070312,25.342262268066406,25.762483596801758,26.246658325195312,26.86849594116211,28.593656539916992
23.082027435302734,23.696269989013672,24.166406631469727,24.570356369018555,24.95953941345215,25.355731964111328,25.776199340820312,26.26184844970703,26.901681900024414,28.573150634765625
23.071487426757812,23.681318283081055,24.140647888183594,24.549116134643555,24.93604850769043,25.334686279296875,25.753755569458008,26.246047973632812,26.88698387145996,28.499914169311523
23.022499084472656,23.65398597717285,24.136240005493164,24.55905532836914,24.956172943115234,25.353591918945312,25.771852493286133,26.261600494384766,26.88263511657715,28.550045013427734
22.999116897583008,23.646076202392578,24.14226722717285,24.579076766967773,24.990861892700195,25.396522521972656,25.83371353149414,26.32611083984375,26.963708877563477,28.654943466186523
23.040699005126953,23.656816482543945,24.137405395507812,24.54914665222168,24.940881729125977,25.334125518798828,25.750303268432617,26.226913452148438,26.838085174560547,28.524932861328125
22.944992065429688,23.595029830932617,24.11928367614746,24.583341598510742,25.014869689941406,25.44203758239746,25.90021324157715,26.408920288085938,27.065624237060547,28.80292320251465
23.03730583190918,23.644948959350586,24.110872268676758,24.52771759033203,24.914377212524414,25.309898376464844,25.729175567626953,26.21465301513672,26.829448699951172,28.4877986907959
23.088516235351562,23.69174575805664,24.156124114990234,24.5576229095459,24.941190719604492,25.328414916992188,25.73874282836914,26.215160369873047,26.845958709716797,28.57463264465332
23.075759887695312,23.676851272583008,24.139907836914062,24.53995132446289,24.927446365356445,25.311519622802734,25.723424911499023,26.189085006713867,26.81461524963379,28.46116065979004
22.95913314819336,23.607725143432617,24.120548248291016,24.561044692993164,24.977941513061523,25.3952693939209,25.83506202697754,26.33892250061035,26.988937377929688,28.701683044433594
23.003503799438477,23.64521026611328,24.14767837524414,24.590301513671875,24.99239730834961,25.40117835998535,25.831817626953125,26.325727462768555,26.97162437438965,28.749637603759766
23.06865692138672,23.66513442993164,24.12484359741211,24.52583122253418,24.910602569580078,25.298784255981445,25.7153377532959,26.195653915405273,26.832937240600586,28.576040267944336
23.080413818359375,23.680273056030273,24.14095687866211,24.545557022094727,24.925094604492188,25.312747955322266,25.728412628173828,26.212955474853516,26.836936950683594,28.463394165039062
23.05561065673828,23.673274993896484,24.151172637939453,24.56966781616211,24.960189819335938,25.35167694091797,25.770973205566406,26.255218505859375,26.882394790649414,28.572311401367188
23.085878372192383,23.687856674194336,24.15047836303711,24.54901695251465,24.93124008178711,25.31733512878418,25.733688354492188,26.214025497436523,26.837711334228516,28.595964431762695
23.070178985595703,23.676239013671875,24.137432098388672,24.542570114135742,24.925199508666992,25.312477111816406,25.728450775146484,26.205570220947266,26.833974838256836,28.540565490722656
23.04944610595703,23.657377243041992,24.1198787689209,24.52867889404297,24.91735076904297,25.311328887939453,25.734710693359375,26.234588623046875,26.877193450927734,28.582378387451172
22.976417541503906,23.61457633972168,24.121610641479492,24.56932258605957,24.982393264770508,25.398300170898438,25.830278396606445,26.326801300048828,26.971450805664062,28.65122413635254
23.090740203857422,23.68071746826172,24.133590698242188,24.531047821044922,24.912002563476562,25.292442321777344,25.70252227783203,26.174835205078125,26.785314559936523,28.393661499023438
23.024892807006836,23.6505069732666,24.13859748840332,24.560909271240234,24.96615219116211,25.373300552368164,25.8020076751709,26.292652130126953,26.9104061126709,28.59922981262207
22.967693328857422,23.610445022583008,24.114152908325195,24.556316375732422,24.96735954284668,25.373559951782227,25.805492401123047,26.300445556640625,26.934951782226562,28.608768463134766
23.065744400024414,23.67505645751953,24.140775680541992,24.546358108520508,24.93283462524414,25.3190860748291,25.732816696166992,26.206314086914062,26.81943702697754,28.50821876525879
22.995155334472656,23.63302993774414,24.12579917907715,24.555543899536133,24.96126937866211,25.372203826904297,25.803085327148438,26.29555320739746,26.926549911499023,28.673328399658203
22.993576049804688,23.63711166381836,24.12974739074707,24.569963455200195,24.9769344329834,25.3895320892334,25.82343292236328,26.306699752807617,26.930646896362305,28.596683502197266
22.920957565307617,23.582256317138672,24.10608673095703,24.562692642211914,24.99254035949707,25.422365188598633,25.875080108642578,26.384780883789062,27.045312881469727,28.80226707458496
23.081104278564453,23.687030792236328,24.146278381347656,24.545696258544922,24.927133560180664,25.304065704345703,25.720203399658203,26.19422149658203,26.82969856262207,28.50478172302246
23.090362548828125,23.689125061035156,24.149641036987305,24.544540405273438,24.925525665283203,25.307558059692383,25.726680755615234,26.204336166381836,26.836088180541992,28.490251541137695
23.04629135131836,23.663372039794922,24.139007568359375,24.559486389160156,24.95271110534668,25.351314544677734,25.774333953857422,26.268508911132812,26.92245101928711,28.63543128967285
22.893251419067383,23.54396629333496,24.064428329467773,24.538747787475586,24.982378005981445,25.42790412902832,25.899333953857422,26.424924850463867,27.093963623046875,28.874040603637695
23.066862106323242,23.673873901367188,24.145065307617188,24.553659439086914,24.94617462158203,25.340559005737305,25.760812759399414,26.251232147216797,26.8859806060791,28.583784103393555
23.074172973632812,23.68659782409668,24.15884780883789,24.57320785522461,24.956541061401367,25.352741241455078,25.775461196899414,26.260711669921875,26.89792251586914,28.559032440185547
22.939706802368164,23.593711853027344,24.120241165161133,24.580768585205078,25.01271629333496,25.435773849487305,25.88976287841797,26.388790130615234,27.012475967407227,28.64899253845215
22.899179458618164,23.556838989257812,24.099626541137695,24.579683303833008,25.032865524291992,25.48082160949707,25.951236724853516,26.47492027282715,27.135570526123047,28.814489364624023
23.025848388671875,23.652448654174805,24.14078140258789,24.571645736694336,24.974227905273438,25.37462615966797,25.811687469482422,26.302305221557617,26.936050415039062,28.61383628845215
23.00507354736328,23.631669998168945,24.1232852935791,24.545007705688477,24.945707321166992,25.344850540161133,25.76511001586914,26.250764846801758,26.876632690429688,28.536338806152344
23.083192825317383,23.672740936279297,24.12729835510254,24.524730682373047,24.903722763061523,25.287649154663086,25.69951629638672,26.16975975036621,26.789213180541992,28.480600357055664
23.0430850982666,23.649423599243164,24.117938995361328,24.525358200073242,24.915363311767578,25.310312271118164,25.727571487426758,26.20030403137207,26.819168090820312,28.46723175048828
22.860427856445312,23.517322540283203,24.05813980102539,24.54265785217285,24.993389129638672,25.441370010375977,25.909276962280273,26.429168701171875,27.092573165893555,28.815349578857422
23.07530975341797,23.683256149291992,24.15298843383789,24.558664321899414,24.939422607421875,25.323217391967773,25.735769271850586,26.20032501220703,26.81694984436035,28.49827003479004
23.03229522705078,23.658681869506836,24.147855758666992,24.569002151489258,24.97127914428711,25.375017166137695,25.801273345947266,26.293853759765625,26.93524742126465,28.614831924438477
23.093442916870117,23.689334869384766,24.14643669128418,24.544639587402344,24.923202514648438,25.305965423583984,25.724756240844727,26.20281982421875,26.842239379882812,28.528955459594727
23.061126708984375,23.65534782409668,24.110321044921875,24.51515007019043,24.899202346801758,25.288345336914062,25.70550537109375,26.181884765625,26.802125930786133,28.482921600341797
23.068126678466797,23.68085289001465,24.152376174926758,24.56058120727539,24.94594383239746,25.335094451904297,25.754070281982422,26.238840103149414,26.866653442382812,28.4929256439209
23.035261154174805,23.656875610351562,24.135557174682617,24.56109046936035,24.958871841430664,25.35866355895996,25.782176971435547,26.2658634185791,26.89832878112793,28.606979370117188
22.926015853881836,23.580801010131836,24.106460571289062,24.560842514038086,24.987171173095703,25.409997940063477,25.851844787597656,26.35608673095703,27.0056209564209,28.726314544677734
23.078920364379883,23.68499183654785,24.157291412353516,24.562463760375977,24.949251174926758,25.334720611572266,25.74761390686035,26.22447395324707,26.842573165893555,28.570526123046875
22.98932456970215,23.619909286499023,24.117774963378906,24.550262451171875,24.956716537475586,25.361452102661133,25.793598175048828,26.299224853515625,26.943578720092773,28.70621681213379
23.086015701293945,23.685272216796875,24.14525604248047,24.55748176574707,24.9462890625,25.328794479370117,25.742563247680664,26.22187042236328,26.844770431518555,28.52224349975586
23.03771209716797,23.657474517822266,24.135147094726562,24.551042556762695,24.941425323486328,25.34234619140625,25.771575927734375,26.267578125,26.910253524780273,28.62654685974121
23.054079055786133,23.661787033081055,24.137460708618164,24.544322967529297,24.930025100708008,25.313432693481445,25.72176742553711,26.194604873657227,26.80968475341797,28.49513816833496
23.00681495666504,23.633298873901367,24.114057540893555,24.538055419921875,24.942764282226562,25.348058700561523,25.780841827392578,26.270946502685547,26.905109405517578,28.56052017211914
22.97233772277832,23.602230072021484,24.09787368774414,24.528112411499023,24.9404239654541,25.34923553466797,25.7829647064209,26.279659271240234,26.93248748779297,28.694673538208008
22.88518524169922,23.540557861328125,24.089399337768555,24.565427780151367,25.02052879333496,25.46474266052246,25.92786407470703,26.445627212524414,27.113445281982422,28.85480308532715
23.03603172302246,23.647571563720703,24.111295700073242,24.522422790527344,24.911014556884766,25.30462646484375,25.72502326965332,26.20551300048828,26.837907791137695,28.50835418701172
23.065988540649414,23.66805648803711,24.134183883666992,24.537635803222656,24.924985885620117,25.31601333618164,25.737110137939453,26.227354049682617,26.865371704101562,28.58357810974121
23.101425170898438,23.698368072509766,24.147253036499023,24.54434585571289,24.920969009399414,25.306386947631836,25.71600341796875,26.183561325073242,26.801204681396484,28.43076515197754
22.984724044799805,23.616981506347656,24.11909294128418,24.560510635375977,24.977712631225586,25.3857479095459,25.822998046875,26.316532135009766,26.953495025634766,28.674213409423828
23.034513473510742,23.655712127685547,24.140527725219727,24.557598114013672,24.953472137451172,25.346696853637695,25.770370483398438,26.25678253173828,26.88486671447754,28.560535430908203
23.006736755371094,23.6353816986084,24.12759017944336,24.55967140197754,24.963611602783203,25.367036819458008,25.799270629882812,26.296178817749023,26.92966651916504,28.61681365966797
23.03030776977539,23.657135009765625,24.14809226989746,24.569555282592773,24.969470977783203,25.368526458740234,25.78908920288086,26.272069931030273,26.89141273498535,28.57552146911621
22.95953369140625,23.608787536621094,24.119909286499023,24.56161880493164,24.978078842163086,25.402441024780273,25.847164154052734,26.35055923461914,26.99213218688965,28.635265350341797
22.953569412231445,23.60088539123535,24.106678009033203,24.55719566345215,24.981693267822266,25.40333366394043,25.8378963470459,26.338476181030273,26.976110458374023,28.603374481201172
23.033174514770508,23.658836364746094,24.141263961791992,24.561969757080078,24.95817756652832,25.355234146118164,25.775543212890625,26.263452529907227,26.903284072875977,28.557758331298828
23.00843048095703,23.6402645111084,24.13295555114746,24.56211280822754,24.967262268066406,25.378345489501953,25.80510902404785,26.300472259521484,26.936161041259766,28.710599899291992
23.061616897583008,23.674551010131836,24.14861488342285,24.554847717285156,24.943572998046875,25.333921432495117,25.750164031982422,26.232139587402344,26.85999298095703,28.563716888427734
23.039377212524414,23.67296600341797,24.160903930664062,24.58513641357422,24.98796844482422,25.389223098754883,25.825439453125,26.31561851501465,26.955739974975586,28.640460968017578
23.038652420043945,23.65052032470703,24.119731903076172,24.53892707824707,24.92611312866211,25.32770538330078,25.762022018432617,26.268619537353516,26.91448402404785,28.55365753173828
22.989994049072266,23.618608474731445,24.103893280029297,24.53725242614746,24.948360443115234,25.367786407470703,25.804393768310547,26.306922912597656,26.938114166259766,28.59393310546875
23.08397674560547,23.676000595092773,24.125465393066406,24.5198917388916,24.89917755126953,25.282203674316406,25.690202713012695,26.16180992126465,26.77918243408203,28.46302604675293
23.059532165527344,23.67271614074707,24.15006446838379,24.561532974243164,24.954437255859375,25.3470516204834,25.763437271118164,26.246858596801758,26.876182556152344,28.563312530517578
23.092599868774414,23.690698623657227,24.15045738220215,24.553186416625977,24.928144454956055,25.312061309814453,25.729782104492188,26.209184646606445,26.846864700317383,28.516000747680664
23.080974578857422,23.686832427978516,24.145893096923828,24.547475814819336,24.924617767333984,25.31510353088379,25.731107711791992,26.211645126342773,26.845224380493164,28.542491912841797
23.046934127807617,23.672088623046875,24.14761734008789,24.557079315185547,24.95198631286621,25.345699310302734,25.76445770263672,26.245595932006836,26.86971664428711,28.53900718688965
23.05232048034668,23.660293579101562,24.136383056640625,24.549869537353516,24.942302703857422,25.332612991333008,25.75111198425293,26.234045028686523,26.856399536132812,28.564491271972656
23.056684494018555,23.675107955932617,24.155115127563477,24.566009521484375,24.960508346557617,25.359254837036133,25.78059959411621,26.26693344116211,26.889801025390625,28.584983825683594
23.035627365112305,23.663908004760742,24.139602661132812,24.55841636657715,24.953292846679688,25.361886978149414,25.78188133239746,26.27288246154785,26.89284324645996,28.580795288085938
23.04084014892578,23.665008544921875,24.140907287597656,24.54969024658203,24.946622848510742,25.341346740722656,25.760671615600586,26.236974716186523,26.851364135742188,28.566082000732422
23.076858520507812,23.67933464050293,24.14687728881836,24.556055068969727,24.9438419342041,25.337425231933594,25.75021743774414,26.234943389892578,26.8618221282959,28.556468963623047
23.041418075561523,23.66344451904297,24.139881134033203,24.559038162231445,24.95602798461914,25.360368728637695,25.785079956054688,26.271257400512695,26.89534568786621,28.61121940612793
23.060226440429688,23.677095413208008,24.155452728271484,24.568710327148438,24.961915969848633,25.354612350463867,25.770477294921875,26.253244400024414,26.882780075073242,28.609342575073242
23.041975021362305,23.64276123046875,24.10926628112793,24.524507522583008,24.918184280395508,25.312753677368164,25.74690818786621,26.245031356811523,26.894554138183594,28.60883331298828
23.072315216064453,23.6717586517334,24.126314163208008,24.533676147460938,24.91634750366211,25.295900344848633,25.708261489868164,26.180757522583008,26.803232192993164,28.47601890563965
23.019895553588867,23.642728805541992,24.139013290405273,24.567537307739258,24.968053817749023,25.375707626342773,25.804664611816406,26.302499771118164,26.95523452758789,28.685705184936523
22.992992401123047,23.637649536132812,24.135108947753906,24.565019607543945,24.983917236328125,25.387693405151367,25.821392059326172,26.326425552368164,26.98052406311035,28.677207946777344
22.987030029296875,23.618635177612305,24.117443084716797,24.550941467285156,24.962675094604492,25.372772216796875,25.80582618713379,26.302906036376953,26.939077377319336,28.672771453857422
23.03812026977539,23.644351959228516,24.116060256958008,24.529531478881836,24.923852920532227,25.32430076599121,25.744897842407227,26.22419548034668,26.847576141357422,28.546598434448242
22.940074920654297,23.59215545654297,24.113611221313477,24.56583595275879,24.995922088623047,25.423023223876953,25.873783111572266,26.375022888183594,27.00863265991211,28.671363830566406
23.078527450561523,23.660369873046875,24.11341667175293,24.511850357055664,24.89105987548828,25.274269104003906,25.68596839904785,26.15239906311035,26.77859115600586,28.44858741760254
22.961545944213867,23.598594665527344,24.104122161865234,24.548870086669922,24.960866928100586,25.37828826904297,25.81659698486328,26.316600799560547,26.962299346923828,28.634105682373047
23.00132942199707,23.622407913208008,24.11800765991211,24.54586410522461,24.949769973754883,25.353130340576172,25.784399032592773,26.28635025024414,26.935291290283203,28.680278778076172
23.05107879638672,23.67759132385254,24.14983558654785,24.56440544128418,24.951784133911133,25.340816497802734,25.760223388671875,26.2490177154541,26.883953094482422,28.59588050842285
23.077911376953125,23.672393798828125,24.128387451171875,24.519054412841797,24.900127410888672,25.28630828857422,25.701183319091797,26.186220169067383,26.809799194335938,28.466352462768555
23.00012969970703,23.633752822875977,24.133394241333008,24.568031311035156,24.972776412963867,25.38134002685547,25.81264305114746,26.306198120117188,26.94175910949707,28.620763778686523
23.04378318786621,23.669757843017578,24.141681671142578,24.561906814575195,24.946630477905273,25.341611862182617,25.75572967529297,26.234468460083008,26.855051040649414,28.518924713134766
23.068544387817383,23.66193389892578,24.12114715576172,24.524002075195312,24.91413116455078,25.305416107177734,25.724395751953125,26.207921981811523,26.83591651916504,28.56296157836914
22.99379539489746,23.639450073242188,24.130390167236328,24.558883666992188,24.968338012695312,25.372896194458008,25.803442001342773,26.298189163208008,26.944889068603516,28.664045333862305
23.069171905517578,23.677967071533203,24.151840209960938,24.565649032592773,24.960119247436523,25.35633087158203,25.785436630249023,26.272945404052734,26.90822410583496,28.565670013427734
23.06833267211914,23.67686653137207,24.147138595581055,24.559120178222656,24.952526092529297,25.344669342041016,25.761394500732422,26.24196434020996,26.876556396484375,28.567127227783203
22.97293472290039,23.617061614990234,24.122289657592773,24.559803009033203,24.97132682800293,25.384252548217773,25.828649520874023,26.339017868041992,26.986513137817383,28.66200828552246
23.049423217773438,23.656898498535156,24.127613067626953,24.53361701965332,24.92424201965332,25.315561294555664,25.733280181884766,26.220199584960938,26.857528686523438,28.581867218017578
23.00873565673828,23.634197235107422,24.11966323852539,24.54912567138672,24.950721740722656,25.3552303314209,25.77414321899414,26.263452529907227,26.894989013671875,28.572683334350586
23.057214736938477,23.665510177612305,24.132688522338867,24.54383087158203,24.932796478271484,25.322011947631836,25.741870880126953,26.21930503845215,26.83214569091797,28.482759475708008
23.07105827331543,23.667943954467773,24.131473541259766,24.540775299072266,24.933361053466797,25.321327209472656,25.734668731689453,26.216293334960938,26.848155975341797,28.528657913208008
23.091487884521484,23.677759170532227,24.1275691986084,24.525585174560547,24.899616241455078,25.276260375976562,25.6806583404541,26.14786720275879,26.76253318786621,28.470930099487305
22.994009017944336,23.62580680847168,24.125286102294922,24.55743980407715,24.965192794799805,25.369979858398438,25.793922424316406,26.280855178833008,26.91033935546875,28.624658584594727
23.005149841308594,23.637779235839844,24.130708694458008,24.559131622314453,24.961687088012695,25.36315155029297,25.78841209411621,26.2817440032959,26.921215057373047,28.642709732055664
23.029531478881836,23.649444580078125,24.125185012817383,24.549543380737305,24.947107315063477,25.348285675048828,25.76788902282715,26.259597778320312,26.891780853271484,28.55544662475586
23.076351165771484,23.674528121948242,24.13808250427246,24.540599822998047,24.924571990966797,25.307039260864258,25.72449493408203,26.203994750976562,26.83588218688965,28.49749755859375
23.057926177978516,23.669279098510742,24.138954162597656,24.54856300354004,24.936580657958984,25.329578399658203,25.749441146850586,26.23253059387207,26.862789154052734,28.57444190979004
23.040027618408203,23.660913467407227,24.1430606842041,24.55912971496582,24.95741844177246,25.356855392456055,25.778417587280273,26.259939193725586,26.882080078125,28.60915184020996
23.045204162597656,23.659473419189453,24.131370544433594,24.54339599609375,24.927276611328125,25.3169002532959,25.735584259033203,26.202566146850586,26.828964233398438,28.49773597717285
23.06802749633789,23.666053771972656,24.126590728759766,24.528783798217773,24.914220809936523,25.29998016357422,25.720504760742188,26.200952529907227,26.832921981811523,28.448034286499023
23.048349380493164,23.66832160949707,24.135217666625977,24.54242515563965,24.93006134033203,25.324777603149414,25.74201011657715,26.218246459960938,26.858701705932617,28.625043869018555
23.053937911987305,23.67051124572754,24.139028549194336,24.554628372192383,24.947465896606445,25.34693145751953,25.76866340637207,26.258163452148438,26.884950637817383,28.51180076599121
22.929584503173828,23.590517044067383,24.124774932861328,24.58536720275879,25.018293380737305,25.4503231048584,25.900665283203125,26.405744552612305,27.056499481201172,28.755952835083008
23.039838790893555,23.66106605529785,24.130340576171875,24.539609909057617,24.926544189453125,25.315231323242188,25.740121841430664,26.217832565307617,26.858795166015625,28.597742080688477
23.056089401245117,23.66924476623535,24.14019012451172,24.554157257080078,24.94432830810547,25.338171005249023,25.753890991210938,26.22903060913086,26.855224609375,28.479766845703125
23.055679321289062,23.678552627563477,24.15225601196289,24.564796447753906,24.95886993408203,25.347900390625,25.763004302978516,26.24694061279297,26.871070861816406,28.562210083007812
23.0106258392334,23.637041091918945,24.119443893432617,24.540002822875977,24.93450927734375,25.332719802856445,25.753206253051758,26.241744995117188,26.87091636657715,28.576976776123047
23.049610137939453,23.664514541625977,24.137800216674805,24.543750762939453,24.932985305786133,25.32465171813965,25.747241973876953,26.245372772216797,26.897037506103516,28.602100372314453
23.065519332885742,23.677400588989258,24.149093627929688,24.562545776367188,24.943933486938477,25.345476150512695,25.75873565673828,26.244478225708008,26.87606430053711,28.528223037719727
23.05263328552246,23.676671981811523,24.14409637451172,24.556306838989258,24.946069717407227,25.33951759338379,25.76144790649414,26.25063133239746,26.883060455322266,28.543676376342773
23.08243751525879,23.690656661987305,24.151607513427734,24.55503273010254,24.939931869506836,25.32793617248535,25.744976043701172,26.219791412353516,26.841215133666992,28.560405731201172
23.075042724609375,23.672746658325195,24.131057739257812,24.526512145996094,24.907548904418945,25.290245056152344,25.701913833618164,26.173181533813477,26.798818588256836,28.527542114257812
23.046035766601562,23.651418685913086,24.12484359741211,24.533422470092773,24.923355102539062,25.31389617919922,25.729883193969727,26.208724975585938,26.827835083007812,28.508073806762695
23.07863426208496,23.67691421508789,24.133329391479492,24.534629821777344,24.91794204711914,25.302783966064453,25.722183227539062,26.195419311523438,26.81803321838379,28.486425399780273
23.088451385498047,23.683923721313477,24.13734245300293,24.535724639892578,24.912691116333008,25.295316696166992,25.712066650390625,26.183996200561523,26.824995040893555,28.52118682861328
23.040721893310547,23.659191131591797,24.127408981323242,24.546693801879883,24.943979263305664,25.339807510375977,25.75693702697754,26.236156463623047,26.855859756469727,28.559350967407227
23.028575897216797,23.639081954956055,24.115713119506836,24.527870178222656,24.922161102294922,25.324201583862305,25.749408721923828,26.240901947021484,26.872465133666992,28.53374671936035
23.020410537719727,23.643630981445312,24.128862380981445,24.543153762817383,24.938493728637695,25.334196090698242,25.752023696899414,26.23421859741211,26.857444763183594,28.54473304748535
23.041738510131836,23.662914276123047,24.140682220458984,24.55331802368164,24.94733238220215,25.336238861083984,25.750743865966797,26.233190536499023,26.85700035095215,28.49570655822754
22.966012954711914,23.60236167907715,24.101411819458008,24.54901123046875,24.96061897277832,25.368968963623047,25.80585289001465,26.310611724853516,26.979766845703125,28.758007049560547
22.96969985961914,23.58891487121582,24.073196411132812,24.51056480407715,24.93425941467285,25.3532657623291,25.798416137695312,26.312965393066406,26.98329734802246,28.65752410888672
23.03321075439453,23.660818099975586,24.136680603027344,24.54846954345703,24.938722610473633,25.334012985229492,25.7553653717041,26.232362747192383,26.852710723876953,28.555261611938477
23.08025550842285,23.669818878173828,24.126428604125977,24.523189544677734,24.90643310546875,25.29191780090332,25.707134246826172,26.188608169555664,26.809350967407227,28.530136108398438
22.96935272216797,23.607254028320312,24.101694107055664,24.548974990844727,24.961217880249023,25.37725067138672,25.82459259033203,26.32674217224121,26.974502563476562,28.650297164916992
23.094526290893555,23.692262649536133,24.146528244018555,24.555156707763672,24.936750411987305,25.320932388305664,25.73541831970215,26.21340560913086,26.849985122680664,28.55655288696289
23.02399444580078,23.63874053955078,24.1140079498291,24.527624130249023,24.920780181884766,25.31722640991211,25.738174438476562,26.215866088867188,26.839019775390625,28.524885177612305
23.03848648071289,23.665803909301758,24.152605056762695,24.572404861450195,24.97175407409668,25.370248794555664,25.801502227783203,26.29692840576172,26.936603546142578,28.630239486694336
23.053037643432617,23.657154083251953,24.1287899017334,24.53803825378418,24.927852630615234,25.31897735595703,25.74005699157715,26.229204177856445,26.867219924926758,28.6198787689209
23.05539894104004,23.661317825317383,24.124210357666016,24.53314208984375,24.919681549072266,25.316396713256836,25.733922958374023,26.227792739868164,26.850194931030273,28.47298240661621
23.07622528076172,23.676015853881836,24.13429832458496,24.546125411987305,24.931224822998047,25.32135009765625,25.739974975585938,26.213973999023438,26.83942985534668,28.50933265686035
23.046361923217773,23.666627883911133,24.140043258666992,24.554244995117188,24.94639778137207,25.342174530029297,25.77150535583496,26.269975662231445,26.913591384887695,28.650638580322266
23.07622718811035,23.671781539916992,24.130027770996094,24.53017807006836,24.909433364868164,25.29355239868164,25.69853973388672,26.17063331604004,26.7885799407959,28.48333168029785
23.029796600341797,23.64150047302246,24.123939514160156,24.540897369384766,24.93770980834961,25.335229873657227,25.75843048095703,26.251441955566406,26.893381118774414,28.635562896728516
23.089767456054688,23.695270538330078,24.153345108032227,24.550785064697266,24.930625915527344,25.318042755126953,25.7326717376709,26.216157913208008,26.84812355041504,28.50376319885254
22.961732864379883,23.609472274780273,24.124589920043945,24.577482223510742,24.99968719482422,25.417808532714844,25.861248016357422,26.368972778320312,27.006479263305664,28.687538146972656
23.100366592407227,23.68296241760254,24.13265609741211,24.528947830200195,24.903446197509766,25.285091400146484,25.69243621826172,26.172048568725586,26.80745506286621,28.494590759277344
22.915176391601562,23.565908432006836,24.077617645263672,24.537250518798828,24.974153518676758,25.399089813232422,25.847820281982422,26.348285675048828,26.987743377685547,28.666536331176758
23.091142654418945,23.684120178222656,24.143529891967773,24.538150787353516,24.91714096069336,25.296432495117188,25.704362869262695,26.17953109741211,26.805444717407227,28.492441177368164
23.08017921447754,23.687137603759766,24.154014587402344,24.565488815307617,24.95478057861328,25.348114013671875,25.76258659362793,26.245290756225586,26.876449584960938,28.524517059326172
23.03398895263672,23.670818328857422,24.159168243408203,24.584142684936523,24.983097076416016,25.38452911376953,25.806673049926758,26.293691635131836,26.920454025268555,28.562593460083008
23.062278747558594,23.675674438476562,24.151979446411133,24.574256896972656,24.973114013671875,25.371854782104492,25.79706382751465,26.295251846313477,26.928634643554688,28.60218048095703
23.048629760742188,23.660552978515625,24.139232635498047,24.552629470825195,24.947368621826172,25.34372329711914,25.76690101623535,26.256755828857422,26.887088775634766,28.500255584716797
22.916656494140625,23.575698852539062,24.106781005859375,24.573619842529297,25.017024993896484,25.459571838378906,25.92371368408203,26.442235946655273,27.0969295501709,28.797571182250977
22.995147705078125,23.623497009277344,24.110641479492188,24.532489776611328,24.93145751953125,25.329801559448242,25.763301849365234,26.252544403076172,26.89152717590332,28.556259155273438
23.05660629272461,23.658245086669922,24.121212005615234,24.526119232177734,24.912607192993164,25.29917335510254,25.713464736938477,26.190460205078125,26.825895309448242,28.49148178100586
23.064773559570312,23.671215057373047,24.134634017944336,24.542322158813477,24.93069076538086,25.320024490356445,25.7419490814209,26.228221893310547,26.86783790588379,28.58908462524414
23.060489654541016,23.668535232543945,24.132341384887695,24.54096221923828,24.92568016052246,25.316877365112305,25.73811912536621,26.209510803222656,26.834869384765625,28.483285903930664
23.0620174407959,23.66802406311035,24.135650634765625,24.537771224975586,24.926753997802734,25.319272994995117,25.738983154296875,26.22625732421875,26.864904403686523,28.607784271240234
23.119646072387695,23.704675674438477,24.155292510986328,24.55377960205078,24.933809280395508,25.317106246948242,25.72764778137207,26.207698822021484,26.840755462646484,28.562650680541992
23.061044692993164,23.657989501953125,24.115406036376953,24.514633178710938,24.893367767333984,25.274097442626953,25.687252044677734,26.155649185180664,26.76652717590332,28.448566436767578
22.982534408569336,23.617124557495117,24.118274688720703,24.560884475708008,24.975854873657227,25.392274856567383,25.831995010375977,26.33506965637207,26.992687225341797,28.670629501342773
22.99492645263672,23.634716033935547,24.132076263427734,24.570709228515625,24.979698181152344,25.3864688873291,25.82111167907715,26.324148178100586,26.958999633789062,28.6279354095459
23.017168045043945,23.629776000976562,24.109859466552734,24.524795532226562,24.920917510986328,25.317001342773438,25.739761352539062,26.232683181762695,26.881301879882812,28.64810562133789
23.083984375,23.68486785888672,24.148754119873047,24.549596786499023,24.93414306640625,25.325401306152344,25.74356460571289,26.22327995300293,26.852310180664062,28.549104690551758
23.03484535217285,23.661680221557617,24.14022445678711,24.565746307373047,24.971872329711914,25.370807647705078,25.801061630249023,26.280437469482422,26.916912078857422,28.62823486328125
22.90958023071289,23.559816360473633,24.08890151977539,24.554115295410156,24.988178253173828,25.423601150512695,25.872726440429688,26.3749942779541,27.03049087524414,28.7170467376709
23.018999099731445,23.6315975189209,24.103044509887695,24.52224349975586,24.91642189025879,25.315242767333984,25.742202758789062,26.225229263305664,26.85503387451172,28.560482025146484
23.035829544067383,23.656373977661133,24.142446517944336,24.560867309570312,24.961166381835938,25.3658390045166,25.80132293701172,26.314420700073242,26.965784072875977,28.671716690063477
23.02507972717285,23.651586532592773,24.136903762817383,24.561128616333008,24.960731506347656,25.35870933532715,25.791610717773438,26.278661727905273,26.921539306640625,28.601879119873047
23.004196166992188,23.64141845703125,24.13043785095215,24.55899429321289,24.959266662597656,25.36042022705078,25.78208351135254,26.27231788635254,26.923410415649414,28.62857437133789
22.977602005004883,23.60968589782715,24.10207176208496,24.532020568847656,24.948741912841797,25.3560733795166,25.78947639465332,26.28713607788086,26.925825119018555,28.627593994140625
22.996536254882812,23.630521774291992,24.124584197998047,24.55542755126953,24.962373733520508,25.362455368041992,25.794082641601562,26.283939361572266,26.932058334350586,28.650196075439453
23.029434204101562,23.646894454956055,24.125455856323242,24.536916732788086,24.931015014648438,25.324357986450195,25.73932456970215,26.218969345092773,26.84359359741211,28.511066436767578
23.056320190429688,23.663488388061523,24.128170013427734,24.543724060058594,24.934574127197266,25.329336166381836,25.751216888427734,26.235971450805664,26.866836547851562,28.588104248046875
23.055557250976562,23.66963005065918,24.13748550415039,24.547250747680664,24.935075759887695,25.327138900756836,25.74286651611328,26.23616600036621,26.867698669433594,28.472925186157227
23.064573287963867,23.684755325317383,24.158672332763672,24.57235336303711,24.969581604003906,25.36481475830078,25.802337646484375,26.296157836914062,26.932292938232422,28.574554443359375
23.036819458007812,23.646995544433594,24.11935806274414,24.53528594970703,24.926673889160156,25.314592361450195,25.728992462158203,26.201486587524414,26.822927474975586,28.46747589111328
23.062231063842773,23.669469833374023,24.139495849609375,24.543611526489258,24.93052101135254,25.31752586364746,25.731260299682617,26.215103149414062,26.858104705810547,28.59303855895996
22.9868106842041,23.627138137817383,24.12164878845215,24.558076858520508,24.9681453704834,25.380598068237305,25.812511444091797,26.315189361572266,26.959705352783203,28.641103744506836
23.03113555908203,23.63877296447754,24.119556427001953,24.542211532592773,24.93936538696289,25.34003257751465,25.770776748657227,26.259017944335938,26.889144897460938,28.527061462402344
23.042783737182617,23.665390014648438,24.142318725585938,24.551904678344727,24.937267303466797,25.328643798828125,25.744054794311523,26.227636337280273,26.85500144958496,28.53987693786621
22.94816780090332,23.60260581970215,24.11100196838379,24.56218910217285,24.993553161621094,25.422163009643555,25.868444442749023,26.376821517944336,27.038585662841797,28.75398826599121
23.01116180419922,23.64307975769043,24.140548706054688,24.57014274597168,24.97766876220703,25.38538932800293,25.815038681030273,26.30868148803711,26.941268920898438,28.651166915893555
23.037683486938477,23.65949058532715,24.139169692993164,24.55579376220703,24.95108413696289,25.35000991821289,25.769996643066406,26.260265350341797,26.887189865112305,28.522525787353516
23.027339935302734,23.647539138793945,24.122817993164062,24.544736862182617,24.93706512451172,25.333242416381836,25.75745964050293,26.24612045288086,26.886478424072266,28.59174156188965
23.0531063079834,23.662567138671875,24.142393112182617,24.557397842407227,24.955677032470703,25.35249137878418,25.774885177612305,26.25994300842285,26.892690658569336,28.564693450927734
23.015405654907227,23.646390914916992,24.127395629882812,24.552865982055664,24.94938850402832,25.345006942749023,25.765640258789062,26.24373435974121,26.869985580444336,28.53188133239746
23.007558822631836,23.634801864624023,24.12212371826172,24.542617797851562,24.94194793701172,25.34096336364746,25.76437759399414,26.249841690063477,26.873464584350586,28.545719146728516
23.066904067993164,23.683156967163086,24.147850036621094,24.559951782226562,24.948856353759766,25.344970703125,25.764986038208008,26.257726669311523,26.901493072509766,28.60462188720703
23.06748390197754,23.681610107421875,24.156627655029297,24.566871643066406,24.958433151245117,25.34675407409668,25.76559829711914,26.244028091430664,26.876989364624023,28.529611587524414
23.044036865234375,23.655033111572266,24.125892639160156,24.542112350463867,24.930713653564453,25.327516555786133,25.74765968322754,26.24007797241211,26.875234603881836,28.571680068969727
23.05467987060547,23.669172286987305,24.142837524414062,24.555166244506836,24.94605827331543,25.339641571044922,25.7614803314209,26.24810791015625,26.895187377929688,28.609783172607422
22.97213363647461,23.615760803222656,24.125286102294922,24.5650691986084,24.977962493896484,25.387176513671875,25.818466186523438,26.316030502319336,26.960193634033203,28.675443649291992
23.048917770385742,23.667015075683594,24.140764236450195,24.554595947265625,24.94971466064453,25.339794158935547,25.760122299194336,26.24156951904297,26.885217666625977,28.554275512695312
23.026371002197266,23.642303466796875,24.13115882873535,24.55105209350586,24.943693161010742,25.3353328704834,25.754562377929688,26.236799240112305,26.876070022583008,28.590173721313477
22.94854736328125,23.605981826782227,24.115306854248047,24.55927276611328,24.976369857788086,25.38477325439453,25.818439483642578,26.309038162231445,26.948440551757812,28.615196228027344
22.92389488220215,23.5791072845459,24.096302032470703,24.559276580810547,24.994752883911133,25.41950035095215,25.87236785888672,26.38983726501465,27.033164978027344,28.672597885131836
23.0595703125,23.680997848510742,24.16457176208496,24.578405380249023,24.973247528076172,25.369417190551758,25.789295196533203,26.276092529296875,26.900325775146484,28.55377197265625
23.061481475830078,23.670185089111328,24.145952224731445,24.558813095092773,24.948537826538086,25.347543716430664,25.774906158447266,26.26454734802246,26.896272659301758,28.526531219482422
22.984161376953125,23.616899490356445,24.11525535583496,24.553855895996094,24.96565055847168,25.374237060546875,25.807308197021484,26.307235717773438,26.95591163635254,28.660221099853516
23.038490295410156,23.64067840576172,24.106721878051758,24.509634017944336,24.90085220336914,25.291181564331055,25.71348762512207,26.197519302368164,26.836633682250977,28.52907943725586
23.063215255737305,23.655290603637695,24.113555908203125,24.513431549072266,24.89488410949707,25.277002334594727,25.683876037597656,26.161117553710938,26.780550003051758,28.491445541381836
23.05620765686035,23.652877807617188,24.12047576904297,24.52547836303711,24.91459846496582,25.306324005126953,25.724441528320312,26.201791763305664,26.81770896911621,28.518869400024414
23.052431106567383,23.6739559173584,24.15502166748047,24.57284164428711,24.967132568359375,25.362943649291992,25.787641525268555,26.26715087890625,26.903379440307617,28.569395065307617
23.118436813354492,23.692781448364258,24.137495040893555,24.528148651123047,24.895368576049805,25.27630043029785,25.682613372802734,26.151723861694336,26.782974243164062,28.48455238342285
23.090593338012695,23.683340072631836,24.134441375732422,24.53046989440918,24.908449172973633,25.29256820678711,25.71424102783203,26.193689346313477,26.824609756469727,28.56439208984375
22.986597061157227,23.62744903564453,24.133136749267578,24.57392692565918,24.99374771118164,25.40616226196289,25.848291397094727,26.351274490356445,26.996829986572266,28.73157501220703
23.094242095947266,23.680866241455078,24.136581420898438,24.531383514404297,24.909299850463867,25.286788940429688,25.691205978393555,26.16132354736328,26.77306365966797,28.458446502685547
22.97322654724121,23.621919631958008,24.120302200317383,24.552568435668945,24.954647064208984,25.358280181884766,25.785306930541992,26.279937744140625,26.916397094726562,28.589757919311523
23.072025299072266,23.686403274536133,24.153366088867188,24.562868118286133,24.949024200439453,25.333986282348633,25.745370864868164,26.21918487548828,26.829830169677734,28.497535705566406
23.068042755126953,23.672828674316406,24.130630493164062,24.53923225402832,24.924219131469727,25.321697235107422,25.74474334716797,26.2265682220459,26.85271644592285,28.567773818969727
23.009796142578125,23.636112213134766,24.126684188842773,24.55290412902832,24.951784133911133,25.351612091064453,25.776552200317383,26.27289581298828,26.922460556030273,28.686166763305664
23.031328201293945,23.639663696289062,24.11334800720215,24.522905349731445,24.9137020111084,25.302724838256836,25.71639633178711,26.191518783569336,26.803985595703125,28.50139045715332
23.061979293823242,23.670881271362305,24.13465690612793,24.550487518310547,24.94060516357422,25.333528518676758,25.764101028442383,26.244802474975586,26.867734909057617,28.498126983642578
23.080554962158203,23.67552947998047,24.128828048706055,24.52607536315918,24.90925407409668,25.296247482299805,25.708532333374023,26.180095672607422,26.8046932220459,28.53488540649414
23.011520385742188,23.61941909790039,24.098968505859375,24.52216339111328,24.924718856811523,25.3260440826416,25.757497787475586,26.248794555664062,26.882156372070312,28.579208374023438
22.828777313232422,23.493314743041992,24.04912757873535,24.54353141784668,25.019203186035156,25.472705841064453,25.95074462890625,26.480133056640625,27.14023780822754,28.80801773071289
22.847768783569336,23.503206253051758,24.0385684967041,24.520824432373047,24.979671478271484,25.43561363220215,25.911149978637695,26.43425941467285,27.09055519104004,28.78249740600586
23.062406539916992,23.67487907409668,24.137340545654297,24.54595184326172,24.931686401367188,25.322757720947266,25.739477157592773,26.224185943603516,26.851469039916992,28.5119686126709
23.017745971679688,23.649152755737305,24.141620635986328,24.57045555114746,24.970874786376953,25.369733810424805,25.79751968383789,26.29280662536621,26.949047088623047,28.640426635742188
23.070127487182617,23.680526733398438,24.14196014404297,24.545658111572266,24.927444458007812,25.31705093383789,25.730148315429688,26.208690643310547,26.84524154663086,28.54347801208496
23.00989532470703,23.64638328552246,24.130067825317383,24.553701400756836,24.955018997192383,25.3515682220459,25.779932022094727,26.279281616210938,26.910146713256836,28.593433380126953
23.02922821044922,23.643714904785156,24.123106002807617,24.534658432006836,24.927330017089844,25.321598052978516,25.741527557373047,26.22720718383789,26.856678009033203,28.541210174560547
23.013051986694336,23.63080596923828,24.107513427734375,24.524444580078125,24.92346954345703,25.32113265991211,25.746440887451172,26.241979598999023,26.879535675048828,28.568716049194336
23.067916870117188,23.668413162231445,24.13216781616211,24.53803253173828,24.92406463623047,25.311344146728516,25.730499267578125,26.21787452697754,26.858139038085938,28.542221069335938
23.03179168701172,23.660430908203125,24.15719223022461,24.588207244873047,24.989898681640625,25.394838333129883,25.81924819946289,26.308305740356445,26.929166793823242,28.58778190612793
23.0613956451416,23.662078857421875,24.12643814086914,24.5269718170166,24.910606384277344,25.30018424987793,25.718870162963867,26.200178146362305,26.833154678344727,28.560535430908203
22.973783493041992,23.607072830200195,24.111501693725586,24.54880714416504,24.96462059020996,25.381044387817383,25.822378158569336,26.326343536376953,26.975933074951172,28.687210083007812
23.077882766723633,23.685697555541992,24.142261505126953,24.54840660095215,24.93230628967285,25.322141647338867,25.7446231842041,26.219690322875977,26.857177734375,28.498817443847656
23.069046020507812,23.667461395263672,24.135177612304688,24.54262351989746,24.930665969848633,25.314563751220703,25.72748374938965,26.19986343383789,26.824020385742188,28.50335693359375
22.968524932861328,23.597034454345703,24.091352462768555,24.525840759277344,24.942861557006836,25.363346099853516,25.804851531982422,26.311296463012695,26.949264526367188,28.64113998413086
22.979528427124023,23.611000061035156,24.11627769470215,24.556663513183594,24.97537612915039,25.385610580444336,25.827348709106445,26.324874877929688,26.970653533935547,28.62030029296875
23.004596710205078,23.624656677246094,24.115455627441406,24.542587280273438,24.94948959350586,25.356056213378906,25.785194396972656,26.281009674072266,26.921606063842773,28.64382553100586
23.081422805786133,23.672191619873047,24.123733520507812,24.524137496948242,24.905624389648438,25.292470932006836,25.70387840270996,26.17686653137207,26.800228118896484,28.494293212890625
23.052276611328125,23.66384506225586,24.124767303466797,24.534719467163086,24.924219131469727,25.317319869995117,25.737770080566406,26.223867416381836,26.862321853637695,28.584592819213867
22.985496520996094,23.625064849853516,24.113340377807617,24.54448890686035,24.948850631713867,25.357898712158203,25.78420639038086,26.277236938476562,26.91790199279785,28.66788673400879
23.01451873779297,23.64752769470215,24.137001037597656,24.56302261352539,24.961421966552734,25.36475372314453,25.792818069458008,26.27599334716797,26.895599365234375,28.595544815063477
23.04951286315918,23.663782119750977,24.136016845703125,24.53925323486328,24.92630386352539,25.316490173339844,25.73602867126465,26.222620010375977,26.855619430541992,28.555681228637695
23.058988571166992,23.662761688232422,24.133304595947266,24.540069580078125,24.93109703063965,25.322303771972656,25.744234085083008,26.234949111938477,26.87990951538086,28.563705444335938
23.087663650512695,23.688222885131836,24.139266967773438,24.542640686035156,24.91810417175293,25.300926208496094,25.707876205444336,26.180641174316406,26.809555053710938,28.49839210510254
23.03689956665039,23.642406463623047,24.109386444091797,24.52212905883789,24.91484832763672,25.308652877807617,25.723880767822266,26.20722198486328,26.838529586791992,28.602333068847656
23.025426864624023,23.635629653930664,24.114946365356445,24.53379249572754,24.935930252075195,25.338991165161133,25.76630210876465,26.261062622070312,26.904329299926758,28.614360809326172
23.094316482543945,23.692232131958008,24.154813766479492,24.554288864135742,24.93836212158203,25.32411003112793,25.734804153442383,26.20586395263672,26.816492080688477,28.546722412109375
23.06364631652832,23.684288024902344,24.152719497680664,24.561052322387695,24.94689178466797,25.329729080200195,25.732946395874023,26.192520141601562,26.786100387573242,28.432079315185547
23.046768188476562,23.670061111450195,24.148483276367188,24.562164306640625,24.954357147216797,25.35000228881836,25.772775650024414,26.24591636657715,26.872220993041992,28.494476318359375
22.919309616088867,23.576921463012695,24.098094940185547,24.562210083007812,24.98979949951172,25.42022132873535,25.860076904296875,26.368648529052734,27.009511947631836,28.730560302734375
22.802902221679688,23.440868377685547,23.993078231811523,24.496549606323242,24.971467971801758,25.447925567626953,25.932893753051758,26.470657348632812,27.16265106201172,29.01044273376465
23.026412963867188,23.647811889648438,24.129680633544922,24.542573928833008,24.936317443847656,25.332307815551758,25.754779815673828,26.24245834350586,26.87421226501465,28.569787979125977
23.12005043029785,23.69037437438965,24.131784439086914,24.519756317138672,24.88833999633789,25.26735496520996,25.668245315551758,26.143163681030273,26.764556884765625,28.471431732177734
23.037734985351562,23.66083335876465,24.149070739746094,24.57274627685547,24.96963882446289,25.36366844177246,25.786996841430664,26.268781661987305,26.894575119018555,28.588520050048828
23.06616973876953,23.67296028137207,24.139694213867188,24.54802131652832,24.936187744140625,25.327377319335938,25.746578216552734,26.222238540649414,26.846363067626953,28.562824249267578
22.997024536132812,23.62542152404785,24.116544723510742,24.55143165588379,24.959802627563477,25.36077880859375,25.79037094116211,26.281597137451172,26.917434692382812,28.622102737426758
23.039718627929688,23.653141021728516,24.132572174072266,24.54831886291504,24.94491195678711,25.340927124023438,25.7619571685791,26.252193450927734,26.89055824279785,28.5925350189209
23.01972198486328,23.657983779907227,24.144390106201172,24.565988540649414,24.9768009185791,25.377059936523438,25.806901931762695,26.30158042907715,26.93694496154785,28.605310440063477
23.040260314941406,23.650421142578125,24.12403678894043,24.538076400756836,24.929231643676758,25.327232360839844,25.752696990966797,26.23879051208496,26.873682022094727,28.56117820739746
23.065698623657227,23.66139030456543,24.11922836303711,24.515533447265625,24.903573989868164,25.294286727905273,25.722137451171875,26.213281631469727,26.856094360351562,28.513221740722656
23.07121467590332,23.678241729736328,24.144834518432617,24.541826248168945,24.9318904876709,25.315811157226562,25.72943687438965,26.210124969482422,26.82335090637207,28.42125129699707
23.077653884887695,23.669185638427734,24.129467010498047,24.532167434692383,24.918903350830078,25.30721664428711,25.723350524902344,26.202730178833008,26.822980880737305,28.509601593017578
23.009626388549805,23.651626586914062,24.147117614746094,24.57512092590332,24.980100631713867,25.380325317382812,25.813053131103516,26.30752944946289,26.940277099609375,28.613731384277344
22.96904945373535,23.61286735534668,24.123506546020508,24.561758041381836,24.971181869506836,25.383520126342773,25.812620162963867,26.30745506286621,26.939102172851562,28.66638946533203
22.897592544555664,23.551664352416992,24.075031280517578,24.53590202331543,24.973630905151367,25.411470413208008,25.873958587646484,26.39558982849121,27.059310913085938,28.789274215698242
23.0539608001709,23.668554306030273,24.141721725463867,24.55085563659668,24.93532371520996,25.325576782226562,25.74468421936035,26.22760009765625,26.85999298095703,28.565628051757812
22.995630264282227,23.62084197998047,24.11819076538086,24.552244186401367,24.968612670898438,25.386390686035156,25.827831268310547,26.337799072265625,26.996822357177734,28.728694915771484
22.999174118041992,23.630813598632812,24.12885093688965,24.574277877807617,24.985864639282227,25.402082443237305,25.83164405822754,26.32435417175293,26.966629028320312,28.621885299682617
22.953872680664062,23.600303649902344,24.12531089782715,24.581201553344727,25.007856369018555,25.429912567138672,25.87171173095703,26.371070861816406,27.01961898803711,28.742671966552734
23.090957641601562,23.6870174407959,24.141855239868164,24.542600631713867,24.920185089111328,25.306392669677734,25.721479415893555,26.197134017944336,26.82099151611328,28.486011505126953
23.01918601989746,23.654739379882812,24.132692337036133,24.55632972717285,24.964147567749023,25.370849609375,25.805904388427734,26.307069778442383,26.96226692199707,28.681610107421875
23.030614852905273,23.644451141357422,24.12580108642578,24.543352127075195,24.942312240600586,25.340167999267578,25.762439727783203,26.251747131347656,26.879474639892578,28.625696182250977
23.079622268676758,23.66958999633789,24.121429443359375,24.517560958862305,24.896629333496094,25.283851623535156,25.694721221923828,26.177841186523438,26.799144744873047,28.472606658935547
23.079933166503906,23.673917770385742,24.127124786376953,24.524080276489258,24.910961151123047,25.29664421081543,25.70547866821289,26.17852020263672,26.807987213134766,28.44293212890625
22.98012351989746,23.637948989868164,24.14232635498047,24.59003448486328,25.003908157348633,25.423864364624023,25.85695457458496,26.349899291992188,26.983322143554688,28.645462036132812
22.99401092529297,23.6341495513916,24.123519897460938,24.56052017211914,24.968656539916992,25.379493713378906,25.815109252929688,26.317903518676758,26.96234893798828,28.643390655517578
23.03315544128418,23.65001106262207,24.129444122314453,24.5413875579834,24.93340301513672,25.32532501220703,25.742416381835938,26.221508026123047,26.842329025268555,28.575801849365234
22.959314346313477,23.602970123291016,24.10755157470703,24.543502807617188,24.959476470947266,25.38351821899414,25.829233169555664,26.328168869018555,26.97307777404785,28.610942840576172
23.037681579589844,23.658876419067383,24.136276245117188,24.553560256958008,24.944744110107422,25.337703704833984,25.759265899658203,26.24162483215332,26.87322998046875,28.496950149536133
23.061460494995117,23.664281845092773,24.13075828552246,24.541032791137695,24.930877685546875,25.328716278076172,25.75381851196289,26.23993682861328,26.87610626220703,28.583452224731445
23.03659439086914,23.653423309326172,24.133586883544922,24.551340103149414,24.946561813354492,25.337007522583008,25.75771141052246,26.242902755737305,26.865917205810547,28.573959350585938
22.979005813598633,23.60660171508789,24.102645874023438,24.534473419189453,24.946670532226562,25.359769821166992,25.795181274414062,26.29372215270996,26.934385299682617,28.659915924072266
23.03310203552246,23.654237747192383,24.131864547729492,24.54949378967285,24.940393447875977,25.340656280517578,25.770339965820312,26.264892578125,26.893402099609375,28.565662384033203
23.02783203125,23.650510787963867,24.12584114074707,24.538379669189453,24.931900024414062,25.32300567626953,25.737140655517578,26.21131134033203,26.84024429321289,28.57245445251465
23.03081703186035,23.658700942993164,24.15371322631836,24.575864791870117,24.976293563842773,25.37645721435547,25.803417205810547,26.29245948791504,26.909440994262695,28.558734893798828
23.041593551635742,23.668071746826172,24.14763832092285,24.56145668029785,24.956239700317383,25.351604461669922,25.769250869750977,26.256059646606445,26.883304595947266,28.54922866821289
23.083402633666992,23.680477142333984,24.1387882232666,24.53474235534668,24.91681671142578,25.30365562438965,25.71942710876465,26.201566696166992,26.837322235107422,28.550966262817383
23.08025360107422,23.672792434692383,24.12664794921875,24.525869369506836,24.91208839416504,25.302589416503906,25.719053268432617,26.203445434570312,26.824951171875,28.521352767944336
23.042037963867188,23.647871017456055,24.122196197509766,24.538331985473633,24.933847427368164,25.330219268798828,25.755388259887695,26.23723793029785,26.872966766357422,28.53955078125
23.02770233154297,23.649721145629883,24.126066207885742,24.543344497680664,24.934120178222656,25.33156967163086,25.750696182250977,26.237951278686523,26.87123680114746,28.542587280273438
23.06650733947754,23.67976188659668,24.15083122253418,24.554908752441406,24.946565628051758,25.336671829223633,25.758056640625,26.23958969116211,26.878793716430664,28.540695190429688
22.969961166381836,23.62412452697754,24.143680572509766,24.59288787841797,25.01865005493164,25.442413330078125,25.886430740356445,26.39297866821289,27.05921745300293,28.743213653564453
23.028076171875,23.647066116333008,24.12997055053711,24.55103874206543,24.947580337524414,25.343523025512695,25.766263961791992,26.251279830932617,26.89911651611328,28.655961990356445
23.030920028686523,23.64336395263672,24.11247444152832,24.5195255279541,24.908140182495117,25.300273895263672,25.715015411376953,26.200511932373047,26.824256896972656,28.43958854675293
23.09162712097168,23.681320190429688,24.13397979736328,24.53367805480957,24.912036895751953,25.298280715942383,25.709924697875977,26.186962127685547,26.810653686523438,28.448135375976562
23.06391716003418,23.667171478271484,24.12411880493164,24.528989791870117,24.91192054748535,25.300336837768555,25.721452713012695,26.20110511779785,26.841211318969727,28.540573120117188
23.042627334594727,23.654720306396484,24.13077735900879,24.538898468017578,24.92995834350586,25.323200225830078,25.743860244750977,26.232524871826172,26.858510971069336,28.530691146850586
23.02130889892578,23.642597198486328,24.136751174926758,24.563655853271484,24.97551727294922,25.382822036743164,25.828256607055664,26.326385498046875,26.969905853271484,28.604488372802734
22.88355827331543,23.53662109375,24.077611923217773,24.555898666381836,25.00092315673828,25.442764282226562,25.90753173828125,26.426916122436523,27.09660530090332,28.79669189453125
23.01829719543457,23.649431228637695,24.133590698242188,24.565526962280273,24.975107192993164,25.375356674194336,25.808500289916992,26.30411148071289,26.943147659301758,28.59311866760254
23.020437240600586,23.650070190429688,24.13916778564453,24.562021255493164,24.962793350219727,25.361875534057617,25.791223526000977,26.29083824157715,26.941049575805664,28.624526977539062
22.98912239074707,23.634565353393555,24.14904022216797,24.590282440185547,25.00545883178711,25.421337127685547,25.858896255493164,26.353906631469727,26.977365493774414,28.641489028930664
23.005016326904297,23.64362907409668,24.147930145263672,24.578351974487305,24.992488861083984,25.399639129638672,25.829437255859375,26.330678939819336,26.969379425048828,28.646343231201172
23.03752326965332,23.653316497802734,24.135272979736328,24.54875373840332,24.950754165649414,25.349838256835938,25.775156021118164,26.267230987548828,26.915565490722656,28.605506896972656
23.076562881469727,23.674663543701172,24.132740020751953,24.529808044433594,24.910558700561523,25.29128646850586,25.6975040435791,26.159805297851562,26.774620056152344,28.44435691833496
23.04263687133789,23.657670974731445,24.131427764892578,24.539165496826172,24.92613410949707,25.31501579284668,25.72542381286621,26.206846237182617,26.834686279296875,28.538814544677734
23.049102783203125,23.665788650512695,24.1494140625,24.564743041992188,24.958993911743164,25.355554580688477,25.778894424438477,26.272966384887695,26.91164779663086,28.628543853759766
22.96628189086914,23.609540939331055,24.11353302001953,24.548933029174805,24.9610538482666,25.366548538208008,25.80132293701172,26.293176651000977,26.930646896362305,28.591833114624023
22.999046325683594,23.629844665527344,24.11871910095215,24.554039001464844,24.963979721069336,25.373050689697266,25.811914443969727,26.297821044921875,26.914871215820312,28.547395706176758
23.044553756713867,23.654518127441406,24.124221801757812,24.535175323486328,24.922855377197266,25.318416595458984,25.743982315063477,26.228883743286133,26.85873031616211,28.51601219177246
23.079763412475586,23.674428939819336,24.130918502807617,24.530508041381836,24.913089752197266,25.305294036865234,25.720230102539062,26.194515228271484,26.805831909179688,28.423946380615234
22.985872268676758,23.619903564453125,24.128902435302734,24.56924057006836,24.98598289489746,25.402389526367188,25.840749740600586,26.34258270263672,26.981430053710938,28.670312881469727
23.10468101501465,23.697147369384766,24.15597152709961,24.551372528076172,24.93206214904785,25.313325881958008,25.719436645507812,26.191904067993164,26.806917190551758,28.45505142211914
23.032968521118164,23.65507698059082,24.125648498535156,24.540668487548828,24.93053436279297,25.32144546508789,25.742101669311523,26.208206176757812,26.828933715820312,28.47479820251465
23.050003051757812,23.656728744506836,24.115703582763672,24.524974822998047,24.91142463684082,25.301986694335938,25.71399688720703,26.187971115112305,26.803503036499023,28.473295211791992
23.071596145629883,23.68635368347168,24.15296173095703,24.55663299560547,24.939041137695312,25.327922821044922,25.745697021484375,26.22504234313965,26.86048126220703,28.516510009765625
23.051345825195312,23.664215087890625,24.142099380493164,24.553878784179688,24.947114944458008,25.341638565063477,25.761762619018555,26.25252342224121,26.90288543701172,28.625324249267578
23.040733337402344,23.656099319458008,24.13564682006836,24.552141189575195,24.953174591064453,25.356735229492188,25.78046417236328,26.26418113708496,26.88608741760254,28.553071975708008
23.00446128845215,23.633785247802734,24.11388397216797,24.539024353027344,24.93822479248047,25.343265533447266,25.771554946899414,26.271682739257812,26.921630859375,28.604156494140625
23.04403305053711,23.65981101989746,24.138919830322266,24.55697250366211,24.952648162841797,25.353679656982422,25.772769927978516,26.251832962036133,26.88649559020996,28.542774200439453
23.047597885131836,23.667085647583008,24.135635375976562,24.551288604736328,24.9397029876709,25.33210563659668,25.746789932250977,26.22452163696289,26.857257843017578,28.54259490966797
23.05606460571289,23.662384033203125,24.13492774963379,24.54273796081543,24.930988311767578,25.32121467590332,25.73996353149414,26.223352432250977,26.84168243408203,28.549758911132812
23.057693481445312,23.67040252685547,24.14093589782715,24.5506649017334,24.93848991394043,25.330368041992188,25.750940322875977,26.22214698791504,26.842575073242188,28.532920837402344
22.96670913696289,23.612478256225586,24.123029708862305,24.573461532592773,24.989582061767578,25.406885147094727,25.85080337524414,26.35153579711914,26.98182487487793,28.624208450317383
23.038806915283203,23.66533660888672,24.144227981567383,24.561491012573242,24.959259033203125,25.358854293823242,25.789798736572266,26.283077239990234,26.915821075439453,28.585601806640625
23.02130889892578,23.645925521850586,24.130393981933594,24.5515193939209,24.951780319213867,25.35483741760254,25.780078887939453,26.26920509338379,26.920730590820312,28.592693328857422
22.99113655090332,23.61245346069336,24.104726791381836,24.534080505371094,24.943998336791992,25.35244369506836,25.78350257873535,26.280303955078125,26.922863006591797,28.62339973449707
23.048934936523438,23.659103393554688,24.13319206237793,24.554759979248047,24.948904037475586,25.347017288208008,25.763694763183594,26.24313735961914,26.865419387817383,28.524187088012695
23.047521591186523,23.664051055908203,24.133712768554688,24.54120445251465,24.935089111328125,25.32921600341797,25.748931884765625,26.236539840698242,26.864343643188477,28.598003387451172
23.041141510009766,23.662248611450195,24.13605499267578,24.556533813476562,24.94563865661621,25.34117889404297,25.758825302124023,26.24285316467285,26.875965118408203,28.565954208374023
23.04669761657715,23.64984893798828,24.123432159423828,24.541168212890625,24.937013626098633,25.33612823486328,25.760635375976562,26.259174346923828,26.908376693725586,28.556396484375
23.000791549682617,23.639196395874023,24.147459030151367,24.581119537353516,24.98919105529785,25.3964786529541,25.82730484008789,26.321826934814453,26.956268310546875,28.651052474975586
23.030582427978516,23.654342651367188,24.132537841796875,24.549531936645508,24.944847106933594,25.349916458129883,25.781511306762695,26.27526092529297,26.915035247802734,28.577930450439453
23.070676803588867,23.678373336791992,24.1439151763916,24.551597595214844,24.935392379760742,25.322465896606445,25.733631134033203,26.21622657775879,26.834613800048828,28.504802703857422
22.96754264831543,23.602092742919922,24.11805534362793,24.555335998535156,24.963138580322266,25.373008728027344,25.80946159362793,26.30217933654785,26.93939208984375,28.555858612060547
23.06985092163086,23.674474716186523,24.151247024536133,24.554723739624023,24.942474365234375,25.329193115234375,25.744049072265625,26.221145629882812,26.854476928710938,28.54937171936035
23.09758758544922,23.675491333007812,24.125097274780273,24.51694679260254,24.895837783813477,25.276561737060547,25.68679428100586,26.16164779663086,26.782506942749023,28.440988540649414
23.06696128845215,23.669189453125,24.127195358276367,24.530254364013672,24.90920639038086,25.295469284057617,25.704132080078125,26.188047409057617,26.808380126953125,28.50156593322754
23.04823112487793,23.666915893554688,24.14159393310547,24.550180435180664,24.936464309692383,25.327247619628906,25.750335693359375,26.2331485748291,26.867290496826172,28.54205322265625
23.00849723815918,23.645183563232422,24.139572143554688,24.572729110717773,24.977054595947266,25.38809585571289,25.822933197021484,26.316926956176758,26.955337524414062,28.629140853881836
23.013296127319336,23.646703720092773,24.141006469726562,24.568784713745117,24.977041244506836,25.37640380859375,25.803232192993164,26.294368743896484,26.91663932800293,28.59212303161621
23.03887367248535,23.655223846435547,24.13823127746582,24.551563262939453,24.945556640625,25.341981887817383,25.76820182800293,26.26708984375,26.91802406311035,28.62221336364746
22.96917724609375,23.613706588745117,24.115402221679688,24.558565139770508,24.97536849975586,25.389671325683594,25.831222534179688,26.329452514648438,26.973188400268555,28.63727378845215
23.023712158203125,23.64461898803711,24.121925354003906,24.546716690063477,24.946502685546875,25.353145599365234,25.78297996520996,26.27614402770996,26.912466049194336,28.58917236328125
23.053600311279297,23.657642364501953,24.127153396606445,24.53367042541504,24.919647216796875,25.307025909423828,25.721689224243164,26.19980812072754,26.821374893188477,28.439258575439453
23.02768898010254,23.64391326904297,24.11293601989746,24.527334213256836,24.918071746826172,25.319259643554688,25.746257781982422,26.24248695373535,26.8920955657959,28.61834716796875
23.03360366821289,23.642253875732422,24.112478256225586,24.516849517822266,24.903099060058594,25.288429260253906,25.69948959350586,26.17472267150879,26.794647216796875,28.525793075561523
23.057292938232422,23.661699295043945,24.125736236572266,24.531465530395508,24.91537094116211,25.30084800720215,25.710290908813477,26.187955856323242,26.804134368896484,28.4851131439209
23.089357376098633,23.690488815307617,24.156204223632812,24.55478286743164,24.938520431518555,25.325864791870117,25.744592666625977,26.217727661132812,26.860265731811523,28.523279190063477
23.02842140197754,23.643596649169922,24.113603591918945,24.526966094970703,24.918306350708008,25.313278198242188,25.730186462402344,26.20718765258789,26.828107833862305,28.534282684326172
23.056665420532227,23.66607093811035,24.138729095458984,24.547616958618164,24.943090438842773,25.341676712036133,25.764827728271484,26.248371124267578,26.884923934936523,28.54454803466797
22.897872924804688,23.551761627197266,24.083778381347656,24.55462074279785,25.001262664794922,25.444854736328125,25.90349769592285,26.416330337524414,27.080842971801758,28.777437210083008
23.06812286376953,23.68173599243164,24.153959274291992,24.559600830078125,24.951202392578125,25.345706939697266,25.76133155822754,26.24289894104004,26.870853424072266,28.531103134155273
23.040681838989258,23.65481948852539,24.130897521972656,24.547008514404297,24.943008422851562,25.33738899230957,25.760276794433594,26.24376106262207,26.881521224975586,28.567590713500977
23.030485153198242,23.645164489746094,24.129404067993164,24.550405502319336,24.95285415649414,25.35221290588379,25.77915382385254,26.267847061157227,26.908416748046875,28.58274269104004
22.847942352294922,23.5036563873291,24.044172286987305,24.539920806884766,25.00479507446289,25.4572811126709,25.933061599731445,26.460872650146484,27.14293670654297,28.90374183654785
23.066402435302734,23.671852111816406,24.1458797454834,24.55388069152832,24.942115783691406,25.32939910888672,25.743391036987305,26.228185653686523,26.860214233398438,28.5661563873291
23.023040771484375,23.649057388305664,24.13770866394043,24.569364547729492,24.972841262817383,25.378652572631836,25.807161331176758,26.293212890625,26.924819946289062,28.57378387451172
23.06977081298828,23.671356201171875,24.135465621948242,24.53941535949707,24.91908836364746,25.304832458496094,25.719924926757812,26.210250854492188,26.84182357788086,28.58091163635254
23.084138870239258,23.67563819885254,24.13644790649414,24.539676666259766,24.9176082611084,25.296918869018555,25.703428268432617,26.17169761657715,26.788768768310547,28.462276458740234
23.025991439819336,23.6463565826416,24.129966735839844,24.549726486206055,24.950172424316406,25.344274520874023,25.766834259033203,26.249792098999023,26.879301071166992,28.61117172241211
23.016237258911133,23.638151168823242,24.124425888061523,24.5428409576416,24.94032096862793,25.3367862701416,25.757577896118164,26.244186401367188,26.87299346923828,28.58582878112793
22.942108154296875,23.591156005859375,24.09807777404785,24.54746437072754,24.962934494018555,25.382104873657227,25.822416305541992,26.330528259277344,26.97889518737793,28.65828514099121
23.036869049072266,23.650714874267578,24.130104064941406,24.547046661376953,24.948284149169922,25.347684860229492,25.77301597595215,26.25897979736328,26.889925003051758,28.526987075805664
23.02134132385254,23.66020965576172,24.16074562072754,24.59276580810547,25.006813049316406,25.418825149536133,25.857746124267578,26.352354049682617,26.97303009033203,28.634109497070312
23.083925247192383,23.67730140686035,24.132543563842773,24.546512603759766,24.933815002441406,25.328176498413086,25.74907684326172,26.23522186279297,26.884685516357422,28.60486602783203
23.034574508666992,23.65397834777832,24.140552520751953,24.561668395996094,24.961469650268555,25.35950469970703,25.780059814453125,26.26413345336914,26.88365936279297,28.553016662597656
23.060930252075195,23.675556182861328,24.15465545654297,24.570037841796875,24.963159561157227,25.36191749572754,25.782459259033203,26.2756404876709,26.914453506469727,28.651975631713867
23.080657958984375,23.683847427368164,24.142135620117188,24.5398006439209,24.929418563842773,25.31735610961914,25.735448837280273,26.224445343017578,26.86026382446289,28.601694107055664
23.040224075317383,23.656049728393555,24.12245750427246,24.53537368774414,24.927656173706055,25.32695960998535,25.759408950805664,26.251529693603516,26.903553009033203,28.574905395507812
23.083091735839844,23.675216674804688,24.128406524658203,24.535186767578125,24.92210578918457,25.316556930541992,25.732385635375977,26.2148494720459,26.846609115600586,28.558008193969727
23.060495376586914,23.666383743286133,24.137130737304688,24.545207977294922,24.93784523010254,25.331745147705078,25.749452590942383,26.23090171813965,26.855445861816406,28.503868103027344
23.037071228027344,23.660888671875,24.145479202270508,24.572649002075195,24.980106353759766,25.38543128967285,25.822771072387695,26.31911277770996,26.947635650634766,28.538131713867188
23.064163208007812,23.671215057373047,24.137237548828125,24.546838760375977,24.9339656829834,25.32741928100586,25.753576278686523,26.239715576171875,26.85896110534668,28.500858306884766
23.026933670043945,23.65123748779297,24.134756088256836,24.562782287597656,24.965272903442383,25.366117477416992,25.802013397216797,26.290775299072266,26.916616439819336,28.620525360107422
23.098623275756836,23.69632339477539,24.154050827026367,24.55229949951172,24.926250457763672,25.307832717895508,25.72222900390625,26.192691802978516,26.827613830566406,28.528369903564453
23.069456100463867,23.671770095825195,24.14226531982422,24.547101974487305,24.933757781982422,25.320960998535156,25.732515335083008,26.205869674682617,26.8203067779541,28.557159423828125
23.06308364868164,23.672998428344727,24.14333724975586,24.551000595092773,24.939727783203125,25.330034255981445,25.75157356262207,26.2375431060791,26.87127113342285,28.51231575012207
23.028400421142578,23.64286994934082,24.125591278076172,24.547508239746094,24.938711166381836,25.349454879760742,25.779020309448242,26.281591415405273,26.910797119140625,28.535297393798828
23.031831741333008,23.65041732788086,24.12982749938965,24.54538917541504,24.932382583618164,25.323787689208984,25.739776611328125,26.2202091217041,26.852121353149414,28.47305679321289
23.04187774658203,23.666109085083008,24.147825241088867,24.57164192199707,24.968706130981445,25.36736488342285,25.796422958374023,26.278770446777344,26.889463424682617,28.54232406616211
23.099119186401367,23.68279457092285,24.137210845947266,24.531370162963867,24.909212112426758,25.285877227783203,25.688758850097656,26.159189224243164,26.78066062927246,28.49251937866211
22.98239517211914,23.629756927490234,24.14142417907715,24.58661651611328,25.001962661743164,25.425195693969727,25.872596740722656,26.375764846801758,27.013355255126953,28.688383102416992
23.074487686157227,23.678462982177734,24.14325714111328,24.54763412475586,24.93036651611328,25.316465377807617,25.735374450683594,26.217967987060547,26.847061157226562,28.504589080810547
22.977989196777344,23.62579345703125,24.137481689453125,24.583663940429688,24.999168395996094,25.415390014648438,25.8564395904541,26.357872009277344,26.99327850341797,28.608667373657227
23.02839469909668,23.65480613708496,24.14429473876953,24.5714054107666,24.975133895874023,25.388320922851562,25.829790115356445,26.330337524414062,26.975053787231445,28.72011375427246
22.878498077392578,23.528337478637695,24.05922508239746,24.532451629638672,24.978395462036133,25.41660499572754,25.870681762695312,26.376718521118164,27.023635864257812,28.71566390991211
23.026233673095703,23.649099349975586,24.13556480407715,24.554893493652344,24.955368041992188,25.357969284057617,25.77744483947754,26.262365341186523,26.887651443481445,28.524831771850586
23.068910598754883,23.692636489868164,24.173725128173828,24.589759826660156,24.98101043701172,25.378982543945312,25.80626106262207,26.292951583862305,26.931337356567383,28.594520568847656
23.075820922851562,23.662744522094727,24.122657775878906,24.524646759033203,24.908416748046875,25.295307159423828,25.713666915893555,26.18815040588379,26.80620574951172,28.476844787597656
23.068288803100586,23.670400619506836,24.136249542236328,24.537811279296875,24.911754608154297,25.294429779052734,25.704849243164062,26.166168212890625,26.78241729736328,28.50327491760254
23.06294059753418,23.66632652282715,24.13188934326172,24.53346824645996,24.9187068939209,25.304744720458984,25.71761131286621,26.196081161499023,26.818233489990234,28.57042694091797
23.081804275512695,23.674144744873047,24.12547492980957,24.52651023864746,24.91420555114746,25.303401947021484,25.718215942382812,26.19256591796875,26.81618881225586,28.460569381713867
23.07950210571289,23.684741973876953,24.153972625732422,24.566781997680664,24.95258331298828,25.345890045166016,25.769134521484375,26.247589111328125,26.880578994750977,28.538320541381836
23.034921646118164,23.66694450378418,24.146860122680664,24.564777374267578,24.95713233947754,25.350833892822266,25.769210815429688,26.254196166992188,26.890405654907227,28.554718017578125
23.07016944885254,23.677001953125,24.14141845703125,24.540746688842773,24.915700912475586,25.295080184936523,25.706832885742188,26.17974090576172,26.806055068969727,28.47084617614746
23.031818389892578,23.634424209594727,24.10418128967285,24.512746810913086,24.907207489013672,25.30379867553711,25.7287654876709,26.217323303222656,26.842514038085938,28.576997756958008
22.984540939331055,23.62633514404297,24.12950325012207,24.56109619140625,24.96959686279297,25.371732711791992,25.805049896240234,26.297611236572266,26.939224243164062,28.632551193237305
22.967653274536133,23.61847496032715,24.131343841552734,24.57999610900879,24.99875259399414,25.413448333740234,25.8471736907959,26.34063720703125,26.966535568237305,28.567676544189453
23.029489517211914,23.663219451904297,24.142135620117188,24.571819305419922,24.9719295501709,25.37607765197754,25.804105758666992,26.296239852905273,26.919612884521484,28.593196868896484
23.09632682800293,23.677751541137695,24.123008728027344,24.511320114135742,24.886457443237305,25.263408660888672,25.66761016845703,26.13949203491211,26.75149154663086,28.401790618896484
23.053909301757812,23.65628433227539,24.127241134643555,24.533489227294922,24.922563552856445,25.312362670898438,25.72922706604004,26.212188720703125,26.842458724975586,28.582578659057617
23.054941177368164,23.673660278320312,24.15162467956543,24.56749725341797,24.96515464782715,25.366334915161133,25.795095443725586,26.282318115234375,26.936365127563477,28.62310218811035
23.01015281677246,23.642114639282227,24.129518508911133,24.55458641052246,24.959136962890625,25.357168197631836,25.78143310546875,26.27164077758789,26.90396499633789,28.594242095947266
22.987899780273438,23.633441925048828,24.15046501159668,24.595643997192383,25.011192321777344,25.425457000732422,25.85977554321289,26.353118896484375,27.012630462646484,28.76145362854004
23.014463424682617,23.646711349487305,24.134300231933594,24.56808853149414,24.968576431274414,25.372272491455078,25.803516387939453,26.287065505981445,26.912294387817383,28.629764556884766
23.042869567871094,23.63947105407715,24.107593536376953,24.514192581176758,24.9032039642334,25.28949737548828,25.703262329101562,26.184532165527344,26.806875228881836,28.51364517211914
23.0495662689209,23.676786422729492,24.14937973022461,24.563459396362305,24.959129333496094,25.35893440246582,25.774999618530273,26.263818740844727,26.905784606933594,28.64544105529785
23.072612762451172,23.664302825927734,24.128725051879883,24.534238815307617,24.917278289794922,25.304216384887695,25.719091415405273,26.193342208862305,26.81207275390625,28.530101776123047
23.063383102416992,23.67580795288086,24.141700744628906,24.54796600341797,24.93692398071289,25.32973289489746,25.745790481567383,26.225547790527344,26.85533905029297,28.486948013305664
23.017776489257812,23.635343551635742,24.114852905273438,24.539403915405273,24.939111709594727,25.339391708374023,25.76960563659668,26.2702693939209,26.927349090576172,28.699739456176758
23.010807037353516,23.637237548828125,24.13172149658203,24.559171676635742,24.965559005737305,25.370546340942383,25.797016143798828,26.292577743530273,26.93426513671875,28.645090103149414
22.806455612182617,23.47759437561035,24.03215217590332,24.53364372253418,24.994701385498047,25.45530891418457,25.924087524414062,26.45347023010254,27.100889205932617,28.81096839904785
23.072845458984375,23.677249908447266,24.140024185180664,24.55332374572754,24.941814422607422,25.33579444885254,25.75897789001465,26.24502944946289,26.880489349365234,28.555458068847656
22.980018615722656,23.614952087402344,24.095163345336914,24.522066116333008,24.922645568847656,25.327653884887695,25.760780334472656,26.25856590270996,26.8998966217041,28.54486656188965
23.0596981048584,23.670440673828125,24.128097534179688,24.53339385986328,24.904733657836914,25.287273406982422,25.698638916015625,26.176610946655273,26.797428131103516,28.472274780273438
23.03219223022461,23.648090362548828,24.127737045288086,24.542909622192383,24.940839767456055,25.34062385559082,25.766075134277344,26.258337020874023,26.89350128173828,28.608104705810547
23.0517635345459,23.661136627197266,24.135147094726562,24.549407958984375,24.93882942199707,25.33082389831543,25.744813919067383,26.224075317382812,26.85646629333496,28.469146728515625
23.066011428833008,23.686609268188477,24.154525756835938,24.5705623626709,24.960805892944336,25.357479095458984,25.78569793701172,26.284297943115234,26.929168701171875,28.62491226196289
23.00172996520996,23.646615982055664,24.14227294921875,24.56678581237793,24.97309112548828,25.380617141723633,25.814977645874023,26.31703758239746,26.961170196533203,28.632671356201172
23.06828498840332,23.665401458740234,24.131391525268555,24.538822174072266,24.92638397216797,25.32037925720215,25.74188804626465,26.229150772094727,26.868301391601562,28.52813720703125
23.07200050354004,23.661840438842773,24.118101119995117,24.51433563232422,24.895212173461914,25.277835845947266,25.690279006958008,26.17292594909668,26.805444717407227,28.53461456298828
23.03801155090332,23.664812088012695,24.139677047729492,24.556617736816406,24.952911376953125,25.355060577392578,25.785877227783203,26.2822265625,26.921545028686523,28.599613189697266
23.066553115844727,23.68125343322754,24.148696899414062,24.560033798217773,24.95391082763672,25.346683502197266,25.770172119140625,26.25564193725586,26.88035011291504,28.50528335571289
22.917156219482422,23.58307456970215,24.109521865844727,24.572343826293945,25.00265884399414,25.43338394165039,25.887210845947266,26.389554977416992,27.044998168945312,28.699954986572266
22.918964385986328,23.577274322509766,24.089752197265625,24.545438766479492,24.974252700805664,25.39394760131836,25.839107513427734,26.34152603149414,26.982894897460938,28.72273826599121
23.022775650024414,23.64035415649414,24.12293243408203,24.539722442626953,24.93814468383789,25.335968017578125,25.75838851928711,26.248010635375977,26.876482009887695,28.542774200439453
22.960092544555664,23.610877990722656,24.122251510620117,24.567399978637695,24.993789672851562,25.40589714050293,25.84201431274414,26.34144401550293,26.98069190979004,28.660120010375977
23.02765464782715,23.641281127929688,24.115121841430664,24.531940460205078,24.919925689697266,25.306859970092773,25.729106903076172,26.21149253845215,26.853792190551758,28.544403076171875
23.014097213745117,23.652902603149414,24.144886016845703,24.577804565429688,24.983137130737305,25.392118453979492,25.828943252563477,26.320674896240234,26.940683364868164,28.574180603027344
23.004871368408203,23.62151527404785,24.100051879882812,24.52570152282715,24.92106056213379,25.320100784301758,25.742385864257812,26.22552490234375,26.853235244750977,28.575862884521484
23.02370834350586,23.649248123168945,24.138395309448242,24.55866241455078,24.957881927490234,25.35649871826172,25.780441284179688,26.276464462280273,26.923702239990234,28.67024803161621
23.070568084716797,23.673442840576172,24.134479522705078,24.540531158447266,24.925596237182617,25.306119918823242,25.720205307006836,26.194652557373047,26.806726455688477,28.487436294555664
23.02423858642578,23.6518611907959,24.133089065551758,24.560598373413086,24.96446418762207,25.36912727355957,25.793407440185547,26.284677505493164,26.92376136779785,28.58542823791504
23.107515335083008,23.70871353149414,24.153627395629883,24.55117416381836,24.930644989013672,25.31386375427246,25.728286743164062,26.202701568603516,26.828763961791992,28.504314422607422
23.038230895996094,23.65920066833496,24.13580322265625,24.556360244750977,24.955665588378906,25.3527774810791,25.773189544677734,26.2585506439209,26.896305084228516,28.565753936767578
23.046710968017578,23.659385681152344,24.133283615112305,24.542234420776367,24.933807373046875,25.32480812072754,25.73993492126465,26.217805862426758,26.8430233001709,28.550678253173828
23.087495803833008,23.675745010375977,24.122880935668945,24.518844604492188,24.885543823242188,25.26432228088379,25.677696228027344,26.1435604095459,26.763362884521484,28.48274803161621
23.058046340942383,23.67559242248535,24.142759323120117,24.555633544921875,24.943431854248047,25.332473754882812,25.749940872192383,26.231006622314453,26.853511810302734,28.458654403686523
23.0714054107666,23.67671012878418,24.1466121673584,24.55207061767578,24.944124221801758,25.338363647460938,25.764785766601562,26.253650665283203,26.896493911743164,28.601110458374023
23.073122024536133,23.676244735717773,24.141420364379883,24.544771194458008,24.9288272857666,25.31757354736328,25.735095977783203,26.211702346801758,26.853342056274414,28.523984909057617
23.068748474121094,23.662450790405273,24.124011993408203,24.5267391204834,24.9149112701416,25.304725646972656,25.7216796875,26.202978134155273,26.831157684326172,28.586299896240234
23.020729064941406,23.648740768432617,24.132064819335938,24.557401657104492,24.955795288085938,25.35865592956543,25.781896591186523,26.268518447875977,26.903100967407227,28.60595703125
22.963525772094727,23.59541130065918,24.095064163208008,24.543701171875,24.966625213623047,25.387617111206055,25.83905792236328,26.339441299438477,26.979965209960938,28.664066314697266
23.012088775634766,23.647924423217773,24.137069702148438,24.569774627685547,24.97111701965332,25.37561798095703,25.803260803222656,26.286890029907227,26.90558433532715,28.57486343383789
23.098512649536133,23.67959213256836,24.126039505004883,24.521921157836914,24.89885902404785,25.278980255126953,25.700469970703125,26.184921264648438,26.80279541015625,28.487869262695312
23.046276092529297,23.660507202148438,24.139741897583008,24.55188751220703,24.943466186523438,25.33365821838379,25.746591567993164,26.220617294311523,26.836715698242188,28.529823303222656
23.05242347717285,23.650794982910156,24.122467041015625,24.53588104248047,24.930952072143555,25.32264518737793,25.745895385742188,26.22503089904785,26.86488914489746,28.541624069213867
23.052711486816406,23.670501708984375,24.145122528076172,24.55501937866211,24.9443359375,25.33775520324707,25.759477615356445,26.247520446777344,26.8884220123291,28.589609146118164
23.007741928100586,23.635343551635742,24.130109786987305,24.56420135498047,24.978910446166992,25.38604736328125,25.815982818603516,26.311553955078125,26.952383041381836,28.647558212280273
22.97406768798828,23.621850967407227,24.11867904663086,24.558258056640625,24.97014617919922,25.385494232177734,25.825910568237305,26.336246490478516,26.988876342773438,28.698665618896484
23.04001235961914,23.665536880493164,24.15357780456543,24.571205139160156,24.96660614013672,25.361751556396484,25.7802791595459,26.26527976989746,26.88641929626465,28.50664520263672
23.11165428161621,23.705549240112305,24.165897369384766,24.565475463867188,24.94032096862793,25.32936668395996,25.746898651123047,26.228221893310547,26.854015350341797,28.503204345703125
23.081697463989258,23.678730010986328,24.143205642700195,24.547399520874023,24.932193756103516,25.32410430908203,25.738399505615234,26.218761444091797,26.839553833007812,28.475048065185547
23.07937240600586,23.67761993408203,24.136754989624023,24.54629135131836,24.9352970123291,25.32877540588379,25.751041412353516,26.244028091430664,26.86433982849121,28.510417938232422
23.075881958007812,23.674482345581055,24.12934112548828,24.529613494873047,24.913898468017578,25.296001434326172,25.711875915527344,26.19197654724121,26.820232391357422,28.539337158203125
23.063562393188477,23.6800479888916,24.158716201782227,24.57221794128418,24.967525482177734,25.36260223388672,25.780033111572266,26.259998321533203,26.87852668762207,28.556188583374023
23.02824592590332,23.653854370117188,24.13581657409668,24.56192398071289,24.96154022216797,25.36149024963379,25.78558349609375,26.26999282836914,26.911701202392578,28.573495864868164
22.80421257019043,23.458789825439453,24.00686264038086,24.516820907592773,25.0054988861084,25.489686965942383,25.9948787689209,26.537673950195312,27.221696853637695,28.957334518432617
22.965007781982422,23.605789184570312,24.106401443481445,24.55234146118164,24.975204467773438,25.390851974487305,25.838695526123047,26.345582962036133,26.993555068969727,28.662817001342773
23.010473251342773,23.641836166381836,24.125511169433594,24.550920486450195,24.95594024658203,25.35783576965332,25.793121337890625,26.291540145874023,26.93674659729004,28.58725929260254
23.015718460083008,23.648313522338867,24.14195442199707,24.562557220458984,24.95937156677246,25.355405807495117,25.77667236328125,26.268299102783203,26.902652740478516,28.61168670654297
23.128734588623047,23.700843811035156,24.137752532958984,24.522302627563477,24.888242721557617,25.259845733642578,25.6645565032959,26.131282806396484,26.74845314025879,28.419193267822266
23.10870361328125,23.69903564453125,24.145156860351562,24.541433334350586,24.909297943115234,25.29112434387207,25.69708824157715,26.168132781982422,26.795581817626953,28.45204734802246
23.046419143676758,23.661123275756836,24.137042999267578,24.550771713256836,24.94386100769043,25.332677841186523,25.75486183166504,26.233129501342773,26.860036849975586,28.557106018066406
23.065105438232422,23.65934181213379,24.125934600830078,24.532201766967773,24.924787521362305,25.312952041625977,25.730289459228516,26.200700759887695,26.832683563232422,28.541427612304688
23.041847229003906,23.655738830566406,24.138721466064453,24.55202865600586,24.94547462463379,25.337852478027344,25.753406524658203,26.229530334472656,26.838903427124023,28.534805297851562
23.087236404418945,23.689659118652344,24.149972915649414,24.551437377929688,24.935588836669922,25.324369430541992,25.738733291625977,26.214496612548828,26.831058502197266,28.53040313720703
23.04608154296875,23.674213409423828,24.158096313476562,24.577896118164062,24.966691970825195,25.365562438964844,25.788909912109375,26.277938842773438,26.91729164123535,28.61748504638672
23.061796188354492,23.678701400756836,24.149816513061523,24.560176849365234,24.955114364624023,25.345792770385742,25.770755767822266,26.251432418823242,26.88364601135254,28.5676326751709
23.036128997802734,23.64809226989746,24.13066291809082,24.55108642578125,24.947526931762695,25.34627342224121,25.77081298828125,26.243200302124023,26.878217697143555,28.580717086791992
23.041446685791016,23.655855178833008,24.1359920501709,24.54857635498047,24.9416561126709,25.336017608642578,25.757301330566406,26.242605209350586,26.86827850341797,28.498306274414062
23.08035659790039,23.67467498779297,24.132183074951172,24.529052734375,24.910879135131836,25.298357009887695,25.71355628967285,26.181812286376953,26.815460205078125,28.475688934326172
23.019304275512695,23.654762268066406,24.15142250061035,24.585025787353516,24.9952449798584,25.403013229370117,25.833120346069336,26.32560920715332,26.959957122802734,28.68683433532715
23.076148986816406,23.68055534362793,24.14443588256836,24.55657196044922,24.9458065032959,25.341415405273438,25.758241653442383,26.239410400390625,26.868614196777344,28.545516967773438
23.049774169921875,23.659725189208984,24.132169723510742,24.549501419067383,24.942813873291016,25.34180450439453,25.767658233642578,26.24853515625,26.889589309692383,28.545455932617188
23.05605697631836,23.659255981445312,24.130430221557617,24.535242080688477,24.922428131103516,25.31021499633789,25.726654052734375,26.211408615112305,26.83435821533203,28.503971099853516
23.09219741821289,23.699745178222656,24.15552520751953,24.556520462036133,24.930557250976562,25.314603805541992,25.721879959106445,26.185531616210938,26.797327041625977,28.495197296142578
23.043432235717773,23.66020965576172,24.14425277709961,24.570194244384766,24.980836868286133,25.384000778198242,25.807458877563477,26.302001953125,26.934091567993164,28.6193790435791
23.03018569946289,23.653038024902344,24.133316040039062,24.548492431640625,24.94049644470215,25.34264373779297,25.76085090637207,26.242116928100586,26.878061294555664,28.601356506347656
23.096689224243164,23.679555892944336,24.136335372924805,24.53434944152832,24.91278839111328,25.293107986450195,25.709352493286133,26.182048797607422,26.80531120300293,28.505842208862305
23.060962677001953,23.670591354370117,24.140792846679688,24.54520034790039,24.932886123657227,25.321210861206055,25.736513137817383,26.21803855895996,26.852996826171875,28.55886459350586
23.00363540649414,23.627113342285156,24.12030601501465,24.555206298828125,24.97542953491211,25.383129119873047,25.81559181213379,26.29920196533203,26.94086265563965,28.631755828857422
23.06161880493164,23.679975509643555,24.15391731262207,24.576770782470703,24.97136688232422,25.36256980895996,25.776981353759766,26.260019302368164,26.881765365600586,28.55870819091797
23.003137588500977,23.632099151611328,24.13239097595215,24.573230743408203,24.987825393676758,25.396339416503906,25.83409881591797,26.326154708862305,26.960460662841797,28.723670959472656
22.91628074645996,23.57023811340332,24.090770721435547,24.549118041992188,24.988346099853516,25.417098999023438,25.871326446533203,26.384435653686523,27.037342071533203,28.763004302978516
23.11459732055664,23.699308395385742,24.148975372314453,24.53628921508789,24.909461975097656,25.28514862060547,25.6904296875,26.16351318359375,26.778039932250977,28.46245574951172
23.054607391357422,23.667987823486328,24.13561248779297,24.542844772338867,24.934803009033203,25.328643798828125,25.74380874633789,26.222232818603516,26.86635398864746,28.562467575073242
23.061660766601562,23.671627044677734,24.137859344482422,24.545284271240234,24.933874130249023,25.328134536743164,25.744380950927734,26.22634506225586,26.859071731567383,28.519311904907227
23.083816528320312,23.67862319946289,24.136259078979492,24.53745460510254,24.92571449279785,25.312685012817383,25.731233596801758,26.20198631286621,26.814828872680664,28.477609634399414
23.043203353881836,23.663284301757812,24.137388229370117,24.544662475585938,24.9370174407959,25.330686569213867,25.74517059326172,26.225601196289062,26.851642608642578,28.49314308166504
23.029022216796875,23.632963180541992,24.105228424072266,24.51555633544922,24.908309936523438,25.301475524902344,25.723182678222656,26.21154022216797,26.84543228149414,28.559677124023438
23.100683212280273,23.678503036499023,24.12692642211914,24.517183303833008,24.895015716552734,25.27578353881836,25.686254501342773,26.159820556640625,26.780479431152344,28.458377838134766
23.056093215942383,23.662349700927734,24.12708282470703,24.542909622192383,24.933162689208984,25.329147338867188,25.75514793395996,26.24612045288086,26.881336212158203,28.600622177124023
22.95653533935547,23.610727310180664,24.143449783325195,24.592931747436523,25.018661499023438,25.434112548828125,25.87564468383789,26.378793716430664,27.024120330810547,28.640844345092773
23.03440284729004,23.650033950805664,24.12163543701172,24.53806495666504,24.933643341064453,25.328834533691406,25.745773315429688,26.23396873474121,26.858882904052734,28.49085235595703
23.080440521240234,23.678342819213867,24.141597747802734,24.53891944885254,24.922199249267578,25.307823181152344,25.720977783203125,26.200454711914062,26.82375717163086,28.53826904296875
23.0071964263916,23.64631462097168,24.134645462036133,24.56466293334961,24.97028923034668,25.372678756713867,25.801637649536133,26.29310417175293,26.924381256103516,28.566574096679688
23.089527130126953,23.68838882446289,24.139400482177734,24.534788131713867,24.91046142578125,25.292240142822266,25.697383880615234,26.168420791625977,26.784881591796875,28.439041137695312
23.044771194458008,23.673097610473633,24.154632568359375,24.573091506958008,24.97565269470215,25.378173828125,25.807373046875,26.28922462463379,26.92876434326172,28.61710548400879
22.991313934326172,23.632822036743164,24.135059356689453,24.571596145629883,24.977954864501953,25.38313865661621,25.817346572875977,26.302349090576172,26.931325912475586,28.596920013427734
22.813535690307617,23.488903045654297,24.050371170043945,24.552026748657227,25.02475929260254,25.491722106933594,25.97453498840332,26.50615692138672,27.175540924072266,28.867908477783203
23.07573699951172,23.681941986083984,24.142929077148438,24.546085357666016,24.933584213256836,25.319854736328125,25.741039276123047,26.222753524780273,26.859224319458008,28.53876495361328
23.056272506713867,23.658769607543945,24.122838973999023,24.532024383544922,24.91798210144043,25.305706024169922,25.71687126159668,26.187698364257812,26.81062889099121,28.47724151611328
23.06826400756836,23.681123733520508,24.144559860229492,24.557085037231445,24.94482421875,25.33741569519043,25.74956703186035,26.219985961914062,26.849258422851562,28.501428604125977
23.029104232788086,23.648595809936523,24.131004333496094,24.556180953979492,24.954578399658203,25.35569953918457,25.782855987548828,26.281558990478516,26.920053482055664,28.628267288208008
23.06422996520996,23.67039680480957,24.14020347595215,24.54400062561035,24.930749893188477,25.319046020507812,25.732763290405273,26.214475631713867,26.850860595703125,28.577383041381836
23.049875259399414,23.667539596557617,24.132522583007812,24.538427352905273,24.927597045898438,25.31788444519043,25.739940643310547,26.208110809326172,26.84822654724121,28.548614501953125
22.980939865112305,23.617761611938477,24.113706588745117,24.55060577392578,24.963369369506836,25.375776290893555,25.81157875061035,26.311355590820312,26.947927474975586,28.63226318359375
23.086471557617188,23.676294326782227,24.128149032592773,24.51941680908203,24.901174545288086,25.282262802124023,25.69428062438965,26.16930389404297,26.781164169311523,28.478271484375
23.08020782470703,23.678678512573242,24.13632583618164,24.533702850341797,24.91521644592285,25.300888061523438,25.717004776000977,26.198354721069336,26.819917678833008,28.39873504638672
23.065828323364258,23.666290283203125,24.129270553588867,24.53122329711914,24.917797088623047,25.305395126342773,25.721200942993164,26.20003890991211,26.820343017578125,28.536052703857422
23.010114669799805,23.636098861694336,24.123136520385742,24.550073623657227,24.951704025268555,25.358102798461914,25.79400634765625,26.291818618774414,26.921092987060547,28.6144962310791
22.871604919433594,23.54239273071289,24.087692260742188,24.571041107177734,25.023433685302734,25.476682662963867,25.947895050048828,26.47130584716797,27.12999153137207,28.85883140563965
23.01749610900879,23.649587631225586,24.127731323242188,24.54770851135254,24.94858741760254,25.356191635131836,25.796173095703125,26.312149047851562,26.975421905517578,28.642175674438477
22.937664031982422,23.579341888427734,24.08694839477539,24.537090301513672,24.962596893310547,25.381694793701172,25.834842681884766,26.336868286132812,27.001108169555664,28.659467697143555
23.029003143310547,23.64765739440918,24.131208419799805,24.545318603515625,24.937593460083008,25.328351974487305,25.743255615234375,26.22325325012207,26.848318099975586,28.537023544311523
23.078332901000977,23.679428100585938,24.14730453491211,24.544055938720703,24.93042755126953,25.316864013671875,25.729537963867188,26.201175689697266,26.82817840576172,28.48695182800293
23.04596519470215,23.666975021362305,24.13075828552246,24.547739028930664,24.935871124267578,25.332155227661133,25.755882263183594,26.245473861694336,26.88245391845703,28.575565338134766
23.042240142822266,23.66765022277832,24.153240203857422,24.570770263671875,24.96437644958496,25.363143920898438,25.794286727905273,26.284347534179688,26.923063278198242,28.62477684020996
23.09197998046875,23.678531646728516,24.13345718383789,24.527170181274414,24.90690803527832,25.292373657226562,25.70200538635254,26.173086166381836,26.796266555786133,28.49789047241211
23.104705810546875,23.701032638549805,24.15818977355957,24.550716400146484,24.92949676513672,25.31239891052246,25.72206687927246,26.196369171142578,26.812450408935547,28.544584274291992
22.99394989013672,23.638628005981445,24.134328842163086,24.57141876220703,24.974397659301758,25.38559341430664,25.81499671936035,26.314437866210938,26.945093154907227,28.579345703125
22.988550186157227,23.622966766357422,24.113536834716797,24.545652389526367,24.952417373657227,25.356128692626953,25.786556243896484,26.28255844116211,26.918907165527344,28.639394760131836
23.06692886352539,23.67991065979004,24.148164749145508,24.55685806274414,24.93950080871582,25.32851219177246,25.744049072265625,26.215425491333008,26.82880401611328,28.505115509033203
23.070846557617188,23.682823181152344,24.1431827545166,24.54834747314453,24.93113899230957,25.322431564331055,25.733583450317383,26.214611053466797,26.851593017578125,28.55612564086914
22.95377540588379,23.594829559326172,24.100555419921875,24.538665771484375,24.95401382446289,25.36807632446289,25.806758880615234,26.310678482055664,26.947219848632812,28.657358169555664
23.073774337768555,23.685070037841797,24.161653518676758,24.56781768798828,24.95939826965332,25.36272430419922,25.778793334960938,26.269046783447266,26.902339935302734,28.588470458984375
23.003450393676758,23.63225555419922,24.124095916748047,24.554710388183594,24.95907211303711,25.375099182128906,25.80826187133789,26.30797576904297,26.943246841430664,28.619234085083008
23.0400447845459,23.66669273376465,24.14468002319336,24.558704376220703,24.951976776123047,25.34617042541504,25.766172409057617,26.25029754638672,26.870290756225586,28.485580444335938
23.06774139404297,23.663097381591797,24.123594284057617,24.518239974975586,24.89948844909668,25.28083610534668,25.694442749023438,26.167644500732422,26.79547119140625,28.48845863342285
22.87615966796875,23.539377212524414,24.077255249023438,24.55353546142578,25.004459381103516,25.450525283813477,25.911392211914062,26.422534942626953,27.079509735107422,28.772520065307617
23.05088233947754,23.66896629333496,24.142257690429688,24.562835693359375,24.957632064819336,25.349376678466797,25.77450180053711,26.25603675842285,26.879913330078125,28.55348777770996
23.072420120239258,23.690265655517578,24.16618537902832,24.57436180114746,24.965803146362305,25.356792449951172,25.78260040283203,26.275226593017578,26.91799545288086,28.610754013061523
23.021804809570312,23.65106964111328,24.135013580322266,24.555492401123047,24.949615478515625,25.343984603881836,25.769933700561523,26.25886344909668,26.89544105529785,28.60735511779785
23.03744125366211,23.664161682128906,24.13150978088379,24.54694175720215,24.9386043548584,25.334924697875977,25.756698608398438,26.236177444458008,26.857009887695312,28.51473045349121
23.074522018432617,23.684370040893555,24.155242919921875,24.56053924560547,24.949016571044922,25.340484619140625,25.75848388671875,26.24468231201172,26.882104873657227,28.590740203857422
23.036338806152344,23.668209075927734,24.1505069732666,24.570653915405273,24.972332000732422,25.376741409301758,25.79898452758789,26.296550750732422,26.945159912109375,28.63568878173828
23.02668571472168,23.64613151550293,24.12100601196289,24.53875732421875,24.934452056884766,25.3242130279541,25.746694564819336,26.23323631286621,26.86667251586914,28.552242279052734
23.07134437561035,23.666397094726562,24.126901626586914,24.529417037963867,24.909149169921875,25.2963809967041,25.705543518066406,26.18573760986328,26.820058822631836,28.51090431213379
23.00129508972168,23.643224716186523,24.14091682434082,24.580751419067383,24.987150192260742,25.399738311767578,25.840240478515625,26.336463928222656,26.975234985351562,28.66973304748535
23.10869789123535,23.667490005493164,24.102672576904297,24.484390258789062,24.854839324951172,25.226116180419922,25.6281795501709,26.09597396850586,26.708972930908203,28.373003005981445
23.016441345214844,23.641216278076172,24.126251220703125,24.554180145263672,24.951791763305664,25.35953712463379,25.785980224609375,26.280424118041992,26.915494918823242,28.57136344909668
23.055673599243164,23.674768447875977,24.14296531677246,24.55812644958496,24.94249725341797,25.33795166015625,25.75343894958496,26.235401153564453,26.862146377563477,28.500484466552734
23.065061569213867,23.660551071166992,24.127910614013672,24.532958984375,24.924457550048828,25.314937591552734,25.732328414916992,26.21747589111328,26.84938621520996,28.491012573242188
23.077241897583008,23.677045822143555,24.1339168548584,24.53525733947754,24.92102813720703,25.306371688842773,25.72279167175293,26.204275131225586,26.835844039916992,28.50214195251465
22.99872398376465,23.62200355529785,24.111820220947266,24.536897659301758,24.942663192749023,25.350414276123047,25.78428077697754,26.288867950439453,26.933170318603516,28.642852783203125
23.064428329467773,23.67449378967285,24.13513946533203,24.54296875,24.93020248413086,25.31789779663086,25.732280731201172,26.21575927734375,26.83001708984375,28.506628036499023
23.03948974609375,23.66510772705078,24.157119750976562,24.57861328125,24.983749389648438,25.384307861328125,25.816526412963867,26.311988830566406,26.954633712768555,28.630136489868164
23.069332122802734,23.67591667175293,24.136016845703125,24.541311264038086,24.930553436279297,25.318880081176758,25.738046646118164,26.204092025756836,26.8237247467041,28.462148666381836
23.05953598022461,23.65424919128418,24.10700035095215,24.515962600708008,24.90251350402832,25.289318084716797,25.710329055786133,26.177515029907227,26.79082679748535,28.48648452758789
23.117450714111328,23.68855094909668,24.130464553833008,24.512435913085938,24.880584716796875,25.250577926635742,25.651037216186523,26.118425369262695,26.73446273803711,28.477312088012695
23.03856086730957,23.6667423248291,24.143648147583008,24.567337036132812,24.963050842285156,25.364912033081055,25.791471481323242,26.285724639892578,26.91965103149414,28.55313491821289
23.02874755859375,23.65311050415039,24.12965965270996,24.54448699951172,24.939857482910156,25.337188720703125,25.751323699951172,26.241531372070312,26.87424659729004,28.535715103149414
23.057079315185547,23.665081024169922,24.124998092651367,24.5299129486084,24.917638778686523,25.312950134277344,25.735965728759766,26.22063636779785,26.85235023498535,28.509424209594727
23.022539138793945,23.650484085083008,24.130033493041992,24.558387756347656,24.958118438720703,25.360361099243164,25.793930053710938,26.282758712768555,26.92112159729004,28.56174659729004
23.021310806274414,23.633264541625977,24.11603355407715,24.533971786499023,24.932600021362305,25.329423904418945,25.749088287353516,26.23291015625,26.86330795288086,28.533899307250977
22.92991065979004,23.58993148803711,24.109149932861328,24.556241989135742,24.972206115722656,25.389415740966797,25.825693130493164,26.335796356201172,26.969741821289062,28.6660099029541
23.009817123413086,23.648012161254883,24.142120361328125,24.577383041381836,24.976642608642578,25.38658905029297,25.82291030883789,26.31770896911621,26.95444679260254,28.657432556152344
22.981840133666992,23.622142791748047,24.120479583740234,24.555410385131836,24.968141555786133,25.382003784179688,25.821115493774414,26.32008934020996,26.954177856445312,28.69561767578125
22.96454429626465,23.621559143066406,24.126619338989258,24.578819274902344,24.991640090942383,25.407209396362305,25.850191116333008,26.3476619720459,26.993989944458008,28.670801162719727
23.078449249267578,23.66761016845703,24.126359939575195,24.52425193786621,24.90737533569336,25.292116165161133,25.704715728759766,26.182340621948242,26.7966365814209,28.467838287353516
23.058212280273438,23.665237426757812,24.13108253479004,24.542577743530273,24.936309814453125,25.330772399902344,25.755212783813477,26.242116928100586,26.872575759887695,28.515169143676758
23.046274185180664,23.658281326293945,24.130613327026367,24.546180725097656,24.938940048217773,25.334510803222656,25.758380889892578,26.24261474609375,26.86515998840332,28.554140090942383
23.07819938659668,23.67840003967285,24.143587112426758,24.549753189086914,24.933231353759766,25.324527740478516,25.745929718017578,26.233659744262695,26.869651794433594,28.49306297302246
22.979097366333008,23.606945037841797,24.095914840698242,24.526567459106445,24.931957244873047,25.33705711364746,25.773090362548828,26.264436721801758,26.885299682617188,28.532730102539062
23.02816390991211,23.656160354614258,24.149463653564453,24.572263717651367,24.973159790039062,25.376707077026367,25.806629180908203,26.306678771972656,26.950895309448242,28.69375991821289
23.088459014892578,23.68024253845215,24.131898880004883,24.532052993774414,24.91063117980957,25.29511070251465,25.70263671875,26.180957794189453,26.80729103088379,28.498519897460938
22.930971145629883,23.588054656982422,24.107860565185547,24.563936233520508,24.997156143188477,25.42070198059082,25.86772918701172,26.379638671875,27.036638259887695,28.71399688720703
23.02585220336914,23.636856079101562,24.110698699951172,24.529308319091797,24.921171188354492,25.311552047729492,25.73044776916504,26.213497161865234,26.834354400634766,28.51422119140625
23.05992317199707,23.677127838134766,24.149600982666016,24.56045913696289,24.943140029907227,25.333402633666992,25.752090454101562,26.22955894470215,26.86154556274414,28.49628257751465
23.07500648498535,23.677953720092773,24.14447593688965,24.54412078857422,24.927011489868164,25.312929153442383,25.725460052490234,26.202285766601562,26.826566696166992,28.495405197143555
22.984683990478516,23.63142204284668,24.131488800048828,24.575645446777344,24.98952865600586,25.40874481201172,25.852094650268555,26.35333824157715,26.998092651367188,28.666748046875
23.014421463012695,23.650833129882812,24.148344039916992,24.579912185668945,24.983592987060547,25.396312713623047,25.838708877563477,26.3400936126709,26.976932525634766,28.686649322509766
23.053997039794922,23.67304801940918,24.148605346679688,24.564781188964844,24.953100204467773,25.342979431152344,25.76275634765625,26.246139526367188,26.872493743896484,28.501394271850586
23.01609992980957,23.64785385131836,24.130367279052734,24.559492111206055,24.95783233642578,25.35846710205078,25.781726837158203,26.269649505615234,26.900510787963867,28.5898380279541
23.021642684936523,23.64911651611328,24.140838623046875,24.565902709960938,24.969602584838867,25.37344741821289,25.798460006713867,26.28782081604004,26.912918090820312,28.609039306640625
23.043956756591797,23.662403106689453,24.131208419799805,24.552522659301758,24.94321632385254,25.34462547302246,25.77728271484375,26.280155181884766,26.936708450317383,28.640140533447266
23.014083862304688,23.632587432861328,24.10930824279785,24.537811279296875,24.935569763183594,25.345664978027344,25.776622772216797,26.2661190032959,26.908493041992188,28.588876724243164
23.04128074645996,23.658193588256836,24.135854721069336,24.547334671020508,24.945199966430664,25.341915130615234,25.771821975708008,26.269367218017578,26.902339935302734,28.587099075317383
23.01841163635254,23.645936965942383,24.13947105407715,24.572935104370117,24.986156463623047,25.39000701904297,25.817001342773438,26.303049087524414,26.941308975219727,28.66367530822754
23.03449058532715,23.644872665405273,24.12282371520996,24.53649139404297,24.932348251342773,25.329063415527344,25.752573013305664,26.241064071655273,26.86512565612793,28.57438087463379
23.047779083251953,23.653568267822266,24.121864318847656,24.535194396972656,24.928884506225586,25.325496673583984,25.745031356811523,26.23128318786621,26.871164321899414,28.56264305114746
22.86790657043457,23.53109359741211,24.079225540161133,24.561750411987305,25.013029098510742,25.45003890991211,25.916488647460938,26.435714721679688,27.098861694335938,28.796981811523438
23.070270538330078,23.69329833984375,24.170835494995117,24.584461212158203,24.971881866455078,25.361988067626953,25.778261184692383,26.257776260375977,26.876893997192383,28.53130531311035
23.077619552612305,23.674474716186523,24.12771987915039,24.531587600708008,24.907907485961914,25.288606643676758,25.696630477905273,26.166229248046875,26.805160522460938,28.44667625427246
22.976253509521484,23.610960006713867,24.112533569335938,24.548416137695312,24.960704803466797,25.37003517150879,25.799728393554688,26.298301696777344,26.94585418701172,28.686603546142578
23.04498863220215,23.669876098632812,24.14848518371582,24.569005966186523,24.956632614135742,25.34804344177246,25.773189544677734,26.26477813720703,26.897537231445312,28.581260681152344
23.06283187866211,23.673856735229492,24.144821166992188,24.558626174926758,24.954618453979492,25.34836769104004,25.76572608947754,26.24085235595703,26.866270065307617,28.560302734375
23.011524200439453,23.646394729614258,24.144481658935547,24.577775955200195,24.98643684387207,25.400285720825195,25.836217880249023,26.341411590576172,26.978307723999023,28.66897201538086
23.010976791381836,23.638853073120117,24.12615394592285,24.55398941040039,24.960899353027344,25.371341705322266,25.808385848999023,26.30414390563965,26.94791030883789,28.589448928833008
23.034957885742188,23.655752182006836,24.136165618896484,24.548294067382812,24.942623138427734,25.33946990966797,25.761919021606445,26.250471115112305,26.88877296447754,28.590164184570312
23.061193466186523,23.679912567138672,24.15362548828125,24.579439163208008,24.96958351135254,25.3669490814209,25.78590965270996,26.275917053222656,26.917171478271484,28.61636734008789
23.066692352294922,23.65846824645996,24.10652732849121,24.507667541503906,24.889345169067383,25.2795467376709,25.701663970947266,26.189517974853516,26.840181350708008,28.607933044433594
22.927053451538086,23.585010528564453,24.10728645324707,24.577743530273438,25.007463455200195,25.43497657775879,25.885889053344727,26.394819259643555,27.048141479492188,28.772052764892578
23.02552032470703,23.63177490234375,24.114158630371094,24.530702590942383,24.927249908447266,25.323867797851562,25.74755859375,26.232833862304688,26.862136840820312,28.52770233154297
23.044618606567383,23.65351676940918,24.133869171142578,24.548486709594727,24.94340705871582,25.340627670288086,25.765239715576172,26.25845718383789,26.884580612182617,28.551530838012695
23.014244079589844,23.634075164794922,24.114858627319336,24.54718589782715,24.95538330078125,25.3599910736084,25.79944610595703,26.302331924438477,26.953706741333008,28.647031784057617
23.03628158569336,23.656747817993164,24.136123657226562,24.546934127807617,24.944252014160156,25.340862274169922,25.763965606689453,26.256141662597656,26.89905548095703,28.5581111907959
23.063980102539062,23.68105697631836,24.152381896972656,24.563034057617188,24.95985984802246,25.354005813598633,25.7783260345459,26.268564224243164,26.90003204345703,28.51211929321289
23.00653648376465,23.640451431274414,24.144765853881836,24.58380126953125,24.993539810180664,25.411439895629883,25.85321807861328,26.346391677856445,26.98357582092285,28.65155792236328
23.00307273864746,23.63610076904297,24.137434005737305,24.571014404296875,24.982545852661133,25.396100997924805,25.83124351501465,26.326642990112305,26.962026596069336,28.63246726989746
23.006364822387695,23.637657165527344,24.127071380615234,24.554819107055664,24.961109161376953,25.36481285095215,25.789714813232422,26.276119232177734,26.911176681518555,28.58672523498535
23.046791076660156,23.668439865112305,24.14212417602539,24.560535430908203,24.94719886779785,25.34014892578125,25.755905151367188,26.23917579650879,26.860824584960938,28.54345703125
23.011476516723633,23.653593063354492,24.163206100463867,24.600046157836914,25.00496482849121,25.412771224975586,25.836990356445312,26.331623077392578,26.969003677368164,28.653072357177734
23.02923011779785,23.66219711303711,24.157054901123047,24.583837509155273,24.987598419189453,25.38697052001953,25.823486328125,26.31748390197754,26.95598030090332,28.62752342224121
23.017030715942383,23.65260124206543,24.147741317749023,24.571125030517578,24.974462509155273,25.378686904907227,25.804214477539062,26.297086715698242,26.935558319091797,28.663854598999023
23.088844299316406,23.689964294433594,24.153030395507812,24.555374145507812,24.937917709350586,25.319852828979492,25.73993682861328,26.220561981201172,26.839502334594727,28.479774475097656
22.999515533447266,23.623537063598633,24.113182067871094,24.545995712280273,24.94620704650879,25.348278045654297,25.772232055664062,26.263290405273438,26.902267456054688,28.620981216430664
23.023061752319336,23.645599365234375,24.128631591796875,24.5517635345459,24.95368766784668,25.361539840698242,25.792556762695312,26.29532241821289,26.937602996826172,28.640727996826172
22.98041534423828,23.636577606201172,24.14071273803711,24.57581901550293,24.99010467529297,25.401098251342773,25.837726593017578,26.33074951171875,26.96530532836914,28.600841522216797
