23.422033309936523,23.52962875366211,24.80972671508789,24.895273208618164,24.980819702148438,25.52039909362793,26.184972763061523,26.491825103759766,29.192230224609375,29.137222290039062
23.440296173095703,23.836923599243164,24.43152618408203,24.69744300842285,25.097787857055664,25.235687255859375,25.573665618896484,25.71735191345215,28.290918350219727,28.473880767822266
22.908418655395508,23.8116397857666,24.338035583496094,24.482261657714844,24.94035530090332,25.07203483581543,25.168882369995117,26.202550888061523,27.031015396118164,28.563833236694336
22.900972366333008,24.00347137451172,24.180145263671875,24.567935943603516,24.752592086791992,24.94330406188965,25.349882125854492,25.976980209350586,26.839767456054688,28.303010940551758
23.375301361083984,23.95924949645996,24.228553771972656,24.425804138183594,24.55571746826172,25.898935317993164,26.092025756835938,27.204530715942383,28.02834129333496,28.81842041015625
22.43156623840332,23.596532821655273,24.034883499145508,24.37371253967285,25.203519821166992,25.31610679626465,26.208324432373047,26.60235595703125,26.758554458618164,28.35118293762207
22.815698623657227,23.65779685974121,24.101274490356445,24.374555587768555,24.66252326965332,24.758535385131836,25.52634620666504,25.840717315673828,26.860565185546875,28.31816864013672
23.675962448120117,23.88873863220215,24.203706741333008,24.801061630249023,24.950563430786133,25.184785842895508,25.662384033203125,26.466358184814453,27.841842651367188,28.507095336914062
23.451032638549805,23.616445541381836,23.873889923095703,24.618003845214844,24.74030303955078,25.472497940063477,25.56427574157715,26.064218521118164,27.21592903137207,28.128210067749023
23.20317268371582,23.689172744750977,24.236438751220703,24.464555740356445,24.549076080322266,24.977481842041016,25.502704620361328,25.67262840270996,26.466312408447266,27.573617935180664
23.317365646362305,24.451683044433594,24.515291213989258,24.578895568847656,25.06217384338379,25.28240394592285,26.220083236694336,26.656288146972656,27.011554718017578,28.289127349853516
22.723228454589844,23.514665603637695,24.40842056274414,24.525644302368164,24.844120025634766,25.134876251220703,25.507015228271484,25.696138381958008,27.703981399536133,28.216670989990234
22.963605880737305,23.852771759033203,24.206605911254883,24.368432998657227,25.047576904296875,25.254487991333008,25.72445297241211,26.628726959228516,27.402902603149414,28.39459800720215
23.365211486816406,23.91497230529785,24.071901321411133,24.488521575927734,25.200511932373047,25.544635772705078,25.81848907470703,26.842193603515625,28.035058975219727,28.936386108398438
23.209697723388672,24.02394676208496,24.100757598876953,25.210891723632812,25.2619571685791,25.617252349853516,25.826278686523438,26.472232818603516,29.279508590698242,29.479618072509766
23.413816452026367,23.599166870117188,24.08654022216797,24.579910278320312,24.918575286865234,25.27540397644043,25.647817611694336,25.737184524536133,26.499116897583008,27.968902587890625
23.817832946777344,23.908946990966797,24.000341415405273,24.497026443481445,24.84998321533203,24.956998825073242,25.48653793334961,26.601839065551758,28.009395599365234,28.57164192199707
23.1920223236084,23.57724952697754,24.030290603637695,24.475223541259766,24.578266143798828,25.21671485900879,25.4744930267334,25.7578067779541,27.05242347717285,28.270822525024414
23.28768539428711,23.876977920532227,24.11113166809082,24.483367919921875,24.909330368041992,25.807308197021484,25.897537231445312,25.987762451171875,27.626184463500977,28.392093658447266
22.918773651123047,24.23613929748535,24.354835510253906,24.447904586791992,25.030895233154297,25.11678695678711,25.865402221679688,28.62727928161621,28.794597625732422,28.852500915527344
23.28582191467285,23.863693237304688,24.171371459960938,24.411727905273438,24.626895904541016,25.03695297241211,25.505962371826172,26.27745246887207,27.079410552978516,28.56166648864746
23.47640037536621,24.118886947631836,24.808162689208984,25.252737045288086,25.330411911010742,25.4580078125,26.144638061523438,27.003894805908203,27.72377586364746,29.117284774780273
23.14395523071289,24.007707595825195,24.256967544555664,24.657236099243164,24.903522491455078,25.640609741210938,25.76946449279785,26.224414825439453,28.616989135742188,28.958450317382812
23.61615753173828,23.780712127685547,24.074365615844727,24.20143699645996,24.508344650268555,25.253334045410156,25.593791961669922,26.004871368408203,26.81609535217285,27.981021881103516
23.26108741760254,23.921445846557617,24.11888313293457,24.60254669189453,24.829866409301758,25.299877166748047,25.477970123291016,26.62236785888672,27.067903518676758,28.749881744384766
22.909334182739258,23.699256896972656,24.033411026000977,24.401369094848633,24.879648208618164,25.248271942138672,25.64238739013672,26.440532684326172,27.827346801757812,29.028087615966797
23.673139572143555,23.856609344482422,24.45707893371582,24.61794662475586,25.017536163330078,25.169038772583008,26.41110610961914,26.490272521972656,27.010147094726562,29.00696563720703
23.231786727905273,23.426746368408203,24.44122886657715,25.087961196899414,25.23615074157715,25.814903259277344,25.90283203125,25.990760803222656,28.088375091552734,28.3339786529541
23.251413345336914,23.743804931640625,23.93985366821289,24.22942352294922,24.3853816986084,25.225923538208008,25.34579086303711,25.57029151916504,27.611154556274414,28.535877227783203
23.374956130981445,24.05634307861328,24.24178695678711,24.35409164428711,24.944276809692383,25.2338809967041,25.692821502685547,25.891807556152344,26.913410186767578,28.248001098632812
23.476112365722656,23.587190628051758,24.32099723815918,24.87481117248535,25.016307830810547,25.14906120300293,26.025075912475586,26.222875595092773,26.76120376586914,28.61383628845215
23.520727157592773,23.812393188476562,24.205183029174805,24.313186645507812,24.653467178344727,25.22445297241211,25.375566482543945,26.048460006713867,27.863731384277344,28.44358253479004
23.19508171081543,23.540727615356445,24.470199584960938,24.61906623840332,25.050073623657227,25.413970947265625,25.58940887451172,26.177967071533203,28.82196807861328,29.296829223632812
23.39997673034668,23.668169021606445,24.212554931640625,25.00945472717285,25.073427200317383,25.495044708251953,25.71375274658203,25.899913787841797,27.252761840820312,28.05314064025879
23.015901565551758,23.820724487304688,24.248149871826172,24.467676162719727,24.83253288269043,25.23697280883789,25.497940063476562,26.284488677978516,26.766366958618164,27.84239959716797
23.1926212310791,23.923152923583984,24.228029251098633,24.614343643188477,24.807151794433594,25.457374572753906,25.590572357177734,26.019561767578125,27.419235229492188,28.84269905090332
23.623538970947266,23.680112838745117,23.73668670654297,24.464759826660156,24.546958923339844,25.029937744140625,27.020057678222656,27.080278396606445,27.14049530029297,29.80914306640625
23.473003387451172,23.555917739868164,24.018320083618164,24.510421752929688,24.68573760986328,25.402326583862305,25.525711059570312,26.61487579345703,27.271148681640625,28.107418060302734
23.25126838684082,23.641996383666992,23.775970458984375,24.275907516479492,24.899883270263672,26.02727699279785,26.127246856689453,27.02281379699707,28.05921173095703,29.02166748046875
23.93008804321289,24.048158645629883,24.431320190429688,24.82235336303711,24.914670944213867,25.660715103149414,26.49631690979004,26.67746353149414,27.224411010742188,28.69496726989746
23.337482452392578,23.5122013092041,24.263830184936523,24.824012756347656,24.90933609008789,25.260406494140625,25.42300796508789,26.412643432617188,27.605627059936523,28.322330474853516
23.25214385986328,23.725004196166992,24.22308921813965,24.632076263427734,24.902565002441406,25.118314743041992,25.836002349853516,26.266530990600586,26.78667640686035,28.543716430664062
23.22027587890625,23.790634155273438,24.444150924682617,24.877979278564453,25.065265655517578,25.50170135498047,26.62934112548828,26.786535263061523,28.40715980529785,29.901784896850586
23.213258743286133,23.8237361907959,23.99437713623047,24.249298095703125,25.081663131713867,25.48642921447754,26.250009536743164,26.366689682006836,28.40223503112793,28.65960121154785
23.195587158203125,24.039268493652344,24.14557456970215,24.692337036132812,24.824317932128906,25.329124450683594,25.717273712158203,26.805212020874023,26.912748336791992,28.001176834106445
23.609291076660156,23.731063842773438,23.860504150390625,24.608760833740234,24.770645141601562,25.240739822387695,25.6455078125,26.442264556884766,27.638200759887695,29.146860122680664
23.358182907104492,24.112197875976562,24.617219924926758,25.159040451049805,25.320701599121094,25.69959259033203,26.16511344909668,26.36728858947754,27.839553833007812,27.991792678833008
23.623754501342773,23.754955291748047,24.41012954711914,24.546403884887695,25.05059242248535,25.270259857177734,25.887557983398438,26.25588607788086,26.931888580322266,28.110340118408203
23.168689727783203,24.04741096496582,24.144678115844727,24.255470275878906,25.194751739501953,25.665353775024414,25.898305892944336,26.81304359436035,27.861234664916992,28.304399490356445
23.009483337402344,23.155807495117188,24.41913604736328,24.50737762451172,24.595617294311523,24.87799644470215,25.386411666870117,25.574514389038086,27.438159942626953,28.786056518554688
23.31827163696289,23.677961349487305,24.05842399597168,24.603866577148438,24.725011825561523,25.211225509643555,25.8210506439209,26.42633056640625,26.719791412353516,28.55088996887207
23.129661560058594,24.208593368530273,24.611190795898438,24.68450927734375,25.043014526367188,25.26337242126465,25.461748123168945,26.20716667175293,27.219890594482422,28.124441146850586
23.81939697265625,23.913312911987305,24.014638900756836,25.01915168762207,25.15949821472168,25.605030059814453,26.270736694335938,26.3430233001709,27.270736694335938,28.30191421508789
23.843454360961914,23.953025817871094,24.495067596435547,24.740392684936523,24.90998077392578,25.461545944213867,25.620849609375,26.377243041992188,27.498815536499023,28.829544067382812
23.365270614624023,23.82805824279785,24.059022903442383,24.256731033325195,24.84324073791504,25.074033737182617,25.638423919677734,27.23545265197754,27.44883155822754,28.24424934387207
22.99945831298828,23.475143432617188,24.089221954345703,24.488176345825195,25.241334915161133,25.619911193847656,25.753564834594727,26.30862045288086,26.947330474853516,28.460254669189453
23.315509796142578,24.077367782592773,24.25128173828125,24.808473587036133,25.22496795654297,25.362327575683594,26.24131202697754,26.343759536743164,28.741548538208008,28.729766845703125
23.87301254272461,23.942424774169922,24.251911163330078,24.45233726501465,24.838430404663086,24.90955352783203,24.980674743652344,26.41509437561035,28.42959976196289,28.54619598388672
23.234512329101562,23.63434410095215,23.952505111694336,24.65960121154785,25.03987693786621,25.131526947021484,25.81015968322754,26.43413543701172,26.72431182861328,28.355026245117188
23.513927459716797,24.028547286987305,24.15283966064453,24.470972061157227,24.560041427612305,25.235559463500977,25.652570724487305,27.05381965637207,27.616540908813477,29.35685920715332
23.10312843322754,23.915203094482422,24.313337326049805,25.07852554321289,25.223175048828125,26.026872634887695,26.10047721862793,28.040512084960938,28.099227905273438,28.747594833374023
23.466474533081055,23.68430519104004,24.274431228637695,24.394052505493164,24.886484146118164,25.030153274536133,25.516616821289062,25.895614624023438,27.249340057373047,28.307910919189453
23.445953369140625,23.685991287231445,24.123441696166992,24.584197998046875,24.717992782592773,25.254148483276367,25.688232421875,26.157384872436523,26.962438583374023,28.676305770874023
22.814895629882812,23.66907501220703,24.179052352905273,24.557323455810547,24.879623413085938,25.095090866088867,25.774545669555664,26.662321090698242,26.96272850036621,28.402847290039062
23.241924285888672,24.083118438720703,24.299732208251953,24.49817657470703,25.117130279541016,25.603851318359375,25.681808471679688,26.266149520874023,26.4775333404541,27.648181915283203
22.69207191467285,23.033018112182617,24.423677444458008,24.510955810546875,24.937267303466797,25.145231246948242,26.023401260375977,27.00363540649414,27.51062774658203,28.777555465698242
23.636308670043945,23.758203506469727,24.033754348754883,24.720876693725586,25.033477783203125,25.180479049682617,25.440349578857422,26.275588989257812,28.03187370300293,28.543182373046875
22.993228912353516,23.443723678588867,24.031707763671875,24.623567581176758,24.84214973449707,25.101539611816406,25.61919593811035,26.11288070678711,26.821186065673828,28.231319427490234
23.235380172729492,23.720399856567383,24.205652236938477,24.667734146118164,24.849483489990234,25.841787338256836,26.440872192382812,26.873859405517578,28.023767471313477,28.882829666137695
23.187110900878906,23.91872787475586,24.149229049682617,24.393341064453125,24.76541519165039,24.947010040283203,25.27513885498047,25.904937744140625,26.25335121154785,28.086414337158203
23.460926055908203,23.65422821044922,24.23479652404785,24.739484786987305,25.069229125976562,25.197111129760742,25.838010787963867,26.413406372070312,27.22504234313965,28.96639633178711
23.627920150756836,23.745988845825195,24.469654083251953,24.552223205566406,24.964994430541992,25.529434204101562,26.603445053100586,27.12799072265625,28.287710189819336,29.035524368286133
23.17242431640625,23.714603424072266,24.122791290283203,24.6046085357666,25.12778663635254,25.737010955810547,25.909786224365234,26.093185424804688,27.15537452697754,28.706790924072266
23.835487365722656,23.931888580322266,24.278724670410156,24.64714241027832,25.095340728759766,25.436141967773438,25.84454917907715,26.350379943847656,27.2719783782959,28.486751556396484
23.178606033325195,23.80231285095215,23.912433624267578,24.187009811401367,24.54534149169922,25.061792373657227,25.1822452545166,25.68649673461914,27.837587356567383,28.41471290588379
24.263978958129883,24.29932403564453,25.517688751220703,25.704296112060547,25.86927604675293,26.916959762573242,27.016000747680664,27.644302368164062,27.76128387451172,28.537988662719727
23.66374397277832,23.743247985839844,24.048709869384766,24.692094802856445,25.06556510925293,25.150171279907227,25.726144790649414,27.173616409301758,27.780059814453125,29.491689682006836
24.430727005004883,24.538532257080078,24.616777420043945,24.655807495117188,25.208784103393555,25.240406036376953,27.06277084350586,28.429487228393555,28.74785804748535,28.758007049560547
23.62775421142578,23.7536678314209,24.09058952331543,24.31121253967285,24.560710906982422,24.925418853759766,25.433969497680664,26.234994888305664,27.046419143676758,28.75113868713379
23.3309268951416,23.436809539794922,24.405019760131836,24.5258846282959,24.837970733642578,24.926185607910156,25.549467086791992,25.82964324951172,27.444290161132812,27.960208892822266
23.155506134033203,23.91393280029297,24.482398986816406,24.845314025878906,24.959566116333008,25.402746200561523,26.21554946899414,26.39743995666504,28.22238540649414,28.31068992614746
23.250831604003906,24.209747314453125,24.407928466796875,24.885255813598633,25.1500301361084,25.832788467407227,26.2214298248291,26.314550399780273,27.40155601501465,28.340452194213867
23.053794860839844,23.526865005493164,24.08000946044922,24.41498374938965,24.62794303894043,24.78630256652832,25.522052764892578,25.910320281982422,26.302810668945312,28.142786026000977
23.01601791381836,23.736757278442383,24.206321716308594,24.63186264038086,24.78407859802246,25.415306091308594,25.580904006958008,26.106414794921875,27.11949348449707,28.15736198425293
23.268959045410156,23.352855682373047,23.895740509033203,24.262958526611328,24.605438232421875,24.72885513305664,25.04826545715332,26.059329986572266,26.621566772460938,27.90252685546875
23.40395164489746,23.666248321533203,23.991260528564453,24.47071647644043,24.97083854675293,25.31808853149414,25.835710525512695,27.014080047607422,27.10826873779297,28.911142349243164
23.117734909057617,23.7100887298584,24.292369842529297,24.757808685302734,24.952760696411133,25.369680404663086,25.548582077026367,26.608903884887695,26.749303817749023,28.28190040588379
23.442720413208008,23.687511444091797,23.901611328125,24.717016220092773,24.910173416137695,25.440025329589844,25.51999282836914,25.599958419799805,28.035062789916992,28.792360305786133
23.113828659057617,23.49162483215332,24.002792358398438,24.230688095092773,24.974498748779297,25.238500595092773,25.546836853027344,26.203418731689453,27.238052368164062,28.72224235534668
23.32099151611328,23.76604652404785,25.212675094604492,25.272035598754883,25.331392288208008,25.684717178344727,25.981950759887695,26.675567626953125,26.798248291015625,28.59044075012207
23.29482650756836,23.546785354614258,24.128673553466797,24.521045684814453,24.93351173400879,25.061800003051758,25.914291381835938,26.13003921508789,27.464523315429688,29.20299530029297
23.34650421142578,24.050107955932617,24.256206512451172,24.85577964782715,24.968666076660156,25.460851669311523,26.23896026611328,26.347639083862305,28.00851821899414,28.301483154296875
23.022289276123047,23.705366134643555,24.204803466796875,24.33395767211914,25.061382293701172,25.177749633789062,25.678728103637695,26.082672119140625,26.633132934570312,28.492740631103516
23.234050750732422,23.550199508666992,24.23636245727539,24.506582260131836,25.082645416259766,25.26751136779785,25.782272338867188,26.46388816833496,27.457870483398438,29.092485427856445
23.21699333190918,23.515792846679688,24.272130966186523,24.558765411376953,24.751266479492188,25.422861099243164,25.55612564086914,26.605911254882812,27.803369522094727,28.59412956237793
23.54289436340332,23.711610794067383,24.085796356201172,24.280078887939453,24.947059631347656,25.40312957763672,25.66343879699707,26.06487464904785,27.23033905029297,28.592126846313477
23.25712776184082,23.894458770751953,24.62811279296875,24.749940872192383,25.26780891418457,25.493146896362305,25.670818328857422,26.47527503967285,27.038705825805664,28.732648849487305
23.404922485351562,23.85368537902832,24.285253524780273,24.465717315673828,24.81151008605957,25.009967803955078,25.906217575073242,26.052242279052734,27.22365379333496,27.776350021362305
23.397825241088867,23.853179931640625,24.42562484741211,24.534984588623047,25.40227699279785,25.494537353515625,25.58679962158203,26.415653228759766,28.291873931884766,28.463193893432617
22.810440063476562,23.516399383544922,23.986835479736328,24.61016273498535,25.007143020629883,25.417804718017578,26.08894157409668,26.477142333984375,27.237863540649414,28.79060935974121
23.472814559936523,23.56745719909668,24.446487426757812,24.580909729003906,24.92591667175293,25.476499557495117,25.585952758789062,26.243011474609375,27.47467613220215,29.416757583618164
23.65410614013672,23.762691497802734,23.88270378112793,24.020397186279297,24.291200637817383,24.571470260620117,25.467370986938477,26.600421905517578,26.74176597595215,28.212387084960938
23.350730895996094,23.57119369506836,24.24080467224121,24.364961624145508,25.02479362487793,25.449581146240234,25.817834854125977,25.967491149902344,26.875244140625,29.381526947021484
22.975351333618164,23.881149291992188,24.2432918548584,24.698591232299805,24.97016716003418,25.482776641845703,25.87412452697754,26.626834869384766,27.483793258666992,28.868377685546875
23.41730499267578,24.241092681884766,24.294675827026367,24.673858642578125,25.01520347595215,25.11635398864746,26.078006744384766,26.18291473388672,28.041494369506836,28.250696182250977
23.379785537719727,24.289188385009766,24.44134521484375,24.51696014404297,25.058427810668945,25.64859962463379,25.78848648071289,26.085140228271484,28.20716094970703,28.619672775268555
22.73028564453125,23.88355255126953,24.295513153076172,24.674400329589844,24.77918815612793,25.20706558227539,25.722549438476562,26.172590255737305,27.86534309387207,27.978763580322266
23.472925186157227,23.698713302612305,24.376306533813477,24.664752960205078,24.76970863342285,25.66436767578125,26.01274871826172,26.36993408203125,27.670454025268555,28.394168853759766
23.491050720214844,23.831148147583008,24.283924102783203,24.64145851135254,24.883190155029297,25.463489532470703,25.59601593017578,27.014421463012695,27.14780616760254,29.02275848388672
23.732378005981445,23.90275764465332,24.236797332763672,24.846691131591797,25.026412963867188,25.153995513916016,25.81110954284668,25.937543869018555,27.00978660583496,28.680288314819336
23.416847229003906,23.634796142578125,24.228151321411133,24.618398666381836,24.760639190673828,25.465368270874023,25.630285263061523,25.736557006835938,28.24763298034668,28.652130126953125
23.504667282104492,24.24485206604004,24.497257232666016,24.720495223999023,24.946685791015625,25.651891708374023,25.768537521362305,26.33513832092285,28.03818702697754,29.758060455322266
23.47066879272461,23.96147918701172,24.12509536743164,24.293376922607422,24.87588882446289,25.25664520263672,25.5141544342041,25.73727798461914,26.735885620117188,29.873788833618164
23.11410140991211,23.826963424682617,24.02385902404785,24.440624237060547,24.86997413635254,25.257600784301758,25.394739151000977,27.132986068725586,27.263347625732422,27.81647300720215
23.426395416259766,23.693092346191406,24.07164764404297,24.181175231933594,24.827037811279297,25.245376586914062,26.051101684570312,26.23573875427246,27.137405395507812,28.263086318969727
23.029502868652344,23.669279098510742,23.853532791137695,24.801034927368164,24.917781829833984,25.270872116088867,25.70426368713379,25.911327362060547,27.232444763183594,28.12643814086914
23.811115264892578,24.418733596801758,24.48739242553711,24.55605125427246,25.011384963989258,25.19227409362793,25.76202964782715,26.400402069091797,27.74094009399414,28.73084831237793
23.687957763671875,23.77989959716797,24.27031898498535,24.386381149291992,25.04534912109375,25.21009063720703,25.64537239074707,27.005109786987305,27.466625213623047,29.721664428710938
23.135915756225586,23.645965576171875,23.988054275512695,24.280702590942383,24.59751319885254,25.105480194091797,25.542831420898438,25.922374725341797,26.87104034423828,28.32704734802246
23.365264892578125,23.736299514770508,24.04865264892578,24.616579055786133,24.756845474243164,25.28282928466797,26.602859497070312,26.67811393737793,26.75336456298828,28.523473739624023
23.221223831176758,24.040266036987305,24.200298309326172,24.567203521728516,24.803260803222656,25.243349075317383,26.029258728027344,26.171951293945312,27.607250213623047,28.173721313476562
23.280467987060547,23.86179542541504,23.959901809692383,24.392452239990234,24.934051513671875,25.446855545043945,25.832027435302734,25.944080352783203,27.241270065307617,28.28180503845215
23.50119400024414,23.858951568603516,24.00674819946289,24.815689086914062,25.204647064208984,25.261882781982422,25.319116592407227,26.419780731201172,28.22111701965332,28.388870239257812
23.51715660095215,23.73897933959961,23.923124313354492,24.676477432250977,25.01812171936035,25.282766342163086,25.680212020874023,26.474214553833008,27.303119659423828,28.503631591796875
23.50896644592285,23.628293991088867,24.174755096435547,24.381471633911133,25.00843048095703,25.14154052734375,25.61390495300293,26.0363826751709,26.270193099975586,28.254459381103516
23.25385856628418,23.66315269470215,24.250045776367188,24.5450496673584,25.058534622192383,25.53757667541504,25.82239532470703,26.423654556274414,26.871875762939453,28.41413688659668
22.569610595703125,24.402137756347656,24.49924087524414,24.596343994140625,25.24523162841797,25.372060775756836,25.8862361907959,26.330846786499023,26.835113525390625,28.418737411499023
23.308717727661133,23.717323303222656,24.42082405090332,25.032127380371094,25.277009963989258,25.519054412841797,26.44072723388672,27.035934448242188,27.802215576171875,29.078893661499023
23.095548629760742,23.325016021728516,23.92464828491211,24.51263427734375,24.82006072998047,25.474096298217773,25.71698570251465,26.031455993652344,26.655933380126953,27.888118743896484
22.98145866394043,23.694068908691406,24.09682846069336,24.374923706054688,24.78555679321289,25.2044734954834,25.52149772644043,26.007915496826172,27.008535385131836,28.612369537353516
22.977615356445312,23.47690773010254,23.96482276916504,24.525657653808594,24.839570999145508,25.242374420166016,25.37369155883789,26.021968841552734,26.818195343017578,27.912418365478516
23.315771102905273,24.000207901000977,24.089962005615234,24.179718017578125,24.654346466064453,25.088712692260742,25.645551681518555,25.72227668762207,26.82082176208496,28.42315101623535
22.762544631958008,23.71661376953125,23.86960792541504,24.43885612487793,24.68427276611328,24.905309677124023,25.45787811279297,25.688005447387695,27.567209243774414,27.695587158203125
23.17527961730957,23.833274841308594,24.11166000366211,24.736896514892578,24.940763473510742,25.277549743652344,25.69951820373535,26.201757431030273,27.049131393432617,28.869792938232422
23.39289665222168,23.489891052246094,24.02233123779297,24.16064453125,24.558496475219727,24.731338500976562,24.910404205322266,25.331010818481445,26.456727981567383,27.297603607177734
23.484872817993164,24.245498657226562,24.384571075439453,24.503772735595703,25.205829620361328,25.634265899658203,25.792978286743164,26.217914581298828,27.045177459716797,28.925430297851562
23.65961456298828,23.743070602416992,24.091318130493164,24.60262680053711,24.762069702148438,25.141075134277344,26.01564598083496,26.309049606323242,28.89922523498535,29.037500381469727
22.858354568481445,23.684873580932617,24.068941116333008,24.488815307617188,24.982807159423828,25.152061462402344,25.69927978515625,26.032779693603516,27.041597366333008,28.43814468383789
23.139305114746094,23.528139114379883,24.453275680541992,24.523990631103516,24.849102020263672,25.452604293823242,25.535179138183594,26.433557510375977,26.875234603881836,28.471240997314453
22.902374267578125,23.836124420166016,24.016639709472656,24.271589279174805,25.20227813720703,25.300331115722656,25.398386001586914,26.058317184448242,26.870943069458008,29.136213302612305
22.917747497558594,23.732074737548828,24.049522399902344,24.276613235473633,24.543285369873047,25.430896759033203,25.6481876373291,26.061275482177734,27.217248916625977,28.063020706176758
23.20990562438965,23.753009796142578,23.909549713134766,24.446125030517578,24.534433364868164,25.245834350585938,25.330347061157227,26.818397521972656,28.29538917541504,29.920888900756836
23.804773330688477,23.879911422729492,23.95505142211914,24.653799057006836,24.763751983642578,25.449033737182617,25.580549240112305,25.799854278564453,26.926231384277344,28.157352447509766
23.301929473876953,23.48589515686035,24.126728057861328,24.28925323486328,24.652685165405273,25.083148956298828,25.545883178710938,26.28350257873535,26.455307006835938,27.951904296875
23.066484451293945,23.474994659423828,24.107389450073242,24.41704750061035,25.057031631469727,25.157405853271484,26.047449111938477,26.687454223632812,27.381174087524414,28.65296745300293
23.12212371826172,23.810007095336914,24.202482223510742,24.706235885620117,24.89350128173828,25.642274856567383,25.72305679321289,26.43463706970215,27.259077072143555,28.467567443847656
22.76636505126953,23.20270347595215,24.008304595947266,24.627586364746094,24.712905883789062,25.457000732421875,25.71308135986328,26.65700912475586,27.225177764892578,28.069650650024414
23.465621948242188,23.74148941040039,23.937320709228516,24.84626579284668,24.97235107421875,25.8261661529541,25.95154571533203,27.028484344482422,29.007183074951172,29.45111846923828
22.69859504699707,23.32741355895996,23.631746292114258,24.074325561523438,24.1594295501709,24.81870460510254,24.912343978881836,26.227027893066406,27.215381622314453,28.468196868896484
23.320068359375,23.858829498291016,24.1308650970459,24.323795318603516,24.811769485473633,24.995588302612305,25.626264572143555,26.00200653076172,28.010162353515625,28.806970596313477
23.15188980102539,24.00873565673828,24.209999084472656,24.898494720458984,24.99803352355957,25.50876235961914,25.72524070739746,27.070194244384766,27.401269912719727,28.388090133666992
23.184810638427734,23.70394515991211,23.873653411865234,24.367023468017578,24.54474639892578,24.88357162475586,25.267261505126953,26.00914192199707,26.603715896606445,28.17230224609375
22.829341888427734,23.72093391418457,24.190570831298828,24.805309295654297,24.874984741210938,25.60584831237793,25.709402084350586,26.062246322631836,26.716968536376953,28.047563552856445
23.110116958618164,23.72479820251465,24.007232666015625,24.271888732910156,24.870248794555664,25.36561393737793,25.939620971679688,26.459115982055664,27.202062606811523,28.948028564453125
22.960052490234375,23.72256851196289,23.889728546142578,23.99941062927246,24.93761444091797,25.694944381713867,25.870920181274414,26.1650333404541,27.145427703857422,28.3798828125
22.846376419067383,24.225799560546875,24.839262008666992,24.931880950927734,25.041305541992188,25.731374740600586,26.286468505859375,26.840688705444336,28.93853759765625,29.053503036499023
23.452661514282227,23.666744232177734,24.274137496948242,24.674116134643555,24.97528648376465,25.250925064086914,25.608190536499023,26.059783935546875,27.606428146362305,28.678497314453125
23.258155822753906,23.71002197265625,24.40315055847168,24.555418014526367,24.729341506958008,25.12027359008789,25.697219848632812,26.053665161132812,26.635622024536133,28.303125381469727
23.21256446838379,23.58859634399414,24.11127281188965,24.286502838134766,24.85364532470703,25.416160583496094,25.57903480529785,25.924118041992188,27.23830795288086,28.747100830078125
23.31061553955078,23.429594039916992,24.08320426940918,24.1919002532959,24.812061309814453,24.96712875366211,26.43077850341797,26.54695701599121,27.097265243530273,28.816165924072266
22.57471466064453,23.395221710205078,23.72148895263672,24.820505142211914,24.906455993652344,25.33315086364746,26.200483322143555,26.32769775390625,29.052825927734375,29.183813095092773
22.707321166992188,23.357633590698242,24.234712600708008,24.54399871826172,25.00168228149414,25.145353317260742,25.64824676513672,26.6135196685791,26.833526611328125,27.919992446899414
23.205158233642578,24.006000518798828,24.126298904418945,24.522239685058594,25.08422088623047,25.48600959777832,26.23152732849121,26.335905075073242,28.488910675048828,28.924808502197266
23.22496795654297,23.70244598388672,23.85525894165039,24.466835021972656,24.805130004882812,24.947872161865234,25.122352600097656,26.017974853515625,26.11713409423828,27.573089599609375
23.071455001831055,23.446550369262695,24.142236709594727,24.863309860229492,25.023515701293945,25.14478874206543,25.724586486816406,26.28415870666504,26.96145248413086,28.346328735351562
22.9497013092041,24.11634063720703,24.293272018432617,24.44732093811035,24.941726684570312,25.065908432006836,25.155790328979492,26.016862869262695,27.59439468383789,27.66637420654297
23.183944702148438,23.860685348510742,24.004179000854492,24.38538360595703,24.88556480407715,25.142324447631836,25.638471603393555,25.879741668701172,26.692203521728516,27.88094139099121
22.882213592529297,24.02649688720703,24.127548217773438,24.433713912963867,24.518383026123047,25.21006965637207,25.514122009277344,26.059829711914062,26.213075637817383,27.62604331970215
23.403465270996094,23.862815856933594,24.253143310546875,24.388126373291016,25.231937408447266,25.40686798095703,25.824535369873047,26.406246185302734,27.61228370666504,28.146976470947266
23.220705032348633,23.648269653320312,24.227882385253906,24.3403263092041,24.649715423583984,25.21146011352539,25.32788848876953,25.8852596282959,26.8901424407959,27.679349899291992
23.19074821472168,23.866519927978516,24.066801071166992,24.61992073059082,25.25304412841797,25.379188537597656,25.81198501586914,26.457319259643555,26.817276000976562,28.722042083740234
22.76644515991211,23.89926528930664,24.108030319213867,25.01717758178711,25.119972229003906,25.280895233154297,26.026432037353516,26.481821060180664,27.084566116333008,28.476030349731445
23.677831649780273,24.047107696533203,24.50259017944336,25.614370346069336,26.05791473388672,26.420085906982422,26.462753295898438,27.866374969482422,27.945098876953125,28.331043243408203
22.710046768188477,23.72307777404785,23.94816017150879,24.1889705657959,25.460723876953125,25.578533172607422,25.700368881225586,26.479751586914062,29.206151962280273,30.05400848388672
23.07296371459961,23.45064926147461,24.093412399291992,24.470741271972656,24.815481185913086,25.01502227783203,25.499404907226562,25.818119049072266,27.415565490722656,28.083452224731445
23.43959617614746,23.549427032470703,23.89588165283203,24.65516471862793,24.87523078918457,25.527976989746094,25.86800765991211,26.4306583404541,26.541597366333008,28.043180465698242
23.15483856201172,23.808395385742188,23.887649536132812,24.524246215820312,25.0638484954834,25.369449615478516,25.673828125,26.69075584411621,27.451871871948242,28.605403900146484
22.999717712402344,23.706645965576172,24.440021514892578,24.635215759277344,24.984975814819336,25.438941955566406,26.0141658782959,26.1528263092041,26.328861236572266,27.97780990600586
23.09071159362793,23.786705017089844,24.225383758544922,24.563800811767578,25.16770362854004,25.607168197631836,26.416547775268555,26.577659606933594,27.43117332458496,28.995302200317383
23.875730514526367,23.98118019104004,24.302839279174805,24.528284072875977,25.17987632751465,25.355154037475586,26.046674728393555,26.61124038696289,27.00300407409668,28.671566009521484
23.404664993286133,23.54679298400879,23.88014793395996,24.52649688720703,24.713172912597656,24.88705062866211,25.86565589904785,26.670513153076172,26.906909942626953,28.21004867553711
22.918725967407227,23.637317657470703,24.152523040771484,24.569047927856445,25.057119369506836,25.244047164916992,25.378223419189453,26.440059661865234,27.26276969909668,28.445524215698242
23.477251052856445,23.852855682373047,23.979766845703125,24.34910011291504,24.69158172607422,25.73396110534668,25.920560836791992,26.632612228393555,27.847938537597656,29.375396728515625
23.472684860229492,23.857776641845703,23.943029403686523,24.420387268066406,24.62420654296875,24.848798751831055,25.681814193725586,25.84662628173828,28.53586196899414,28.585678100585938
23.477529525756836,23.620468139648438,24.434823989868164,24.539411544799805,24.825450897216797,24.926441192626953,25.421550750732422,26.01966094970703,27.073740005493164,28.265865325927734
22.99960708618164,23.373607635498047,24.015777587890625,24.32633399963379,24.71881103515625,24.889095306396484,25.611860275268555,25.93052101135254,27.140100479125977,28.312728881835938
22.95806312561035,23.588531494140625,24.2844181060791,24.494394302368164,24.703332901000977,25.270889282226562,25.84018898010254,25.907194137573242,26.695215225219727,26.799592971801758
23.444318771362305,23.841720581054688,23.939350128173828,24.124990463256836,24.722087860107422,25.18487548828125,25.408716201782227,26.411941528320312,27.823280334472656,28.87068748474121
23.14811134338379,24.018836975097656,24.27768898010254,24.78548812866211,25.063810348510742,25.61751937866211,26.12434959411621,27.027908325195312,27.17515754699707,28.617231369018555
22.70281219482422,23.35645294189453,23.691219329833984,24.456497192382812,24.576629638671875,25.03559112548828,25.167768478393555,26.002079010009766,26.49045181274414,28.512298583984375
23.31336784362793,23.698427200317383,23.950321197509766,24.18242645263672,24.849796295166016,25.44387435913086,25.604263305664062,26.212543487548828,28.019763946533203,28.55625343322754
22.996652603149414,23.67081642150879,24.103195190429688,24.49761390686035,25.09138298034668,25.26732063293457,25.463760375976562,26.508474349975586,28.139686584472656,28.297683715820312
23.89706039428711,24.074907302856445,24.21088409423828,24.439517974853516,24.821447372436523,24.953664779663086,26.029876708984375,27.807537078857422,29.024831771850586,29.292348861694336
23.24309730529785,23.650720596313477,24.099624633789062,24.601224899291992,24.830780029296875,25.148101806640625,25.696285247802734,26.577478408813477,26.897592544555664,28.13949203491211
23.836071014404297,23.90867042541504,24.63435173034668,24.787782669067383,24.92780876159668,25.407621383666992,25.863025665283203,26.265493392944336,26.54689598083496,27.4663143157959
23.415945053100586,23.800403594970703,24.441984176635742,24.572908401489258,24.89991569519043,25.336442947387695,25.44873809814453,26.649375915527344,26.8125,28.182815551757812
23.094131469726562,23.67577362060547,24.206037521362305,24.408231735229492,24.757612228393555,25.042177200317383,25.881839752197266,26.50519371032715,28.208938598632812,28.915592193603516
23.434383392333984,23.584957122802734,24.20514488220215,24.386207580566406,24.65544319152832,25.250795364379883,25.475982666015625,26.030452728271484,26.74443817138672,28.15753173828125
22.957664489746094,24.00491714477539,24.110410690307617,24.793581008911133,25.003337860107422,25.244979858398438,25.685684204101562,26.602006912231445,27.247873306274414,28.776859283447266
23.422460556030273,23.715789794921875,24.28775978088379,24.400360107421875,24.92888832092285,25.20813751220703,25.397445678710938,26.245166778564453,27.070606231689453,28.795177459716797
23.26182746887207,23.767444610595703,24.181148529052734,24.82733917236328,24.938020706176758,25.668174743652344,26.105512619018555,26.311599731445312,28.00876235961914,28.240188598632812
23.667253494262695,23.917369842529297,24.285396575927734,24.843591690063477,24.899124145507812,24.95465660095215,26.205799102783203,26.26630401611328,27.227088928222656,27.852500915527344
23.249786376953125,23.377431869506836,24.260501861572266,24.57164764404297,24.74066925048828,25.268409729003906,25.381242752075195,25.575254440307617,26.189285278320312,27.643569946289062
23.275184631347656,23.703285217285156,23.936416625976562,24.601613998413086,24.707557678222656,24.82776641845703,25.548065185546875,26.610883712768555,27.283935546875,28.728179931640625
23.846343994140625,23.90350914001465,23.960676193237305,24.588850021362305,24.89017105102539,25.505897521972656,26.0070858001709,26.451181411743164,26.900869369506836,28.24236488342285
23.6093692779541,23.75960922241211,24.413314819335938,24.53371238708496,25.0416316986084,26.402172088623047,26.48874282836914,26.575313568115234,27.2697811126709,28.31868553161621
23.603965759277344,23.714433670043945,23.83209991455078,24.816383361816406,25.007919311523438,25.461185455322266,25.673442840576172,26.162857055664062,26.845237731933594,28.59466552734375
23.223644256591797,23.86566734313965,24.018571853637695,24.321903228759766,24.799530029296875,25.141298294067383,25.94671630859375,26.21852684020996,27.035221099853516,28.75713348388672
23.097455978393555,23.568613052368164,24.011571884155273,24.108606338500977,24.720518112182617,25.156261444091797,25.421585083007812,25.96490478515625,27.04725456237793,28.17291831970215
23.267274856567383,24.062442779541016,24.339500427246094,24.636564254760742,24.870737075805664,25.141246795654297,25.4903507232666,26.20768165588379,26.80735206604004,28.44773292541504
23.166276931762695,23.864946365356445,24.281641006469727,24.534412384033203,25.177875518798828,25.401437759399414,25.91978645324707,26.441953659057617,28.323196411132812,29.51877784729004
23.145692825317383,24.650558471679688,24.754257202148438,24.86996078491211,25.434886932373047,25.603479385375977,25.760452270507812,28.200271606445312,28.860708236694336,29.302799224853516
23.109460830688477,23.8492374420166,24.224327087402344,24.349031448364258,25.043094635009766,25.541948318481445,25.683252334594727,26.133012771606445,29.14934730529785,29.144323348999023
22.871294021606445,23.307283401489258,24.0133113861084,24.160655975341797,24.67085075378418,24.95425796508789,25.604021072387695,26.82671546936035,26.967241287231445,28.33417320251465
23.336984634399414,24.176084518432617,24.316076278686523,25.01126480102539,25.10787582397461,25.45920753479004,25.641021728515625,26.25503921508789,27.828506469726562,28.87027359008789
23.256216049194336,23.62006950378418,24.583372116088867,24.870073318481445,25.234712600708008,25.388181686401367,25.790929794311523,26.848302841186523,27.43787956237793,28.73619270324707
22.936084747314453,23.778329849243164,23.929948806762695,24.590923309326172,24.714357376098633,25.41661834716797,25.54474449157715,26.317935943603516,27.66059112548828,27.996780395507812
23.602863311767578,23.703479766845703,24.329620361328125,24.60684585571289,25.276683807373047,25.380090713500977,26.079545974731445,26.243473052978516,28.35400390625,28.342838287353516
23.64665412902832,23.747228622436523,23.891738891601562,24.63865089416504,24.740095138549805,25.58574867248535,25.86456871032715,25.95676612854004,27.073135375976562,28.49285888671875
22.9067440032959,22.994571685791016,24.04981231689453,24.72991371154785,25.457162857055664,25.846391677856445,25.898962020874023,26.344446182250977,26.88134765625,28.778284072875977
23.27507209777832,23.62633514404297,24.446537017822266,24.608963012695312,24.72429656982422,25.141029357910156,25.68235206604004,25.785242080688477,26.896148681640625,28.989763259887695
23.372188568115234,24.22916030883789,24.34015464782715,24.82553482055664,25.42177391052246,25.579355239868164,26.251094818115234,27.07598876953125,27.267541885375977,28.464750289916992
23.430200576782227,24.043243408203125,24.275390625,24.524534225463867,25.00798988342285,25.27680206298828,25.72616195678711,26.45624351501465,26.865787506103516,28.564340591430664
23.122692108154297,23.51233673095703,23.907392501831055,24.49435043334961,24.806272506713867,24.905536651611328,25.70203399658203,26.268335342407227,26.442821502685547,28.31809425354004
23.84703254699707,23.951675415039062,24.365007400512695,24.53565788269043,25.123510360717773,25.42314910888672,25.557714462280273,26.58683967590332,26.811843872070312,28.155723571777344
23.121604919433594,23.236642837524414,23.406593322753906,24.463293075561523,24.538942337036133,24.96224594116211,26.078567504882812,26.21818733215332,28.4208927154541,29.19187355041504
22.996076583862305,23.900672912597656,24.11178970336914,24.653846740722656,24.853805541992188,25.279193878173828,25.736486434936523,26.11081886291504,27.24648094177246,28.379947662353516
23.479509353637695,23.70919418334961,24.42014503479004,24.546266555786133,24.886472702026367,25.292734146118164,25.893354415893555,26.158479690551758,26.62445068359375,28.38732147216797
22.68590545654297,23.702978134155273,24.074806213378906,24.52716636657715,24.970277786254883,25.217491149902344,25.624603271484375,26.10197639465332,26.57052993774414,28.48383331298828
23.173078536987305,23.972759246826172,24.12189292907715,24.250722885131836,25.064687728881836,25.411914825439453,25.52614974975586,26.095264434814453,27.21137046813965,28.282865524291992
23.142698287963867,23.86359977722168,24.25678253173828,24.658367156982422,25.209501266479492,25.285934448242188,25.36236572265625,26.403650283813477,26.503576278686523,28.18060874938965
23.4886531829834,24.401670455932617,24.482227325439453,24.562786102294922,24.664329528808594,26.001014709472656,26.14874839782715,26.46126937866211,27.403366088867188,29.001943588256836
23.441112518310547,23.62257957458496,24.284744262695312,24.386716842651367,24.701614379882812,25.450271606445312,25.59025764465332,26.119491577148438,26.917449951171875,28.407032012939453
23.337182998657227,24.083166122436523,24.171070098876953,24.83079719543457,24.983312606811523,25.163928985595703,26.002870559692383,26.13823699951172,27.026832580566406,28.430988311767578
23.236745834350586,23.524370193481445,24.138587951660156,24.493825912475586,24.62025260925293,24.87261962890625,25.427324295043945,26.104019165039062,27.124391555786133,28.498414993286133
23.425493240356445,23.923206329345703,24.421934127807617,24.51168441772461,24.688453674316406,24.947601318359375,25.83260726928711,26.673553466796875,27.84508514404297,28.468067169189453
23.619979858398438,23.679550170898438,24.44253921508789,24.511676788330078,24.5808162689209,25.045059204101562,25.161788940429688,25.810388565063477,26.377695083618164,29.8815975189209
23.429153442382812,23.851884841918945,24.253751754760742,24.613351821899414,24.804901123046875,25.426082611083984,25.58902359008789,26.072229385375977,27.215173721313477,28.87152671813965
23.41312026977539,23.57087516784668,23.863128662109375,24.134923934936523,24.6413631439209,25.06499671936035,25.18495750427246,25.824371337890625,26.901323318481445,28.388879776000977
22.764768600463867,23.82831573486328,24.251211166381836,24.85314178466797,24.923521041870117,24.993900299072266,25.514999389648438,26.273473739624023,27.068527221679688,28.2124080657959
23.348220825195312,23.68666648864746,24.0858211517334,24.23491859436035,24.63837432861328,24.847103118896484,25.417314529418945,25.74939727783203,27.412364959716797,28.719064712524414
23.138551712036133,23.813047409057617,23.88194465637207,24.615177154541016,24.784576416015625,25.064891815185547,25.66001319885254,25.799530029296875,28.190673828125,28.264883041381836
23.678089141845703,23.89134979248047,24.146774291992188,24.881793975830078,25.253299713134766,25.35448455810547,26.01668357849121,26.112594604492188,27.444108963012695,27.64268684387207
23.112733840942383,23.582387924194336,24.08586883544922,24.869091033935547,25.230363845825195,25.344087600708008,25.8627872467041,26.27101707458496,27.036550521850586,29.00643539428711
23.82907485961914,23.940872192382812,24.31117057800293,24.46059799194336,25.215381622314453,25.295629501342773,25.37587547302246,26.347497940063477,26.84047508239746,27.817188262939453
23.040327072143555,23.777402877807617,23.941585540771484,24.41314125061035,24.510425567626953,25.073837280273438,25.319276809692383,27.40290641784668,27.54465675354004,28.960372924804688
23.511194229125977,23.84462547302246,23.94249725341797,24.46964454650879,25.10382843017578,25.479141235351562,25.874954223632812,26.07825469970703,26.514923095703125,28.164989471435547
23.196775436401367,23.440204620361328,24.357973098754883,24.506206512451172,25.060264587402344,25.167156219482422,25.72694969177246,26.435232162475586,26.783767700195312,28.258331298828125
23.059730529785156,23.85655403137207,24.229293823242188,25.007152557373047,25.13802146911621,25.69324493408203,25.797571182250977,27.057947158813477,28.44273567199707,29.511327743530273
22.89828872680664,23.86856460571289,24.258895874023438,24.392030715942383,24.631330490112305,24.850067138671875,25.612337112426758,25.744144439697266,26.854307174682617,28.33694076538086
23.416221618652344,23.53019905090332,24.276363372802734,24.841209411621094,24.92918586730957,25.238611221313477,25.526887893676758,26.014636993408203,26.393356323242188,28.252187728881836
22.85669708251953,23.70823097229004,24.209754943847656,24.337892532348633,24.94478988647461,25.17331886291504,26.021202087402344,26.245635986328125,27.608680725097656,29.25791358947754
23.45564079284668,23.557842254638672,24.210174560546875,24.690414428710938,25.135543823242188,25.452383041381836,25.69354820251465,26.512378692626953,28.059375762939453,28.808345794677734
23.09775161743164,23.63510513305664,24.08293342590332,24.18475341796875,24.50326919555664,25.249109268188477,25.625255584716797,25.743545532226562,26.32685089111328,27.399044036865234
22.936887741088867,24.023054122924805,24.261320114135742,24.80259132385254,25.039262771606445,25.15047264099121,25.710731506347656,26.44829750061035,26.55083465576172,27.825191497802734
24.009681701660156,24.072021484375,24.13435935974121,24.62403678894043,25.022708892822266,25.448762893676758,25.55826187133789,25.74500846862793,27.22841453552246,28.40602684020996
23.60344123840332,23.72026252746582,24.47479248046875,24.681360244750977,24.904203414916992,25.234094619750977,25.91436195373535,26.110103607177734,27.67198944091797,28.82809829711914
23.603853225708008,23.768836975097656,24.062650680541992,24.602249145507812,25.095054626464844,25.253738403320312,25.78656005859375,27.000240325927734,28.0129337310791,29.10610008239746
23.46175765991211,24.00848388671875,24.422073364257812,24.609769821166992,24.846027374267578,25.44050407409668,25.528749465942383,25.864187240600586,26.49665641784668,28.137332916259766
23.602460861206055,23.836830139160156,24.008094787597656,24.555198669433594,24.84412956237793,25.20457649230957,25.592914581298828,26.013626098632812,27.25670051574707,28.73293685913086
23.565839767456055,23.855093002319336,23.934938430786133,24.219215393066406,25.212495803833008,25.47679901123047,25.659549713134766,25.932758331298828,26.501176834106445,27.903980255126953
23.076154708862305,23.656362533569336,23.987815856933594,24.392784118652344,24.7539119720459,25.484455108642578,26.038785934448242,26.209014892578125,26.770811080932617,28.553770065307617
23.378799438476562,23.599090576171875,24.223690032958984,24.511770248413086,24.75382423400879,24.942598342895508,25.643043518066406,26.01621437072754,27.823566436767578,28.892627716064453
23.285409927368164,23.980274200439453,24.223064422607422,24.36590003967285,24.97841453552246,25.166217803955078,25.599870681762695,26.26438331604004,26.92458724975586,28.32444190979004
22.936304092407227,24.012039184570312,24.085739135742188,24.430206298828125,25.208293914794922,25.618131637573242,25.751117706298828,26.165006637573242,26.308940887451172,27.22060203552246
22.77093505859375,23.417428970336914,23.55446434020996,24.506973266601562,24.70471954345703,25.091337203979492,25.333812713623047,26.071836471557617,28.318815231323242,28.72138023376465
23.074382781982422,23.753307342529297,24.109699249267578,24.821870803833008,25.072622299194336,25.189292907714844,25.83928871154785,26.480445861816406,27.110708236694336,28.93381690979004
23.400596618652344,23.67241096496582,24.264755249023438,24.720317840576172,24.903884887695312,25.597875595092773,25.714128494262695,26.342945098876953,28.092199325561523,28.132226943969727
23.10787582397461,23.58131217956543,24.22455596923828,24.805641174316406,24.943157196044922,25.092206954956055,25.284393310546875,26.22393226623535,26.341899871826172,27.992782592773438
23.299131393432617,23.49464225769043,23.940078735351562,24.6263370513916,25.048782348632812,25.439517974853516,25.516931533813477,26.317041397094727,28.3127384185791,28.86057472229004
23.56989097595215,23.729637145996094,24.101783752441406,24.217727661132812,24.83134651184082,25.144088745117188,25.604379653930664,26.835479736328125,28.96961784362793,28.90207862854004
23.486780166625977,24.06304168701172,24.172073364257812,24.27254867553711,24.65220832824707,25.33172035217285,25.504104614257812,25.81784439086914,26.344858169555664,27.949670791625977
23.05034065246582,23.675661087036133,23.994455337524414,24.250747680664062,24.372900009155273,25.011415481567383,25.172988891601562,26.26839256286621,27.620025634765625,28.77309226989746
22.610485076904297,23.88443374633789,24.060115814208984,24.444360733032227,24.665233612060547,25.0953426361084,26.068761825561523,26.28082275390625,26.524688720703125,28.40087890625
22.737483978271484,23.621585845947266,23.735877990722656,24.256046295166016,24.36245346069336,25.243623733520508,25.67344093322754,26.056503295898438,26.150680541992188,28.00493621826172
23.050418853759766,23.53360366821289,24.026342391967773,24.48307228088379,24.987491607666016,25.158761978149414,25.485952377319336,25.591800689697266,26.402795791625977,27.607797622680664
23.490428924560547,24.219013214111328,24.717702865600586,24.881301879882812,25.604721069335938,25.85771942138672,26.44133186340332,26.707687377929688,27.074344635009766,28.702646255493164
23.364593505859375,23.687992095947266,24.15703773498535,24.641870498657227,24.858503341674805,25.222768783569336,25.69468879699707,26.26654815673828,27.062606811523438,28.23526954650879
22.973793029785156,23.69863510131836,24.092937469482422,24.641321182250977,24.763154983520508,25.102462768554688,25.439565658569336,26.418466567993164,26.593212127685547,28.04497718811035
23.537113189697266,23.791667938232422,24.006465911865234,24.600479125976562,24.76538848876953,25.009769439697266,25.470998764038086,25.64786148071289,26.09735107421875,26.781352996826172
23.366090774536133,23.49440574645996,24.354759216308594,24.506916046142578,24.789958953857422,24.96186065673828,25.420398712158203,26.85205078125,28.289226531982422,29.371219635009766
23.405664443969727,23.48832893371582,24.09547996520996,24.480873107910156,24.902814865112305,25.1821231842041,25.855403900146484,25.929189682006836,26.831796646118164,29.396320343017578
23.6042423248291,23.70937728881836,24.100093841552734,24.53460121154785,24.862167358398438,25.150972366333008,25.672292709350586,26.263437271118164,27.17963409423828,28.794157028198242
23.424463272094727,23.487281799316406,24.080249786376953,24.25467300415039,24.361953735351562,25.351581573486328,25.5237979888916,26.028440475463867,26.606969833374023,27.90885353088379
23.074914932250977,23.832508087158203,24.031326293945312,24.157989501953125,24.64215660095215,24.937700271606445,25.424983978271484,26.017990112304688,26.98369598388672,28.180957794189453
23.251056671142578,23.87743377685547,24.071331024169922,24.456586837768555,24.818458557128906,25.141260147094727,25.854536056518555,26.210248947143555,26.390050888061523,26.874614715576172
23.85902214050293,23.965797424316406,24.427738189697266,24.886341094970703,24.976198196411133,25.32581329345703,26.004384994506836,26.133377075195312,29.54578399658203,29.64113998413086
22.723581314086914,23.810544967651367,24.225582122802734,24.89250373840332,25.080036163330078,25.23104476928711,25.64634895324707,26.397668838500977,27.618013381958008,28.81789779663086
22.992950439453125,23.707258224487305,24.237468719482422,24.4829158782959,24.730449676513672,25.51051902770996,25.699522018432617,26.009559631347656,26.437768936157227,27.5598201751709
23.390886306762695,23.90448760986328,24.446184158325195,25.20216178894043,25.279884338378906,25.608108520507812,25.708450317382812,26.485803604125977,27.096702575683594,28.1691837310791
23.03683090209961,23.82642936706543,23.997467041015625,24.6310977935791,24.754871368408203,25.11441993713379,25.381385803222656,26.213241577148438,26.317888259887695,27.896102905273438
23.193248748779297,23.35047721862793,23.744564056396484,24.704893112182617,24.881330490112305,25.10831642150879,25.895490646362305,26.831253051757812,26.90093421936035,28.431678771972656
23.493473052978516,23.56987762451172,23.816638946533203,23.97101593017578,25.639694213867188,25.69390869140625,25.748123168945312,26.205459594726562,27.08652687072754,27.768310546875
23.450315475463867,23.65740203857422,24.08457374572754,24.27648162841797,25.423229217529297,25.52783966064453,25.652925491333008,26.506423950195312,27.41999626159668,28.432327270507812
22.833646774291992,23.601192474365234,24.143579483032227,24.891639709472656,25.20101547241211,25.46100616455078,26.29470443725586,26.901199340820312,27.259653091430664,28.91306495666504
23.490304946899414,23.761489868164062,24.114240646362305,24.358623504638672,24.918434143066406,25.274892807006836,25.644418716430664,26.424734115600586,27.091026306152344,28.89098358154297
23.47510528564453,23.584915161132812,24.123157501220703,24.60923194885254,24.726720809936523,25.253389358520508,25.365642547607422,25.85061264038086,26.66375160217285,27.872241973876953
23.441789627075195,23.514869689941406,23.95718002319336,24.184886932373047,24.856895446777344,25.283689498901367,26.26076316833496,26.45217514038086,26.805744171142578,28.288921356201172
23.0782413482666,23.528228759765625,24.132938385009766,24.503084182739258,25.023788452148438,25.6032657623291,25.83264923095703,26.684314727783203,26.801362991333008,28.445289611816406
23.201265335083008,23.821298599243164,24.335100173950195,24.970478057861328,25.121910095214844,25.829986572265625,26.240793228149414,26.641952514648438,28.37599754333496,28.39535140991211
23.19460678100586,23.906204223632812,24.053544998168945,24.870521545410156,25.00876808166504,25.492551803588867,25.815479278564453,26.451824188232422,26.91169548034668,29.187671661376953
23.099811553955078,24.006269454956055,24.216527938842773,24.719215393066406,24.974252700805664,25.44613265991211,26.226512908935547,26.641759872436523,27.30641746520996,27.841909408569336
23.61811637878418,23.978195190429688,24.458398818969727,24.87285804748535,25.074050903320312,25.279361724853516,25.927865982055664,26.431644439697266,27.747934341430664,29.33294105529785
23.179759979248047,23.706993103027344,23.84749984741211,24.537872314453125,24.664043426513672,25.025741577148438,25.51131820678711,26.23906898498535,27.274019241333008,27.90134620666504
23.070268630981445,23.678335189819336,23.864988327026367,24.481843948364258,24.729246139526367,25.268056869506836,25.84409523010254,26.26599884033203,27.621952056884766,28.42234230041504
23.291122436523438,23.713960647583008,24.28508949279785,24.399707794189453,24.772228240966797,25.32737922668457,25.685585021972656,25.892330169677734,27.210437774658203,27.832843780517578
23.241748809814453,23.630311965942383,24.013774871826172,24.154773712158203,24.74662971496582,24.964645385742188,25.3856258392334,26.08437156677246,26.199254989624023,27.74001693725586
23.652366638183594,23.848644256591797,23.94277000427246,24.43535804748535,24.892772674560547,25.40590476989746,26.213232040405273,26.355348587036133,27.000347137451172,28.459075927734375
23.21465301513672,23.631441116333008,24.308147430419922,25.02440071105957,25.117279052734375,25.809167861938477,26.484189987182617,26.83563804626465,27.651220321655273,29.058055877685547
23.15857696533203,23.441743850708008,23.88348960876465,24.608156204223633,24.809843063354492,24.909393310546875,25.645587921142578,25.797622680664062,26.6023006439209,27.981191635131836
23.42176628112793,23.50499725341797,23.950605392456055,24.475488662719727,25.023956298828125,25.302091598510742,25.819704055786133,26.433359146118164,26.642175674438477,28.695236206054688
23.110170364379883,24.051870346069336,24.245880126953125,24.486309051513672,24.688474655151367,24.95172882080078,25.72182273864746,26.119827270507812,27.07093048095703,28.259674072265625
23.689393997192383,24.271526336669922,24.382585525512695,24.901573181152344,25.05638313293457,25.294658660888672,25.57428741455078,26.410249710083008,27.271499633789062,28.035444259643555
22.887189865112305,23.31827163696289,24.222501754760742,24.343149185180664,24.827726364135742,24.97694969177246,25.457630157470703,25.72563934326172,26.496129989624023,28.426616668701172
23.602415084838867,23.770814895629883,23.86425018310547,23.94196891784668,24.62352180480957,25.25930404663086,25.658340454101562,25.778120040893555,27.993255615234375,28.12017059326172
23.058513641357422,23.44324493408203,24.124855041503906,24.447288513183594,24.938613891601562,25.628665924072266,26.235177993774414,26.46173095703125,26.75425910949707,28.10520362854004
23.2341365814209,23.588682174682617,23.960655212402344,24.574989318847656,24.837068557739258,25.03603172302246,25.83048439025879,25.99457550048828,26.763839721679688,29.601470947265625
23.21392059326172,23.67123794555664,24.147274017333984,24.419727325439453,24.68307876586914,25.066884994506836,25.656814575195312,26.465879440307617,26.7451229095459,28.217016220092773
23.476486206054688,23.66454315185547,24.213008880615234,24.336755752563477,24.569534301757812,25.02125358581543,25.842470169067383,26.226245880126953,28.52495765686035,28.551807403564453
23.05542755126953,23.856760025024414,24.22425651550293,24.65760612487793,25.049306869506836,25.43324851989746,25.633136749267578,26.42853355407715,27.65591812133789,28.41541290283203
23.474533081054688,23.799325942993164,24.177217483520508,24.480928421020508,25.042451858520508,25.138229370117188,25.8505802154541,25.959260940551758,26.80706787109375,27.830419540405273
23.215103149414062,23.667028427124023,24.05007553100586,24.801633834838867,25.092538833618164,25.281230926513672,26.086620330810547,26.258953094482422,27.803266525268555,28.529911041259766
23.120149612426758,23.699586868286133,23.898635864257812,24.319290161132812,25.205177307128906,25.606409072875977,25.77052879333496,26.806249618530273,27.23839569091797,29.145715713500977
23.099809646606445,23.323665618896484,23.96085548400879,24.437522888183594,24.77538299560547,24.99767303466797,25.838016510009766,26.00008201599121,26.167715072631836,27.682767868041992
23.863956451416016,23.925386428833008,23.986818313598633,24.8671817779541,25.03516387939453,25.15361976623535,25.820068359375,25.905960083007812,27.821077346801758,28.561044692993164
22.739749908447266,23.452428817749023,24.20248794555664,24.663402557373047,24.768827438354492,26.00680923461914,26.08927345275879,28.636659622192383,28.782400131225586,29.97661590576172
23.439586639404297,23.548324584960938,24.08929443359375,25.03019905090332,25.11753273010254,25.212322235107422,25.6210994720459,26.417072296142578,27.223480224609375,28.825666427612305
23.371984481811523,23.887022018432617,24.19300651550293,24.758813858032227,24.933094024658203,25.45353889465332,25.83124542236328,26.30183219909668,28.009918212890625,28.128183364868164
23.25548553466797,23.850465774536133,24.27484893798828,24.370588302612305,25.062829971313477,25.149930953979492,25.4312801361084,27.60683250427246,27.685649871826172,28.500205993652344
23.516916275024414,23.88039779663086,24.803335189819336,24.902851104736328,25.258394241333008,25.39633560180664,25.918249130249023,26.201440811157227,27.415180206298828,27.968509674072266
23.241336822509766,23.833328247070312,24.229188919067383,24.752676010131836,24.909147262573242,25.12416648864746,25.367156982421875,25.47854995727539,26.711410522460938,27.763710021972656
23.528850555419922,24.010578155517578,24.272451400756836,24.5837459564209,24.978727340698242,25.523468017578125,26.084274291992188,26.19447135925293,28.161848068237305,28.215288162231445
23.60964012145996,24.03183364868164,24.416624069213867,24.661888122558594,25.012361526489258,25.146955490112305,26.07077407836914,26.488998413085938,26.69289779663086,28.442230224609375
23.43478775024414,23.495460510253906,24.034887313842773,24.605464935302734,24.761432647705078,25.063444137573242,25.363500595092773,26.607839584350586,26.72466468811035,28.046131134033203
23.653173446655273,23.748653411865234,24.30605697631836,24.892391204833984,25.021774291992188,25.121883392333984,25.773643493652344,27.019058227539062,28.454055786132812,28.748394012451172
23.566242218017578,23.665021896362305,23.73881721496582,24.30652618408203,24.814802169799805,25.406248092651367,25.53863525390625,26.464237213134766,27.01820182800293,28.244140625
23.049585342407227,23.725791931152344,23.970943450927734,24.22260284423828,24.896635055541992,25.327322006225586,25.599042892456055,26.172521591186523,27.04644012451172,28.27798843383789
23.659217834472656,24.049304962158203,24.154882431030273,24.54967498779297,25.43291473388672,25.517772674560547,26.039093017578125,26.86184310913086,27.116172790527344,28.156259536743164
22.882558822631836,23.884319305419922,23.990097045898438,24.428035736083984,24.853429794311523,24.985626220703125,25.517133712768555,25.810970306396484,26.633193969726562,28.089214324951172
23.221824645996094,23.607568740844727,24.089414596557617,24.64095687866211,25.354278564453125,25.536128997802734,25.906967163085938,27.200510025024414,27.355321884155273,29.03700828552246
23.401918411254883,23.626930236816406,23.910301208496094,24.48929214477539,24.68389320373535,25.163524627685547,25.62514305114746,25.948469161987305,26.819232940673828,28.19612693786621
22.98489761352539,23.61090850830078,24.120019912719727,24.315956115722656,24.86474609375,25.10563850402832,25.613981246948242,27.216764450073242,28.215049743652344,29.12725067138672
23.040695190429688,23.94101333618164,24.36315155029297,24.699020385742188,24.875993728637695,25.25943374633789,25.716947555541992,26.46910858154297,27.525901794433594,28.626220703125
23.50493812561035,23.861082077026367,24.016891479492188,24.233566284179688,25.29624366760254,25.47195053100586,25.713167190551758,26.574251174926758,27.201135635375977,28.17474937438965
23.022554397583008,23.554569244384766,23.910566329956055,24.443140029907227,24.812490463256836,25.030498504638672,25.299821853637695,25.550735473632812,27.257474899291992,29.174745559692383
23.257089614868164,23.42605972290039,23.90557289123535,24.405109405517578,24.53281593322754,25.08628273010254,25.812747955322266,25.92469596862793,27.03311538696289,28.118417739868164
23.096132278442383,23.79136085510254,23.919450759887695,24.54789924621582,24.890335083007812,25.28594207763672,25.689002990722656,26.10968017578125,26.93255043029785,28.706750869750977
22.981935501098633,23.82505226135254,24.115392684936523,24.46171760559082,24.63608741760254,25.154762268066406,25.388633728027344,25.591249465942383,26.442312240600586,28.107059478759766
23.185256958007812,23.861473083496094,24.232120513916016,24.639162063598633,24.92556381225586,25.412734985351562,25.556148529052734,26.073747634887695,27.053024291992188,28.36857795715332
23.124956130981445,23.95733642578125,24.16230583190918,24.4948673248291,25.0278263092041,25.647611618041992,25.865999221801758,26.449739456176758,28.66390037536621,28.9226016998291
23.426589965820312,23.69028663635254,24.492889404296875,24.601924896240234,25.223949432373047,25.620681762695312,26.255813598632812,26.362396240234375,27.144824981689453,27.719953536987305
23.279190063476562,23.669618606567383,24.127521514892578,24.604110717773438,24.70832061767578,24.902507781982422,25.458415985107422,26.039199829101562,27.89859962463379,28.84795379638672
22.931344985961914,23.830751419067383,24.283737182617188,24.682838439941406,24.790925979614258,25.25958251953125,25.651182174682617,26.062999725341797,27.307893753051758,28.387582778930664
23.472585678100586,24.20938491821289,24.270458221435547,24.331533432006836,24.687959671020508,26.002988815307617,26.096542358398438,26.190093994140625,27.815765380859375,28.824575424194336
23.474946975708008,23.86116600036621,24.081539154052734,24.599027633666992,25.069503784179688,25.334726333618164,25.528722763061523,26.367477416992188,27.075607299804688,28.635265350341797
23.286916732788086,24.018774032592773,24.177772521972656,24.268280029296875,24.347652435302734,26.220565795898438,26.31393814086914,28.034862518310547,28.073928833007812,28.634685516357422
23.456008911132812,23.55044937133789,24.190876007080078,24.522777557373047,24.859357833862305,25.44158363342285,26.016584396362305,26.426116943359375,27.294952392578125,28.58184814453125
22.758201599121094,24.005359649658203,24.16222381591797,24.25674819946289,24.729015350341797,24.889432907104492,25.284263610839844,26.486583709716797,27.620609283447266,28.3342342376709
23.307594299316406,23.641740798950195,23.806795120239258,24.271677017211914,25.05300521850586,25.150707244873047,25.479215621948242,25.60370445251465,27.037879943847656,28.230131149291992
23.6403865814209,23.7375431060791,24.243759155273438,24.674789428710938,25.217079162597656,25.62779998779297,25.949050903320312,26.38566017150879,28.424339294433594,28.793991088867188
23.501754760742188,24.207679748535156,24.385578155517578,24.530731201171875,25.240259170532227,25.651859283447266,26.088281631469727,26.89463233947754,27.637012481689453,28.882692337036133
23.454933166503906,23.93172836303711,24.175195693969727,24.33619499206543,25.091171264648438,25.35881996154785,25.54848289489746,26.266815185546875,28.41655921936035,29.208171844482422
23.339706420898438,23.895816802978516,23.992450714111328,24.804607391357422,24.89569664001465,25.479034423828125,25.817338943481445,26.24308204650879,26.646032333374023,27.723220825195312
23.41756820678711,23.789634704589844,24.213138580322266,24.432703018188477,24.83514404296875,25.474464416503906,26.108186721801758,26.653470993041992,27.307844161987305,28.908905029296875
23.22551727294922,23.822425842285156,23.958694458007812,24.50733757019043,24.80376625061035,24.98407745361328,25.615385055541992,25.889142990112305,26.370080947875977,28.4060001373291
23.217531204223633,23.731504440307617,24.60491371154785,24.70785140991211,25.028404235839844,25.29314422607422,25.64046859741211,26.469820022583008,28.02108383178711,29.198850631713867
23.262447357177734,23.742477416992188,24.22075080871582,24.348543167114258,24.71322250366211,25.37655258178711,26.089122772216797,26.926761627197266,27.572694778442383,28.968494415283203
22.781368255615234,23.619430541992188,23.910703659057617,24.11907958984375,24.86342430114746,25.013874053955078,25.519454956054688,25.69761085510254,27.01813316345215,27.6450252532959
23.03897476196289,23.33428192138672,23.905542373657227,24.363399505615234,24.59093475341797,24.93144989013672,25.649126052856445,26.203353881835938,26.37535285949707,28.013763427734375
22.700841903686523,23.113754272460938,23.791027069091797,24.40654754638672,24.668907165527344,24.870853424072266,25.538490295410156,25.705989837646484,26.116607666015625,28.156923294067383
23.16095542907715,23.748842239379883,24.294036865234375,24.9209041595459,25.043577194213867,25.472862243652344,25.888383865356445,26.093374252319336,26.454280853271484,27.896032333374023
23.657207489013672,24.03132438659668,24.48842430114746,24.62213134765625,25.01844596862793,25.650554656982422,26.276336669921875,27.40294647216797,27.514114379882812,28.87163734436035
23.12923812866211,23.61566734313965,24.35042953491211,24.88762092590332,25.003978729248047,25.171842575073242,25.736913681030273,26.231399536132812,29.025896072387695,29.255491256713867
23.350332260131836,23.553142547607422,24.217737197875977,24.33778953552246,25.001909255981445,25.113174438476562,25.440366744995117,25.59636878967285,25.982519149780273,27.941709518432617
23.377777099609375,23.753780364990234,24.064058303833008,24.604022979736328,24.837940216064453,25.007715225219727,25.192655563354492,25.850955963134766,26.623106002807617,28.32571029663086
23.047677993774414,23.78265953063965,24.21622085571289,24.33086395263672,24.783409118652344,24.93147087097168,25.585437774658203,26.218496322631836,26.346582412719727,28.053272247314453
23.57036781311035,23.717512130737305,24.095970153808594,24.475934982299805,24.88907814025879,25.04574966430664,25.485628128051758,26.156909942626953,27.062591552734375,28.745567321777344
23.20145034790039,24.03801918029785,24.418689727783203,24.665138244628906,24.922128677368164,25.92789649963379,26.052032470703125,26.874143600463867,28.298616409301758,29.232864379882812
23.567672729492188,24.27280616760254,24.401769638061523,24.469202041625977,24.801815032958984,25.84516143798828,26.035390853881836,29.390424728393555,29.313570022583008,29.342193603515625
23.250858306884766,23.847694396972656,24.256168365478516,24.53042984008789,25.052494049072266,25.21132469177246,25.700651168823242,26.07479476928711,26.819536209106445,27.936355590820312
23.356054306030273,23.655664443969727,24.098224639892578,24.44367027282715,25.024398803710938,25.18815040588379,25.521785736083984,26.01833724975586,26.76152801513672,28.225854873657227
23.052120208740234,23.862913131713867,24.057445526123047,24.617238998413086,25.15221405029297,25.313119888305664,26.111469268798828,26.252182006835938,27.180761337280273,28.951122283935547
23.445335388183594,23.566368103027344,24.148719787597656,24.44562339782715,24.657772064208984,25.097278594970703,25.638904571533203,26.099773406982422,27.171945571899414,28.509750366210938
23.42588996887207,24.062925338745117,24.180688858032227,24.315690994262695,24.70696449279785,24.96238136291504,25.248414993286133,25.70227813720703,26.48537826538086,27.834232330322266
23.650707244873047,24.211793899536133,24.363332748413086,24.83704376220703,25.24774932861328,25.400129318237305,26.055679321289062,26.468578338623047,28.951454162597656,28.903602600097656
22.92705535888672,23.461647033691406,24.031736373901367,24.744388580322266,24.9732608795166,25.487194061279297,26.030445098876953,26.207345962524414,27.118864059448242,28.603967666625977
23.05929946899414,23.8731746673584,24.210264205932617,24.462963104248047,25.029672622680664,25.179887771606445,25.92011260986328,26.300668716430664,27.65460777282715,29.285968780517578
23.159385681152344,23.65143394470215,24.233627319335938,24.452531814575195,24.569520950317383,25.10405921936035,25.468399047851562,25.98763656616211,27.24105453491211,28.466259002685547
23.408660888671875,23.877716064453125,24.0740909576416,24.426042556762695,24.845748901367188,25.23919677734375,25.951995849609375,26.606887817382812,27.855724334716797,28.108036041259766
22.931257247924805,23.8234806060791,23.92774772644043,24.17009735107422,24.689931869506836,25.22260093688965,25.42595100402832,26.11490249633789,27.417678833007812,27.97504425048828
23.034923553466797,24.00782585144043,24.248868942260742,24.809886932373047,24.97692108154297,25.179014205932617,25.546276092529297,26.262287139892578,26.347679138183594,27.996126174926758
23.6037540435791,23.721372604370117,24.485137939453125,24.655488967895508,25.25531768798828,25.451107025146484,25.854589462280273,26.331266403198242,27.24372673034668,28.839187622070312
23.50620460510254,23.73694610595703,23.95964241027832,24.447904586791992,24.667020797729492,25.428789138793945,25.541854858398438,25.966032028198242,26.286930084228516,28.888992309570312
23.395103454589844,23.54892349243164,24.404747009277344,24.56930923461914,24.98887062072754,25.112428665161133,26.094024658203125,26.268692016601562,26.74082374572754,28.077041625976562
22.9450740814209,24.037656784057617,24.140419006347656,24.336750030517578,25.40167236328125,25.671762466430664,26.118194580078125,26.737939834594727,27.123008728027344,29.078109741210938
22.66276741027832,23.81479263305664,23.90105438232422,24.696395874023438,25.203693389892578,25.291061401367188,25.797082901000977,26.988662719726562,27.106128692626953,28.432823181152344
23.152740478515625,23.815811157226562,24.41515350341797,24.645586013793945,24.840925216674805,25.05804443359375,25.877660751342773,27.20383644104004,27.3842716217041,28.69549560546875
23.80989646911621,23.94914436340332,24.45304298400879,24.565092086791992,24.987573623657227,25.616979598999023,26.06844711303711,26.60218048095703,27.960540771484375,27.965251922607422
23.434650421142578,24.01398277282715,24.464683532714844,24.575016021728516,24.841459274291992,25.089691162109375,25.806720733642578,26.425498962402344,27.23590087890625,28.602670669555664
23.646255493164062,24.104110717773438,24.272430419921875,24.65979766845703,25.076866149902344,25.46326446533203,25.58639907836914,25.85142707824707,27.212778091430664,28.386682510375977
24.416269302368164,24.469629287719727,24.522991180419922,24.57634925842285,24.802635192871094,25.81122398376465,25.897281646728516,25.983333587646484,28.02570152282715,28.654083251953125
23.296669006347656,23.919769287109375,24.213951110839844,24.357070922851562,24.759521484375,25.464309692382812,25.843017578125,26.218082427978516,27.24844741821289,27.79787254333496
23.627065658569336,23.69782066345215,23.768573760986328,24.241731643676758,24.361677169799805,25.250858306884766,25.82240867614746,25.92250633239746,26.44121742248535,27.531362533569336
22.871627807617188,23.844499588012695,24.811073303222656,24.870357513427734,24.929641723632812,25.500770568847656,26.066402435302734,26.17120361328125,27.037771224975586,28.1323299407959
22.523073196411133,23.70503044128418,24.028518676757812,24.215211868286133,24.8373966217041,24.921926498413086,25.393550872802734,25.976865768432617,27.92766761779785,27.978412628173828
23.1835880279541,23.800127029418945,24.02411460876465,24.454320907592773,24.526193618774414,25.218564987182617,26.413654327392578,27.813758850097656,27.91763687133789,29.00580596923828
22.76207160949707,24.011234283447266,24.133256912231445,24.657487869262695,25.077945709228516,25.616201400756836,26.035226821899414,27.222015380859375,28.20237159729004,28.93120765686035
23.134008407592773,23.553499221801758,24.104774475097656,24.364736557006836,25.023399353027344,25.18473243713379,25.592491149902344,26.48858642578125,27.224597930908203,29.019271850585938
22.926008224487305,23.551664352416992,24.078227996826172,24.364383697509766,25.191307067871094,25.449787139892578,25.584436416625977,25.98940086364746,26.623764038085938,28.076942443847656
23.233888626098633,24.440500259399414,24.524063110351562,24.721925735473633,25.624149322509766,26.62071990966797,26.670654296875,26.720590591430664,27.270160675048828,29.343868255615234
22.98529052734375,23.811279296875,24.022733688354492,24.639184951782227,24.825483322143555,25.295486450195312,25.747331619262695,26.095102310180664,26.609651565551758,28.49060821533203
23.42498779296875,23.588411331176758,24.270883560180664,25.03191566467285,25.148822784423828,25.617313385009766,26.071908950805664,26.656463623046875,27.92220687866211,28.966278076171875
23.034292221069336,23.688453674316406,24.239023208618164,24.550735473632812,24.7524471282959,25.098922729492188,25.615432739257812,25.697280883789062,25.779125213623047,29.356510162353516
23.658523559570312,24.042036056518555,24.15614891052246,24.612030029296875,25.016071319580078,25.072080612182617,25.930408477783203,26.477521896362305,27.669429779052734,28.675434112548828
23.41404151916504,23.551477432250977,24.08710479736328,24.568435668945312,25.048036575317383,25.408849716186523,25.504547119140625,26.038366317749023,26.712772369384766,27.843948364257812
23.49097442626953,23.850021362304688,24.065776824951172,24.446592330932617,24.70136260986328,25.150293350219727,25.328441619873047,26.217172622680664,26.74248504638672,28.41154670715332
22.98619842529297,23.597763061523438,24.091650009155273,24.834238052368164,25.05672836303711,25.239805221557617,25.761777877807617,26.437314987182617,27.137792587280273,28.46058464050293
23.004478454589844,23.821195602416992,24.201248168945312,24.6505069732666,24.77289390563965,25.02411651611328,25.53670883178711,26.252792358398438,27.0244140625,27.784622192382812
23.137901306152344,23.31833839416504,24.297405242919922,24.602479934692383,24.70899200439453,25.080463409423828,25.60999298095703,26.80292320251465,26.89265251159668,28.779077529907227
23.102935791015625,23.57175636291504,23.898456573486328,24.078128814697266,24.856348037719727,25.04795265197754,25.19243621826172,25.798084259033203,26.538480758666992,29.435449600219727
23.333728790283203,23.63677406311035,24.267244338989258,24.387939453125,25.244699478149414,25.36469268798828,25.630041122436523,26.24236488342285,27.002758026123047,28.12314796447754
22.812545776367188,23.48115348815918,23.82925033569336,24.641767501831055,24.73253059387207,24.96117401123047,25.51043128967285,26.624256134033203,28.222379684448242,28.981922149658203
23.202939987182617,23.602825164794922,24.055543899536133,24.517498016357422,24.70777702331543,25.13837432861328,25.353740692138672,26.85369873046875,27.090641021728516,28.767169952392578
23.601133346557617,23.801149368286133,24.20397186279297,24.559240341186523,25.006223678588867,25.17066192626953,25.645519256591797,26.651817321777344,27.325345993041992,29.137300491333008
23.022018432617188,23.835241317749023,24.488056182861328,24.815099716186523,24.85934829711914,25.307710647583008,26.10993003845215,27.008289337158203,27.61244773864746,28.704553604125977
22.93833351135254,23.732275009155273,24.091670989990234,24.63376808166504,24.732284545898438,25.011722564697266,25.967687606811523,26.118982315063477,28.08794593811035,28.548818588256836
23.506072998046875,24.034421920776367,24.541000366210938,25.040353775024414,25.129684448242188,25.231138229370117,25.65532684326172,26.41663932800293,27.442935943603516,28.595600128173828
23.230554580688477,23.36319351196289,23.90375518798828,24.206443786621094,24.710248947143555,25.24016761779785,25.35936737060547,25.92326545715332,26.626127243041992,28.268007278442383
23.432178497314453,23.522499084472656,23.6853084564209,24.27750015258789,24.83335304260254,25.038448333740234,25.47277069091797,26.24477195739746,26.890377044677734,28.052453994750977
23.087804794311523,23.54335594177246,24.107149124145508,24.494068145751953,24.919349670410156,25.22422218322754,25.690914154052734,25.93926429748535,26.451858520507812,28.20952796936035
23.000186920166016,23.885181427001953,24.045896530151367,24.604629516601562,24.689510345458984,25.00011444091797,25.516956329345703,25.709808349609375,27.609130859375,28.335620880126953
22.89167594909668,23.452848434448242,24.217023849487305,24.66471290588379,25.018503189086914,25.46695899963379,25.707693099975586,26.240642547607422,27.10333824157715,28.05111312866211
22.707229614257812,23.953466415405273,24.47588348388672,24.792387008666992,25.101442337036133,25.84100341796875,25.93267822265625,26.0537109375,27.140201568603516,28.323713302612305
23.162460327148438,23.881567001342773,24.263694763183594,24.42608070373535,25.07164764404297,25.255638122558594,25.642436981201172,26.62592315673828,26.721343994140625,28.138687133789062
23.26970863342285,23.587753295898438,24.154661178588867,24.527254104614258,24.75586700439453,25.216047286987305,25.422882080078125,25.994211196899414,26.348459243774414,28.00397300720215
23.436994552612305,23.50848960876465,24.228151321411133,24.360132217407227,25.204416275024414,25.286373138427734,25.875965118408203,26.255529403686523,29.24847984313965,29.34170913696289
23.443191528320312,23.534942626953125,24.15694808959961,24.356372833251953,24.57509422302246,25.15863037109375,25.780658721923828,26.514368057250977,27.055816650390625,29.567983627319336
23.11788558959961,24.005367279052734,24.425968170166016,24.53331184387207,24.945377349853516,25.11757469177246,25.507627487182617,26.171127319335938,26.639041900634766,28.549718856811523
23.15570068359375,23.851415634155273,24.290504455566406,24.579492568969727,25.10511016845703,25.520090103149414,26.003679275512695,26.435333251953125,27.23199462890625,28.20331573486328
23.541675567626953,23.686904907226562,24.806602478027344,24.878395080566406,24.950191497802734,25.668838500976562,26.25559425354004,26.383512496948242,27.126747131347656,28.601802825927734
23.362384796142578,23.663497924804688,23.995849609375,24.491708755493164,24.641206741333008,25.163286209106445,25.472463607788086,25.9270076751709,27.209016799926758,28.043651580810547
23.43928337097168,24.00727081298828,24.101701736450195,24.196130752563477,24.694229125976562,24.894847869873047,26.062158584594727,26.161874771118164,26.873849868774414,28.261686325073242
23.01396942138672,23.84575653076172,23.973308563232422,24.300888061523438,25.010093688964844,25.41850471496582,25.555034637451172,25.71142578125,28.009077072143555,28.660551071166992
23.069265365600586,24.04781723022461,24.160188674926758,24.805339813232422,24.89491844177246,24.984495162963867,25.626567840576172,26.026086807250977,28.450634002685547,28.935731887817383
23.35903549194336,23.571199417114258,24.327945709228516,24.65070915222168,24.90154457092285,25.409440994262695,25.688312530517578,26.329980850219727,27.0925350189209,28.4372615814209
23.304502487182617,24.031553268432617,24.805551528930664,24.90152359008789,25.270662307739258,25.630571365356445,25.928531646728516,26.659997940063477,27.603191375732422,28.91547393798828
23.289953231811523,23.627643585205078,24.07306480407715,24.481517791748047,24.678546905517578,25.094865798950195,25.894567489624023,26.163188934326172,26.537282943725586,29.012277603149414
23.40867042541504,23.837909698486328,24.319660186767578,24.552997589111328,25.068172454833984,25.249664306640625,25.429162979125977,26.218223571777344,27.84280014038086,29.085498809814453
23.565753936767578,23.886598587036133,24.083967208862305,24.899913787841797,25.21047592163086,25.306381225585938,25.40614128112793,26.061620712280273,26.642257690429688,28.729097366333008
23.142364501953125,23.71194076538086,24.340261459350586,24.522546768188477,24.93097496032715,25.40754508972168,25.689449310302734,26.180673599243164,26.36741065979004,28.50832748413086
23.408815383911133,23.46858024597168,24.278993606567383,24.64657974243164,24.707439422607422,24.768301010131836,25.435396194458008,25.537879943847656,27.232725143432617,28.344207763671875
22.945505142211914,23.777189254760742,24.09773063659668,24.473167419433594,25.02777862548828,25.09930992126465,25.804872512817383,25.889507293701172,27.803634643554688,29.630971908569336
23.238664627075195,23.430198669433594,24.19911766052246,24.41107749938965,24.752723693847656,25.267431259155273,25.64639663696289,26.03127098083496,27.23980140686035,28.598594665527344
23.166831970214844,23.766572952270508,23.951400756835938,24.507808685302734,24.872234344482422,25.42333984375,25.592243194580078,26.100101470947266,27.03619384765625,29.124135971069336
23.826642990112305,23.990755081176758,24.089012145996094,24.69175148010254,25.01294708251953,25.11963653564453,26.220308303833008,26.356359481811523,27.815580368041992,28.24721336364746
23.336929321289062,24.203903198242188,24.395727157592773,24.69392204284668,25.080394744873047,25.180618286132812,25.851770401000977,26.22881507873535,26.69816780090332,27.754688262939453
23.320755004882812,23.588613510131836,24.20745277404785,24.491270065307617,24.691373825073242,25.34088706970215,25.758174896240234,27.216367721557617,27.318588256835938,28.81988525390625
22.57326889038086,23.20989418029785,23.68419647216797,24.57395362854004,24.876127243041992,25.097768783569336,25.61098289489746,26.80031394958496,27.045713424682617,28.516916275024414
23.254140853881836,23.640745162963867,23.87337875366211,24.642847061157227,24.73689842224121,25.290544509887695,25.756271362304688,26.21761131286621,27.055206298828125,28.420639038085938
22.83612632751465,23.86677360534668,23.93494987487793,24.27019691467285,24.855445861816406,24.926780700683594,24.998119354248047,27.2265625,28.555828094482422,28.588890075683594
23.60517692565918,23.765548706054688,23.88616180419922,25.285856246948242,25.404199600219727,25.514514923095703,25.81333351135254,26.23923110961914,28.617137908935547,28.881370544433594
23.646333694458008,24.016027450561523,24.160144805908203,24.858688354492188,24.951629638671875,25.883691787719727,26.05091094970703,27.207901000976562,27.30641746520996,28.60178565979004
23.043336868286133,23.880512237548828,24.338428497314453,24.559127807617188,24.73495864868164,25.311384201049805,26.03005599975586,26.24114418029785,27.06142234802246,28.663530349731445
23.16318130493164,23.57158660888672,23.737987518310547,24.60357093811035,24.7467098236084,25.1640625,25.804475784301758,25.91266441345215,26.69423484802246,27.68587875366211
23.22673988342285,23.380863189697266,24.114093780517578,24.297832489013672,24.63592529296875,24.9631290435791,25.18474769592285,25.632015228271484,26.052152633666992,28.945880889892578
23.22606086730957,23.894081115722656,24.131628036499023,24.646591186523438,24.91447639465332,25.242523193359375,25.632369995117188,26.294157028198242,26.837615966796875,28.65818214416504
23.575008392333984,23.721168518066406,25.07975196838379,25.196800231933594,25.446138381958008,26.453516006469727,26.511219024658203,27.606048583984375,29.000091552734375,29.126846313476562
23.617202758789062,24.161882400512695,24.805709838867188,24.876312255859375,24.946918487548828,25.80499839782715,25.877464294433594,25.949934005737305,27.22016143798828,28.099626541137695
22.98090171813965,24.024551391601562,24.43107795715332,24.518604278564453,26.401901245117188,26.457345962524414,26.512788772583008,26.568233489990234,26.24056625366211,26.59800148010254
23.653072357177734,24.012775421142578,24.122838973999023,24.397199630737305,24.873416900634766,25.270761489868164,25.444671630859375,26.607990264892578,29.167360305786133,29.197574615478516
23.8565616607666,24.102779388427734,24.291807174682617,24.849266052246094,25.52235221862793,25.686721801757812,25.85609245300293,26.440967559814453,27.457508087158203,27.970821380615234
23.459014892578125,23.59530258178711,23.75534439086914,24.658422470092773,24.754905700683594,25.34649085998535,25.855993270874023,26.06174087524414,27.09942054748535,28.438114166259766
23.817211151123047,23.915515899658203,24.037185668945312,24.494081497192383,24.784212112426758,25.060232162475586,25.66318702697754,25.91423988342285,27.464067459106445,28.18446159362793
23.697372436523438,23.860000610351562,23.96293830871582,24.496742248535156,24.804691314697266,25.511245727539062,25.766759872436523,25.931928634643555,28.002138137817383,28.35149574279785
23.301071166992188,23.898887634277344,24.611652374267578,24.721363067626953,24.834312438964844,24.955459594726562,25.184221267700195,25.762170791625977,29.00835418701172,29.21120262145996
23.673564910888672,23.734882354736328,23.796201705932617,24.725845336914062,24.925506591796875,25.499204635620117,25.624788284301758,26.248502731323242,27.81484031677246,28.532955169677734
23.288618087768555,23.834699630737305,23.997303009033203,24.734281539916992,25.04136848449707,25.655593872070312,26.029891967773438,26.43375015258789,26.6957950592041,28.207731246948242
23.23325538635254,23.36619758605957,24.046894073486328,24.164413452148438,24.828350067138672,24.97292137145996,25.72249984741211,25.995330810546875,26.892715454101562,28.40912628173828
23.240591049194336,23.535764694213867,24.225248336791992,24.54692840576172,24.875751495361328,25.46019172668457,25.678373336791992,26.01839828491211,26.81646728515625,28.55438804626465
23.468704223632812,23.576276779174805,23.913307189941406,24.310718536376953,24.826059341430664,25.6079158782959,25.71788215637207,26.073589324951172,27.07685089111328,28.09066390991211
23.541349411010742,23.864765167236328,24.152095794677734,24.68741226196289,25.00446891784668,26.002822875976562,26.102909088134766,26.803434371948242,28.108596801757812,28.45876693725586
23.638912200927734,24.038156509399414,24.191539764404297,24.39592170715332,24.850343704223633,25.625505447387695,25.915075302124023,26.45071029663086,28.495336532592773,29.27358055114746
22.848520278930664,23.41408920288086,24.026762008666992,24.151487350463867,24.90958023071289,25.405553817749023,25.570043563842773,26.45692253112793,26.827354431152344,28.733840942382812
23.41412353515625,23.771034240722656,24.488889694213867,25.002710342407227,25.15171241760254,25.809650421142578,25.988183975219727,26.693500518798828,27.46025848388672,28.844717025756836
23.543550491333008,24.002649307250977,24.115177154541016,24.239864349365234,24.69354248046875,25.22187042236328,25.351835250854492,25.77727699279785,26.886533737182617,28.76450538635254
23.841964721679688,23.916759490966797,23.991554260253906,24.562171936035156,24.782461166381836,25.303573608398438,25.493820190429688,26.25138282775879,26.64166259765625,27.92494010925293
23.086233139038086,23.45911979675293,24.464656829833984,24.639883041381836,24.825254440307617,25.252994537353516,25.911632537841797,27.055387496948242,28.595561981201172,28.720006942749023
23.633060455322266,23.76386260986328,23.930862426757812,24.151382446289062,25.144493103027344,25.60637092590332,26.204259872436523,26.290109634399414,27.069854736328125,28.689905166625977
23.613426208496094,24.102277755737305,24.263132095336914,24.370214462280273,24.805274963378906,25.420907974243164,25.556344985961914,26.490224838256836,26.628936767578125,27.95154571533203
23.640018463134766,23.758939743041992,24.5062313079834,24.741912841796875,25.01572608947754,25.84459114074707,25.93218994140625,26.30788230895996,27.040023803710938,28.225000381469727
23.105485916137695,23.712413787841797,24.175338745117188,24.52165412902832,24.843624114990234,25.461471557617188,26.08645248413086,26.28458595275879,26.50925064086914,28.35221290588379
24.015378952026367,24.08676528930664,24.158151626586914,24.80538558959961,24.92791175842285,25.31394386291504,25.826663970947266,26.838333129882812,27.690826416015625,28.348344802856445
23.600706100463867,24.052186965942383,24.155454635620117,24.638473510742188,24.771238327026367,25.607189178466797,25.75862693786621,26.856597900390625,27.460857391357422,28.6516170501709
23.107210159301758,23.52134132385254,24.048858642578125,24.506591796875,24.75038719177246,24.90607452392578,25.442174911499023,26.215299606323242,26.96368408203125,28.38767433166504
23.271236419677734,23.802160263061523,23.908109664916992,24.44297218322754,24.575164794921875,25.119504928588867,25.273855209350586,25.66075325012207,26.284196853637695,27.651193618774414
23.125303268432617,23.885896682739258,24.282583236694336,24.635398864746094,25.054744720458984,25.14586067199707,25.841917037963867,26.292652130126953,26.798887252807617,28.385522842407227
23.24916648864746,24.048397064208984,24.15367317199707,24.52064323425293,24.676950454711914,24.767051696777344,25.51026153564453,25.68874168395996,27.738237380981445,27.813215255737305
23.385719299316406,23.74973487854004,23.96237564086914,24.600317001342773,24.964427947998047,25.47402000427246,25.925281524658203,26.615488052368164,27.49900245666504,28.565195083618164
23.3983097076416,23.672542572021484,24.045307159423828,24.438535690307617,24.801422119140625,24.90315055847168,25.30230712890625,26.13758087158203,26.89420509338379,28.297645568847656
23.63543701171875,24.00716781616211,24.239118576049805,24.53801155090332,24.937942504882812,25.648855209350586,25.849136352539062,26.604026794433594,26.690811157226562,28.289941787719727
23.409847259521484,23.558422088623047,24.307687759399414,24.861820220947266,24.97689437866211,25.44924545288086,25.85869598388672,26.39707374572754,27.253271102905273,29.052885055541992
23.55443572998047,24.242507934570312,24.29575538635254,24.686498641967773,24.83316421508789,25.421905517578125,25.814659118652344,25.95856285095215,30.399023056030273,30.43029022216797
23.491107940673828,23.709606170654297,23.842695236206055,24.714744567871094,24.90300178527832,25.467313766479492,26.20890998840332,27.201745986938477,27.26409912109375,28.169052124023438
23.211851119995117,23.66360092163086,23.758636474609375,24.457143783569336,24.93006134033203,25.718713760375977,26.065271377563477,26.949142456054688,27.188720703125,28.471467971801758
23.168922424316406,23.95233917236328,24.417842864990234,24.7138729095459,25.231523513793945,25.811511993408203,25.958179473876953,26.8142147064209,27.83251953125,28.776575088500977
23.272747039794922,23.860183715820312,24.208948135375977,24.721864700317383,25.060251235961914,25.259634017944336,25.558378219604492,25.794254302978516,27.443939208984375,28.813770294189453
23.707000732421875,24.214597702026367,24.469812393188477,24.87994956970215,24.970478057861328,25.859174728393555,25.961496353149414,27.088497161865234,29.412450790405273,29.76450538635254
23.312946319580078,23.918718338012695,24.28748893737793,24.671445846557617,24.92536735534668,25.45317840576172,25.84197998046875,26.082366943359375,27.456268310546875,28.98377227783203
24.203731536865234,24.277528762817383,24.3513240814209,24.657958984375,25.291772842407227,26.232913970947266,26.29229736328125,27.2023983001709,28.00343894958496,28.185455322265625
22.825366973876953,24.04214859008789,24.12697982788086,24.560800552368164,25.023359298706055,25.166339874267578,25.382511138916016,26.281658172607422,26.836999893188477,28.334335327148438
23.589155197143555,23.67251968383789,24.482309341430664,24.589853286743164,25.165616989135742,25.600080490112305,25.83749008178711,26.851665496826172,28.733301162719727,29.372344970703125
23.427753448486328,23.821727752685547,23.911762237548828,24.32422637939453,25.054975509643555,25.121633529663086,25.738325119018555,26.26261329650879,26.636381149291992,28.625591278076172
23.01512908935547,24.034042358398438,24.16691017150879,24.500457763671875,24.842561721801758,25.488401412963867,26.05069923400879,26.253870010375977,27.833871841430664,28.415559768676758
23.481843948364258,24.20123291015625,24.312475204467773,24.46510124206543,24.914209365844727,25.189939498901367,25.491256713867188,25.844358444213867,27.037189483642578,28.031476974487305
23.276607513427734,23.919326782226562,24.137266159057617,24.440305709838867,24.6267032623291,24.724905014038086,25.48058319091797,25.879486083984375,27.60118865966797,27.752761840820312
23.3690128326416,24.076852798461914,24.1979923248291,24.32772445678711,24.69096565246582,25.307891845703125,25.472726821899414,27.212295532226562,27.285005569458008,28.027849197387695
23.10093116760254,23.55828094482422,23.787628173828125,24.424461364746094,24.891443252563477,25.03509521484375,25.220643997192383,26.81667137145996,26.918363571166992,28.026214599609375
23.966690063476562,24.055171966552734,24.126245498657227,24.626174926757812,25.212383270263672,25.619455337524414,25.696598052978516,26.461414337158203,27.042491912841797,28.468955993652344
23.120100021362305,23.566247940063477,24.06939697265625,24.197490692138672,24.82280158996582,25.250930786132812,25.355945587158203,26.20578956604004,26.828754425048828,28.31584358215332
23.636659622192383,23.781883239746094,24.09597396850586,24.467449188232422,24.674625396728516,25.122764587402344,25.533153533935547,25.926219940185547,26.43937110900879,27.969074249267578
23.273454666137695,23.486955642700195,24.63442039489746,24.736377716064453,25.005355834960938,26.00754737854004,26.11366844177246,27.00724220275879,27.154190063476562,28.670419692993164
23.616065979003906,23.75454330444336,24.075183868408203,24.869123458862305,24.95109748840332,25.07796859741211,25.346702575683594,26.131526947021484,27.810611724853516,29.028282165527344
23.114206314086914,23.65567970275879,24.308761596679688,24.487642288208008,25.059646606445312,25.453210830688477,26.81691551208496,26.90924644470215,28.221694946289062,29.304534912109375
23.119792938232422,23.71401023864746,24.080289840698242,25.015382766723633,25.125720977783203,25.40877342224121,26.353271484375,27.003055572509766,27.671369552612305,28.779870986938477
22.966432571411133,24.024633407592773,24.158958435058594,24.388710021972656,24.653078079223633,25.064340591430664,25.861099243164062,26.059520721435547,27.01076889038086,28.10923194885254
23.2752742767334,24.048171997070312,24.245906829833984,24.441701889038086,24.5474910736084,25.318538665771484,25.832962036132812,26.431888580322266,27.435382843017578,28.61217498779297
23.22979164123535,23.823720932006836,24.41619300842285,24.54451560974121,24.736061096191406,25.12225341796875,25.592998504638672,26.270858764648438,28.009672164916992,28.1174259185791
23.443452835083008,23.515512466430664,24.163898468017578,24.41570472717285,24.930347442626953,25.129602432250977,25.52715301513672,25.963960647583008,26.510541915893555,28.083276748657227
23.273696899414062,23.512845993041992,23.980554580688477,24.641176223754883,24.80168914794922,25.262258529663086,25.746173858642578,25.97032356262207,26.689611434936523,28.419647216796875
23.15390396118164,23.666423797607422,23.870166778564453,24.219709396362305,24.33146858215332,24.935468673706055,25.12455940246582,25.534950256347656,26.198198318481445,27.789804458618164
23.490257263183594,24.013944625854492,24.103981018066406,24.472810745239258,24.82758140563965,24.95778465270996,25.47618865966797,28.202171325683594,28.290266036987305,28.489608764648438
22.982772827148438,23.26007080078125,23.943767547607422,24.577619552612305,24.8945255279541,25.134281158447266,25.670181274414062,26.430381774902344,27.638916015625,29.053119659423828
22.834728240966797,23.2587890625,24.23572540283203,24.645322799682617,25.033187866210938,25.223499298095703,25.628515243530273,25.770029067993164,26.89409828186035,28.298433303833008
23.304594039916992,24.212142944335938,24.44003677368164,24.811561584472656,24.9580135345459,25.681503295898438,26.072250366210938,26.727359771728516,27.629676818847656,28.6704044342041
23.419721603393555,23.499069213867188,24.606714248657227,24.66594123840332,24.725170135498047,25.882217407226562,26.02842140197754,26.151079177856445,27.532655715942383,28.622400283813477
23.706867218017578,23.90774917602539,24.09210205078125,25.005882263183594,25.11216163635254,25.53451919555664,26.00629234313965,26.57928466796875,27.82727813720703,28.78597068786621
23.561798095703125,23.674514770507812,24.286455154418945,25.07798194885254,25.62071990966797,25.683502197265625,26.170860290527344,27.20783042907715,27.30111312866211,28.11350440979004
23.093196868896484,23.865901947021484,24.073091506958008,24.505136489868164,24.70233726501465,24.905563354492188,25.258501052856445,25.85099220275879,26.462398529052734,27.85573959350586
23.29697608947754,24.020713806152344,24.223196029663086,24.741321563720703,24.85874366760254,24.92563247680664,25.442729949951172,25.885250091552734,26.10182762145996,28.3410587310791
23.2600154876709,23.627887725830078,24.33407974243164,24.6037540435791,25.08017921447754,25.323467254638672,26.007965087890625,26.711687088012695,27.120519638061523,29.353803634643555
23.157594680786133,24.052738189697266,24.619888305664062,24.717029571533203,25.348468780517578,25.47591209411621,25.935285568237305,26.43007469177246,27.86480712890625,29.13654136657715
23.087810516357422,24.202301025390625,24.25977325439453,24.317245483398438,25.021669387817383,25.084152221679688,25.451065063476562,25.542591094970703,29.03826332092285,29.20681381225586
23.42095184326172,23.569913864135742,23.73117446899414,24.390146255493164,24.484886169433594,25.343286514282227,25.483539581298828,26.108505249023438,28.086448669433594,29.803634643554688
23.421449661254883,23.885589599609375,24.048246383666992,24.511775970458984,24.68471908569336,25.28413200378418,25.708608627319336,25.97495460510254,27.809036254882812,28.035688400268555
23.162263870239258,23.662555694580078,24.391939163208008,24.71025848388672,24.838821411132812,25.489795684814453,26.025522232055664,26.109189987182617,26.849885940551758,27.790061950683594
23.256710052490234,23.78801155090332,24.065170288085938,24.651676177978516,25.246654510498047,25.334604263305664,25.67072105407715,26.661209106445312,27.693735122680664,29.100921630859375
23.0349063873291,23.7071475982666,24.07036018371582,24.21124839782715,25.04085350036621,25.5125789642334,25.726518630981445,26.260168075561523,27.020132064819336,28.328359603881836
23.389055252075195,24.26500701904297,24.37601089477539,24.496585845947266,24.678524017333984,25.209434509277344,25.7138671875,25.88411521911621,26.908506393432617,27.896207809448242
23.105323791503906,24.252470016479492,24.3587589263916,24.535043716430664,24.743030548095703,25.473217010498047,25.834945678710938,26.376007080078125,26.910688400268555,28.21302032470703
22.937183380126953,23.803714752197266,24.26089859008789,24.527685165405273,24.893545150756836,25.258499145507812,25.718690872192383,26.838178634643555,28.044422149658203,29.236988067626953
22.867752075195312,24.205068588256836,24.332317352294922,24.540088653564453,25.268268585205078,25.482933044433594,26.244998931884766,26.32956886291504,28.287700653076172,28.705121994018555
22.629789352416992,23.835220336914062,23.873409271240234,24.66012191772461,24.73395347595215,25.265134811401367,25.3312931060791,25.878379821777344,28.971515655517578,29.703147888183594
23.07265281677246,23.508800506591797,24.614160537719727,24.7319393157959,25.058032989501953,25.2487735748291,25.679859161376953,26.2744083404541,26.792400360107422,28.27623176574707
23.099794387817383,24.260696411132812,24.34563636779785,24.44603729248047,24.573925018310547,25.445852279663086,25.543285369873047,25.672595977783203,26.837614059448242,28.36032485961914
23.396272659301758,23.51588249206543,23.89150619506836,24.290678024291992,25.02421760559082,25.092527389526367,25.893354415893555,26.164291381835938,27.026508331298828,28.734167098999023
23.801183700561523,23.910449981689453,24.6191463470459,24.69049835205078,24.76184844970703,24.887372970581055,26.211923599243164,26.49476432800293,29.23968505859375,30.5393009185791
23.656808853149414,24.605224609375,24.681798934936523,25.039899826049805,25.149499893188477,26.232460021972656,26.659603118896484,26.757530212402344,27.663299560546875,28.927099227905273
23.20171356201172,23.901840209960938,24.05453109741211,24.12845230102539,24.721786499023438,25.25094985961914,25.611074447631836,26.342573165893555,26.885513305664062,28.766834259033203
23.87492561340332,23.9867000579834,24.266014099121094,24.697101593017578,24.974454879760742,25.141681671142578,25.479427337646484,25.78771209716797,28.658611297607422,28.884260177612305
23.606517791748047,23.75602912902832,24.267345428466797,24.5391788482666,24.947616577148438,26.076595306396484,26.493066787719727,26.908100128173828,28.473377227783203,30.1999454498291
23.469310760498047,23.654245376586914,24.297773361206055,24.731313705444336,24.863346099853516,24.9368953704834,26.616836547851562,26.7429141998291,28.6425724029541,29.62295913696289
22.921092987060547,23.693572998046875,24.038070678710938,24.17635726928711,24.556211471557617,24.954015731811523,25.28350257873535,25.951021194458008,26.142427444458008,27.67049789428711
23.206283569335938,23.656707763671875,24.09625244140625,24.29668426513672,24.659015655517578,25.403249740600586,25.57021713256836,26.220317840576172,27.621257781982422,28.521875381469727
23.251367568969727,23.33482551574707,24.12659454345703,24.526308059692383,24.760282516479492,24.971675872802734,25.864742279052734,25.950897216796875,26.44525718688965,27.929086685180664
22.846330642700195,24.218769073486328,24.26677703857422,24.31478500366211,24.625125885009766,25.652231216430664,25.72100830078125,26.21710205078125,28.299184799194336,28.419784545898438
23.509918212890625,24.06618881225586,24.5150089263916,25.411237716674805,25.467832565307617,26.00643539428711,26.100032806396484,26.193634033203125,27.62408447265625,28.873079299926758
23.327043533325195,24.030597686767578,24.162935256958008,24.80477523803711,24.925533294677734,25.454736709594727,25.81360626220703,26.43446159362793,27.847185134887695,28.675533294677734
23.24650001525879,23.69270133972168,24.281015396118164,24.445960998535156,24.86751365661621,25.465099334716797,26.01158905029297,26.237537384033203,26.68406105041504,28.260238647460938
22.77031707763672,23.79186248779297,23.996768951416016,24.60798454284668,24.92011833190918,25.442445755004883,25.852895736694336,26.096920013427734,26.922603607177734,29.17173194885254
23.43061065673828,23.868968963623047,24.248645782470703,24.519216537475586,24.720510482788086,25.02069091796875,25.96728515625,26.40158462524414,26.662384033203125,28.653413772583008
23.439119338989258,23.894304275512695,24.218711853027344,24.700319290161133,24.851818084716797,25.190181732177734,25.30305290222168,25.88709259033203,26.480459213256836,28.113178253173828
23.201566696166992,23.72972297668457,24.226547241210938,24.380767822265625,24.78561019897461,25.23456382751465,25.826974868774414,25.931991577148438,26.628742218017578,27.790197372436523
23.615995407104492,23.840381622314453,24.143447875976562,24.57518768310547,24.880084991455078,25.301721572875977,25.90545654296875,26.422855377197266,26.829797744750977,28.137191772460938
23.480567932128906,23.679729461669922,23.963319778442383,24.827484130859375,24.910463333129883,25.407018661499023,25.851009368896484,26.250999450683594,28.20342445373535,29.480730056762695
23.219404220581055,23.66587257385254,23.843486785888672,24.31682777404785,25.12874412536621,25.498056411743164,25.72588348388672,26.031728744506836,26.75525665283203,28.41950035095215
23.548873901367188,23.89580726623535,24.105390548706055,24.699207305908203,24.9152889251709,25.18814468383789,25.4655704498291,26.2372989654541,27.026376724243164,28.08634376525879
22.597599029541016,23.657434463500977,24.052167892456055,24.603801727294922,24.714616775512695,25.29484748840332,25.553163528442383,26.057302474975586,27.983495712280273,27.91398048400879
23.584564208984375,23.865659713745117,24.35291862487793,25.019254684448242,25.159337997436523,25.664859771728516,26.0100154876709,26.145336151123047,27.667251586914062,28.58502769470215
23.167112350463867,23.705127716064453,23.934005737304688,24.37027359008789,24.895584106445312,25.219961166381836,25.320384979248047,25.77924156188965,27.834331512451172,28.746875762939453
23.2186336517334,23.849580764770508,23.97045135498047,24.459274291992188,25.015390396118164,25.140850067138672,25.576011657714844,26.83552360534668,27.273269653320312,28.898040771484375
23.235042572021484,24.04106330871582,24.11644744873047,24.608375549316406,24.738862991333008,25.254453659057617,25.32952308654785,25.62384033203125,26.697248458862305,28.65022850036621
23.46520233154297,23.88958168029785,24.467422485351562,24.59439468383789,25.106916427612305,25.431493759155273,25.699941635131836,26.44142723083496,27.8564510345459,28.675668716430664
22.78528594970703,23.549325942993164,24.253192901611328,24.623676300048828,24.767837524414062,25.442686080932617,25.842248916625977,25.994205474853516,26.71785545349121,28.284564971923828
23.265213012695312,23.70553970336914,23.864809036254883,24.31220054626465,25.286067962646484,25.51131820678711,25.70643424987793,26.700637817382812,27.123628616333008,28.984439849853516
23.438499450683594,23.867568969726562,24.275625228881836,24.385637283325195,24.988956451416016,25.520050048828125,25.69837188720703,26.279170989990234,27.89634132385254,28.8359432220459
23.806392669677734,23.89096450805664,23.97553825378418,24.34479331970215,24.70224380493164,25.178159713745117,25.68405532836914,26.058513641357422,27.827516555786133,28.640283584594727
23.661733627319336,23.775861740112305,23.935230255126953,24.421077728271484,25.017457962036133,25.132070541381836,26.412601470947266,26.48761558532715,28.666467666625977,29.04961395263672
23.428909301757812,23.838850021362305,24.414722442626953,24.645212173461914,24.96864128112793,25.4526424407959,25.822954177856445,26.34051513671875,26.787561416625977,28.26772117614746
23.504411697387695,23.8922061920166,24.405296325683594,24.670740127563477,24.927082061767578,25.422672271728516,26.018587112426758,26.61648178100586,26.803720474243164,27.87220001220703
23.661359786987305,24.059711456298828,24.2795352935791,24.80731964111328,25.62828826904297,25.724576950073242,26.050643920898438,26.626497268676758,27.849233627319336,29.107173919677734
22.68303680419922,23.406044006347656,23.809173583984375,24.40923309326172,24.804372787475586,25.248428344726562,25.703998565673828,26.2709903717041,26.943832397460938,28.216548919677734
23.620038986206055,23.74991798400879,24.120616912841797,24.39185905456543,25.09015655517578,25.239734649658203,25.48624038696289,26.0700626373291,26.57528305053711,27.897520065307617
23.30198860168457,23.827621459960938,24.224668502807617,24.42424964904785,24.67658042907715,24.94732666015625,25.328140258789062,25.846603393554688,26.367061614990234,27.554677963256836
22.864398956298828,23.603534698486328,24.141862869262695,24.433164596557617,24.682750701904297,25.0434627532959,25.41559410095215,26.42095184326172,27.81435203552246,27.968664169311523
23.300870895385742,23.51410675048828,24.27518081665039,24.481294631958008,25.421173095703125,25.678335189819336,26.090343475341797,26.508089065551758,29.00478172302246,29.53335952758789
23.114688873291016,23.491968154907227,24.02536964416504,24.172916412353516,24.71202850341797,24.961891174316406,25.316904067993164,25.640151977539062,26.312015533447266,27.93102264404297
23.196287155151367,23.664419174194336,24.080820083618164,24.38869285583496,24.539873123168945,25.03407859802246,25.16476058959961,26.044179916381836,26.177799224853516,29.06527328491211
23.369516372680664,24.09874153137207,24.461021423339844,24.61964225769043,25.21428108215332,25.366418838500977,25.830835342407227,25.98235511779785,27.402690887451172,28.474334716796875
23.053531646728516,23.979169845581055,24.170846939086914,24.703182220458984,24.890134811401367,25.17523956298828,28.20330238342285,28.296506881713867,28.831863403320312,29.621829986572266
23.312551498413086,23.901329040527344,24.03969383239746,24.491395950317383,24.87740707397461,24.994718551635742,25.5445613861084,25.70469856262207,28.717294692993164,29.716659545898438
23.08970069885254,23.578880310058594,24.25506591796875,24.444433212280273,24.628734588623047,25.089025497436523,25.446683883666992,26.057573318481445,27.279470443725586,28.57309913635254
22.936914443969727,23.647281646728516,24.42368507385254,25.400114059448242,25.460561752319336,25.521013259887695,26.030521392822266,26.235427856445312,28.24737548828125,28.347362518310547
23.057266235351562,23.85454559326172,24.427959442138672,24.520572662353516,24.618778228759766,25.23761558532715,26.08870506286621,26.185903549194336,27.11511993408203,28.960330963134766
23.422801971435547,24.20018768310547,24.321523666381836,24.519495010375977,24.88050651550293,25.2195987701416,25.87722396850586,26.25397300720215,27.081071853637695,28.759021759033203
23.161014556884766,23.675212860107422,23.922964096069336,24.673551559448242,24.799671173095703,25.579418182373047,25.881210327148438,26.13924217224121,27.653493881225586,28.064672470092773
23.224510192871094,24.21240234375,24.38444709777832,24.609310150146484,25.0888729095459,25.443641662597656,25.663021087646484,26.414749145507812,26.819339752197266,27.772354125976562
23.237321853637695,23.63031578063965,23.81947898864746,23.9991397857666,24.634803771972656,24.76873207092285,25.12104606628418,26.17950439453125,26.888263702392578,28.104877471923828
23.283605575561523,23.51875114440918,24.067319869995117,24.16863441467285,24.743839263916016,25.133638381958008,25.975601196289062,26.098791122436523,27.041465759277344,28.186567306518555
23.45929527282715,23.857160568237305,24.281370162963867,24.690956115722656,25.066251754760742,25.37973976135254,25.72503662109375,26.41826629638672,27.673362731933594,29.140518188476562
23.313140869140625,23.672828674316406,23.76423454284668,24.614547729492188,24.738319396972656,24.928945541381836,25.509784698486328,25.65358543395996,26.780946731567383,28.073610305786133
22.85345458984375,23.85797691345215,23.939476013183594,24.700532913208008,24.842618942260742,25.245790481567383,25.591285705566406,26.016969680786133,27.49053382873535,29.029903411865234
23.404918670654297,23.819931030273438,24.225927352905273,24.813650131225586,24.945743560791016,25.415193557739258,25.847579956054688,26.706750869750977,29.442468643188477,29.773029327392578
23.47286605834961,23.815528869628906,23.98149871826172,24.468082427978516,24.559852600097656,25.680334091186523,25.950542449951172,28.00430679321289,28.08680534362793,28.153343200683594
23.08563232421875,23.87993621826172,24.33262825012207,24.443084716796875,25.0687313079834,25.61292266845703,27.185461044311523,27.313095092773438,27.416492462158203,28.880590438842773
23.519699096679688,23.777143478393555,24.29445457458496,24.502649307250977,24.74607276916504,25.528491973876953,26.22442054748535,27.027437210083008,27.885589599609375,28.972652435302734
23.333032608032227,23.495264053344727,23.9556827545166,24.239063262939453,24.87225914001465,25.040569305419922,25.50432777404785,26.235774993896484,27.429014205932617,28.552730560302734
22.937536239624023,23.97333526611328,24.289386749267578,24.612077713012695,25.035253524780273,25.26891326904297,25.719606399536133,25.90353775024414,27.261383056640625,28.813390731811523
23.282928466796875,23.615962982177734,23.981061935424805,24.524099349975586,24.65770149230957,25.04379653930664,25.45699691772461,25.875282287597656,27.630640029907227,27.917633056640625
23.67609214782715,24.01540756225586,24.48323631286621,24.601959228515625,24.711631774902344,25.551881790161133,26.03860092163086,28.0317325592041,28.1909122467041,28.719032287597656
23.262226104736328,23.883617401123047,24.435035705566406,24.878904342651367,25.002437591552734,25.46929168701172,25.81404685974121,26.808340072631836,26.936771392822266,28.30900001525879
23.205429077148438,23.288957595825195,24.344860076904297,24.698928833007812,24.822954177856445,25.342870712280273,26.025890350341797,26.800537109375,27.510263442993164,29.079910278320312
23.25597381591797,23.740571975708008,24.081998825073242,24.554597854614258,25.026887893676758,25.468669891357422,25.583097457885742,26.096385955810547,27.831905364990234,27.998905181884766
23.34099006652832,23.538740158081055,24.11762237548828,24.260547637939453,25.237125396728516,25.361797332763672,25.8290958404541,26.845123291015625,26.966291427612305,28.596054077148438
23.298015594482422,23.718059539794922,23.893768310546875,24.50788688659668,24.811689376831055,25.43438720703125,25.8359317779541,26.22257423400879,28.009008407592773,28.965017318725586
23.35022735595703,24.07568359375,24.53837776184082,24.820707321166992,25.076641082763672,25.240415573120117,25.662456512451172,25.96910285949707,26.962631225585938,27.798622131347656
23.514541625976562,24.424396514892578,24.506181716918945,24.58796501159668,25.366697311401367,26.414995193481445,26.52703857421875,27.074071884155273,27.313867568969727,28.91322898864746
23.328428268432617,23.811058044433594,24.180898666381836,24.468769073486328,25.08754539489746,25.284061431884766,25.685420989990234,25.972124099731445,28.421106338500977,28.710079193115234
23.10843276977539,24.064559936523438,24.16712188720703,25.05577278137207,25.117597579956055,25.55978012084961,26.026241302490234,26.65492820739746,26.882747650146484,28.770931243896484
23.178979873657227,24.00415802001953,24.117158889770508,24.249231338500977,24.703529357910156,25.00188446044922,26.153358459472656,26.326148986816406,26.867881774902344,28.253589630126953
23.300384521484375,23.70185661315918,24.06059455871582,24.400129318237305,24.878864288330078,25.05763816833496,25.28700065612793,26.03350257873535,27.029516220092773,29.19788360595703
23.306455612182617,23.831920623779297,24.025625228881836,24.50881004333496,24.685422897338867,25.486461639404297,26.20465087890625,26.28375244140625,27.8156795501709,29.064693450927734
23.391286849975586,23.569149017333984,23.987531661987305,24.425636291503906,24.682662963867188,25.42717170715332,25.514753341674805,26.4111270904541,26.507686614990234,28.337650299072266
23.187969207763672,23.672578811645508,24.050687789916992,24.56690216064453,25.23410987854004,25.47376251220703,25.59393310546875,25.95315170288086,28.000200271606445,28.584938049316406
23.453414916992188,23.582670211791992,24.209373474121094,24.45322608947754,24.636550903320312,25.160642623901367,25.71232795715332,26.268598556518555,26.841243743896484,28.33892059326172
23.459630966186523,23.795825958251953,24.182382583618164,24.664875030517578,25.094987869262695,25.486146926879883,25.78607749938965,26.188032150268555,26.796512603759766,28.38115882873535
22.879228591918945,23.836254119873047,24.06574058532715,24.38852310180664,25.080934524536133,25.23733139038086,25.41154670715332,26.263622283935547,26.517316818237305,28.04701042175293
23.2862491607666,23.802392959594727,24.27431297302246,24.37485694885254,24.915454864501953,25.240123748779297,25.644779205322266,26.155920028686523,27.536945343017578,28.235980987548828
23.243043899536133,23.635990142822266,23.93693733215332,24.379642486572266,24.748071670532227,25.217546463012695,25.436723709106445,26.108436584472656,26.2680721282959,28.56643295288086
23.053890228271484,24.233522415161133,24.6409854888916,25.117156982421875,25.305932998657227,25.428924560546875,25.5492000579834,26.09511375427246,28.013856887817383,28.768203735351562
23.589893341064453,23.74509048461914,24.406490325927734,24.539960861206055,24.758052825927734,25.30628776550293,25.852354049682617,26.405609130859375,26.57074737548828,27.829761505126953
23.103050231933594,24.016145706176758,24.129850387573242,24.375953674316406,24.66206169128418,25.014362335205078,25.620330810546875,26.082237243652344,26.63416862487793,28.632125854492188
23.69500160217285,23.800750732421875,24.01376724243164,24.46617889404297,24.734970092773438,25.26690101623535,26.02023696899414,26.120155334472656,26.485368728637695,28.388675689697266
23.377450942993164,24.00542640686035,24.091598510742188,25.007299423217773,25.093185424804688,25.17906951904297,25.456308364868164,26.12535858154297,26.764848709106445,28.118621826171875
23.088844299316406,23.69614028930664,24.033851623535156,24.254913330078125,24.497882843017578,25.108089447021484,25.264938354492188,25.88321304321289,26.290071487426758,28.13413429260254
23.134841918945312,23.999160766601562,24.06755256652832,24.41193962097168,25.046920776367188,25.31241226196289,25.641881942749023,26.568126678466797,28.013341903686523,28.96177101135254
23.05365753173828,23.508922576904297,23.868497848510742,24.34092140197754,24.84069061279297,25.494855880737305,25.696292877197266,26.602039337158203,27.415725708007812,28.4211483001709
23.47402000427246,23.57969093322754,24.236936569213867,24.384658813476562,24.879343032836914,25.0883846282959,25.266746520996094,25.858917236328125,28.063674926757812,29.046707153320312
23.825136184692383,23.9356746673584,24.18918228149414,24.39828872680664,25.232929229736328,25.369911193847656,25.826513290405273,25.905532836914062,26.884845733642578,27.58746910095215
22.883129119873047,23.54654312133789,24.022451400756836,24.147171020507812,24.80474853515625,25.432472229003906,25.58533477783203,26.218538284301758,26.74298095703125,28.765390396118164
23.413558959960938,23.801616668701172,24.34925651550293,24.797191619873047,25.050016403198242,25.505001068115234,26.06725311279297,26.656352996826172,27.50613021850586,28.984228134155273
23.6269588470459,23.793771743774414,24.461790084838867,24.645275115966797,25.21056365966797,25.643314361572266,25.726573944091797,26.0519962310791,27.707502365112305,28.757205963134766
24.024293899536133,24.158523559570312,24.608436584472656,24.698190689086914,25.254398345947266,25.913915634155273,26.655046463012695,26.816638946533203,28.251117706298828,29.035146713256836
23.158926010131836,23.719833374023438,24.319231033325195,24.80959701538086,25.21381378173828,25.326187133789062,26.004573822021484,26.131912231445312,26.631071090698242,28.322656631469727
23.4719181060791,23.784311294555664,24.31243324279785,24.604047775268555,24.959930419921875,25.612783432006836,25.858890533447266,26.659971237182617,27.337610244750977,28.45050621032715
23.53473472595215,23.70085906982422,24.12919807434082,24.559120178222656,24.69744110107422,25.530420303344727,26.045942306518555,26.517066955566406,27.351348876953125,27.80484962463379
23.287322998046875,23.8176212310791,24.325191497802734,24.547237396240234,24.80363655090332,24.95446014404297,25.33193016052246,26.131032943725586,26.344694137573242,28.30544662475586
23.236719131469727,24.034076690673828,24.15835189819336,24.31964683532715,25.00323486328125,25.20256996154785,25.620590209960938,25.795513153076172,26.96302032470703,28.646081924438477
23.629413604736328,23.766815185546875,24.245098114013672,24.3273983001709,24.45125961303711,25.39049530029297,25.809158325195312,26.30970573425293,27.441524505615234,28.612747192382812
23.25986099243164,23.910036087036133,24.07147216796875,24.418357849121094,24.86537742614746,25.082027435302734,25.69915199279785,26.080110549926758,27.262161254882812,28.078662872314453
22.71932601928711,23.29955291748047,24.21617889404297,24.701250076293945,25.085031509399414,25.229461669921875,25.712656021118164,26.044292449951172,27.42180824279785,28.41794204711914
23.274072647094727,24.206575393676758,24.30406951904297,24.682497024536133,24.860397338867188,25.133684158325195,26.079252243041992,26.29176902770996,26.471668243408203,28.118572235107422
22.97104263305664,23.841201782226562,23.95737648010254,24.458477020263672,25.04947853088379,25.4215145111084,25.58386993408203,26.043445587158203,26.81705093383789,28.140539169311523
23.226680755615234,23.652761459350586,24.206594467163086,24.430179595947266,24.91954231262207,25.312808990478516,25.904253005981445,26.12399673461914,28.011777877807617,28.388427734375
23.424488067626953,23.546524047851562,23.904346466064453,24.404897689819336,24.839487075805664,25.279335021972656,25.683578491210938,25.872278213500977,26.397869110107422,27.788124084472656
23.171916961669922,23.65626335144043,24.264299392700195,24.460193634033203,25.05755043029785,25.141443252563477,25.633268356323242,25.97373390197754,27.204248428344727,28.429899215698242
22.746702194213867,23.599029541015625,24.217044830322266,24.631542205810547,24.696884155273438,25.484743118286133,25.58469581604004,26.459049224853516,29.231477737426758,29.79489517211914
23.429828643798828,24.203296661376953,24.302227020263672,24.402145385742188,25.212188720703125,25.678314208984375,25.855648040771484,26.84359359741211,27.800085067749023,29.281147003173828
23.25088882446289,23.414888381958008,23.839204788208008,24.336870193481445,24.50031852722168,25.038631439208984,25.592681884765625,26.105430603027344,26.302242279052734,28.861913681030273
23.362056732177734,23.87575912475586,23.967845916748047,24.721527099609375,25.084402084350586,25.18645668029785,25.911312103271484,26.110889434814453,26.740869522094727,28.53326988220215
22.96179962158203,23.821956634521484,24.290775299072266,24.83092498779297,24.983728408813477,25.51226043701172,25.961164474487305,26.41362953186035,27.821744918823242,29.179080963134766
23.152076721191406,23.682218551635742,24.14760398864746,24.417888641357422,25.02374839782715,25.466047286987305,25.680572509765625,26.122970581054688,27.869857788085938,28.89466094970703
23.435075759887695,23.856552124023438,24.018917083740234,24.491174697875977,25.216136932373047,25.286426544189453,25.64084243774414,26.12441062927246,28.343252182006836,28.343013763427734
23.612449645996094,23.799179077148438,24.150129318237305,24.375282287597656,25.004751205444336,25.185630798339844,25.706832885742188,26.608474731445312,26.729900360107422,27.98204231262207
23.063095092773438,23.495174407958984,24.054759979248047,24.499460220336914,25.061119079589844,25.49618148803711,25.792219161987305,26.029495239257812,27.214441299438477,28.603363037109375
23.168081283569336,23.866252899169922,23.976945877075195,24.46201515197754,25.018835067749023,25.095733642578125,25.17263412475586,26.814847946166992,27.027793884277344,28.917734146118164
23.420854568481445,23.89594268798828,24.35390853881836,24.646703720092773,25.02556800842285,25.206317901611328,26.10711669921875,26.314430236816406,26.562782287597656,28.45868682861328
23.433931350708008,23.845905303955078,24.108003616333008,24.293336868286133,25.202381134033203,25.323789596557617,27.405426025390625,27.47238540649414,27.837120056152344,28.358598709106445
23.265871047973633,23.41128158569336,23.888351440429688,24.611003875732422,24.755722045898438,25.431154251098633,25.65497589111328,26.224767684936523,28.235681533813477,28.595041275024414
23.316343307495117,23.988195419311523,24.175457000732422,24.75997543334961,24.913515090942383,25.076398849487305,25.72449493408203,26.436254501342773,27.267623901367188,28.57337188720703
23.10418128967285,23.650991439819336,23.908782958984375,24.466527938842773,25.168317794799805,25.294200897216797,25.740951538085938,27.319536209106445,28.04538917541504,29.628440856933594
22.874488830566406,23.904016494750977,24.102458953857422,24.471614837646484,24.692916870117188,25.1683292388916,25.847885131835938,27.006450653076172,27.115272521972656,28.624814987182617
23.64786148071289,23.758750915527344,23.917306900024414,24.75867462158203,24.93758773803711,25.732995986938477,25.903793334960938,26.339582443237305,28.633020401000977,29.01262092590332
23.141815185546875,23.895814895629883,24.21912384033203,24.607297897338867,25.00356674194336,25.298309326171875,25.54802131652832,25.894214630126953,27.275426864624023,28.680561065673828
23.256811141967773,23.70160675048828,24.036561965942383,24.633604049682617,24.75397300720215,25.060062408447266,25.342546463012695,26.317174911499023,27.294801712036133,28.197891235351562
23.11395835876465,24.04015350341797,24.12778663635254,24.823043823242188,25.27698516845703,25.45977783203125,26.856204986572266,26.931421279907227,27.875320434570312,29.293689727783203
22.98911476135254,23.614784240722656,24.065711975097656,24.27603530883789,25.048112869262695,25.126392364501953,25.73892593383789,26.064594268798828,26.890880584716797,28.821483612060547
23.512733459472656,24.0587215423584,24.16375160217285,24.5648136138916,25.05699920654297,25.606115341186523,25.747461318969727,26.426252365112305,27.627864837646484,28.86610984802246
23.481609344482422,23.91530990600586,24.40495491027832,24.86009979248047,24.971843719482422,25.486392974853516,25.947357177734375,26.484893798828125,27.0060977935791,28.356765747070312
23.317874908447266,24.053733825683594,24.140865325927734,24.654523849487305,25.01474952697754,25.324329376220703,25.906625747680664,26.650421142578125,27.42184829711914,28.14409828186035
23.092178344726562,23.826698303222656,23.97174644470215,24.533220291137695,25.007156372070312,25.216447830200195,25.381175994873047,26.1728572845459,26.710119247436523,28.458810806274414
22.975326538085938,23.63848304748535,24.20336151123047,24.406984329223633,24.905506134033203,25.383060455322266,25.8364200592041,26.072750091552734,27.199066162109375,28.942100524902344
23.434743881225586,23.52845001220703,24.09958267211914,24.328107833862305,24.682558059692383,24.909996032714844,25.390119552612305,26.130691528320312,28.57891845703125,28.58805274963379
23.273189544677734,23.680885314941406,24.32077980041504,24.523008346557617,25.14365577697754,25.622909545898438,25.850936889648438,26.477645874023438,28.42396354675293,28.66175079345703
23.6843318939209,23.735048294067383,23.785764694213867,24.416980743408203,24.673246383666992,25.41110610961914,25.811100006103516,26.347394943237305,28.713228225708008,28.78190040588379
23.44499397277832,24.016883850097656,24.117359161376953,24.65406036376953,24.905466079711914,25.258756637573242,25.531192779541016,25.79579734802246,26.447641372680664,27.737825393676758
23.45638656616211,23.663982391357422,24.040807723999023,24.61141586303711,24.751649856567383,25.07920265197754,25.91192626953125,26.265249252319336,27.044143676757812,28.459508895874023
23.649303436279297,23.829727172851562,24.43402671813965,24.50397300720215,25.41543197631836,25.56645393371582,25.690780639648438,26.651683807373047,28.326339721679688,28.330419540405273
23.19062042236328,23.544469833374023,24.05167007446289,24.445249557495117,24.588768005371094,25.08587074279785,25.36736297607422,25.924240112304688,26.75165367126465,27.990699768066406
23.825111389160156,23.882680892944336,23.94025230407715,24.55059051513672,24.928089141845703,25.105472564697266,25.845712661743164,26.627159118652344,28.659265518188477,28.955474853515625
23.667015075683594,23.786760330200195,24.251955032348633,24.857730865478516,25.409652709960938,25.537220001220703,25.897293090820312,26.52824592590332,27.221847534179688,28.053470611572266
23.45775032043457,23.681814193725586,24.120718002319336,24.657291412353516,24.78575897216797,25.145034790039062,25.310850143432617,25.79062843322754,26.859853744506836,28.04718017578125
23.505126953125,23.767263412475586,24.288164138793945,25.058364868164062,25.162126541137695,25.85944175720215,26.263996124267578,26.682910919189453,27.650497436523438,28.80111312866211
22.559608459472656,23.541893005371094,24.058534622192383,24.545581817626953,25.031972885131836,25.625749588012695,25.72096824645996,26.659311294555664,27.801372528076172,28.76327133178711
23.50644874572754,23.66779136657715,24.620378494262695,24.775083541870117,25.22641944885254,25.822479248046875,25.97218894958496,27.003515243530273,27.652626037597656,28.811847686767578
23.2462215423584,23.729372024536133,24.152376174926758,24.651594161987305,25.292572021484375,25.564258575439453,26.45589828491211,26.85308837890625,27.812238693237305,28.801116943359375
23.617023468017578,24.03529167175293,24.446195602416992,24.532447814941406,25.092681884765625,25.218149185180664,25.645748138427734,26.661121368408203,27.61065673828125,29.04279136657715
23.00737762451172,23.30128288269043,23.871301651000977,24.487485885620117,24.873886108398438,25.425745010375977,25.716949462890625,25.950210571289062,26.231250762939453,28.533340454101562
23.309301376342773,23.905065536499023,24.277708053588867,24.736228942871094,24.8828182220459,25.458356857299805,25.710161209106445,26.271196365356445,26.805269241333008,28.325164794921875
23.344343185424805,23.57948875427246,24.129182815551758,24.550010681152344,24.76653480529785,25.254985809326172,25.636518478393555,25.930734634399414,28.15618896484375,28.2971134185791
22.818069458007812,23.62778091430664,23.75988006591797,24.336767196655273,24.670547485351562,25.31568717956543,25.69845962524414,25.83482551574707,26.783920288085938,28.39787483215332
22.963172912597656,23.677066802978516,24.500207901000977,24.639169692993164,24.68817710876465,25.059326171875,25.60658836364746,26.027143478393555,28.037145614624023,28.785314559936523
23.2060489654541,23.888784408569336,24.628135681152344,24.78482437133789,25.243274688720703,25.857492446899414,26.601333618164062,26.82101821899414,27.589052200317383,28.83061981201172
23.60275650024414,23.733797073364258,24.188871383666992,24.597679138183594,24.833009719848633,25.316335678100586,25.54291534423828,26.095718383789062,26.53130531311035,28.179763793945312
23.31988525390625,23.493913650512695,24.24136734008789,24.61020851135254,24.737571716308594,25.105144500732422,25.63536262512207,26.873476028442383,28.624652862548828,28.968488693237305
23.159584045410156,23.677976608276367,24.401775360107422,24.702556610107422,25.146141052246094,25.610736846923828,25.794967651367188,26.473541259765625,27.014856338500977,28.531265258789062
23.294527053833008,23.88790512084961,24.3035831451416,24.572559356689453,24.943058013916016,25.10517120361328,25.681663513183594,25.935117721557617,26.612045288085938,28.173992156982422
23.49439239501953,23.669736862182617,24.122270584106445,24.436500549316406,24.819658279418945,24.966785430908203,25.362533569335938,26.07110595703125,27.04087257385254,28.06214141845703
23.690309524536133,23.87828254699707,25.00035285949707,25.042484283447266,25.084617614746094,25.126750946044922,25.168882369995117,27.037158966064453,28.821800231933594,28.970861434936523
23.04942512512207,23.43302345275879,24.058988571166992,24.416271209716797,24.667051315307617,24.933082580566406,25.503820419311523,26.274099349975586,28.64255142211914,29.19723892211914
23.295246124267578,24.027111053466797,24.21500015258789,24.335481643676758,24.69074058532715,25.228473663330078,25.700695037841797,26.11314582824707,27.05055809020996,28.40521240234375
23.080535888671875,23.69348907470703,24.40665054321289,24.583171844482422,24.907169342041016,25.40161895751953,25.820985794067383,26.249109268188477,27.216014862060547,28.369903564453125
23.224407196044922,23.790647506713867,24.33126449584961,24.631465911865234,25.23808479309082,25.31407356262207,26.232471466064453,26.393566131591797,27.479724884033203,28.693744659423828
23.09687042236328,23.353466033935547,23.6431941986084,24.457151412963867,24.53676986694336,25.232933044433594,25.398283004760742,25.49262237548828,26.346044540405273,27.54587745666504
23.404905319213867,23.495912551879883,24.44257354736328,24.815719604492188,24.92349624633789,25.24299430847168,25.86849594116211,26.414791107177734,26.49334144592285,28.272829055786133
23.227933883666992,23.989137649536133,24.447261810302734,24.573671340942383,24.83066177368164,24.93745231628418,25.371557235717773,25.67762565612793,26.596792221069336,27.673908233642578
23.615707397460938,23.748544692993164,24.009109497070312,24.086639404296875,24.7138671875,25.272705078125,26.042192459106445,26.143321990966797,29.54096221923828,29.607784271240234
22.961509704589844,23.68716812133789,24.257200241088867,24.383283615112305,24.744478225708008,25.427841186523438,25.84413719177246,27.0061092376709,28.620561599731445,28.831857681274414
23.27069854736328,24.024845123291016,24.24310874938965,24.645219802856445,24.874361038208008,25.15679931640625,25.864063262939453,26.065954208374023,27.619380950927734,29.11338996887207
23.21619415283203,23.955930709838867,24.423593521118164,24.501731872558594,24.961599349975586,25.465824127197266,25.579463958740234,26.082372665405273,26.615489959716797,28.251184463500977
23.569087982177734,24.0822696685791,24.30083465576172,24.457399368286133,24.92530059814453,25.07305335998535,25.741722106933594,26.445659637451172,26.657541275024414,28.289749145507812
22.91876220703125,23.819232940673828,23.972185134887695,24.19500160217285,24.669004440307617,25.340604782104492,25.493059158325195,26.6066837310791,28.024662017822266,29.200576782226562
23.451190948486328,23.548675537109375,24.049705505371094,24.475421905517578,24.837265014648438,25.206266403198242,25.662614822387695,27.425785064697266,28.44027328491211,28.695465087890625
23.234128952026367,24.214569091796875,24.342348098754883,24.51287269592285,24.69670295715332,25.355976104736328,25.516258239746094,26.279808044433594,27.252771377563477,28.82286262512207
23.444429397583008,23.592449188232422,24.429006576538086,24.556182861328125,24.788612365722656,25.149866104125977,25.653390884399414,25.791709899902344,26.821250915527344,28.17356300354004
23.04176902770996,23.60198974609375,24.23862648010254,24.38861656188965,24.735097885131836,25.400983810424805,25.871870040893555,25.97960090637207,27.011568069458008,28.246047973632812
23.775596618652344,24.00775909423828,24.125930786132812,24.517210006713867,25.04358673095703,26.402084350585938,26.466367721557617,26.530649185180664,27.615596771240234,28.147232055664062
23.361068725585938,23.54981803894043,23.69717025756836,24.82110595703125,24.917226791381836,25.02546501159668,25.466102600097656,25.664268493652344,26.31548309326172,26.88128662109375
23.46209716796875,23.59676742553711,24.41969871520996,24.5385799407959,24.937231063842773,25.25231170654297,25.608430862426758,26.23879623413086,27.09632110595703,28.56613540649414
23.31757354736328,23.61042022705078,24.202299118041992,24.502634048461914,24.863759994506836,25.254314422607422,25.777950286865234,26.279264450073242,26.617427825927734,28.18317222595215
23.040056228637695,23.561874389648438,24.080232620239258,24.327207565307617,24.673477172851562,25.360431671142578,25.471038818359375,25.55640411376953,26.697086334228516,27.90712547302246
23.28914451599121,23.695648193359375,24.058610916137695,24.344087600708008,25.025270462036133,25.1154727935791,25.80910873413086,25.954030990600586,27.623254776000977,28.165538787841797
23.62173843383789,24.00571060180664,24.176610946655273,24.406740188598633,25.207962036132812,25.321163177490234,25.955041885375977,26.164514541625977,27.084793090820312,28.186641693115234
23.619646072387695,24.034767150878906,24.31212615966797,24.71342658996582,25.068864822387695,25.622053146362305,25.767044067382812,26.422130584716797,26.87468910217285,28.324827194213867
22.847171783447266,23.54556655883789,23.979522705078125,24.630590438842773,24.766857147216797,25.362857818603516,25.49612808227539,26.618270874023438,27.210493087768555,28.768245697021484
23.721195220947266,23.855281829833984,23.96991539001465,24.518653869628906,25.326740264892578,25.781742095947266,26.848682403564453,27.32451629638672,28.283355712890625,29.165851593017578
23.109142303466797,23.82158851623535,24.26138687133789,24.520524978637695,25.217815399169922,25.627038955688477,25.773147583007812,26.074068069458008,27.414688110351562,29.158414840698242
23.40605354309082,23.539897918701172,24.283315658569336,24.489408493041992,24.746456146240234,25.179895401000977,25.53274917602539,26.05462074279785,26.835643768310547,28.538000106811523
22.50969123840332,24.0799617767334,24.17905044555664,24.4173641204834,25.44473648071289,26.246938705444336,26.32391357421875,27.301389694213867,28.04010581970215,29.18767738342285
23.230283737182617,23.925273895263672,24.116891860961914,24.331083297729492,24.760055541992188,25.231163024902344,25.81212043762207,26.474483489990234,28.027374267578125,28.737281799316406
23.580036163330078,24.174270629882812,24.30652618408203,24.712886810302734,24.971160888671875,25.23671531677246,26.27276611328125,26.440940856933594,27.232065200805664,29.079761505126953
22.558650970458984,23.50452423095703,24.2399959564209,24.835750579833984,24.928964614868164,25.267826080322266,25.591541290283203,26.2004451751709,26.532470703125,28.57820701599121
23.611608505249023,23.751846313476562,24.41507339477539,24.5279598236084,24.705402374267578,25.23021125793457,25.766983032226562,26.452518463134766,28.011709213256836,28.492151260375977
23.283721923828125,23.819255828857422,23.961380004882812,24.802141189575195,24.92009735107422,25.21673011779785,26.05797576904297,26.40195655822754,26.936767578125,28.52642059326172
23.17182159423828,23.637296676635742,24.2880859375,24.638471603393555,24.834566116333008,25.566974639892578,26.02069664001465,26.168127059936523,26.476308822631836,27.938053131103516
23.05573081970215,24.265567779541016,24.48077392578125,24.586091995239258,25.06562614440918,25.611351013183594,25.744905471801758,25.890857696533203,28.63918113708496,28.831775665283203
23.183696746826172,23.373950958251953,23.878400802612305,23.983652114868164,24.323238372802734,25.045848846435547,25.244747161865234,25.58387565612793,28.135662078857422,28.172399520874023
23.331714630126953,24.087726593017578,24.27045440673828,24.838897705078125,24.91290283203125,25.503164291381836,25.86842918395996,26.523523330688477,26.875429153442383,28.493743896484375
23.49697494506836,24.21270751953125,24.351524353027344,24.752939224243164,25.29949951171875,25.652631759643555,26.35199737548828,27.417301177978516,27.54812240600586,29.291521072387695
22.95026969909668,23.65711212158203,24.369033813476562,24.540496826171875,25.01019287109375,25.16630744934082,25.778337478637695,25.933374404907227,27.21735191345215,28.265146255493164
23.174030303955078,23.630165100097656,23.825485229492188,24.344200134277344,24.530160903930664,25.01433563232422,25.65776824951172,25.727073669433594,26.264404296875,27.93595314025879
23.600955963134766,24.202789306640625,24.644756317138672,24.71001434326172,25.078571319580078,25.435211181640625,26.190858840942383,26.703760147094727,27.750757217407227,29.652820587158203
23.407264709472656,23.83258628845215,24.1385440826416,24.29316520690918,24.859882354736328,24.972543716430664,25.643043518066406,26.07448387145996,26.456748962402344,28.643768310546875
22.884218215942383,23.715391159057617,24.23309326171875,24.802383422851562,25.107851028442383,25.538145065307617,26.13429832458496,26.41965103149414,27.068565368652344,28.643198013305664
23.1769962310791,24.09060287475586,24.465517044067383,24.67737579345703,25.25216293334961,25.369447708129883,25.832904815673828,25.979948043823242,26.988731384277344,28.39599609375
23.83601188659668,24.423141479492188,24.53040313720703,24.657243728637695,24.832300186157227,25.331043243408203,25.464462280273438,26.41823959350586,27.235118865966797,28.536819458007812
23.370393753051758,23.684022903442383,24.10439109802246,24.83838653564453,24.999588012695312,25.129837036132812,25.661148071289062,26.227542877197266,27.304231643676758,28.43179702758789
23.150850296020508,23.614154815673828,24.44988250732422,24.528778076171875,24.95197105407715,25.642274856567383,25.780588150024414,26.0366268157959,26.66408920288086,28.17229652404785
23.472261428833008,24.043140411376953,24.144044876098633,24.515363693237305,25.02519416809082,25.141616821289062,25.43675422668457,25.900714874267578,26.699983596801758,29.222505569458008
23.140830993652344,23.741796493530273,24.104385375976562,24.32782745361328,24.495058059692383,25.014659881591797,25.677841186523438,26.03629493713379,26.898351669311523,27.835458755493164
22.974729537963867,23.67949867248535,23.77330207824707,24.254985809326172,24.784936904907227,25.01172637939453,25.3884220123291,25.833030700683594,26.677560806274414,27.979272842407227
23.281742095947266,23.918949127197266,24.296001434326172,24.678497314453125,24.834867477416992,25.354354858398438,25.708871841430664,26.546390533447266,27.6545467376709,28.8867244720459
23.487224578857422,24.015056610107422,24.125751495361328,24.63002586364746,24.846059799194336,25.71909523010254,26.04969596862793,26.42715835571289,28.263324737548828,28.31052589416504
22.890419006347656,23.516157150268555,24.1686954498291,24.513408660888672,24.977901458740234,25.27058219909668,25.911006927490234,26.276248931884766,26.744985580444336,28.813915252685547
23.33074188232422,23.788511276245117,24.491994857788086,24.708984375,24.887529373168945,25.756872177124023,25.924266815185547,26.55404281616211,27.033966064453125,28.527603149414062
23.107877731323242,23.71859359741211,24.288414001464844,24.84467887878418,24.926132202148438,25.666128158569336,26.28111457824707,26.725330352783203,27.652050018310547,28.560958862304688
23.149370193481445,23.46188735961914,24.08396339416504,24.24526023864746,24.80316162109375,25.17521858215332,25.47849464416504,26.23541831970215,26.890981674194336,28.784133911132812
22.903730392456055,23.428003311157227,24.2481746673584,24.316457748413086,24.708471298217773,24.99798011779785,25.453147888183594,26.067935943603516,26.845169067382812,28.071321487426758
23.313934326171875,23.692970275878906,24.084720611572266,24.668699264526367,25.032121658325195,25.195955276489258,25.5334415435791,26.417163848876953,26.70358657836914,28.212574005126953
23.604202270507812,23.966548919677734,24.470544815063477,24.5457820892334,25.211835861206055,25.455373764038086,25.901084899902344,26.294713973999023,27.348482131958008,30.378976821899414
23.65637969970703,24.26298713684082,24.459121704101562,24.544401168823242,25.828948974609375,26.02747917175293,26.12020492553711,27.019927978515625,27.668554306030273,28.544424057006836
23.037189483642578,23.72740364074707,24.282854080200195,24.502944946289062,24.932037353515625,25.286731719970703,25.89577293395996,26.312955856323242,28.191526412963867,28.28940773010254
23.422386169433594,23.537817001342773,23.832969665527344,24.364849090576172,24.809099197387695,24.93856430053711,25.186025619506836,25.668697357177734,26.60289192199707,27.88319206237793
23.236825942993164,24.034852981567383,24.15339469909668,24.378931045532227,24.85999298095703,25.29351234436035,25.869678497314453,26.286588668823242,27.242258071899414,28.816221237182617
23.133760452270508,23.848838806152344,24.236499786376953,24.377033233642578,25.02165985107422,25.18279457092285,25.643083572387695,25.760480880737305,26.653064727783203,28.485139846801758
22.9337100982666,24.037269592285156,24.122535705566406,24.623140335083008,25.431901931762695,25.500524520874023,25.569149017333984,26.027664184570312,28.632585525512695,28.791074752807617
24.01468276977539,24.445459365844727,24.82396125793457,24.933258056640625,25.025375366210938,25.09054946899414,26.61244773864746,27.03423309326172,28.458499908447266,28.81537437438965
23.458415985107422,23.631256103515625,24.063247680664062,24.154069900512695,24.56195068359375,25.03006362915039,25.40102767944336,25.51128578186035,26.51421546936035,28.017465591430664
23.564645767211914,23.765832901000977,24.468219757080078,25.007686614990234,25.885650634765625,26.619522094726562,27.150785446166992,28.045459747314453,28.162385940551758,28.495922088623047
23.43731689453125,24.067378997802734,24.16398811340332,24.851499557495117,25.80314064025879,25.86716079711914,25.93117904663086,26.82988739013672,28.02487564086914,28.63861656188965
23.458293914794922,23.992618560791016,24.449556350708008,24.599796295166016,24.947568893432617,25.139476776123047,26.400449752807617,26.96330451965332,27.90155792236328,29.059118270874023
23.42129898071289,23.904315948486328,24.510286331176758,24.75476837158203,25.010608673095703,25.15340805053711,25.55414390563965,26.03342056274414,27.261117935180664,28.79967498779297
23.080387115478516,23.696168899536133,24.234966278076172,24.512630462646484,25.18762969970703,25.45186996459961,25.923330307006836,26.361719131469727,27.221105575561523,28.884984970092773
22.985376358032227,23.657499313354492,24.27040672302246,24.429115295410156,24.529138565063477,25.229808807373047,25.308115005493164,26.046634674072266,27.024539947509766,27.68001365661621
23.2876033782959,23.840112686157227,24.21280288696289,24.629655838012695,24.958274841308594,25.16272735595703,25.66452407836914,25.866167068481445,26.431325912475586,28.429105758666992
23.247665405273438,23.824298858642578,24.229616165161133,24.353824615478516,24.480785369873047,25.064430236816406,25.876482009887695,26.093599319458008,26.959604263305664,28.431243896484375
23.31682777404785,23.469623565673828,24.00691032409668,24.4819278717041,24.811269760131836,25.243165969848633,25.47136878967285,25.59530258178711,27.60577392578125,28.72891616821289
23.62717628479004,23.809675216674805,23.92759132385254,24.33773422241211,24.67886734008789,25.250198364257812,25.763458251953125,26.247217178344727,27.41004180908203,29.031455993652344
22.82471466064453,24.00446891784668,24.088956832885742,24.173444747924805,25.174203872680664,25.29090690612793,25.845821380615234,26.220605850219727,26.77471923828125,28.3244571685791
22.748992919921875,24.025957107543945,24.167268753051758,24.64834976196289,24.814971923828125,25.016834259033203,26.24457550048828,26.465055465698242,27.150028228759766,28.476526260375977
22.694631576538086,23.935731887817383,24.331642150878906,24.555452346801758,25.27538299560547,25.436573028564453,25.88376808166504,26.10384750366211,27.00493812561035,28.584266662597656
23.56201171875,23.74813461303711,23.94622230529785,24.444122314453125,25.214317321777344,25.290552139282227,25.366788864135742,25.866952896118164,27.106348037719727,28.590490341186523
23.46160316467285,23.724401473999023,24.230804443359375,24.380578994750977,24.805198669433594,25.23436164855957,26.23057746887207,26.386165618896484,28.133926391601562,28.941177368164062
23.836894989013672,24.007347106933594,24.098466873168945,24.189584732055664,24.889785766601562,25.34386444091797,25.86686134338379,26.002599716186523,29.01611328125,29.164443969726562
23.411314010620117,23.52402114868164,24.117420196533203,24.406963348388672,24.867412567138672,25.095434188842773,25.84212303161621,26.092315673828125,26.32936668395996,28.188217163085938
23.31985092163086,24.44139289855957,24.520431518554688,24.829832077026367,25.228464126586914,25.345958709716797,25.713661193847656,26.095252990722656,27.772953033447266,27.832509994506836
23.221914291381836,23.536500930786133,23.901779174804688,24.471054077148438,24.82038688659668,25.35948944091797,25.687685012817383,25.933589935302734,27.027143478393555,28.910186767578125
23.844600677490234,23.924884796142578,24.026227951049805,24.665346145629883,25.238431930541992,25.316268920898438,25.394107818603516,27.04693603515625,27.467208862304688,28.122417449951172
23.326536178588867,23.663145065307617,24.210844039916992,24.55536651611328,25.207242965698242,25.32872772216797,25.853103637695312,26.52359962463379,27.133907318115234,28.947959899902344
23.367769241333008,23.831928253173828,24.324174880981445,24.639629364013672,24.782550811767578,25.167831420898438,25.507705688476562,26.004579544067383,27.404102325439453,29.273889541625977
23.614152908325195,23.7325382232666,24.61684226989746,24.731210708618164,24.99248504638672,25.675777435302734,26.267608642578125,26.673120498657227,28.843185424804688,30.224262237548828
22.781890869140625,23.426223754882812,24.041738510131836,24.663557052612305,24.79657554626465,25.126176834106445,25.634029388427734,25.956100463867188,28.201757431030273,28.59117889404297
23.651607513427734,23.86207389831543,24.277849197387695,24.587482452392578,24.778003692626953,25.349681854248047,25.56849479675293,25.956737518310547,28.20534324645996,29.368932723999023
23.7088680267334,23.81435775756836,25.402021408081055,25.45156478881836,25.50110626220703,25.550647735595703,26.273828506469727,28.257823944091797,28.40364646911621,28.61579704284668
23.12094497680664,23.531028747558594,24.318069458007812,24.63948631286621,24.76065444946289,25.447628021240234,25.671192169189453,26.8283634185791,27.918745040893555,29.23786735534668
22.86956214904785,23.86028480529785,24.26319122314453,24.523147583007812,24.776859283447266,25.45279312133789,25.825485229492188,26.3452205657959,26.795734405517578,27.978607177734375
23.25047492980957,23.809219360351562,24.07628631591797,24.532684326171875,25.006467819213867,25.480209350585938,25.592042922973633,26.18577003479004,26.854921340942383,28.274473190307617
23.26971435546875,23.546266555786133,24.06515884399414,24.22348976135254,24.759876251220703,25.202922821044922,25.644107818603516,25.72040557861328,27.63509750366211,27.95935821533203
23.039060592651367,24.016124725341797,24.469240188598633,24.638690948486328,25.03777313232422,25.124710083007812,26.097131729125977,26.25398826599121,26.398502349853516,28.47735023498535
23.271570205688477,24.030277252197266,24.107275009155273,24.62053108215332,24.92639923095703,25.117223739624023,25.27902603149414,25.924097061157227,28.183507919311523,28.299428939819336
23.582473754882812,24.131092071533203,24.262557983398438,24.938186645507812,25.057571411132812,25.12168312072754,25.906414031982422,26.342540740966797,28.00935173034668,28.434091567993164
23.072153091430664,23.83219337463379,23.933382034301758,24.467559814453125,24.569931030273438,25.134384155273438,25.32636070251465,25.546159744262695,26.460098266601562,27.382686614990234
22.312856674194336,23.49989891052246,23.66245460510254,24.617477416992188,24.68245506286621,24.747438430786133,25.007675170898438,25.680255889892578,27.209732055664062,27.805667877197266
23.462141036987305,23.8385066986084,24.264657974243164,25.029850006103516,25.097929000854492,25.467037200927734,25.68149757385254,26.113439559936523,28.600784301757812,28.828554153442383
23.630151748657227,23.700204849243164,23.7702579498291,24.813928604125977,24.927383422851562,25.454099655151367,25.945415496826172,26.507230758666992,27.449020385742188,28.790355682373047
23.514141082763672,23.736087799072266,24.441085815429688,24.620485305786133,25.301177978515625,25.767398834228516,25.944814682006836,26.477977752685547,27.558616638183594,29.111499786376953
23.831485748291016,23.9088191986084,23.98615074157715,24.829057693481445,24.974163055419922,25.102014541625977,25.88063621520996,26.328895568847656,27.696496963500977,28.352500915527344
24.001121520996094,24.060176849365234,24.85292625427246,25.24847984313965,25.31153678894043,25.61756134033203,27.8657169342041,29.23250389099121,29.63479232788086,30.144020080566406
23.239580154418945,23.729909896850586,24.2352352142334,24.655282974243164,24.761032104492188,25.33407211303711,25.642627716064453,25.996667861938477,26.65011978149414,28.38566017150879
23.33869171142578,23.537750244140625,23.713459014892578,24.440765380859375,24.52086639404297,24.893709182739258,25.49143409729004,25.92786979675293,26.821990966796875,27.857194900512695
22.831707000732422,23.899599075317383,24.226219177246094,24.307138442993164,24.838542938232422,24.947296142578125,25.7490234375,26.101160049438477,26.293760299682617,27.8080997467041
23.0361385345459,23.819473266601562,23.984691619873047,24.250316619873047,25.215261459350586,25.304515838623047,25.67009925842285,27.000253677368164,29.01763153076172,29.458974838256836
23.171283721923828,23.82538414001465,23.995058059692383,24.439199447631836,24.617921829223633,24.871206283569336,25.7177677154541,25.91243553161621,26.65345573425293,27.91632080078125
23.076845169067383,23.57624053955078,24.018203735351562,24.138179779052734,24.516822814941406,24.96786117553711,25.126243591308594,25.684537887573242,27.011489868164062,28.756500244140625
23.01955223083496,24.001815795898438,24.138324737548828,24.418577194213867,25.08269691467285,25.242816925048828,25.665634155273438,26.273197174072266,26.91526222229004,28.421432495117188
23.844724655151367,23.906511306762695,23.968299865722656,24.464889526367188,24.900859832763672,25.410690307617188,25.85994529724121,25.985794067382812,26.89251708984375,28.741504669189453
23.717771530151367,23.855531692504883,24.218021392822266,24.30687141418457,24.832340240478516,25.272613525390625,25.44192123413086,26.037609100341797,27.250316619873047,28.21609115600586
23.167890548706055,23.654714584350586,23.762632369995117,24.420820236206055,24.800642013549805,24.946298599243164,25.381099700927734,25.565980911254883,26.585893630981445,28.36512565612793
23.121919631958008,23.315065383911133,24.225540161132812,24.318452835083008,24.820100784301758,24.88901710510254,24.95793342590332,25.49517250061035,26.275264739990234,27.777925491333008
22.63053321838379,24.000804901123047,24.409725189208984,24.581375122070312,25.224964141845703,25.7592830657959,26.200408935546875,26.49172592163086,28.018701553344727,28.601747512817383
23.278419494628906,23.841720581054688,23.913618087768555,24.463438034057617,24.81848907470703,25.637592315673828,25.898767471313477,27.00351905822754,27.458892822265625,28.14226722717285
22.971046447753906,23.516643524169922,23.901203155517578,24.387537002563477,24.83098602294922,25.27135467529297,25.821229934692383,26.087549209594727,27.11443519592285,28.444080352783203
23.225645065307617,23.3218936920166,23.949647903442383,24.486547470092773,24.703046798706055,25.285816192626953,25.614866256713867,26.20939826965332,27.189062118530273,29.481922149658203
23.652597427368164,24.02853012084961,24.0986385345459,24.623085021972656,24.754627227783203,25.28752326965332,25.644742965698242,25.737619400024414,26.67710304260254,29.093175888061523
23.01312828063965,23.456205368041992,24.06816291809082,24.386272430419922,24.816381454467773,25.08064842224121,25.65874481201172,26.190441131591797,26.94834327697754,28.147857666015625
23.408964157104492,23.554351806640625,24.477516174316406,24.60987663269043,24.824264526367188,25.40170669555664,25.544797897338867,26.851903915405273,27.340890884399414,28.437881469726562
23.64754295349121,23.85750961303711,24.310319900512695,24.458192825317383,24.52693748474121,25.616960525512695,25.683258056640625,26.20988655090332,26.68821144104004,28.004159927368164
23.86022186279297,23.974624633789062,24.69807243347168,24.798858642578125,25.24904441833496,25.801496505737305,26.207080841064453,26.6306209564209,27.560285568237305,28.39143943786621
23.315778732299805,23.83987808227539,24.217679977416992,24.312808990478516,24.697725296020508,25.29612159729004,25.43731117248535,26.010507583618164,27.017120361328125,27.925262451171875
23.348587036132812,23.523595809936523,24.099708557128906,24.73283576965332,25.22776985168457,25.289199829101562,26.053213119506836,26.143169403076172,27.441247940063477,28.511123657226562
23.152647018432617,23.56719207763672,24.169109344482422,24.635509490966797,24.772079467773438,24.998029708862305,25.490129470825195,26.272342681884766,26.748409271240234,28.436452865600586
23.254899978637695,23.800430297851562,24.075931549072266,24.820707321166992,25.20174217224121,25.319318771362305,25.650867462158203,26.608549118041992,26.730321884155273,27.271821975708008
23.150300979614258,23.86254119873047,24.420949935913086,24.502164840698242,25.46196746826172,25.626108169555664,26.067489624023438,26.13873291015625,26.579254150390625,27.56708526611328
23.031450271606445,23.934295654296875,24.23870277404785,24.841876983642578,24.96544647216797,25.49356460571289,25.91002082824707,26.602426528930664,26.695720672607422,28.82021141052246
23.03069305419922,24.034029006958008,24.730953216552734,24.87911605834961,25.407119750976562,25.494047164916992,26.060821533203125,27.41221046447754,27.550851821899414,29.287973403930664
23.53738784790039,23.872451782226562,24.283945083618164,24.67940902709961,24.775819778442383,25.26715087890625,25.499052047729492,25.855642318725586,26.536624908447266,28.127208709716797
23.403919219970703,23.622499465942383,24.44289207458496,24.52714729309082,25.06603240966797,25.255043029785156,25.689496994018555,26.62644386291504,26.75357437133789,28.44287109375
23.22233009338379,23.66358184814453,23.76288414001465,24.097780227661133,24.475582122802734,25.424362182617188,25.504812240600586,26.24635887145996,27.887521743774414,28.710124969482422
23.215068817138672,23.39265251159668,23.91280746459961,24.31772232055664,24.489585876464844,25.086658477783203,25.624835968017578,25.760629653930664,26.462936401367188,27.9943904876709
23.26430320739746,24.008525848388672,24.6037540435791,24.66902732849121,24.73430061340332,25.402549743652344,25.640230178833008,26.05859375,26.179231643676758,27.892887115478516
23.145105361938477,23.779125213623047,24.20178985595703,24.527101516723633,24.86762237548828,25.496074676513672,26.033214569091797,26.153934478759766,26.646272659301758,28.324222564697266
23.291828155517578,23.552490234375,24.020200729370117,24.4781551361084,24.80913734436035,25.15396499633789,25.548616409301758,25.998302459716797,27.613388061523438,28.52166748046875
23.469810485839844,23.705978393554688,24.434921264648438,24.54170036315918,24.771991729736328,25.304039001464844,25.48341941833496,26.07925796508789,27.00054931640625,28.266931533813477
23.60222625732422,23.707319259643555,23.95183753967285,24.544095993041992,24.893564224243164,25.19598388671875,25.39338493347168,26.142929077148438,26.60780906677246,28.116500854492188
23.649263381958008,23.74768829345703,24.311635971069336,24.81143569946289,25.421138763427734,25.51637077331543,26.045486450195312,26.323122024536133,28.227819442749023,28.787677764892578
23.566722869873047,23.718111038208008,24.31456184387207,24.435224533081055,24.514883041381836,25.023866653442383,26.01779556274414,26.81658935546875,26.86536979675293,27.55441665649414
23.818269729614258,23.890764236450195,24.40294647216797,24.486366271972656,24.83487892150879,25.230728149414062,25.629796981811523,28.614866256713867,28.724807739257812,28.702438354492188
23.272180557250977,23.732501983642578,24.21546745300293,24.352270126342773,24.58319664001465,25.198650360107422,26.004480361938477,26.125526428222656,26.477325439453125,27.81531524658203
23.435800552368164,23.654905319213867,24.378931045532227,24.919328689575195,25.048789978027344,25.836416244506836,26.014904022216797,26.8396053314209,26.915292739868164,28.73493003845215
23.112852096557617,23.80875015258789,23.92327308654785,24.65691375732422,25.009614944458008,25.12166976928711,25.528757095336914,26.11095428466797,27.091402053833008,28.20551300048828
23.514760971069336,23.591312408447266,24.819137573242188,24.909624099731445,25.00071144104004,25.49471092224121,26.092681884765625,26.62395668029785,28.28057289123535,28.82036781311035
23.832069396972656,23.924556732177734,24.072187423706055,24.452640533447266,24.567766189575195,25.296836853027344,25.606353759765625,25.69058609008789,26.678199768066406,27.60193634033203
23.06142234802246,23.470003128051758,23.598594665527344,24.45818328857422,25.10198211669922,25.24077606201172,25.32284164428711,26.64203643798828,27.602951049804688,28.941938400268555
22.667184829711914,23.83970832824707,23.963590621948242,24.25910186767578,24.398033142089844,24.869436264038086,25.47939109802246,25.627588272094727,27.25604820251465,27.853559494018555
22.947120666503906,23.46612548828125,24.210603713989258,24.43783187866211,24.77010726928711,25.47549057006836,25.571592330932617,26.460323333740234,28.974971771240234,29.623498916625977
22.946338653564453,23.71533203125,23.922821044921875,24.37216567993164,24.504985809326172,25.003421783447266,25.437273025512695,25.56825065612793,27.421424865722656,27.769174575805664
23.523021697998047,24.005615234375,24.09087371826172,24.84148406982422,24.958309173583984,25.168506622314453,25.733474731445312,26.323442459106445,27.516765594482422,28.85343360900879
22.828262329101562,23.548625946044922,24.20148468017578,24.297740936279297,24.60197639465332,25.24730682373047,25.84027862548828,25.968103408813477,27.869243621826172,28.703433990478516
23.338165283203125,23.63165855407715,24.27182960510254,24.660438537597656,25.053573608398438,25.82061195373535,25.967403411865234,27.226699829101562,28.01665687561035,28.58517837524414
23.129425048828125,23.9165096282959,24.080753326416016,24.66094207763672,24.74285316467285,25.225534439086914,25.481372833251953,26.248153686523438,26.808059692382812,28.240894317626953
23.434776306152344,23.503894805908203,24.11467933654785,24.459505081176758,24.831619262695312,25.302141189575195,25.60107421875,25.98836326599121,28.24970054626465,29.271896362304688
23.80445098876953,23.930660247802734,24.03770637512207,24.121387481689453,25.215211868286133,25.416603088378906,25.61770248413086,26.2619571685791,27.299968719482422,28.117080688476562
23.39861488342285,23.6887264251709,23.846494674682617,24.528406143188477,25.0949649810791,25.253103256225586,25.739469528198242,26.264616012573242,26.704519271850586,27.889942169189453
23.008224487304688,23.500856399536133,23.870277404785156,24.49454689025879,24.871335983276367,25.271883010864258,25.711149215698242,26.314090728759766,27.289154052734375,28.73781394958496
23.437511444091797,23.86711311340332,24.385515213012695,24.574522018432617,25.095834732055664,25.436952590942383,25.492393493652344,26.71058464050293,28.192577362060547,28.216629028320312
23.261905670166016,23.578079223632812,23.87485694885254,24.522544860839844,24.884328842163086,25.199554443359375,25.584787368774414,26.448015213012695,26.569061279296875,27.77481460571289
23.611083984375,23.698957443237305,24.1076717376709,24.586872100830078,25.26621437072754,25.444913864135742,25.868614196777344,26.67506980895996,26.959796905517578,28.616535186767578
23.653945922851562,24.07329559326172,24.165678024291992,24.85342025756836,25.05569839477539,25.457067489624023,25.791481018066406,25.96327781677246,28.262332916259766,29.345491409301758
23.447763442993164,23.619991302490234,24.09890365600586,24.546432495117188,25.059438705444336,25.22939682006836,25.943662643432617,26.48052978515625,27.669713973999023,28.820276260375977
22.936006546020508,23.24669075012207,24.26243782043457,24.380596160888672,24.646434783935547,25.184385299682617,25.839191436767578,26.050323486328125,27.4663143157959,28.15880584716797
23.255687713623047,23.858373641967773,24.213014602661133,24.428789138793945,24.703643798828125,25.130311965942383,26.00648307800293,26.127450942993164,26.992996215820312,28.488412857055664
23.267684936523438,23.872760772705078,24.06723403930664,24.462848663330078,24.599613189697266,25.58932113647461,25.825881958007812,26.305641174316406,26.57680320739746,28.590978622436523
23.05063247680664,23.69495964050293,24.082551956176758,24.44257354736328,24.900123596191406,25.40704917907715,25.519296646118164,25.859420776367188,26.805025100708008,27.975465774536133
23.076080322265625,23.910850524902344,24.076866149902344,24.24172592163086,24.696680068969727,25.097366333007812,25.697101593017578,26.163864135742188,26.919570922851562,28.790603637695312
23.35301399230957,23.946069717407227,24.60324478149414,24.735715866088867,24.97985076904297,25.393571853637695,26.049484252929688,26.242477416992188,28.21834373474121,28.538589477539062
22.880807876586914,23.832719802856445,24.317716598510742,24.525815963745117,24.830392837524414,25.388954162597656,25.59828758239746,26.121788024902344,26.781326293945312,28.031661987304688
23.49650001525879,24.24571990966797,24.418916702270508,24.87801742553711,25.484642028808594,25.906234741210938,26.61741065979004,27.144372940063477,27.27478790283203,28.568944931030273
22.581377029418945,23.677061080932617,24.056068420410156,24.418190002441406,24.810266494750977,25.065488815307617,25.464006423950195,25.805063247680664,27.42046356201172,28.56402015686035
23.11376190185547,23.7250919342041,24.05406379699707,24.16810417175293,24.754884719848633,25.494041442871094,26.0126895904541,26.18225860595703,26.69640350341797,27.926254272460938
23.61400604248047,23.68609046936035,24.265810012817383,24.518102645874023,24.764474868774414,24.96828842163086,25.45050048828125,25.603504180908203,26.26507568359375,28.641162872314453
23.06308937072754,23.67959213256836,23.848918914794922,24.52595329284668,24.705162048339844,25.18878746032715,25.443828582763672,25.868310928344727,26.608402252197266,28.190235137939453
23.023530960083008,23.46965980529785,24.05906105041504,24.465465545654297,24.548194885253906,25.10002326965332,26.244346618652344,26.469112396240234,27.061447143554688,28.533626556396484
23.14653778076172,23.86834144592285,23.998716354370117,24.39300537109375,25.31024932861328,25.50833511352539,26.051963806152344,26.689529418945312,27.20662498474121,28.37291717529297
23.425819396972656,23.529821395874023,24.22538948059082,24.370018005371094,24.681503295898438,25.03849983215332,25.543865203857422,26.40080451965332,27.77630043029785,27.83245277404785
22.975765228271484,23.46027374267578,23.585102081298828,24.40235137939453,24.600528717041016,25.13115882873535,25.490659713745117,26.28775978088379,28.006866455078125,28.597087860107422
23.326839447021484,23.478395462036133,23.91875648498535,24.29459571838379,24.718294143676758,25.240196228027344,25.337034225463867,25.830307006835938,27.490108489990234,27.837032318115234
22.94369125366211,23.612680435180664,24.18075180053711,24.3581600189209,24.82960319519043,25.164199829101562,25.617149353027344,26.211393356323242,26.60071563720703,27.890533447265625
23.258724212646484,23.822265625,24.07830810546875,24.325740814208984,24.906038284301758,25.095552444458008,25.568641662597656,26.603256225585938,27.276153564453125,28.674333572387695
22.970518112182617,23.32700538635254,24.1379337310791,24.36661148071289,24.70539093017578,25.250431060791016,25.738710403442383,25.987401962280273,26.873886108398438,28.404220581054688
23.302522659301758,23.703020095825195,24.33820152282715,24.623342514038086,24.816904067993164,25.138607025146484,25.614425659179688,26.143028259277344,26.667816162109375,28.088247299194336
23.338165283203125,23.833450317382812,24.460285186767578,24.721466064453125,25.016517639160156,25.23737907409668,25.867584228515625,26.322484970092773,27.089740753173828,28.312759399414062
23.469764709472656,23.62453269958496,24.10012435913086,24.71961212158203,25.22356605529785,25.42227554321289,26.21695327758789,26.645448684692383,28.504335403442383,28.592859268188477
23.46181297302246,23.900171279907227,24.269367218017578,24.726699829101562,25.06545066833496,25.181316375732422,25.775665283203125,26.290924072265625,26.876449584960938,28.346282958984375
23.27165412902832,24.033605575561523,24.460243225097656,25.009008407592773,25.084331512451172,25.46495819091797,25.822118759155273,26.0456600189209,27.006473541259766,28.03670310974121
23.334306716918945,24.419864654541016,24.50326919555664,24.5866756439209,25.246662139892578,25.34435272216797,26.055967330932617,26.149381637573242,27.22273063659668,27.80892562866211
23.352418899536133,23.554174423217773,24.120145797729492,24.63450050354004,24.712175369262695,25.096019744873047,25.663633346557617,26.130935668945312,27.933605194091797,28.019563674926758
23.044715881347656,24.028305053710938,24.449085235595703,24.558197021484375,24.919469833374023,25.113784790039062,25.947521209716797,26.5837345123291,26.797964096069336,28.493810653686523
23.068395614624023,23.853225708007812,23.9119930267334,24.840503692626953,24.952014923095703,25.16260528564453,25.509063720703125,26.675424575805664,26.78586769104004,28.440814971923828
23.44191551208496,23.654132843017578,24.02743148803711,24.28288459777832,24.47199058532715,25.237117767333984,25.49648094177246,25.982986450195312,27.015625,28.138179779052734
23.222728729248047,23.337162017822266,24.421924591064453,24.510501861572266,24.599077224731445,25.4261417388916,25.507221221923828,25.999452590942383,26.866291046142578,28.667919158935547
23.423133850097656,23.507793426513672,24.13982391357422,24.61368751525879,24.738750457763672,25.653573989868164,26.06601905822754,27.29546546936035,30.111234664916992,30.25349235534668
23.238563537597656,23.646160125732422,24.264379501342773,24.373170852661133,24.92314338684082,25.420801162719727,25.814241409301758,27.059553146362305,27.454004287719727,28.76652717590332
23.437728881835938,24.019136428833008,24.45056915283203,24.524906158447266,24.599241256713867,25.207195281982422,25.711854934692383,26.448694229125977,27.423263549804688,27.818675994873047
23.48646354675293,23.83572006225586,24.025344848632812,24.177309036254883,24.85131072998047,25.251977920532227,25.836984634399414,27.205068588256836,27.81947135925293,29.280197143554688
23.054895401000977,23.574941635131836,23.949474334716797,24.181381225585938,24.593420028686523,24.89252281188965,25.511722564697266,26.054426193237305,27.088821411132812,28.536212921142578
22.70757484436035,23.505203247070312,23.7662410736084,24.30918312072754,24.513090133666992,25.237613677978516,26.067686080932617,26.834510803222656,29.0258731842041,29.231830596923828
23.204973220825195,23.853050231933594,24.343778610229492,24.508329391479492,25.056747436523438,25.258541107177734,25.87384033203125,26.013540267944336,27.494705200195312,28.102279663085938
23.624237060546875,23.775487899780273,24.464420318603516,24.561004638671875,25.019702911376953,25.309417724609375,26.093181610107422,27.204328536987305,27.28876304626465,28.753021240234375
23.328149795532227,23.60203742980957,23.85662269592285,24.500457763671875,24.863719940185547,24.96695327758789,25.703245162963867,26.260704040527344,26.9128475189209,28.657480239868164
23.148454666137695,23.34166145324707,23.949434280395508,24.191328048706055,24.62326431274414,24.726648330688477,25.43834686279297,25.52153205871582,26.21788787841797,27.684728622436523
23.11514663696289,23.6708984375,24.118091583251953,24.640899658203125,24.741283416748047,25.271825790405273,25.71427345275879,26.607666015625,27.467355728149414,28.800861358642578
23.657146453857422,24.06200408935547,24.130186080932617,24.198366165161133,24.949289321899414,25.605737686157227,25.722862243652344,26.55208969116211,27.806812286376953,28.831085205078125
23.6572208404541,23.786991119384766,24.04772186279297,24.492460250854492,24.71745491027832,25.123464584350586,26.00818634033203,26.611528396606445,27.40806770324707,28.3896541595459
23.61640167236328,23.878841400146484,24.43418312072754,24.81576156616211,25.244626998901367,25.471803665161133,25.83062744140625,26.685144424438477,27.359825134277344,28.857254028320312
23.451143264770508,23.893739700317383,24.14090347290039,24.426006317138672,24.996286392211914,25.235424041748047,25.352619171142578,26.106271743774414,27.218517303466797,28.09407615661621
23.16775131225586,23.692058563232422,24.42410659790039,24.627952575683594,24.8622989654541,25.298166275024414,25.65097999572754,26.64095687866211,27.23065757751465,28.265539169311523
23.2759952545166,23.765871047973633,24.06275749206543,24.27741813659668,24.850143432617188,25.60052490234375,25.699077606201172,25.79762840270996,27.612905502319336,28.068809509277344
23.428184509277344,23.698389053344727,24.220094680786133,24.34560203552246,24.6247615814209,25.21018409729004,25.830366134643555,26.34795379638672,27.678058624267578,28.88360023498535
23.372753143310547,23.578550338745117,24.2109375,24.76658821105957,24.892080307006836,25.432138442993164,25.536121368408203,26.073698043823242,28.60793113708496,28.70656394958496
23.21930694580078,23.713029861450195,24.083274841308594,24.326862335205078,24.860591888427734,25.164051055908203,25.801895141601562,26.4387149810791,26.579296112060547,28.484580993652344
23.12783432006836,23.725759506225586,24.418521881103516,24.527738571166992,25.2535457611084,25.319984436035156,26.20171356201172,26.278926849365234,26.356142044067383,28.69048309326172
23.443195343017578,23.894834518432617,24.470378875732422,24.805912017822266,25.179845809936523,25.88103675842285,25.998754501342773,27.205480575561523,27.63669776916504,28.688047409057617
23.26959800720215,23.71369743347168,24.22774887084961,24.523616790771484,24.99546241760254,25.336172103881836,25.666616439819336,26.147729873657227,27.077388763427734,28.43903923034668
23.225643157958984,23.364519119262695,24.059385299682617,24.253232955932617,24.500776290893555,25.139633178710938,25.530426025390625,26.44489860534668,27.424022674560547,28.231786727905273
22.913150787353516,23.898984909057617,24.208471298217773,24.353246688842773,25.056114196777344,25.223968505859375,25.854320526123047,25.985464096069336,28.343767166137695,28.47873306274414
22.979108810424805,23.855201721191406,24.187713623046875,24.39518165588379,25.227697372436523,25.642995834350586,26.064062118530273,26.35050392150879,27.151412963867188,28.83982276916504
23.12120819091797,23.54523277282715,24.295330047607422,24.422103881835938,24.89182472229004,25.317636489868164,26.018417358398438,26.53065299987793,27.248153686523438,29.00311851501465
23.415000915527344,23.87194061279297,24.230289459228516,24.310888290405273,24.67174530029297,25.05914878845215,25.641952514648438,25.765222549438477,26.08211898803711,28.431499481201172
23.284772872924805,23.441530227661133,23.86536407470703,24.6855411529541,24.772380828857422,25.291229248046875,25.6543025970459,26.448745727539062,27.41025733947754,28.373300552368164
23.240903854370117,23.330814361572266,24.346158981323242,24.6260929107666,25.002277374267578,25.227558135986328,25.3608455657959,25.747161865234375,26.41669464111328,28.296987533569336
23.188335418701172,23.873851776123047,24.22711753845215,24.321561813354492,24.618656158447266,25.11724090576172,25.85400390625,25.997594833374023,26.487747192382812,27.88511085510254
23.82872772216797,23.906871795654297,23.98501205444336,24.571739196777344,25.60080337524414,25.742351531982422,26.20734214782715,27.037023544311523,27.185222625732422,28.501123428344727
22.876523971557617,23.819475173950195,23.950773239135742,24.468095779418945,24.79254722595215,25.253108978271484,25.342288970947266,26.605026245117188,27.110483169555664,29.039979934692383
23.22413444519043,23.31122589111328,23.828399658203125,24.110105514526367,24.332847595214844,24.837379455566406,25.55086898803711,26.31122398376465,27.220361709594727,28.22443199157715
23.73703956604004,24.01076889038086,24.11979866027832,24.235809326171875,24.886064529418945,25.516557693481445,26.228565216064453,27.021011352539062,27.42954444885254,28.777393341064453
23.576148986816406,23.699222564697266,24.342992782592773,24.812246322631836,24.905906677246094,25.344345092773438,25.83550262451172,26.20932960510254,27.782167434692383,27.72054100036621
23.092924118041992,23.707944869995117,24.053817749023438,24.846221923828125,24.911937713623047,25.213708877563477,25.46888542175293,27.02753257751465,28.42214584350586,28.965381622314453
23.413543701171875,23.888662338256836,24.157705307006836,24.421812057495117,25.077964782714844,25.34868049621582,25.928585052490234,26.48233985900879,26.92019271850586,29.123891830444336
23.302061080932617,23.555437088012695,24.296844482421875,24.415002822875977,25.40093994140625,25.462093353271484,25.52324867248535,26.665523529052734,26.814165115356445,27.821989059448242
23.306386947631836,23.501413345336914,24.32259750366211,24.494714736938477,24.681442260742188,25.465970993041992,25.647157669067383,26.108638763427734,27.113569259643555,28.492883682250977
23.09014320373535,23.889568328857422,24.214370727539062,25.23232078552246,25.39716911315918,25.526960372924805,26.259002685546875,26.647960662841797,27.610759735107422,29.332355499267578
22.902000427246094,23.496971130371094,23.959598541259766,24.658828735351562,24.85900115966797,25.27541160583496,25.664247512817383,26.414100646972656,27.228492736816406,28.192840576171875
23.487882614135742,23.852985382080078,24.007648468017578,24.664913177490234,25.012908935546875,25.329326629638672,25.521270751953125,26.230533599853516,26.847869873046875,28.506072998046875
22.884056091308594,23.576913833618164,24.24266242980957,24.47425079345703,24.832355499267578,25.236698150634766,25.602556228637695,26.234956741333008,27.25979232788086,28.309476852416992
23.033340454101562,23.406301498413086,23.891319274902344,24.055727005004883,24.63178253173828,25.206140518188477,25.40437126159668,26.010271072387695,26.622819900512695,28.821836471557617
23.46642303466797,23.896949768066406,24.167922973632812,25.01923179626465,25.40778160095215,25.560123443603516,26.03673553466797,26.80902671813965,27.024734497070312,28.56843376159668
23.220064163208008,23.811128616333008,24.201494216918945,24.294776916503906,24.617616653442383,24.718082427978516,24.884950637817383,25.845382690429688,26.67732048034668,27.766374588012695
23.482126235961914,23.851022720336914,24.4425106048584,24.663421630859375,24.952577590942383,25.454626083374023,25.798845291137695,26.650022506713867,26.77861785888672,28.47817039489746
23.672645568847656,24.179649353027344,24.35927391052246,24.606922149658203,24.921730041503906,25.46428871154785,25.59415054321289,25.900033950805664,27.41526222229004,28.36172866821289
23.38112449645996,24.092010498046875,24.266592025756836,24.85382652282715,25.04115867614746,25.859167098999023,25.958450317382812,26.805646896362305,27.603239059448242,28.703134536743164
23.82831573486328,24.205827713012695,24.635526657104492,24.684511184692383,25.037263870239258,25.095916748046875,25.673242568969727,28.03011703491211,28.13028907775879,29.064918518066406
23.12979507446289,23.713191986083984,24.244457244873047,24.397254943847656,24.91268539428711,25.053632736206055,25.801084518432617,25.918445587158203,27.450777053833008,28.321792602539062
23.246097564697266,23.517566680908203,23.920608520507812,24.379323959350586,24.554296493530273,25.001893997192383,25.32434844970703,25.947891235351562,26.45232582092285,28.324766159057617
23.481475830078125,23.680116653442383,24.463584899902344,24.857097625732422,25.08881187438965,25.696739196777344,25.877382278442383,26.277179718017578,28.43145751953125,28.793989181518555
23.376981735229492,23.73085594177246,24.091535568237305,24.468351364135742,24.576181411743164,25.12709617614746,25.358366012573242,25.593551635742188,26.24595832824707,27.283632278442383
23.22262954711914,24.030574798583984,24.126083374023438,24.462074279785156,24.85210418701172,25.371946334838867,25.70383644104004,26.226491928100586,27.057458877563477,28.939491271972656
23.812118530273438,23.94391441345215,24.088481903076172,24.47526741027832,24.561893463134766,25.269100189208984,25.473224639892578,26.464263916015625,28.798370361328125,28.711729049682617
23.432350158691406,24.332794189453125,24.482160568237305,24.589218139648438,24.960678100585938,25.66748046875,25.76906967163086,26.50162696838379,28.027854919433594,28.888835906982422
22.91259765625,23.856477737426758,24.267147064208984,24.639381408691406,25.431480407714844,25.55405616760254,26.637630462646484,26.846586227416992,27.311918258666992,28.757747650146484
23.48101043701172,23.698055267333984,23.96105194091797,24.36155891418457,24.562759399414062,24.97164535522461,25.13680076599121,25.85071563720703,27.412384033203125,28.292343139648438
23.290000915527344,23.382707595825195,24.31155776977539,24.61680030822754,24.673768997192383,24.730737686157227,25.89581871032715,26.876859664916992,28.20037841796875,28.535449981689453
22.949552536010742,23.817724227905273,24.10407829284668,24.313676834106445,24.678972244262695,25.342117309570312,25.928661346435547,26.357589721679688,27.600112915039062,28.237756729125977
23.792835235595703,24.443147659301758,24.50691795349121,24.57068634033203,24.76980972290039,25.24472427368164,25.80731201171875,25.98870277404785,27.443069458007812,27.853763580322266
23.668397903442383,23.800825119018555,24.824371337890625,24.920164108276367,25.248287200927734,26.200618743896484,26.254638671875,26.30866050720215,26.36268424987793,28.256715774536133
23.424123764038086,24.048141479492188,24.209856033325195,24.313907623291016,24.706771850585938,25.416223526000977,25.85341453552246,27.030925750732422,27.974529266357422,28.98073959350586
23.33646011352539,23.78142738342285,24.207809448242188,24.336402893066406,24.73594856262207,25.1748104095459,25.804302215576172,26.70157241821289,27.945659637451172,28.868520736694336
23.319927215576172,23.57528305053711,23.8647403717041,24.477445602416992,24.929828643798828,25.357160568237305,25.562053680419922,26.081186294555664,28.7934513092041,28.99334716796875
23.428770065307617,23.823413848876953,24.63901710510254,24.77387046813965,25.082523345947266,25.460418701171875,26.427766799926758,29.416046142578125,29.5090274810791,29.978994369506836
23.530956268310547,23.799766540527344,24.424964904785156,24.873384475708008,25.05451202392578,25.125385284423828,25.819374084472656,26.265716552734375,28.01772117614746,28.301937103271484
23.241796493530273,23.64069366455078,24.406709671020508,24.537914276123047,24.84540557861328,25.431970596313477,26.1040096282959,26.443084716796875,28.994827270507812,29.081588745117188
23.118989944458008,23.604873657226562,24.436391830444336,24.516618728637695,24.825668334960938,25.30048370361328,25.470624923706055,25.696250915527344,27.305749893188477,28.78182029724121
23.320335388183594,23.839935302734375,24.604026794433594,24.71859359741211,25.216947555541992,25.380043029785156,25.521146774291992,26.101709365844727,26.612934112548828,29.255661010742188
23.08135986328125,24.021976470947266,24.151901245117188,24.50387954711914,24.696962356567383,25.195817947387695,25.434253692626953,26.019821166992188,27.27151107788086,28.891530990600586
23.67251205444336,23.844945907592773,23.965084075927734,24.82583999633789,25.826513290405273,26.253137588500977,27.810497283935547,28.030529022216797,28.117658615112305,29.09572982788086
22.752822875976562,23.609413146972656,24.413129806518555,24.511276245117188,24.624317169189453,25.09391212463379,25.628219604492188,25.787385940551758,27.238731384277344,28.54248046875
23.453659057617188,23.561857223510742,24.106782913208008,24.54069709777832,25.03436279296875,25.417438507080078,26.6635684967041,27.102436065673828,30.069854736328125,30.420307159423828
23.543212890625,23.705097198486328,23.96003532409668,24.310787200927734,24.706880569458008,24.931270599365234,25.194866180419922,25.87150764465332,26.481109619140625,28.044042587280273
23.628311157226562,23.749298095703125,24.036968231201172,24.44111442565918,24.845857620239258,25.019847869873047,25.803970336914062,26.264795303344727,26.95060920715332,28.46519660949707
22.913923263549805,23.819732666015625,24.011247634887695,24.663890838623047,25.22574234008789,25.404691696166992,25.790069580078125,26.37273597717285,26.77216339111328,28.973535537719727
22.771175384521484,23.47394371032715,23.93147850036621,24.67580795288086,25.025848388671875,25.863569259643555,27.02058982849121,27.68938636779785,27.799514770507812,28.808734893798828
23.43022918701172,23.819835662841797,24.48654556274414,24.611614227294922,24.720726013183594,24.874195098876953,25.600074768066406,26.107772827148438,26.334014892578125,28.297346115112305
