23.003480911254883,23.574430465698242,24.078468322753906,24.485090255737305,24.907806396484375,25.30634880065918,25.735790252685547,26.238313674926758,26.818471908569336,28.47525978088379
23.071252822875977,23.685348510742188,24.12532615661621,24.50054168701172,24.83413314819336,25.214336395263672,25.578258514404297,26.038700103759766,26.56000328063965,27.906112670898438
23.132490158081055,23.700307846069336,24.179153442382812,24.56338882446289,24.899396896362305,25.27222442626953,25.695480346679688,26.186920166015625,26.828889846801758,28.279088973999023
23.08478355407715,23.677295684814453,24.07929039001465,24.471261978149414,24.831375122070312,25.170589447021484,25.578136444091797,26.08780288696289,26.61316680908203,28.496496200561523
22.983652114868164,23.55865478515625,24.088563919067383,24.525970458984375,24.903024673461914,25.317413330078125,25.736474990844727,26.18495750427246,26.823963165283203,28.62868309020996
23.12632179260254,23.674320220947266,24.11193084716797,24.510711669921875,24.88223648071289,25.25279998779297,25.703760147094727,26.228286743164062,26.889862060546875,28.56768035888672
23.066953659057617,23.725505828857422,24.18088722229004,24.579376220703125,24.996488571166992,25.38068199157715,25.808202743530273,26.245161056518555,26.88776206970215,28.471181869506836
23.12345314025879,23.721006393432617,24.109437942504883,24.495267868041992,24.911380767822266,25.253149032592773,25.666955947875977,26.132694244384766,26.804346084594727,28.337759017944336
22.95997428894043,23.606956481933594,24.062881469726562,24.439180374145508,24.801767349243164,25.197433471679688,25.607675552368164,26.00033187866211,26.673551559448242,28.432897567749023
23.019973754882812,23.669614791870117,24.123777389526367,24.54186248779297,24.891725540161133,25.314847946166992,25.759267807006836,26.246898651123047,26.91943359375,28.53761863708496
23.09609031677246,23.721607208251953,24.208911895751953,24.579483032226562,24.951833724975586,25.33407211303711,25.784378051757812,26.255165100097656,26.936729431152344,28.34967041015625
23.129167556762695,23.734176635742188,24.17703628540039,24.557201385498047,24.894758224487305,25.25969886779785,25.67521095275879,26.174880981445312,26.749755859375,28.394411087036133
23.056589126586914,23.672700881958008,24.11985969543457,24.515539169311523,24.889833450317383,25.257795333862305,25.72308921813965,26.27275848388672,26.94473648071289,28.624473571777344
22.968149185180664,23.639205932617188,24.148847579956055,24.593238830566406,24.99603271484375,25.388595581054688,25.81960105895996,26.385610580444336,27.014875411987305,28.674230575561523
23.146350860595703,23.741546630859375,24.128875732421875,24.535564422607422,24.859628677368164,25.235565185546875,25.634353637695312,26.140169143676758,26.806346893310547,28.683414459228516
23.149412155151367,23.747913360595703,24.131145477294922,24.539573669433594,24.92418670654297,25.282670974731445,25.705860137939453,26.167360305786133,26.71108055114746,28.382112503051758
23.11553192138672,23.70367431640625,24.161733627319336,24.61540412902832,24.97657012939453,25.38905906677246,25.777908325195312,26.252288818359375,26.90778160095215,28.639842987060547
23.04728126525879,23.625499725341797,24.157676696777344,24.568561553955078,24.982789993286133,25.37412452697754,25.78818702697754,26.32179832458496,26.949689865112305,28.72718048095703
23.117755889892578,23.627859115600586,24.09752082824707,24.489578247070312,24.81659698486328,25.180828094482422,25.60173988342285,26.110719680786133,26.760156631469727,28.530643463134766
23.11171531677246,23.716114044189453,24.098918914794922,24.509309768676758,24.90768051147461,25.263620376586914,25.710134506225586,26.15269660949707,26.80051612854004,28.304664611816406
23.029375076293945,23.635746002197266,24.090564727783203,24.517784118652344,24.916946411132812,25.31603240966797,25.78057289123535,26.28102684020996,26.98230743408203,28.87478256225586
23.109851837158203,23.63119125366211,24.06557846069336,24.468826293945312,24.839933395385742,25.228147506713867,25.668411254882812,26.08704376220703,26.747608184814453,28.523460388183594
23.065635681152344,23.638334274291992,24.12328338623047,24.51066780090332,24.884260177612305,25.28396224975586,25.662206649780273,26.129318237304688,26.712425231933594,28.532194137573242
23.054412841796875,23.660545349121094,24.11802101135254,24.487762451171875,24.870586395263672,25.215295791625977,25.615663528442383,26.1125431060791,26.7294864654541,28.54429054260254
23.0456600189209,23.69235610961914,24.176279067993164,24.56140899658203,24.91924476623535,25.26498794555664,25.672765731811523,26.132736206054688,26.723276138305664,28.327152252197266
23.150732040405273,23.722373962402344,24.146800994873047,24.56389045715332,24.919296264648438,25.29901695251465,25.697477340698242,26.196044921875,26.80355453491211,28.274599075317383
23.053573608398438,23.668062210083008,24.08262825012207,24.45965003967285,24.842086791992188,25.244295120239258,25.679784774780273,26.193151473999023,26.810226440429688,28.419677734375
23.07358741760254,23.668184280395508,24.138044357299805,24.51206398010254,24.88678741455078,25.26519775390625,25.65323829650879,26.104801177978516,26.658782958984375,28.44900131225586
23.098281860351562,23.724689483642578,24.132753372192383,24.533506393432617,24.906129837036133,25.270606994628906,25.697368621826172,26.176319122314453,26.849618911743164,28.501052856445312
23.100004196166992,23.684526443481445,24.16515350341797,24.542354583740234,24.925148010253906,25.312131881713867,25.717121124267578,26.214664459228516,26.842660903930664,28.81580924987793
23.085145950317383,23.661266326904297,24.13606071472168,24.480079650878906,24.87395668029785,25.273408889770508,25.666255950927734,26.13581657409668,26.717885971069336,28.496740341186523
23.105117797851562,23.659704208374023,24.131078720092773,24.496599197387695,24.852432250976562,25.208166122436523,25.6084041595459,25.998336791992188,26.618276596069336,28.044795989990234
23.01450538635254,23.65304183959961,24.158601760864258,24.55792236328125,24.962318420410156,25.32009506225586,25.7951717376709,26.253589630126953,26.892684936523438,28.684114456176758
23.20905876159668,23.793716430664062,24.255081176757812,24.619247436523438,24.942638397216797,25.321863174438477,25.73909568786621,26.171504974365234,26.7605037689209,28.319461822509766
22.995357513427734,23.63523292541504,24.122495651245117,24.503826141357422,24.941133499145508,25.321657180786133,25.769075393676758,26.315950393676758,26.91983413696289,28.749380111694336
23.02674102783203,23.627342224121094,24.123432159423828,24.54481315612793,24.928142547607422,25.27440071105957,25.695476531982422,26.12394905090332,26.73146629333496,28.30113410949707
23.247451782226562,23.79647445678711,24.235782623291016,24.61996841430664,24.996007919311523,25.38539695739746,25.82977294921875,26.27018165588379,27.008197784423828,28.62944984436035
23.15696907043457,23.708251953125,24.15007781982422,24.526399612426758,24.924884796142578,25.28510284423828,25.681106567382812,26.1044864654541,26.729293823242188,28.334510803222656
23.132482528686523,23.72690773010254,24.137487411499023,24.503286361694336,24.846302032470703,25.20848846435547,25.62257957458496,26.031253814697266,26.71931266784668,28.21378517150879
23.026124954223633,23.63340187072754,24.09813690185547,24.497772216796875,24.880218505859375,25.283897399902344,25.73595428466797,26.257553100585938,26.90568733215332,28.722288131713867
23.06090545654297,23.662433624267578,24.131065368652344,24.522676467895508,24.914413452148438,25.255861282348633,25.71597671508789,26.156280517578125,26.77254295349121,28.238340377807617
23.076492309570312,23.61406707763672,24.075847625732422,24.453832626342773,24.805757522583008,25.200233459472656,25.62055206298828,25.999643325805664,26.670398712158203,28.669687271118164
22.964702606201172,23.640636444091797,24.106761932373047,24.530925750732422,24.975221633911133,25.32159996032715,25.727645874023438,26.21394157409668,26.754364013671875,28.51503562927246
23.071359634399414,23.6361141204834,24.121585845947266,24.49370002746582,24.85422134399414,25.219331741333008,25.660926818847656,26.111295700073242,26.65349769592285,28.381595611572266
23.134166717529297,23.7220401763916,24.11467933654785,24.488534927368164,24.85635757446289,25.206592559814453,25.592058181762695,26.07956886291504,26.681299209594727,28.3071231842041
23.055105209350586,23.69927406311035,24.17499542236328,24.53301429748535,24.90636444091797,25.334074020385742,25.743534088134766,26.25725746154785,26.878829956054688,28.631805419921875
23.030820846557617,23.596900939941406,24.17182159423828,24.585329055786133,24.950944900512695,25.34197425842285,25.778417587280273,26.274940490722656,26.893020629882812,28.454553604125977
23.137889862060547,23.812929153442383,24.184032440185547,24.621694564819336,24.952621459960938,25.34025764465332,25.778905868530273,26.20054054260254,26.931472778320312,28.61903190612793
23.144813537597656,23.686723709106445,24.167560577392578,24.549985885620117,24.92832374572754,25.33935546875,25.73188018798828,26.18215560913086,26.845943450927734,28.565587997436523
23.088184356689453,23.68441390991211,24.07670783996582,24.4577693939209,24.825328826904297,25.20355796813965,25.56536102294922,26.054935455322266,26.738025665283203,28.592727661132812
23.045413970947266,23.642351150512695,24.163877487182617,24.53725814819336,24.93393898010254,25.31793785095215,25.72079086303711,26.204626083374023,26.766122817993164,28.426210403442383
23.16046142578125,23.7016658782959,24.117359161376953,24.511184692382812,24.893030166625977,25.24958610534668,25.6328067779541,26.134380340576172,26.795740127563477,28.440587997436523
23.099565505981445,23.686248779296875,24.10569190979004,24.52014923095703,24.859371185302734,25.22856903076172,25.62017250061035,26.116926193237305,26.73488426208496,28.245899200439453
23.152681350708008,23.757112503051758,24.167112350463867,24.52431297302246,24.91646957397461,25.33637237548828,25.716590881347656,26.203989028930664,26.847042083740234,28.357946395874023
23.027873992919922,23.62689781188965,24.080469131469727,24.492687225341797,24.835918426513672,25.217519760131836,25.603729248046875,26.106624603271484,26.701810836791992,28.474843978881836
23.06374740600586,23.660476684570312,24.1285457611084,24.552963256835938,24.92863655090332,25.31997299194336,25.795679092407227,26.26605796813965,26.948162078857422,28.55165672302246
23.15877914428711,23.68295669555664,24.089881896972656,24.457117080688477,24.80340003967285,25.125213623046875,25.52740478515625,25.955198287963867,26.587448120117188,28.211410522460938
23.098806381225586,23.693363189697266,24.180675506591797,24.579593658447266,24.969295501708984,25.374635696411133,25.805465698242188,26.294601440429688,26.991504669189453,28.713781356811523
23.130556106567383,23.67683982849121,24.113603591918945,24.513341903686523,24.866172790527344,25.22068977355957,25.612783432006836,26.068817138671875,26.699581146240234,28.38511085510254
23.12871742248535,23.704814910888672,24.167552947998047,24.509918212890625,24.915935516357422,25.295459747314453,25.714950561523438,26.155858993530273,26.710586547851562,28.313695907592773
23.11488151550293,23.683547973632812,24.150245666503906,24.566261291503906,24.926162719726562,25.284536361694336,25.651042938232422,26.13531494140625,26.75568199157715,28.41930389404297
23.051395416259766,23.64592933654785,24.087074279785156,24.497529983520508,24.81284523010254,25.208532333374023,25.578338623046875,26.043100357055664,26.578506469726562,28.29893684387207
23.07931900024414,23.67133903503418,24.160446166992188,24.54405975341797,24.946319580078125,25.354389190673828,25.80205726623535,26.300569534301758,26.90369415283203,28.605506896972656
23.13563346862793,23.727075576782227,24.203426361083984,24.56626319885254,24.932838439941406,25.29801368713379,25.758468627929688,26.255062103271484,26.823659896850586,28.344074249267578
23.100046157836914,23.65974235534668,24.072423934936523,24.405237197875977,24.817028045654297,25.177749633789062,25.62412452697754,26.095794677734375,26.801122665405273,28.48282241821289
23.15471839904785,23.747562408447266,24.17129135131836,24.532608032226562,24.92519187927246,25.32868766784668,25.703418731689453,26.1723575592041,26.719932556152344,28.23586082458496
23.132871627807617,23.682430267333984,24.123056411743164,24.521156311035156,24.867536544799805,25.239952087402344,25.627567291259766,26.087169647216797,26.720226287841797,28.23763656616211
23.06731605529785,23.686635971069336,24.13080596923828,24.513334274291992,24.868886947631836,25.217374801635742,25.589397430419922,26.119548797607422,26.69865608215332,28.645105361938477
23.083206176757812,23.57428550720215,24.0594539642334,24.405303955078125,24.78961944580078,25.196964263916016,25.556835174560547,26.03271484375,26.579648971557617,28.423707962036133
23.162555694580078,23.65852165222168,24.131494522094727,24.49170684814453,24.858280181884766,25.234729766845703,25.656147003173828,26.15151023864746,26.81426239013672,28.553970336914062
23.13719940185547,23.695337295532227,24.111366271972656,24.511409759521484,24.874862670898438,25.281923294067383,25.696401596069336,26.15509605407715,26.803234100341797,28.39515495300293
23.05731964111328,23.678394317626953,24.12411117553711,24.56012535095215,24.94007110595703,25.336830139160156,25.793413162231445,26.29239273071289,26.973785400390625,28.718231201171875
23.08113670349121,23.646541595458984,24.103504180908203,24.486127853393555,24.850927352905273,25.195892333984375,25.649383544921875,26.117996215820312,26.75608253479004,28.50885009765625
23.105648040771484,23.656734466552734,24.143836975097656,24.520912170410156,24.91498565673828,25.282211303710938,25.723356246948242,26.189905166625977,26.79863739013672,28.394311904907227
23.01027488708496,23.60381317138672,24.099523544311523,24.493940353393555,24.89715003967285,25.227521896362305,25.663915634155273,26.101282119750977,26.616884231567383,28.41314125061035
23.066570281982422,23.669389724731445,24.18703842163086,24.542905807495117,24.928504943847656,25.40329360961914,25.800464630126953,26.299592971801758,26.944591522216797,28.500125885009766
23.137434005737305,23.66611671447754,24.07258415222168,24.461763381958008,24.812118530273438,25.208826065063477,25.603628158569336,25.983877182006836,26.611766815185547,28.406532287597656
23.01666831970215,23.613264083862305,24.100257873535156,24.526151657104492,24.92218589782715,25.31978988647461,25.76383399963379,26.207714080810547,26.8918399810791,28.683462142944336
23.123517990112305,23.702919006347656,24.10787582397461,24.521575927734375,24.906930923461914,25.299711227416992,25.657617568969727,26.173213958740234,26.79826545715332,28.549989700317383
22.951074600219727,23.629968643188477,24.087844848632812,24.517560958862305,24.912172317504883,25.304208755493164,25.67828941345215,26.238618850708008,26.843048095703125,28.885122299194336
23.1317081451416,23.677906036376953,24.10460662841797,24.49472999572754,24.849151611328125,25.237049102783203,25.657390594482422,26.142778396606445,26.755645751953125,28.459489822387695
23.052955627441406,23.636411666870117,24.13880157470703,24.537620544433594,24.938257217407227,25.330982208251953,25.726348876953125,26.240928649902344,26.885591506958008,28.68665313720703
23.168256759643555,23.746702194213867,24.190988540649414,24.576753616333008,24.949813842773438,25.35651206970215,25.749103546142578,26.21721839904785,26.794904708862305,28.485427856445312
23.220911026000977,23.73178482055664,24.151477813720703,24.50837516784668,24.884246826171875,25.247194290161133,25.6311092376709,26.139686584472656,26.79279136657715,28.42683219909668
23.086576461791992,23.711021423339844,24.202960968017578,24.59809112548828,24.967845916748047,25.385751724243164,25.828031539916992,26.256561279296875,26.90316390991211,28.451763153076172
23.098066329956055,23.69037628173828,24.132835388183594,24.490678787231445,24.903406143188477,25.254552841186523,25.672983169555664,26.1149845123291,26.665647506713867,28.37893295288086
23.120996475219727,23.684959411621094,24.120758056640625,24.533199310302734,24.907917022705078,25.29924201965332,25.765287399291992,26.24574089050293,26.929901123046875,28.66440773010254
23.20055389404297,23.680517196655273,24.113187789916992,24.521589279174805,24.885862350463867,25.250288009643555,25.645328521728516,26.121585845947266,26.728519439697266,28.426300048828125
23.06702423095703,23.677478790283203,24.22595977783203,24.628408432006836,25.00946044921875,25.422636032104492,25.85101318359375,26.32560920715332,26.93014907836914,28.494373321533203
23.154727935791016,23.676496505737305,24.15757179260254,24.552461624145508,24.933629989624023,25.32170295715332,25.769611358642578,26.280414581298828,26.94993019104004,28.741653442382812
23.151460647583008,23.65589141845703,24.095970153808594,24.42519760131836,24.7807674407959,25.154794692993164,25.55368995666504,26.009113311767578,26.59368324279785,28.294998168945312
23.06584358215332,23.66552734375,24.113555908203125,24.499061584472656,24.871171951293945,25.264110565185547,25.686128616333008,26.182973861694336,26.794998168945312,28.33844566345215
23.08477210998535,23.664840698242188,24.125886917114258,24.515596389770508,24.871265411376953,25.243335723876953,25.661470413208008,26.133535385131836,26.831174850463867,28.25311279296875
23.089935302734375,23.704599380493164,24.13744354248047,24.564559936523438,24.983442306518555,25.33876609802246,25.739471435546875,26.228891372680664,26.87534523010254,28.427669525146484
22.99919319152832,23.623031616210938,24.12195587158203,24.573671340942383,24.928924560546875,25.324344635009766,25.755952835083008,26.299816131591797,26.881031036376953,28.57131004333496
23.028583526611328,23.687047958374023,24.093820571899414,24.539588928222656,24.920888900756836,25.26795196533203,25.66636848449707,26.19148826599121,26.813953399658203,28.62893295288086
23.08442497253418,23.742076873779297,24.173871994018555,24.565776824951172,24.928470611572266,25.3173770904541,25.73641014099121,26.249258041381836,26.82682228088379,28.65222930908203
23.036544799804688,23.66299057006836,24.061233520507812,24.486919403076172,24.89064598083496,25.289379119873047,25.70181655883789,26.18351173400879,26.81410789489746,28.345958709716797
23.126569747924805,23.6420955657959,24.082881927490234,24.45525550842285,24.86463165283203,25.244022369384766,25.591550827026367,26.099695205688477,26.721887588500977,28.387845993041992
23.13129234313965,23.66792106628418,24.093278884887695,24.48324203491211,24.85955238342285,25.235071182250977,25.673851013183594,26.111928939819336,26.69811248779297,28.283411026000977
23.099878311157227,23.679779052734375,24.16698455810547,24.527423858642578,24.914587020874023,25.28676414489746,25.686120986938477,26.17149543762207,26.753711700439453,28.466732025146484
23.104572296142578,23.754886627197266,24.158464431762695,24.62506675720215,24.961246490478516,25.334312438964844,25.7299747467041,26.199371337890625,26.850961685180664,28.557666778564453
23.04573631286621,23.56602668762207,24.106088638305664,24.50873565673828,24.89134979248047,25.280986785888672,25.721033096313477,26.16640281677246,26.883392333984375,28.497182846069336
23.062551498413086,23.611988067626953,24.073043823242188,24.477752685546875,24.887317657470703,25.265565872192383,25.70339012145996,26.199316024780273,26.82294273376465,28.44086265563965
23.005653381347656,23.582250595092773,24.103567123413086,24.557369232177734,24.932382583618164,25.320514678955078,25.756786346435547,26.273496627807617,26.856739044189453,28.445104598999023
23.056659698486328,23.660032272338867,24.082605361938477,24.508909225463867,24.883676528930664,25.256790161132812,25.68475914001465,26.15325927734375,26.694103240966797,28.41417121887207
23.053083419799805,23.684831619262695,24.11353874206543,24.570758819580078,24.96347427368164,25.336280822753906,25.739728927612305,26.219823837280273,26.790863037109375,28.313823699951172
23.08968734741211,23.611745834350586,24.087726593017578,24.513999938964844,24.886478424072266,25.30004119873047,25.705780029296875,26.161447525024414,26.811506271362305,28.600128173828125
23.092750549316406,23.65098762512207,24.150066375732422,24.506946563720703,24.8594913482666,25.238567352294922,25.644290924072266,26.010692596435547,26.547861099243164,28.181421279907227
22.981441497802734,23.66412925720215,24.093013763427734,24.516063690185547,24.88272476196289,25.268085479736328,25.697765350341797,26.166091918945312,26.812402725219727,28.4162540435791
23.129512786865234,23.767776489257812,24.237045288085938,24.653608322143555,25.078285217285156,25.491954803466797,25.907747268676758,26.46039390563965,27.13848876953125,28.784130096435547
23.15968894958496,23.689786911010742,24.12453842163086,24.491247177124023,24.83838653564453,25.248960494995117,25.676712036132812,26.113178253173828,26.747299194335938,28.522098541259766
23.033937454223633,23.625247955322266,24.071372985839844,24.48179054260254,24.89537811279297,25.271766662597656,25.69647789001465,26.174041748046875,26.81572914123535,28.58672332763672
23.117197036743164,23.740345001220703,24.16981315612793,24.607797622680664,24.989120483398438,25.360605239868164,25.781082153320312,26.251943588256836,26.88779640197754,28.433277130126953
23.130802154541016,23.69619369506836,24.163480758666992,24.581422805786133,24.947410583496094,25.327524185180664,25.754188537597656,26.336288452148438,26.993804931640625,28.62418556213379
23.073143005371094,23.704580307006836,24.1826229095459,24.603775024414062,24.978116989135742,25.36615753173828,25.787853240966797,26.297582626342773,26.868295669555664,28.51152801513672
23.102529525756836,23.6680850982666,24.10116195678711,24.462743759155273,24.840147018432617,25.174022674560547,25.570640563964844,26.079051971435547,26.708179473876953,28.38150405883789
23.062118530273438,23.71331024169922,24.24005889892578,24.672283172607422,25.068376541137695,25.463701248168945,25.886474609375,26.32188606262207,26.937776565551758,28.577556610107422
23.023468017578125,23.665557861328125,24.14308738708496,24.576045989990234,24.966150283813477,25.361923217773438,25.77362823486328,26.31285285949707,26.922775268554688,28.614749908447266
23.027809143066406,23.65256118774414,24.13995933532715,24.54570770263672,24.927366256713867,25.33096694946289,25.7800235748291,26.353147506713867,26.982080459594727,28.73174476623535
23.21733856201172,23.750192642211914,24.175933837890625,24.61654281616211,24.919261932373047,25.345996856689453,25.711679458618164,26.22919464111328,26.872644424438477,28.563817977905273
23.025630950927734,23.68621826171875,24.086780548095703,24.51982307434082,24.882596969604492,25.23407745361328,25.653894424438477,26.15281105041504,26.717941284179688,28.423259735107422
23.116147994995117,23.685001373291016,24.121810913085938,24.504209518432617,24.87070655822754,25.226768493652344,25.663925170898438,26.099252700805664,26.740116119384766,28.399614334106445
23.038005828857422,23.70096206665039,24.143306732177734,24.560827255249023,24.930391311645508,25.328622817993164,25.72633934020996,26.234853744506836,26.885751724243164,28.521413803100586
23.12104606628418,23.653289794921875,24.090824127197266,24.484413146972656,24.83728790283203,25.229522705078125,25.62274932861328,26.088878631591797,26.763790130615234,28.2971134185791
23.193161010742188,23.740188598632812,24.14316749572754,24.5035343170166,24.853002548217773,25.226516723632812,25.628538131713867,26.113815307617188,26.66278839111328,28.473312377929688
23.174652099609375,23.714584350585938,24.202503204345703,24.528573989868164,24.915443420410156,25.291854858398438,25.68381690979004,26.16690444946289,26.7744140625,28.624624252319336
23.066120147705078,23.659574508666992,24.071800231933594,24.477968215942383,24.892518997192383,25.24249839782715,25.65724754333496,26.12482261657715,26.737070083618164,28.423181533813477
23.051860809326172,23.638423919677734,24.127948760986328,24.542163848876953,24.934980392456055,25.360334396362305,25.80013084411621,26.286413192749023,26.956218719482422,28.552942276000977
23.071744918823242,23.64031410217285,24.221622467041016,24.616443634033203,24.974390029907227,25.345870971679688,25.788591384887695,26.23299217224121,26.821151733398438,28.656702041625977
23.14189910888672,23.71249771118164,24.15750503540039,24.535106658935547,24.887680053710938,25.26549530029297,25.684778213500977,26.147003173828125,26.744958877563477,28.255508422851562
23.10099220275879,23.71765899658203,24.174346923828125,24.54033660888672,24.955318450927734,25.31846809387207,25.749773025512695,26.23355484008789,26.793237686157227,28.599018096923828
23.1718692779541,23.729581832885742,24.17951202392578,24.55336570739746,24.875431060791016,25.273006439208984,25.673246383666992,26.117847442626953,26.877370834350586,28.451189041137695
23.118669509887695,23.650259017944336,24.097166061401367,24.459369659423828,24.806734085083008,25.17926788330078,25.54880142211914,26.005277633666992,26.636180877685547,28.306793212890625
23.100425720214844,23.709810256958008,24.168916702270508,24.557327270507812,24.918121337890625,25.331525802612305,25.752817153930664,26.31304931640625,26.912580490112305,28.82074737548828
23.080520629882812,23.635263442993164,24.123140335083008,24.492759704589844,24.881425857543945,25.249530792236328,25.622665405273438,26.085620880126953,26.735000610351562,28.564708709716797
23.014190673828125,23.630176544189453,24.155302047729492,24.522850036621094,24.89291000366211,25.28490447998047,25.714290618896484,26.223461151123047,26.80747413635254,28.290075302124023
23.112865447998047,23.706157684326172,24.130373001098633,24.549034118652344,24.912458419799805,25.318239212036133,25.68476104736328,26.199153900146484,26.78355598449707,28.474349975585938
23.138391494750977,23.751405715942383,24.115222930908203,24.48275375366211,24.86174201965332,25.22320556640625,25.589824676513672,26.036096572875977,26.732303619384766,28.631710052490234
23.05854034423828,23.584136962890625,24.088010787963867,24.44284439086914,24.83942222595215,25.207733154296875,25.59571647644043,26.050363540649414,26.646656036376953,28.40231704711914
23.08915901184082,23.575448989868164,24.054079055786133,24.48102569580078,24.847139358520508,25.216209411621094,25.605789184570312,26.076454162597656,26.64325714111328,28.29071807861328
23.08401870727539,23.72014617919922,24.21480941772461,24.632671356201172,25.035661697387695,25.472408294677734,25.860862731933594,26.336599349975586,26.9675350189209,28.734683990478516
23.14366912841797,23.70008087158203,24.148317337036133,24.53595542907715,24.896717071533203,25.26500701904297,25.714183807373047,26.15654754638672,26.73786735534668,28.377952575683594
23.102920532226562,23.654253005981445,24.090736389160156,24.513158798217773,24.891313552856445,25.25202751159668,25.644168853759766,26.135244369506836,26.748584747314453,28.50374984741211
23.097232818603516,23.648317337036133,24.123397827148438,24.501998901367188,24.84368324279785,25.250030517578125,25.598522186279297,26.087743759155273,26.75287628173828,28.52039909362793
23.16720962524414,23.762210845947266,24.185741424560547,24.556865692138672,24.938419342041016,25.313322067260742,25.73519515991211,26.213993072509766,26.84534454345703,28.456520080566406
23.109100341796875,23.653125762939453,24.109403610229492,24.472421646118164,24.884784698486328,25.239826202392578,25.62887954711914,26.123525619506836,26.776805877685547,28.41512680053711
23.121932983398438,23.619110107421875,24.091880798339844,24.459190368652344,24.82691192626953,25.16659164428711,25.578418731689453,25.983198165893555,26.62632179260254,28.386491775512695
23.146770477294922,23.711181640625,24.157703399658203,24.532649993896484,24.877553939819336,25.263063430786133,25.678607940673828,26.148794174194336,26.756689071655273,28.3505802154541
23.123275756835938,23.660938262939453,24.11490821838379,24.48479652404785,24.87262725830078,25.199745178222656,25.666948318481445,26.12587547302246,26.789234161376953,28.36588478088379
23.083572387695312,23.694625854492188,24.216611862182617,24.588361740112305,24.972890853881836,25.361431121826172,25.762985229492188,26.248916625976562,26.83710289001465,28.557910919189453
23.13806915283203,23.744234085083008,24.18887710571289,24.574235916137695,24.934743881225586,25.33126449584961,25.70916748046875,26.148035049438477,26.86052894592285,28.473844528198242
23.134536743164062,23.656482696533203,24.15325927734375,24.501562118530273,24.866214752197266,25.228853225708008,25.650171279907227,26.079849243164062,26.676319122314453,28.393997192382812
23.13779640197754,23.685152053833008,24.141529083251953,24.499359130859375,24.858619689941406,25.231088638305664,25.62664222717285,26.107376098632812,26.821508407592773,28.657737731933594
23.017852783203125,23.595937728881836,24.05558204650879,24.45744514465332,24.840211868286133,25.260982513427734,25.706893920898438,26.214582443237305,26.84331512451172,28.227855682373047
23.074504852294922,23.625185012817383,24.13266372680664,24.496341705322266,24.889022827148438,25.280231475830078,25.683256149291992,26.191547393798828,26.819019317626953,28.487619400024414
23.11614418029785,23.68541717529297,24.120630264282227,24.529050827026367,24.890060424804688,25.288578033447266,25.702486038208008,26.170013427734375,26.85247802734375,28.444448471069336
22.975303649902344,23.642074584960938,24.146955490112305,24.558792114257812,24.96031951904297,25.37196159362793,25.780029296875,26.339679718017578,26.990732192993164,28.582866668701172
23.0930118560791,23.70665168762207,24.110702514648438,24.456832885742188,24.816940307617188,25.168676376342773,25.551204681396484,26.013742446899414,26.58062744140625,28.09925651550293
23.088151931762695,23.722118377685547,24.13998031616211,24.544300079345703,24.924333572387695,25.306989669799805,25.737043380737305,26.18474769592285,26.84661293029785,28.419248580932617
23.110149383544922,23.712438583374023,24.128067016601562,24.527210235595703,24.87135124206543,25.28968048095703,25.649688720703125,26.098323822021484,26.658559799194336,28.393386840820312
23.104585647583008,23.663707733154297,24.095462799072266,24.45954132080078,24.8127498626709,25.162364959716797,25.57120132446289,26.073816299438477,26.725191116333008,28.388458251953125
22.992637634277344,23.655141830444336,24.08188247680664,24.46453285217285,24.83344841003418,25.265113830566406,25.627397537231445,26.14104652404785,26.82874298095703,28.796960830688477
23.150354385375977,23.719600677490234,24.13158416748047,24.505617141723633,24.846092224121094,25.209918975830078,25.57215690612793,26.0283260345459,26.645389556884766,28.196298599243164
23.07773780822754,23.718599319458008,24.16728401184082,24.55966567993164,24.943103790283203,25.319793701171875,25.744897842407227,26.251733779907227,26.8666934967041,28.575796127319336
23.06952667236328,23.664539337158203,24.09654426574707,24.492151260375977,24.849693298339844,25.238622665405273,25.630062103271484,26.111202239990234,26.72376823425293,28.300228118896484
22.995338439941406,23.65372657775879,24.0927734375,24.508859634399414,24.879621505737305,25.27035903930664,25.654855728149414,26.138778686523438,26.824827194213867,28.597118377685547
23.038358688354492,23.664226531982422,24.090641021728516,24.512361526489258,24.899473190307617,25.286073684692383,25.738130569458008,26.1711368560791,26.859580993652344,28.363933563232422
23.10719871520996,23.681407928466797,24.114643096923828,24.486032485961914,24.850170135498047,25.172870635986328,25.57168960571289,26.032455444335938,26.61270523071289,28.247350692749023
23.111934661865234,23.730398178100586,24.1966495513916,24.600980758666992,24.967636108398438,25.34878158569336,25.760005950927734,26.242769241333008,26.81320571899414,28.412729263305664
23.13530731201172,23.669984817504883,24.080093383789062,24.447261810302734,24.82059097290039,25.14299964904785,25.535642623901367,25.97691535949707,26.64069175720215,28.240022659301758
23.078523635864258,23.679645538330078,24.093891143798828,24.47130012512207,24.843000411987305,25.210575103759766,25.652252197265625,26.0766658782959,26.648372650146484,28.45379066467285
23.10096549987793,23.69574737548828,24.093406677246094,24.47671890258789,24.8632755279541,25.262487411499023,25.664413452148438,26.175634384155273,26.783218383789062,28.75274658203125
23.13387680053711,23.69794464111328,24.11843490600586,24.555429458618164,24.939733505249023,25.321706771850586,25.781673431396484,26.254682540893555,26.909196853637695,28.623258590698242
23.108095169067383,23.66972541809082,24.093355178833008,24.470966339111328,24.863664627075195,25.23826026916504,25.67593765258789,26.147741317749023,26.73868751525879,28.252473831176758
23.081302642822266,23.687461853027344,24.13127326965332,24.477819442749023,24.86125373840332,25.240802764892578,25.632518768310547,26.082351684570312,26.726421356201172,28.526405334472656
23.04160499572754,23.666948318481445,24.140283584594727,24.560808181762695,24.94171142578125,25.31353759765625,25.702674865722656,26.220016479492188,26.898107528686523,28.613134384155273
22.998600006103516,23.64786148071289,24.100337982177734,24.512279510498047,24.88500213623047,25.31135368347168,25.658096313476562,26.165462493896484,26.750484466552734,28.59635353088379
23.072208404541016,23.70669937133789,24.127473831176758,24.497905731201172,24.85102081298828,25.27045440673828,25.67214012145996,26.21611976623535,26.906391143798828,28.721948623657227
22.99170684814453,23.6274471282959,24.074975967407227,24.497344970703125,24.894428253173828,25.269441604614258,25.660221099853516,26.218505859375,26.898990631103516,28.61952781677246
23.02029037475586,23.685504913330078,24.159578323364258,24.55437660217285,24.960765838623047,25.350500106811523,25.785600662231445,26.21248435974121,26.847925186157227,28.457563400268555
23.173622131347656,23.69191551208496,24.141061782836914,24.548526763916016,24.89708709716797,25.256732940673828,25.63405990600586,26.109840393066406,26.763301849365234,28.426172256469727
23.17559814453125,23.74407958984375,24.189868927001953,24.545438766479492,24.916576385498047,25.288558959960938,25.719118118286133,26.154438018798828,26.843435287475586,28.707229614257812
23.12773895263672,23.729446411132812,24.170495986938477,24.55153465270996,24.914512634277344,25.27955436706543,25.691179275512695,26.2048397064209,26.83926773071289,28.333621978759766
23.050630569458008,23.68679428100586,24.134138107299805,24.461835861206055,24.861221313476562,25.278066635131836,25.705907821655273,26.15903663635254,26.749755859375,28.384082794189453
23.102985382080078,23.6730899810791,24.125864028930664,24.582569122314453,24.98548698425293,25.35492706298828,25.776416778564453,26.2470703125,26.850250244140625,28.61195182800293
23.00918960571289,23.629440307617188,24.179481506347656,24.595619201660156,25.011964797973633,25.442930221557617,25.864761352539062,26.40665054321289,27.056211471557617,28.764822006225586
23.04203987121582,23.646038055419922,24.102493286132812,24.526050567626953,24.8963565826416,25.327280044555664,25.74620819091797,26.24094009399414,26.902294158935547,28.658002853393555
23.113201141357422,23.655616760253906,24.097156524658203,24.47077751159668,24.840225219726562,25.234121322631836,25.619455337524414,26.06089973449707,26.645702362060547,28.378021240234375
22.937923431396484,23.621074676513672,24.13892936706543,24.545265197753906,25.004642486572266,25.452159881591797,25.890762329101562,26.348491668701172,27.047481536865234,28.81040382385254
23.100723266601562,23.732343673706055,24.112586975097656,24.52141761779785,24.835041046142578,25.227710723876953,25.57823944091797,26.141193389892578,26.77454948425293,28.513824462890625
23.006223678588867,23.587417602539062,24.055444717407227,24.485576629638672,24.866252899169922,25.246572494506836,25.655099868774414,26.118457794189453,26.753559112548828,28.496231079101562
23.214027404785156,23.730661392211914,24.185596466064453,24.582685470581055,24.971078872680664,25.317075729370117,25.751379013061523,26.26795768737793,27.04969024658203,28.534936904907227
23.145706176757812,23.734249114990234,24.1368350982666,24.529075622558594,24.899799346923828,25.250965118408203,25.639175415039062,26.138076782226562,26.70153045654297,28.400171279907227
23.151500701904297,23.67306900024414,24.13111114501953,24.49831199645996,24.849899291992188,25.22589683532715,25.60896873474121,26.060298919677734,26.719541549682617,28.427642822265625
23.12926483154297,23.75775909423828,24.147451400756836,24.615371704101562,24.993610382080078,25.36260223388672,25.806468963623047,26.324262619018555,26.936132431030273,28.702375411987305
23.17272186279297,23.717479705810547,24.148578643798828,24.501358032226562,24.86998748779297,25.25840950012207,25.658897399902344,26.084564208984375,26.77354621887207,28.689233779907227
23.05119514465332,23.71084213256836,24.15851402282715,24.624082565307617,25.015642166137695,25.424152374267578,25.860271453857422,26.312183380126953,26.96311378479004,28.534685134887695
23.150249481201172,23.747289657592773,24.17629051208496,24.607398986816406,24.96320152282715,25.362245559692383,25.803050994873047,26.262754440307617,26.902719497680664,28.580692291259766
23.22173309326172,23.735822677612305,24.172481536865234,24.559919357299805,24.962770462036133,25.343425750732422,25.75433921813965,26.228796005249023,26.825212478637695,28.4338436126709
23.122695922851562,23.663969039916992,24.112857818603516,24.472394943237305,24.86821746826172,25.221677780151367,25.61369514465332,26.083749771118164,26.652523040771484,28.451086044311523
22.94932746887207,23.597829818725586,24.081819534301758,24.480045318603516,24.904813766479492,25.301721572875977,25.741722106933594,26.197603225708008,26.791481018066406,28.34003448486328
23.082401275634766,23.66509246826172,24.1535587310791,24.53692626953125,24.90535545349121,25.27033042907715,25.70209503173828,26.183624267578125,26.88707160949707,28.428634643554688
23.064632415771484,23.70117950439453,24.14461898803711,24.53443145751953,24.876258850097656,25.304685592651367,25.68954086303711,26.170528411865234,26.880847930908203,28.424827575683594
23.153337478637695,23.661659240722656,24.142301559448242,24.5074405670166,24.869827270507812,25.21472930908203,25.607864379882812,26.079238891601562,26.69915771484375,28.45150375366211
23.215911865234375,23.70964813232422,24.125274658203125,24.54654312133789,24.857589721679688,25.22252655029297,25.632308959960938,26.08428192138672,26.693323135375977,28.153297424316406
22.971912384033203,23.6334285736084,24.102313995361328,24.513912200927734,24.940189361572266,25.312469482421875,25.72319984436035,26.16205596923828,26.741968154907227,28.34648895263672
23.076475143432617,23.657745361328125,24.0823917388916,24.44346046447754,24.84294319152832,25.209123611450195,25.619354248046875,26.076936721801758,26.63831329345703,28.366884231567383
23.077802658081055,23.708242416381836,24.15154457092285,24.552587509155273,24.93208122253418,25.323991775512695,25.764942169189453,26.233184814453125,26.913015365600586,28.722625732421875
22.99169921875,23.626808166503906,24.11656951904297,24.548715591430664,24.911136627197266,25.34332847595215,25.784130096435547,26.26885414123535,26.857439041137695,28.46026039123535
23.09973907470703,23.705326080322266,24.181106567382812,24.592561721801758,24.953561782836914,25.34406089782715,25.793283462524414,26.222423553466797,26.870691299438477,28.399295806884766
23.182903289794922,23.657855987548828,24.086660385131836,24.454505920410156,24.798288345336914,25.227033615112305,25.613107681274414,26.151735305786133,26.68853187561035,28.64806365966797
23.076034545898438,23.660049438476562,24.125900268554688,24.508380889892578,24.887537002563477,25.27349090576172,25.70383071899414,26.188034057617188,26.79534912109375,28.627403259277344
23.052515029907227,23.708213806152344,24.168893814086914,24.530776977539062,24.90281105041504,25.26891326904297,25.620086669921875,26.086151123046875,26.724727630615234,28.294967651367188
23.07915687561035,23.684926986694336,24.12647819519043,24.518260955810547,24.881351470947266,25.254119873046875,25.65109634399414,26.098546981811523,26.737869262695312,28.42464828491211
23.07658576965332,23.68074607849121,24.13886260986328,24.57368278503418,24.968135833740234,25.396669387817383,25.807165145874023,26.3203182220459,26.909273147583008,28.644405364990234
23.215309143066406,23.752883911132812,24.19982147216797,24.544025421142578,24.91457176208496,25.25701904296875,25.699722290039062,26.1652774810791,26.7617244720459,28.518543243408203
23.05194854736328,23.66814613342285,24.17847442626953,24.533401489257812,24.926734924316406,25.305082321166992,25.712413787841797,26.223752975463867,26.79329490661621,28.462146759033203
23.14600372314453,23.742023468017578,24.197805404663086,24.638612747192383,24.963109970092773,25.375247955322266,25.778329849243164,26.292734146118164,26.924190521240234,28.587310791015625
23.03403091430664,23.6445369720459,24.153409957885742,24.601694107055664,24.945512771606445,25.31529998779297,25.780426025390625,26.27463722229004,26.85999298095703,28.427093505859375
23.15192985534668,23.67612648010254,24.120044708251953,24.536678314208984,24.841842651367188,25.23397445678711,25.696605682373047,26.192657470703125,26.79840087890625,28.694677352905273
23.17396354675293,23.67095375061035,24.166872024536133,24.534671783447266,24.948461532592773,25.330554962158203,25.732166290283203,26.23280906677246,26.84098243713379,28.519939422607422
23.069313049316406,23.67694091796875,24.134275436401367,24.55519676208496,24.95205307006836,25.318706512451172,25.739013671875,26.177278518676758,26.839284896850586,28.492279052734375
23.12799644470215,23.66730308532715,24.092998504638672,24.506431579589844,24.893959045410156,25.265466690063477,25.692907333374023,26.152681350708008,26.827682495117188,28.728647232055664
23.12766456604004,23.692106246948242,24.128644943237305,24.506305694580078,24.9280948638916,25.296815872192383,25.710254669189453,26.173871994018555,26.796350479125977,28.48447608947754
22.972763061523438,23.661226272583008,24.149085998535156,24.562578201293945,24.9070987701416,25.330278396606445,25.72857666015625,26.143169403076172,26.747604370117188,28.348276138305664
23.07195472717285,23.666765213012695,24.119470596313477,24.496397018432617,24.906831741333008,25.3076171875,25.749435424804688,26.226694107055664,26.886083602905273,28.452669143676758
23.167938232421875,23.72150993347168,24.118249893188477,24.508163452148438,24.878541946411133,25.23226547241211,25.635879516601562,26.15782356262207,26.818817138671875,28.604686737060547
23.050743103027344,23.58465003967285,24.077409744262695,24.45230484008789,24.85833740234375,25.25550651550293,25.67521095275879,26.181364059448242,26.7722110748291,28.574657440185547
22.979690551757812,23.558616638183594,24.023101806640625,24.412996292114258,24.80518913269043,25.191577911376953,25.622802734375,26.04431915283203,26.702865600585938,28.80019187927246
23.096736907958984,23.690710067749023,24.150840759277344,24.559280395507812,24.920915603637695,25.278573989868164,25.681232452392578,26.16604232788086,26.690887451171875,28.469987869262695
23.161394119262695,23.699752807617188,24.122238159179688,24.517805099487305,24.897010803222656,25.279695510864258,25.686208724975586,26.17458724975586,26.813196182250977,28.515113830566406
23.03776741027832,23.632076263427734,24.123201370239258,24.517961502075195,24.90595817565918,25.26355743408203,25.67736053466797,26.13623046875,26.73381233215332,28.31203842163086
23.065244674682617,23.688264846801758,24.092533111572266,24.550918579101562,24.92323112487793,25.277313232421875,25.657508850097656,26.16468620300293,26.78130340576172,28.350353240966797
23.112834930419922,23.680906295776367,24.14311408996582,24.502321243286133,24.871116638183594,25.253175735473633,25.625259399414062,26.146419525146484,26.7204647064209,28.47595977783203
23.060440063476562,23.678709030151367,24.116491317749023,24.492874145507812,24.89484214782715,25.257043838500977,25.64269256591797,26.099971771240234,26.692502975463867,28.359054565429688
23.143451690673828,23.698957443237305,24.12537384033203,24.5283203125,24.87164306640625,25.248003005981445,25.688426971435547,26.135787963867188,26.70442771911621,28.369754791259766
23.01799964904785,23.630605697631836,24.112140655517578,24.51165771484375,24.903650283813477,25.273645401000977,25.67073631286621,26.122373580932617,26.827383041381836,28.50522804260254
23.109107971191406,23.709247589111328,24.155868530273438,24.597658157348633,24.971132278442383,25.357561111450195,25.784021377563477,26.185894012451172,26.851078033447266,28.619354248046875
23.118497848510742,23.695045471191406,24.126787185668945,24.503822326660156,24.847749710083008,25.183671951293945,25.613887786865234,26.09572982788086,26.681108474731445,28.31520652770996
23.105012893676758,23.680849075317383,24.103790283203125,24.495695114135742,24.88844108581543,25.256500244140625,25.65707015991211,26.16812515258789,26.777172088623047,28.454133987426758
23.071670532226562,23.680625915527344,24.06478500366211,24.46229362487793,24.82970428466797,25.177825927734375,25.60650634765625,26.09955596923828,26.721176147460938,28.18459701538086
22.945846557617188,23.639556884765625,24.119218826293945,24.61026382446289,24.96685218811035,25.38284683227539,25.821983337402344,26.302078247070312,26.877670288085938,28.66856575012207
23.14842414855957,23.685665130615234,24.179302215576172,24.567171096801758,24.934551239013672,25.311758041381836,25.7089900970459,26.16961097717285,26.776657104492188,28.23516082763672
23.04706573486328,23.687347412109375,24.076196670532227,24.434192657470703,24.788467407226562,25.210222244262695,25.622177124023438,26.017940521240234,26.657047271728516,28.51253318786621
23.11636734008789,23.692703247070312,24.08477020263672,24.391151428222656,24.77937889099121,25.090848922729492,25.49204444885254,25.941665649414062,26.479248046875,28.627681732177734
23.043872833251953,23.60253143310547,24.10223388671875,24.501487731933594,24.85872459411621,25.289133071899414,25.667734146118164,26.150564193725586,26.76424217224121,28.651357650756836
23.136106491088867,23.7189884185791,24.14409637451172,24.56098747253418,24.947877883911133,25.366493225097656,25.773881912231445,26.256591796875,26.92136573791504,28.624452590942383
22.93004608154297,23.63738441467285,24.097532272338867,24.594886779785156,24.94970703125,25.367841720581055,25.80707359313965,26.30115509033203,27.004215240478516,28.614431381225586
23.103260040283203,23.700387954711914,24.157365798950195,24.611129760742188,24.946949005126953,25.354358673095703,25.81825065612793,26.29353904724121,26.847768783569336,28.487380981445312
23.104585647583008,23.68594741821289,24.180204391479492,24.548080444335938,24.945032119750977,25.33774757385254,25.754989624023438,26.26041603088379,26.858474731445312,28.607759475708008
23.078893661499023,23.664104461669922,24.116897583007812,24.51861572265625,24.873579025268555,25.261674880981445,25.65960693359375,26.123350143432617,26.732168197631836,28.4111270904541
23.021146774291992,23.663522720336914,24.142032623291016,24.560787200927734,24.93690299987793,25.3249568939209,25.714550018310547,26.165327072143555,26.770050048828125,28.3735294342041
23.068498611450195,23.66007423400879,24.11853790283203,24.460166931152344,24.842348098754883,25.214427947998047,25.63094139099121,26.12123680114746,26.744842529296875,28.426502227783203
23.071813583374023,23.626779556274414,24.115703582763672,24.5125675201416,24.902589797973633,25.273143768310547,25.730192184448242,26.234359741210938,26.870962142944336,28.49938201904297
23.133926391601562,23.69007110595703,24.149919509887695,24.56985092163086,24.964860916137695,25.397884368896484,25.784961700439453,26.204195022583008,26.880783081054688,28.647241592407227
23.05632781982422,23.69131851196289,24.11919403076172,24.499902725219727,24.882719039916992,25.293437957763672,25.68994140625,26.195518493652344,26.798175811767578,28.50402069091797
23.037673950195312,23.634531021118164,24.054895401000977,24.493425369262695,24.84747886657715,25.22174644470215,25.64371109008789,26.00246238708496,26.6860294342041,28.678707122802734
23.13153076171875,23.69520378112793,24.154836654663086,24.58405303955078,24.890892028808594,25.26774787902832,25.694059371948242,26.10948371887207,26.760133743286133,28.478307723999023
23.156644821166992,23.704330444335938,24.172513961791992,24.559371948242188,24.994638442993164,25.34872055053711,25.8029727935791,26.258832931518555,26.918725967407227,28.577632904052734
23.08503532409668,23.655624389648438,24.076175689697266,24.481971740722656,24.84996223449707,25.205698013305664,25.57131576538086,26.07337188720703,26.704437255859375,28.520431518554688
23.101892471313477,23.67884063720703,24.163978576660156,24.53571128845215,24.895755767822266,25.28898048400879,25.63437843322754,26.05908203125,26.574289321899414,28.326513290405273
23.143972396850586,23.609243392944336,24.09385108947754,24.45718765258789,24.826078414916992,25.23743438720703,25.664701461791992,26.1728572845459,26.71012306213379,28.595523834228516
23.145395278930664,23.680036544799805,24.12295150756836,24.487258911132812,24.834810256958008,25.208181381225586,25.609039306640625,26.111974716186523,26.670862197875977,28.199182510375977
22.87437629699707,23.582752227783203,24.104549407958984,24.545635223388672,24.953571319580078,25.37065315246582,25.797245025634766,26.2644100189209,26.900672912597656,28.828351974487305
23.14004898071289,23.690675735473633,24.150440216064453,24.546876907348633,24.907363891601562,25.326194763183594,25.710622787475586,26.205589294433594,26.849985122680664,28.603918075561523
23.06289291381836,23.693326950073242,24.12210464477539,24.53978157043457,24.899654388427734,25.270963668823242,25.669631958007812,26.115510940551758,26.723270416259766,28.340368270874023
23.19847297668457,23.74631118774414,24.147571563720703,24.508651733398438,24.825910568237305,25.167577743530273,25.537309646606445,26.010395050048828,26.643136978149414,28.26557159423828
23.187442779541016,23.735305786132812,24.20562171936035,24.587505340576172,24.979108810424805,25.348106384277344,25.726150512695312,26.271371841430664,26.908647537231445,28.7917423248291
23.210182189941406,23.686878204345703,24.141971588134766,24.547744750976562,24.896530151367188,25.266868591308594,25.716487884521484,26.148902893066406,26.78554344177246,28.388916015625
23.09636878967285,23.74911117553711,24.128524780273438,24.55086326599121,24.906484603881836,25.274402618408203,25.72452163696289,26.166128158569336,26.756853103637695,28.64336395263672
23.059677124023438,23.578516006469727,24.036174774169922,24.409399032592773,24.78116226196289,25.15675926208496,25.547931671142578,25.986186981201172,26.63942527770996,28.141977310180664
23.132278442382812,23.680952072143555,24.05713653564453,24.439865112304688,24.842769622802734,25.212867736816406,25.593456268310547,26.031494140625,26.5812931060791,28.266265869140625
23.163671493530273,23.71474838256836,24.18157386779785,24.512943267822266,24.893850326538086,25.253456115722656,25.67292594909668,26.127403259277344,26.777002334594727,28.448572158813477
23.160507202148438,23.80184555053711,24.18035316467285,24.625289916992188,24.988155364990234,25.37260627746582,25.776870727539062,26.275135040283203,26.91560935974121,28.55729103088379
23.116018295288086,23.690643310546875,24.131324768066406,24.48493194580078,24.863149642944336,25.23369598388672,25.600086212158203,26.038454055786133,26.655319213867188,28.35053253173828
23.183101654052734,23.708396911621094,24.100467681884766,24.49087905883789,24.833646774291992,25.233694076538086,25.61115074157715,26.08405876159668,26.72738265991211,28.68573570251465
23.163755416870117,23.720792770385742,24.11945343017578,24.510276794433594,24.896055221557617,25.243650436401367,25.61493492126465,26.070404052734375,26.690303802490234,28.46538734436035
23.072893142700195,23.711877822875977,24.102619171142578,24.511005401611328,24.857873916625977,25.277423858642578,25.654170989990234,26.15887451171875,26.809070587158203,28.345964431762695
23.159189224243164,23.657665252685547,24.146183013916016,24.53430938720703,24.877822875976562,25.282209396362305,25.687414169311523,26.234439849853516,26.820547103881836,28.482622146606445
23.152786254882812,23.715810775756836,24.147293090820312,24.53624725341797,24.911609649658203,25.25135040283203,25.674962997436523,26.125293731689453,26.728364944458008,28.579578399658203
23.074878692626953,23.660945892333984,24.164962768554688,24.51374053955078,24.903413772583008,25.28937339782715,25.693241119384766,26.13723373413086,26.73296356201172,28.702463150024414
23.02440643310547,23.66416358947754,24.16090202331543,24.5414981842041,24.93317985534668,25.355602264404297,25.7936954498291,26.306175231933594,26.97398567199707,28.674110412597656
22.98188018798828,23.654949188232422,24.08020782470703,24.465316772460938,24.875425338745117,25.227766036987305,25.65492820739746,26.14637565612793,26.744461059570312,28.45664405822754
23.000856399536133,23.655792236328125,24.14594268798828,24.599382400512695,24.989013671875,25.335445404052734,25.786937713623047,26.239120483398438,26.927017211914062,28.65496826171875
22.99675941467285,23.676929473876953,24.07891845703125,24.469606399536133,24.872329711914062,25.300128936767578,25.691450119018555,26.211776733398438,26.822298049926758,28.33086395263672
23.051259994506836,23.680591583251953,24.132333755493164,24.548259735107422,24.938613891601562,25.308303833007812,25.71419334411621,26.22569465637207,26.875930786132812,28.449262619018555
23.090856552124023,23.708425521850586,24.164813995361328,24.56077766418457,24.93123435974121,25.278858184814453,25.68961524963379,26.202312469482422,26.845312118530273,28.500368118286133
23.022916793823242,23.653160095214844,24.074020385742188,24.516555786132812,24.904033660888672,25.308860778808594,25.75201988220215,26.28423500061035,26.943735122680664,28.83420181274414
22.970783233642578,23.564380645751953,24.115629196166992,24.507667541503906,24.915550231933594,25.32391357421875,25.749164581298828,26.26909637451172,27.003036499023438,28.688417434692383
23.154613494873047,23.766550064086914,24.18202781677246,24.547143936157227,24.895401000976562,25.297866821289062,25.717252731323242,26.138412475585938,26.835132598876953,28.42442512512207
22.961151123046875,23.656469345092773,24.090206146240234,24.509403228759766,24.878568649291992,25.309518814086914,25.707857131958008,26.155858993530273,26.941003799438477,28.776809692382812
23.03653335571289,23.605257034301758,24.108633041381836,24.512489318847656,24.907873153686523,25.27545738220215,25.70806121826172,26.14813995361328,26.676557540893555,28.294185638427734
23.077919006347656,23.679519653320312,24.112831115722656,24.533802032470703,24.894813537597656,25.33159637451172,25.710773468017578,26.220020294189453,26.848154067993164,28.318557739257812
23.040603637695312,23.672380447387695,24.1246280670166,24.52914810180664,24.900753021240234,25.29292106628418,25.737829208374023,26.168224334716797,26.825172424316406,28.522428512573242
22.976776123046875,23.630739212036133,24.070999145507812,24.536819458007812,24.905410766601562,25.353374481201172,25.76364517211914,26.242685317993164,26.851028442382812,28.58439826965332
23.110387802124023,23.749835968017578,24.195552825927734,24.57183265686035,24.94775390625,25.326622009277344,25.71185874938965,26.226774215698242,26.859455108642578,28.646886825561523
23.13872528076172,23.645755767822266,24.107553482055664,24.51702880859375,24.879680633544922,25.20742416381836,25.59955406188965,26.09999656677246,26.668258666992188,28.555328369140625
22.97689437866211,23.594932556152344,24.093923568725586,24.567520141601562,24.972318649291992,25.439435958862305,25.90706443786621,26.500091552734375,27.237972259521484,29.14708137512207
23.000471115112305,23.65505599975586,24.09375,24.457246780395508,24.852815628051758,25.256704330444336,25.673789978027344,26.163623809814453,26.80973243713379,28.757030487060547
23.08025360107422,23.620100021362305,24.091415405273438,24.462539672851562,24.853694915771484,25.1906681060791,25.575550079345703,26.03795051574707,26.59136390686035,28.22355842590332
23.03621482849121,23.66370964050293,24.15106773376465,24.641632080078125,24.976146697998047,25.409645080566406,25.822662353515625,26.372161865234375,26.942371368408203,28.56282615661621
23.146133422851562,23.722606658935547,24.191268920898438,24.572629928588867,24.917991638183594,25.286903381347656,25.68976402282715,26.19199562072754,26.87445068359375,28.49432373046875
22.99224853515625,23.611160278320312,24.116443634033203,24.480506896972656,24.96738624572754,25.34212875366211,25.732568740844727,26.270557403564453,26.858434677124023,28.45960235595703
23.054821014404297,23.64097023010254,24.123647689819336,24.57068634033203,24.95525550842285,25.336139678955078,25.75295639038086,26.199729919433594,26.830307006835938,28.505088806152344
23.107067108154297,23.703420639038086,24.135255813598633,24.508453369140625,24.866714477539062,25.23206901550293,25.59920883178711,26.05036735534668,26.71205711364746,28.373693466186523
23.07708168029785,23.70673179626465,24.139219284057617,24.55054473876953,24.924013137817383,25.35010528564453,25.75320053100586,26.249258041381836,26.882204055786133,28.479829788208008
23.12833023071289,23.642826080322266,24.1881160736084,24.565404891967773,24.91138458251953,25.30132484436035,25.702808380126953,26.19251251220703,26.78423309326172,28.592248916625977
23.157114028930664,23.684799194335938,24.11387825012207,24.49943733215332,24.8503475189209,25.229454040527344,25.641128540039062,26.130779266357422,26.859098434448242,28.448760986328125
23.180604934692383,23.706317901611328,24.091455459594727,24.47640609741211,24.842815399169922,25.217971801757812,25.598125457763672,25.994619369506836,26.539779663085938,28.27519989013672
23.14276695251465,23.647493362426758,24.111146926879883,24.498613357543945,24.8853816986084,25.28571128845215,25.61797523498535,26.146377563476562,26.766216278076172,28.500200271606445
23.108749389648438,23.703819274902344,24.10465431213379,24.486421585083008,24.850238800048828,25.229997634887695,25.615385055541992,26.10638427734375,26.605180740356445,28.209325790405273
22.97716522216797,23.592483520507812,24.0784969329834,24.490619659423828,24.867340087890625,25.262666702270508,25.656600952148438,26.128768920898438,26.771116256713867,28.43959617614746
23.032947540283203,23.62409782409668,24.05678367614746,24.455595016479492,24.830181121826172,25.245723724365234,25.660938262939453,26.158523559570312,26.747732162475586,28.460020065307617
23.04524040222168,23.640661239624023,24.15836524963379,24.51958465576172,24.955093383789062,25.338817596435547,25.769887924194336,26.193811416625977,26.835481643676758,28.730979919433594
23.158164978027344,23.74477195739746,24.15247344970703,24.56409454345703,24.909257888793945,25.26455307006836,25.683443069458008,26.134851455688477,26.78928565979004,28.430301666259766
23.053592681884766,23.666841506958008,24.079492568969727,24.504215240478516,24.869409561157227,25.26004409790039,25.709030151367188,26.17787742614746,26.82772445678711,28.45442771911621
22.975393295288086,23.613462448120117,24.11428451538086,24.59214210510254,24.953603744506836,25.392099380493164,25.828401565551758,26.353178024291992,26.92293930053711,28.472890853881836
23.098766326904297,23.68987464904785,24.11269187927246,24.540863037109375,24.92757797241211,25.319448471069336,25.717729568481445,26.23779296875,26.88701629638672,28.650304794311523
23.17588996887207,23.720664978027344,24.15247917175293,24.531116485595703,24.89548110961914,25.296836853027344,25.707969665527344,26.196971893310547,26.886198043823242,28.670726776123047
23.187528610229492,23.760522842407227,24.150758743286133,24.53614616394043,24.872121810913086,25.24009132385254,25.64834976196289,26.087034225463867,26.769058227539062,28.348491668701172
23.081558227539062,23.6570987701416,24.16763687133789,24.568090438842773,24.973220825195312,25.43337059020996,25.817031860351562,26.313793182373047,26.975048065185547,28.690664291381836
23.062564849853516,23.658445358276367,24.096054077148438,24.45991325378418,24.808876037597656,25.231746673583984,25.590614318847656,26.0712947845459,26.57818031311035,28.514490127563477
23.128681182861328,23.682497024536133,24.103567123413086,24.49730110168457,24.831422805786133,25.223495483398438,25.588817596435547,26.05442237854004,26.587528228759766,28.24689292907715
23.216957092285156,23.680086135864258,24.090898513793945,24.479503631591797,24.825624465942383,25.163026809692383,25.580184936523438,25.974817276000977,26.517045974731445,28.157894134521484
23.115264892578125,23.67241859436035,24.091455459594727,24.522165298461914,24.883991241455078,25.251224517822266,25.687423706054688,26.133686065673828,26.74009132385254,28.52429962158203
22.995769500732422,23.610485076904297,24.09126091003418,24.520132064819336,24.92830467224121,25.281152725219727,25.693389892578125,26.148344039916992,26.783950805664062,28.452939987182617
23.100221633911133,23.666316986083984,24.092985153198242,24.48830223083496,24.815887451171875,25.215526580810547,25.608800888061523,26.09475326538086,26.609750747680664,28.34787940979004
23.186492919921875,23.703960418701172,24.16645050048828,24.527050018310547,24.875530242919922,25.29285430908203,25.68178367614746,26.13367462158203,26.724077224731445,28.126663208007812
23.09455108642578,23.625173568725586,24.154006958007812,24.56778335571289,24.966571807861328,25.341880798339844,25.803693771362305,26.24094009399414,26.93171501159668,28.61447525024414
22.99917984008789,23.529251098632812,23.994075775146484,24.381908416748047,24.730224609375,25.14928436279297,25.590627670288086,26.052473068237305,26.647396087646484,28.166460037231445
23.041486740112305,23.613361358642578,24.092618942260742,24.50765609741211,24.908376693725586,25.238061904907227,25.653715133666992,26.207714080810547,26.82147216796875,28.538959503173828
23.132671356201172,23.706579208374023,24.14217758178711,24.540966033935547,24.908700942993164,25.28905487060547,25.682613372802734,26.147754669189453,26.77628517150879,28.35478973388672
23.16383171081543,23.70207405090332,24.13996696472168,24.515981674194336,24.859220504760742,25.26186180114746,25.600234985351562,26.102392196655273,26.720035552978516,28.874954223632812
23.049875259399414,23.65947723388672,24.111051559448242,24.503040313720703,24.927064895629883,25.30032730102539,25.721691131591797,26.188430786132812,26.89589500427246,28.591461181640625
23.09630584716797,23.718111038208008,24.074851989746094,24.53732681274414,24.926679611206055,25.308765411376953,25.745487213134766,26.224241256713867,26.933414459228516,28.615154266357422
23.168012619018555,23.650981903076172,24.088613510131836,24.494606018066406,24.881988525390625,25.26587677001953,25.637760162353516,26.126394271850586,26.724925994873047,28.37451171875
23.12401580810547,23.66176414489746,24.11069679260254,24.45833969116211,24.862573623657227,25.24453353881836,25.63006019592285,26.07695960998535,26.66510009765625,28.417692184448242
23.067214965820312,23.66229820251465,24.157943725585938,24.625614166259766,25.03076171875,25.45219612121582,25.910205841064453,26.418607711791992,27.093381881713867,28.545204162597656
23.075088500976562,23.658220291137695,24.077177047729492,24.49053192138672,24.851957321166992,25.219221115112305,25.646337509155273,26.155855178833008,26.725244522094727,28.51003074645996
23.115734100341797,23.687761306762695,24.149045944213867,24.51104164123535,24.86965560913086,25.25531768798828,25.62432289123535,26.132583618164062,26.718782424926758,28.35389518737793
23.073421478271484,23.695377349853516,24.131010055541992,24.474613189697266,24.88001251220703,25.197128295898438,25.63994598388672,26.105342864990234,26.746870040893555,28.30579376220703
23.12191390991211,23.808563232421875,24.195608139038086,24.623491287231445,25.022552490234375,25.387073516845703,25.81829833984375,26.273202896118164,26.808549880981445,28.61713218688965
23.020761489868164,23.693408966064453,24.159887313842773,24.52820587158203,24.93158531188965,25.374698638916016,25.825851440429688,26.355112075805664,26.990890502929688,28.889741897583008
23.07949447631836,23.66107940673828,24.199745178222656,24.609060287475586,24.968358993530273,25.336158752441406,25.77338218688965,26.26650047302246,26.8747615814209,28.593425750732422
23.142732620239258,23.754764556884766,24.176618576049805,24.548843383789062,24.910398483276367,25.282737731933594,25.689931869506836,26.123306274414062,26.676965713500977,28.388286590576172
23.10308837890625,23.687559127807617,24.08531951904297,24.498178482055664,24.85449981689453,25.24457359313965,25.641530990600586,26.13679313659668,26.740917205810547,28.470767974853516
23.03976058959961,23.659725189208984,24.105009078979492,24.56322479248047,24.92325782775879,25.321144104003906,25.73716163635254,26.220327377319336,26.871061325073242,28.638381958007812
23.119258880615234,23.683574676513672,24.178672790527344,24.552030563354492,24.916805267333984,25.31706428527832,25.738128662109375,26.144710540771484,26.736652374267578,28.354827880859375
23.1701717376709,23.726850509643555,24.16592025756836,24.514570236206055,24.88097381591797,25.245336532592773,25.636323928833008,26.14773178100586,26.682682037353516,28.675840377807617
23.08660316467285,23.634904861450195,24.107563018798828,24.482460021972656,24.880353927612305,25.243934631347656,25.65275001525879,26.175065994262695,26.824195861816406,28.62538719177246
23.028228759765625,23.680999755859375,24.125282287597656,24.566390991210938,24.98716926574707,25.36967658996582,25.80243682861328,26.25930404663086,26.918909072875977,28.621328353881836
23.12108612060547,23.663206100463867,24.133811950683594,24.538339614868164,24.904699325561523,25.304824829101562,25.7592716217041,26.217737197875977,26.832836151123047,28.36574363708496
23.165691375732422,23.731544494628906,24.15621566772461,24.516069412231445,24.88650894165039,25.252426147460938,25.632638931274414,26.115461349487305,26.732168197631836,28.52813720703125
23.060577392578125,23.645366668701172,24.160608291625977,24.64992904663086,25.02396011352539,25.437734603881836,25.863317489624023,26.37502098083496,26.98969268798828,28.52284812927246
23.115102767944336,23.65374183654785,24.109811782836914,24.543357849121094,24.91481590270996,25.328330993652344,25.75838279724121,26.231449127197266,26.861547470092773,28.413785934448242
23.076419830322266,23.65568733215332,24.10133934020996,24.53546714782715,24.907917022705078,25.27684783935547,25.673574447631836,26.119291305541992,26.712020874023438,28.472270965576172
23.116186141967773,23.676918029785156,24.135257720947266,24.52074432373047,24.914072036743164,25.320592880249023,25.817733764648438,26.30574607849121,26.89569091796875,28.751888275146484
23.040355682373047,23.639469146728516,24.06199073791504,24.512521743774414,24.878986358642578,25.28946304321289,25.701183319091797,26.231460571289062,26.844623565673828,28.54681396484375
23.206417083740234,23.701732635498047,24.1536808013916,24.553707122802734,24.917442321777344,25.361858367919922,25.76136589050293,26.303707122802734,26.941255569458008,28.414093017578125
23.175764083862305,23.669267654418945,24.14678955078125,24.535587310791016,24.882041931152344,25.29755210876465,25.693279266357422,26.18423843383789,26.826719284057617,28.336877822875977
23.063995361328125,23.664457321166992,24.126991271972656,24.514671325683594,24.910058975219727,25.283287048339844,25.73253059387207,26.237804412841797,26.850906372070312,28.759105682373047
23.092466354370117,23.703582763671875,24.163217544555664,24.552583694458008,24.953805923461914,25.333276748657227,25.765705108642578,26.266624450683594,26.812576293945312,28.513477325439453
23.114320755004883,23.648454666137695,24.091779708862305,24.482807159423828,24.895105361938477,25.22968864440918,25.634984970092773,26.064176559448242,26.735122680664062,28.32067108154297
23.14181900024414,23.715530395507812,24.20256805419922,24.609464645385742,24.986610412597656,25.364965438842773,25.81333351135254,26.282949447631836,26.89743423461914,28.512807846069336
23.084125518798828,23.740131378173828,24.20594596862793,24.61562156677246,24.981035232543945,25.350732803344727,25.76819610595703,26.186594009399414,26.818201065063477,28.436349868774414
23.097030639648438,23.674530029296875,24.09991455078125,24.490585327148438,24.87347412109375,25.256608963012695,25.641733169555664,26.071651458740234,26.682144165039062,28.463754653930664
23.085968017578125,23.650468826293945,24.062318801879883,24.48314666748047,24.838293075561523,25.23448944091797,25.627033233642578,26.157711029052734,26.743316650390625,28.388591766357422
23.10202407836914,23.747163772583008,24.225061416625977,24.571426391601562,24.932628631591797,25.382495880126953,25.795169830322266,26.31436538696289,27.018524169921875,28.71986198425293
22.91693878173828,23.608470916748047,24.155019760131836,24.541494369506836,24.97376251220703,25.398759841918945,25.773866653442383,26.30792808532715,26.9477596282959,28.668994903564453
23.122150421142578,23.72168731689453,24.134843826293945,24.54893684387207,24.895465850830078,25.286457061767578,25.67889976501465,26.123266220092773,26.719640731811523,28.55312156677246
23.10151481628418,23.72357177734375,24.139421463012695,24.484725952148438,24.875545501708984,25.275588989257812,25.654991149902344,26.09450340270996,26.725757598876953,28.44441795349121
22.965120315551758,23.62997055053711,24.095977783203125,24.513521194458008,24.909103393554688,25.30665397644043,25.70301628112793,26.182811737060547,26.771636962890625,28.328475952148438
23.086095809936523,23.691593170166016,24.126567840576172,24.530912399291992,24.94138526916504,25.32322883605957,25.771451950073242,26.21758460998535,26.90932273864746,28.659732818603516
23.129098892211914,23.738862991333008,24.17569923400879,24.626935958862305,24.94574546813965,25.3624210357666,25.84547996520996,26.259227752685547,26.86777687072754,28.599241256713867
23.13237190246582,23.701313018798828,24.142484664916992,24.55877685546875,24.954439163208008,25.33489227294922,25.7297306060791,26.214252471923828,26.821792602539062,28.474760055541992
23.062034606933594,23.663686752319336,24.100191116333008,24.497474670410156,24.88690757751465,25.30287742614746,25.748870849609375,26.17990493774414,26.816614151000977,28.30818748474121
23.122255325317383,23.649606704711914,24.139768600463867,24.526187896728516,24.88726043701172,25.29530906677246,25.738590240478516,26.232248306274414,26.86749839782715,28.73543930053711
23.105329513549805,23.68267059326172,24.146268844604492,24.508018493652344,24.86797332763672,25.286901473999023,25.731760025024414,26.13857078552246,26.79962158203125,28.649869918823242
23.154573440551758,23.688512802124023,24.146883010864258,24.51492691040039,24.88945770263672,25.282468795776367,25.72319984436035,26.149208068847656,26.79025650024414,28.417648315429688
23.124141693115234,23.680864334106445,24.1586856842041,24.54163360595703,24.95864486694336,25.370803833007812,25.73768424987793,26.271196365356445,26.939453125,28.44664192199707
23.02823829650879,23.563743591308594,24.08656883239746,24.53717613220215,24.96831512451172,25.35452651977539,25.86466407775879,26.317907333374023,26.93790626525879,28.69436264038086
23.103038787841797,23.656679153442383,24.111431121826172,24.50398063659668,24.859294891357422,25.22903060913086,25.629718780517578,26.07433319091797,26.676475524902344,28.463985443115234
23.09674835205078,23.689151763916016,24.104385375976562,24.486412048339844,24.87830352783203,25.265596389770508,25.665130615234375,26.140153884887695,26.852794647216797,28.504886627197266
23.05402374267578,23.587928771972656,24.052125930786133,24.424964904785156,24.776729583740234,25.158266067504883,25.55222511291504,25.985103607177734,26.661571502685547,28.5546817779541
23.031986236572266,23.673612594604492,24.102819442749023,24.56393814086914,24.952848434448242,25.275110244750977,25.748735427856445,26.235153198242188,26.773696899414062,28.659191131591797
23.14970588684082,23.71590805053711,24.1524600982666,24.493661880493164,24.891984939575195,25.235164642333984,25.663053512573242,26.10898780822754,26.725488662719727,28.507415771484375
23.11726188659668,23.67841148376465,24.085126876831055,24.502357482910156,24.816974639892578,25.17536735534668,25.59299087524414,26.063949584960938,26.68808937072754,28.330041885375977
23.0175838470459,23.607702255249023,24.14346694946289,24.52581214904785,24.94814682006836,25.316312789916992,25.777612686157227,26.16522789001465,26.853130340576172,28.523601531982422
23.081459045410156,23.62217140197754,24.140518188476562,24.50550079345703,24.920852661132812,25.323482513427734,25.725505828857422,26.17556381225586,26.824474334716797,28.559720993041992
23.110502243041992,23.705291748046875,24.161949157714844,24.50152015686035,24.866680145263672,25.197898864746094,25.620223999023438,26.029991149902344,26.650863647460938,28.34139633178711
23.126314163208008,23.709686279296875,24.13058090209961,24.536815643310547,24.908296585083008,25.289169311523438,25.697282791137695,26.25265884399414,26.893436431884766,28.58648681640625
23.05417251586914,23.619461059570312,24.075477600097656,24.49113655090332,24.83580780029297,25.186532974243164,25.61130714416504,26.05750274658203,26.745336532592773,28.382410049438477
23.111087799072266,23.6799259185791,24.12354850769043,24.467700958251953,24.855003356933594,25.179405212402344,25.57770538330078,25.998300552368164,26.653051376342773,28.30533790588379
23.05242156982422,23.7266902923584,24.185972213745117,24.63625717163086,24.989370346069336,25.35456657409668,25.76749610900879,26.192224502563477,26.824499130249023,28.41954231262207
22.99893569946289,23.658315658569336,24.09041976928711,24.487058639526367,24.87499237060547,25.23690414428711,25.656476974487305,26.126583099365234,26.78765869140625,28.624969482421875
23.212543487548828,23.698795318603516,24.13389778137207,24.502042770385742,24.8666934967041,25.25753402709961,25.672033309936523,26.188268661499023,26.76519775390625,28.341114044189453
23.1209774017334,23.70037269592285,24.1393985748291,24.5573673248291,24.924407958984375,25.333786010742188,25.720544815063477,26.217763900756836,26.828765869140625,28.47808265686035
23.159778594970703,23.729639053344727,24.16423225402832,24.603548049926758,24.93209457397461,25.32241439819336,25.73388671875,26.190441131591797,26.819955825805664,28.400659561157227
22.990015029907227,23.581005096435547,24.039932250976562,24.449487686157227,24.90882682800293,25.30881118774414,25.80539894104004,26.214340209960938,26.841367721557617,28.58436393737793
23.048988342285156,23.61337661743164,24.095123291015625,24.459571838378906,24.84242057800293,25.166526794433594,25.5511417388916,26.01678466796875,26.58148956298828,28.358686447143555
23.126649856567383,23.705472946166992,24.146177291870117,24.50897979736328,24.889354705810547,25.325414657592773,25.7424373626709,26.182348251342773,26.85708999633789,28.379241943359375
23.066463470458984,23.64129638671875,24.081344604492188,24.432344436645508,24.816444396972656,25.20737648010254,25.59343147277832,26.020294189453125,26.658239364624023,28.453044891357422
23.12578582763672,23.680360794067383,24.154163360595703,24.51876449584961,24.866296768188477,25.240745544433594,25.648162841796875,26.099014282226562,26.697694778442383,28.38560676574707
23.173017501831055,23.69748878479004,24.123035430908203,24.527339935302734,24.894500732421875,25.229360580444336,25.653987884521484,26.14708137512207,26.872896194458008,28.500200271606445
22.993179321289062,23.64095687866211,24.031726837158203,24.424062728881836,24.81515121459961,25.156801223754883,25.576496124267578,26.068405151367188,26.747934341430664,28.369836807250977
23.109352111816406,23.690839767456055,24.14667510986328,24.57493019104004,24.91948699951172,25.301700592041016,25.670263290405273,26.14748191833496,26.816360473632812,28.463953018188477
23.133377075195312,23.697256088256836,24.160715103149414,24.549564361572266,24.915647506713867,25.336681365966797,25.74352264404297,26.23456382751465,26.838912963867188,28.502338409423828
23.115537643432617,23.699661254882812,24.13642120361328,24.529878616333008,24.921018600463867,25.370773315429688,25.76025390625,26.31577491760254,27.026626586914062,28.645145416259766
23.055946350097656,23.67807388305664,24.104764938354492,24.492414474487305,24.882673263549805,25.282365798950195,25.68085289001465,26.174835205078125,26.81987953186035,28.670291900634766
23.012006759643555,23.65166473388672,24.10352325439453,24.490478515625,24.87108039855957,25.275344848632812,25.701160430908203,26.180219650268555,26.73684310913086,28.505157470703125
23.120742797851562,23.683792114257812,24.147319793701172,24.56535530090332,24.896984100341797,25.297260284423828,25.748823165893555,26.155405044555664,26.78578758239746,28.60197639465332
23.10247802734375,23.68060874938965,24.150510787963867,24.573957443237305,24.927894592285156,25.32112693786621,25.747617721557617,26.267642974853516,26.894975662231445,28.857376098632812
23.127681732177734,23.66733169555664,24.101398468017578,24.522912979125977,24.874488830566406,25.252592086791992,25.65094566345215,26.120004653930664,26.764755249023438,28.327600479125977
23.062923431396484,23.660659790039062,24.096120834350586,24.522842407226562,24.894020080566406,25.2880916595459,25.69394874572754,26.163619995117188,26.752294540405273,28.756942749023438
23.194862365722656,23.76576805114746,24.167081832885742,24.53826904296875,24.90910530090332,25.30503273010254,25.716705322265625,26.211393356323242,26.867448806762695,28.46230125427246
23.124683380126953,23.694828033447266,24.14200210571289,24.5570011138916,24.891023635864258,25.303037643432617,25.737886428833008,26.244585037231445,26.79212760925293,28.728288650512695
23.104736328125,23.741817474365234,24.173086166381836,24.587665557861328,24.92661476135254,25.353254318237305,25.745073318481445,26.218713760375977,26.778343200683594,28.32988739013672
23.149633407592773,23.706968307495117,24.16465187072754,24.511571884155273,24.90134620666504,25.28862190246582,25.664295196533203,26.204370498657227,26.88357162475586,28.557851791381836
23.111976623535156,23.746854782104492,24.169103622436523,24.555992126464844,24.967134475708008,25.340858459472656,25.71405029296875,26.174880981445312,26.789045333862305,28.530902862548828
23.152442932128906,23.73217010498047,24.203533172607422,24.569995880126953,24.97670555114746,25.319286346435547,25.747234344482422,26.214540481567383,26.716779708862305,28.501140594482422
23.051982879638672,23.695337295532227,24.11442756652832,24.53676414489746,24.914033889770508,25.289413452148438,25.703407287597656,26.196733474731445,26.778379440307617,28.311840057373047
23.168745040893555,23.674640655517578,24.127843856811523,24.498910903930664,24.84960174560547,25.238513946533203,25.628503799438477,26.1503963470459,26.78474235534668,28.62599754333496
23.009462356567383,23.64682960510254,24.102415084838867,24.501922607421875,24.884078979492188,25.291337966918945,25.725353240966797,26.215951919555664,26.907596588134766,28.71892738342285
23.0672550201416,23.696102142333984,24.11608123779297,24.5622615814209,24.958953857421875,25.342344284057617,25.77769660949707,26.2949161529541,26.93572425842285,28.86096954345703
23.029001235961914,23.69232749938965,24.142553329467773,24.6112117767334,24.963972091674805,25.328990936279297,25.744428634643555,26.22276496887207,26.854984283447266,28.509801864624023
23.0247859954834,23.639802932739258,24.09027099609375,24.52033042907715,24.891563415527344,25.284996032714844,25.676286697387695,26.187808990478516,26.84386444091797,28.34415626525879
23.068761825561523,23.667924880981445,24.074350357055664,24.509483337402344,24.85146141052246,25.206302642822266,25.598501205444336,26.07625389099121,26.74541664123535,28.39466667175293
23.10388946533203,23.660104751586914,24.06841278076172,24.440345764160156,24.84540557861328,25.191802978515625,25.611989974975586,26.071392059326172,26.68834686279297,28.474842071533203
23.09825325012207,23.704795837402344,24.12518882751465,24.519062042236328,24.892404556274414,25.25141143798828,25.636240005493164,26.099458694458008,26.695171356201172,28.46750259399414
23.196731567382812,23.7289981842041,24.17049789428711,24.548755645751953,24.92652702331543,25.29058265686035,25.669321060180664,26.136701583862305,26.717388153076172,28.517406463623047
23.063764572143555,23.65625,24.06340980529785,24.50376319885254,24.88855743408203,25.249265670776367,25.621212005615234,26.143798828125,26.758010864257812,28.53702163696289
23.141584396362305,23.691423416137695,24.1238956451416,24.513282775878906,24.8900089263916,25.267379760742188,25.71929168701172,26.188705444335938,26.753271102905273,28.47577476501465
23.074678421020508,23.697412490844727,24.128719329833984,24.517744064331055,24.902000427246094,25.314722061157227,25.69756507873535,26.139881134033203,26.84018898010254,28.532344818115234
23.06968116760254,23.70755386352539,24.16864585876465,24.560792922973633,24.890832901000977,25.292131423950195,25.688152313232422,26.144987106323242,26.694625854492188,28.49132537841797
23.109251022338867,23.724449157714844,24.262672424316406,24.683446884155273,25.055099487304688,25.466352462768555,25.842823028564453,26.355712890625,27.039016723632812,28.470088958740234
23.065549850463867,23.68562889099121,24.158672332763672,24.557159423828125,24.93246078491211,25.32046890258789,25.776819229125977,26.250167846679688,26.88180923461914,28.480077743530273
23.10828971862793,23.773630142211914,24.242204666137695,24.5865421295166,24.939483642578125,25.31232261657715,25.71636962890625,26.15041160583496,26.81000328063965,28.479047775268555
23.055313110351562,23.646249771118164,24.09926986694336,24.52923011779785,24.882551193237305,25.27675437927246,25.69440269470215,26.155101776123047,26.720657348632812,28.50568199157715
23.17717933654785,23.70740509033203,24.097978591918945,24.462114334106445,24.862777709960938,25.222688674926758,25.582595825195312,26.061315536499023,26.6750545501709,28.387868881225586
23.189809799194336,23.717788696289062,24.127708435058594,24.547576904296875,24.908794403076172,25.271217346191406,25.714031219482422,26.164688110351562,26.88660430908203,28.69601821899414
23.080411911010742,23.71782684326172,24.22933578491211,24.570266723632812,25.011810302734375,25.399520874023438,25.7612247467041,26.2778377532959,26.890090942382812,28.71283721923828
23.109294891357422,23.665937423706055,24.141557693481445,24.57760238647461,25.009437561035156,25.381162643432617,25.81971549987793,26.305871963500977,26.921756744384766,28.518230438232422
23.116336822509766,23.71886444091797,24.177446365356445,24.534875869750977,24.925065994262695,25.275218963623047,25.724843978881836,26.178184509277344,26.885711669921875,28.47235679626465
23.23093032836914,23.770647048950195,24.187217712402344,24.567081451416016,24.923471450805664,25.305152893066406,25.69452476501465,26.191650390625,26.88629722595215,28.607925415039062
23.05902099609375,23.76428985595703,24.204879760742188,24.6477108001709,24.997678756713867,25.373369216918945,25.833242416381836,26.353673934936523,26.948991775512695,28.500282287597656
23.005876541137695,23.62648582458496,24.090187072753906,24.51857566833496,24.895700454711914,25.29959487915039,25.688547134399414,26.137359619140625,26.78110694885254,28.23128318786621
23.14069366455078,23.746444702148438,24.173168182373047,24.57573890686035,24.919340133666992,25.34090805053711,25.740224838256836,26.216711044311523,26.828033447265625,28.56043243408203
23.089784622192383,23.640865325927734,24.050527572631836,24.47027587890625,24.80938720703125,25.212894439697266,25.643648147583008,26.069992065429688,26.739301681518555,28.400440216064453
23.1212100982666,23.675060272216797,24.154823303222656,24.544696807861328,24.913541793823242,25.274477005004883,25.700742721557617,26.234704971313477,26.867767333984375,28.513830184936523
23.14803695678711,23.685945510864258,24.144378662109375,24.51197624206543,24.906780242919922,25.275178909301758,25.67742919921875,26.172250747680664,26.766971588134766,28.50157928466797
23.09359359741211,23.62741470336914,24.07774543762207,24.462162017822266,24.79723358154297,25.192407608032227,25.591529846191406,26.034582138061523,26.65293312072754,28.43817710876465
23.211271286010742,23.73309898376465,24.130229949951172,24.539365768432617,24.878952026367188,25.263229370117188,25.728195190429688,26.18667984008789,26.763595581054688,28.517404556274414
23.126728057861328,23.684383392333984,24.186506271362305,24.575668334960938,24.954933166503906,25.326126098632812,25.71853256225586,26.195159912109375,26.928016662597656,28.631818771362305
23.157499313354492,23.732044219970703,24.145278930664062,24.50339126586914,24.849964141845703,25.219602584838867,25.575580596923828,26.078336715698242,26.779748916625977,28.39442253112793
23.146224975585938,23.677688598632812,24.15811538696289,24.537817001342773,24.916872024536133,25.303953170776367,25.713659286499023,26.18723487854004,26.772737503051758,28.872861862182617
23.135334014892578,23.672685623168945,24.12885856628418,24.52928352355957,24.857372283935547,25.23355484008789,25.59694480895996,26.081195831298828,26.707334518432617,28.293006896972656
23.14560317993164,23.700746536254883,24.09587287902832,24.49283218383789,24.872480392456055,25.249422073364258,25.658061981201172,26.113231658935547,26.720643997192383,28.53420066833496
23.09334373474121,23.68973159790039,24.121706008911133,24.566783905029297,24.938434600830078,25.340883255004883,25.784358978271484,26.266353607177734,26.95537567138672,28.862689971923828
23.06275177001953,23.66738510131836,24.176198959350586,24.657623291015625,25.071786880493164,25.515411376953125,25.951980590820312,26.44324493408203,27.096675872802734,28.95965576171875
22.99787712097168,23.591346740722656,24.079984664916992,24.51696014404297,24.895050048828125,25.311044692993164,25.713411331176758,26.198400497436523,26.85784339904785,28.61821746826172
23.124128341674805,23.717451095581055,24.174715042114258,24.53675079345703,24.90131187438965,25.312908172607422,25.690521240234375,26.137496948242188,26.81020164489746,28.45525550842285
23.170326232910156,23.730445861816406,24.214574813842773,24.617156982421875,25.01117515563965,25.37470245361328,25.795324325561523,26.28917121887207,26.88530731201172,28.474056243896484
23.21038246154785,23.76435089111328,24.128921508789062,24.52992820739746,24.848529815673828,25.254074096679688,25.647201538085938,26.06472396850586,26.692739486694336,28.35630989074707
23.149633407592773,23.754247665405273,24.157257080078125,24.494131088256836,24.910400390625,25.289440155029297,25.636058807373047,26.10460662841797,26.698627471923828,28.372488021850586
23.04180908203125,23.69126319885254,24.099992752075195,24.491331100463867,24.88872718811035,25.274826049804688,25.689800262451172,26.205615997314453,26.860742568969727,28.565662384033203
23.10480499267578,23.743770599365234,24.180503845214844,24.584077835083008,24.932628631591797,25.278791427612305,25.714832305908203,26.147558212280273,26.75109100341797,28.513320922851562
23.156648635864258,23.737667083740234,24.191638946533203,24.549165725708008,24.949201583862305,25.31992530822754,25.69745635986328,26.145401000976562,26.75619125366211,28.484434127807617
23.045957565307617,23.584930419921875,24.08856201171875,24.509082794189453,24.847515106201172,25.271270751953125,25.66302490234375,26.065576553344727,26.69180679321289,28.564409255981445
23.09552574157715,23.648548126220703,24.086780548095703,24.48450469970703,24.922319412231445,25.314712524414062,25.75836181640625,26.256797790527344,26.926876068115234,28.590473175048828
23.197555541992188,23.760013580322266,24.154438018798828,24.515012741088867,24.89509391784668,25.25769805908203,25.631635665893555,26.122920989990234,26.63924789428711,28.532054901123047
23.127208709716797,23.694318771362305,24.102005004882812,24.455772399902344,24.810802459716797,25.17762565612793,25.52400779724121,25.968379974365234,26.650985717773438,28.940370559692383
23.023757934570312,23.600492477416992,24.04631996154785,24.508682250976562,24.847492218017578,25.229534149169922,25.620698928833008,26.046892166137695,26.680843353271484,28.460205078125
23.086063385009766,23.605215072631836,24.03284454345703,24.413515090942383,24.777250289916992,25.16295623779297,25.563745498657227,26.01961898803711,26.5944766998291,28.442659378051758
23.12664794921875,23.64497184753418,24.083389282226562,24.473148345947266,24.816532135009766,25.217330932617188,25.59970474243164,26.076858520507812,26.67035675048828,28.532968521118164
23.100801467895508,23.665756225585938,24.10211753845215,24.481101989746094,24.864023208618164,25.242050170898438,25.66412353515625,26.14757537841797,26.637554168701172,28.092302322387695
23.074298858642578,23.669178009033203,24.101482391357422,24.529190063476562,24.895336151123047,25.236955642700195,25.60439109802246,26.100061416625977,26.751432418823242,28.540006637573242
23.079816818237305,23.607362747192383,24.087894439697266,24.475662231445312,24.836421966552734,25.17687225341797,25.62784767150879,26.072959899902344,26.686046600341797,28.431198120117188
23.08672332763672,23.705204010009766,24.18244171142578,24.522741317749023,24.902267456054688,25.27018165588379,25.66766929626465,26.110780715942383,26.682363510131836,28.11843490600586
23.09096908569336,23.684171676635742,24.089693069458008,24.5080509185791,24.879377365112305,25.289155960083008,25.685256958007812,26.162744522094727,26.796451568603516,28.745595932006836
23.061939239501953,23.637313842773438,24.107168197631836,24.526350021362305,24.867652893066406,25.26463508605957,25.66229248046875,26.128799438476562,26.727413177490234,28.282947540283203
23.177465438842773,23.653972625732422,24.083786010742188,24.449012756347656,24.875696182250977,25.183971405029297,25.61335563659668,26.079362869262695,26.69512176513672,28.44219970703125
23.121170043945312,23.70518684387207,24.144500732421875,24.53546714782715,24.928125381469727,25.287273406982422,25.658109664916992,26.138416290283203,26.80756187438965,28.503456115722656
23.07306671142578,23.66669273376465,24.085721969604492,24.431108474731445,24.81502342224121,25.184301376342773,25.563005447387695,26.05364418029785,26.682601928710938,28.429649353027344
23.115867614746094,23.681438446044922,24.106943130493164,24.496938705444336,24.868900299072266,25.231781005859375,25.637104034423828,26.046478271484375,26.608898162841797,28.298192977905273
23.150253295898438,23.767122268676758,24.158472061157227,24.566068649291992,25.009037017822266,25.358274459838867,25.770734786987305,26.177698135375977,26.845386505126953,28.237468719482422
23.115140914916992,23.738847732543945,24.166805267333984,24.5906925201416,25.012075424194336,25.39911460876465,25.798782348632812,26.227005004882812,26.83216667175293,28.49715232849121
23.140478134155273,23.733116149902344,24.209552764892578,24.63726043701172,24.982887268066406,25.359214782714844,25.771934509277344,26.227771759033203,26.831008911132812,28.384288787841797
23.24132537841797,23.734373092651367,24.217649459838867,24.612091064453125,24.935773849487305,25.338808059692383,25.759998321533203,26.29067039489746,26.920419692993164,28.498489379882812
23.081701278686523,23.707366943359375,24.17055892944336,24.529905319213867,24.921180725097656,25.310487747192383,25.717578887939453,26.17775535583496,26.892986297607422,28.51047706604004
23.016353607177734,23.67278289794922,24.153867721557617,24.555065155029297,24.914352416992188,25.335498809814453,25.76382827758789,26.24148178100586,26.905054092407227,28.675695419311523
23.132326126098633,23.658611297607422,24.134490966796875,24.51213264465332,24.89625358581543,25.27862548828125,25.645828247070312,26.046550750732422,26.717241287231445,28.50258445739746
23.038232803344727,23.619403839111328,24.095348358154297,24.47202491760254,24.815587997436523,25.182313919067383,25.611631393432617,26.075525283813477,26.691829681396484,28.437362670898438
22.991409301757812,23.64836311340332,24.125415802001953,24.505813598632812,24.870616912841797,25.226581573486328,25.607271194458008,26.040884017944336,26.636810302734375,28.42423439025879
23.13648223876953,23.676288604736328,24.149707794189453,24.499610900878906,24.89556884765625,25.31824493408203,25.72957420349121,26.280691146850586,26.9218807220459,28.341867446899414
23.156068801879883,23.689197540283203,24.16230583190918,24.547889709472656,24.915895462036133,25.295215606689453,25.695768356323242,26.153799057006836,26.78960418701172,28.39252471923828
23.05728530883789,23.645944595336914,24.090078353881836,24.46650505065918,24.845924377441406,25.26784896850586,25.63094711303711,26.159908294677734,26.923614501953125,28.589378356933594
23.100749969482422,23.70937728881836,24.187023162841797,24.5986385345459,24.983936309814453,25.358579635620117,25.763301849365234,26.316970825195312,26.956439971923828,28.778852462768555
23.132654190063477,23.707578659057617,24.155778884887695,24.531461715698242,24.919620513916016,25.26689338684082,25.651269912719727,26.108413696289062,26.69300079345703,28.36126136779785
23.08481216430664,23.714611053466797,24.179672241210938,24.602848052978516,24.967086791992188,25.31585693359375,25.74061393737793,26.24029541015625,26.836414337158203,28.550092697143555
23.092567443847656,23.637956619262695,24.125301361083984,24.502573013305664,24.90290641784668,25.271862030029297,25.66497802734375,26.146800994873047,26.745220184326172,28.587852478027344
23.119972229003906,23.742727279663086,24.157182693481445,24.584735870361328,24.95404624938965,25.338565826416016,25.755355834960938,26.249746322631836,26.861967086791992,28.640310287475586
23.088268280029297,23.770910263061523,24.190195083618164,24.608736038208008,24.97353172302246,25.42906951904297,25.840078353881836,26.455068588256836,27.16352081298828,28.73141860961914
23.114484786987305,23.67815589904785,24.125591278076172,24.50415802001953,24.85264015197754,25.221603393554688,25.624534606933594,26.077144622802734,26.64704704284668,28.161020278930664
23.04786491394043,23.64202880859375,24.15874481201172,24.557497024536133,25.03019905090332,25.415363311767578,25.872629165649414,26.37006378173828,27.022228240966797,28.667804718017578
23.13304901123047,23.697261810302734,24.14629364013672,24.543418884277344,24.939212799072266,25.311880111694336,25.77060890197754,26.22493553161621,26.773265838623047,28.451791763305664
23.067901611328125,23.689403533935547,24.12559700012207,24.529869079589844,24.919782638549805,25.286144256591797,25.664047241210938,26.153841018676758,26.72467613220215,28.374404907226562
23.088151931762695,23.695274353027344,24.120929718017578,24.536256790161133,24.88300895690918,25.254549026489258,25.633220672607422,26.16788673400879,26.740428924560547,28.434232711791992
23.08466339111328,23.660743713378906,24.14830207824707,24.50359535217285,24.902145385742188,25.257976531982422,25.685327529907227,26.180862426757812,26.807140350341797,28.502735137939453
23.087587356567383,23.668352127075195,24.117910385131836,24.508987426757812,24.871366500854492,25.258943557739258,25.598743438720703,26.093700408935547,26.664302825927734,28.31554412841797
23.08045768737793,23.648109436035156,24.082569122314453,24.466617584228516,24.847009658813477,25.225299835205078,25.627696990966797,26.114395141601562,26.65392303466797,28.313629150390625
23.234140396118164,23.732444763183594,24.165241241455078,24.52880859375,24.91156578063965,25.276790618896484,25.699235916137695,26.154069900512695,26.79026222229004,28.169086456298828
23.098796844482422,23.66071128845215,24.09539031982422,24.481647491455078,24.799516677856445,25.221975326538086,25.55747413635254,26.048328399658203,26.634037017822266,28.32326889038086
23.040538787841797,23.64568328857422,24.135108947753906,24.534400939941406,24.931447982788086,25.374374389648438,25.80524253845215,26.390647888183594,27.046051025390625,28.78453254699707
23.186006546020508,23.680429458618164,24.10239601135254,24.486772537231445,24.845905303955078,25.2447566986084,25.65570640563965,26.12517738342285,26.73512840270996,28.291255950927734
23.09168243408203,23.656160354614258,24.126850128173828,24.5222110748291,24.920289993286133,25.27554702758789,25.67906379699707,26.152578353881836,26.787439346313477,28.35972023010254
23.112972259521484,23.685009002685547,24.176021575927734,24.548065185546875,24.94853401184082,25.346651077270508,25.772689819335938,26.283374786376953,26.870126724243164,28.577539443969727
23.095788955688477,23.632362365722656,24.10457992553711,24.480621337890625,24.86029052734375,25.25572395324707,25.689746856689453,26.149826049804688,26.85706329345703,28.67702293395996
23.020050048828125,23.61701011657715,24.089717864990234,24.536487579345703,24.878015518188477,25.27029800415039,25.722806930541992,26.22907066345215,26.782758712768555,28.677263259887695
23.028732299804688,23.626615524291992,24.04236602783203,24.435686111450195,24.80738639831543,25.223724365234375,25.655635833740234,26.147619247436523,26.828744888305664,28.654830932617188
23.102399826049805,23.702421188354492,24.08676528930664,24.449569702148438,24.786710739135742,25.21281623840332,25.601612091064453,26.058826446533203,26.606281280517578,28.25699234008789
23.015701293945312,23.59149742126465,24.080320358276367,24.476634979248047,24.822711944580078,25.235231399536133,25.66055679321289,26.1782283782959,26.76255226135254,28.515945434570312
23.058271408081055,23.644981384277344,24.128406524658203,24.506500244140625,24.88027000427246,25.246671676635742,25.60240364074707,26.079818725585938,26.739866256713867,28.48137092590332
23.1357364654541,23.676204681396484,24.079273223876953,24.498788833618164,24.85274887084961,25.278779983520508,25.66510009765625,26.14122772216797,26.837907791137695,28.509098052978516
23.020715713500977,23.625394821166992,24.121288299560547,24.54093360900879,24.938148498535156,25.342777252197266,25.783082962036133,26.356536865234375,27.06481170654297,28.828975677490234
23.11850929260254,23.65703582763672,24.100666046142578,24.5239200592041,24.86035919189453,25.25308609008789,25.632604598999023,26.08168601989746,26.686643600463867,28.241689682006836
23.11842918395996,23.723657608032227,24.211727142333984,24.60723304748535,24.998167037963867,25.413419723510742,25.782634735107422,26.34942626953125,26.972518920898438,28.575647354125977
23.094881057739258,23.69093894958496,24.128110885620117,24.511457443237305,24.892589569091797,25.27593994140625,25.67100715637207,26.112274169921875,26.68324089050293,28.426795959472656
23.147441864013672,23.694812774658203,24.177549362182617,24.52989959716797,24.935319900512695,25.295141220092773,25.715341567993164,26.21238136291504,26.780590057373047,28.40052604675293
23.042816162109375,23.688398361206055,24.105398178100586,24.54953956604004,24.923599243164062,25.30575180053711,25.727561950683594,26.225826263427734,26.818147659301758,28.433256149291992
23.11917495727539,23.724180221557617,24.147411346435547,24.53038787841797,24.91585922241211,25.307998657226562,25.709115982055664,26.155956268310547,26.80560302734375,28.49944496154785
23.098251342773438,23.717260360717773,24.165809631347656,24.53650665283203,24.898523330688477,25.289430618286133,25.702131271362305,26.184391021728516,26.79705810546875,28.469823837280273
23.124067306518555,23.747177124023438,24.143474578857422,24.55439567565918,24.907880783081055,25.28782844543457,25.677688598632812,26.155136108398438,26.705745697021484,28.461896896362305
23.105302810668945,23.6893253326416,24.090059280395508,24.490398406982422,24.866464614868164,25.239501953125,25.598161697387695,26.074604034423828,26.71396827697754,28.391891479492188
23.023134231567383,23.653411865234375,24.11351776123047,24.540746688842773,24.89632225036621,25.370023727416992,25.766401290893555,26.258045196533203,26.87757682800293,28.72931480407715
23.02240753173828,23.649667739868164,24.10378646850586,24.474878311157227,24.854564666748047,25.240386962890625,25.602876663208008,25.997400283813477,26.790756225585938,28.383880615234375
23.02213478088379,23.5781192779541,24.033329010009766,24.482004165649414,24.86240005493164,25.2037296295166,25.64263343811035,26.12233543395996,26.750585556030273,28.908321380615234
23.138980865478516,23.7569522857666,24.167678833007812,24.56946563720703,24.922073364257812,25.299877166748047,25.699033737182617,26.13170051574707,26.757614135742188,28.428680419921875
23.102863311767578,23.66128921508789,24.12037467956543,24.520967483520508,24.913938522338867,25.3577938079834,25.808883666992188,26.27850341796875,26.892587661743164,28.483051300048828
23.13446044921875,23.691192626953125,24.13190460205078,24.549055099487305,24.915237426757812,25.305343627929688,25.76352882385254,26.218027114868164,26.90627098083496,28.595922470092773
23.151153564453125,23.70429801940918,24.133026123046875,24.5228214263916,24.8848819732666,25.267288208007812,25.677480697631836,26.191125869750977,26.84318733215332,28.612680435180664
23.210834503173828,23.6940860748291,24.13165283203125,24.524869918823242,24.89706039428711,25.22671127319336,25.61286735534668,26.07720184326172,26.644617080688477,28.381868362426758
23.144487380981445,23.711042404174805,24.17377471923828,24.539409637451172,24.955120086669922,25.299976348876953,25.724166870117188,26.214519500732422,26.772314071655273,28.363800048828125
23.06785011291504,23.65342140197754,24.175073623657227,24.584964752197266,24.99738311767578,25.365564346313477,25.794750213623047,26.35071563720703,27.031179428100586,28.684246063232422
23.019630432128906,23.624631881713867,24.0765438079834,24.559328079223633,24.974641799926758,25.32537269592285,25.80452537536621,26.31423568725586,27.133073806762695,28.795888900756836
22.88363265991211,23.504423141479492,24.034713745117188,24.543310165405273,24.96023178100586,25.431472778320312,25.914518356323242,26.46246910095215,27.082687377929688,28.783153533935547
23.040008544921875,23.609664916992188,24.07942008972168,24.451871871948242,24.853511810302734,25.23577117919922,25.637239456176758,26.12613296508789,26.823503494262695,28.39675521850586
23.165983200073242,23.70637321472168,24.139942169189453,24.507160186767578,24.86574363708496,25.21685028076172,25.663318634033203,26.120126724243164,26.813905715942383,28.575780868530273
23.07657241821289,23.664588928222656,24.122407913208008,24.4716796875,24.838886260986328,25.244565963745117,25.586137771606445,26.086929321289062,26.6606502532959,28.317089080810547
23.127925872802734,23.720335006713867,24.162864685058594,24.55369758605957,24.93437957763672,25.31239891052246,25.71942710876465,26.18807029724121,26.77712059020996,28.64853858947754
23.083221435546875,23.649991989135742,24.14971923828125,24.53055191040039,24.927227020263672,25.30929183959961,25.720056533813477,26.220809936523438,26.82921600341797,28.75249481201172
23.016672134399414,23.613658905029297,24.050199508666992,24.449735641479492,24.775135040283203,25.1509952545166,25.545610427856445,26.030799865722656,26.686832427978516,28.386812210083008
23.118000030517578,23.674480438232422,24.11786651611328,24.539566040039062,24.89370346069336,25.291837692260742,25.74202537536621,26.168886184692383,26.84268569946289,28.663848876953125
23.031221389770508,23.622291564941406,24.09575653076172,24.48870277404785,24.852493286132812,25.19658851623535,25.628799438476562,26.132654190063477,26.83135414123535,28.496322631835938
23.14630889892578,23.70917320251465,24.206064224243164,24.584068298339844,24.955970764160156,25.324922561645508,25.72368621826172,26.19281578063965,26.795303344726562,28.487518310546875
23.030319213867188,23.591997146606445,24.09136962890625,24.504613876342773,24.893646240234375,25.248029708862305,25.715774536132812,26.22003746032715,26.825225830078125,28.60309410095215
23.05069351196289,23.630687713623047,24.101472854614258,24.550857543945312,24.918014526367188,25.34551239013672,25.74530792236328,26.233951568603516,26.850608825683594,28.385656356811523
23.17789077758789,23.674942016601562,24.10549545288086,24.453514099121094,24.832847595214844,25.208498001098633,25.65681266784668,26.084671020507812,26.663818359375,28.420141220092773
22.98773956298828,23.54180908203125,24.016477584838867,24.404090881347656,24.797290802001953,25.163591384887695,25.590837478637695,26.08454704284668,26.75229835510254,28.571537017822266
23.08799171447754,23.683372497558594,24.099626541137695,24.509817123413086,24.844573974609375,25.218000411987305,25.665620803833008,26.133535385131836,26.740474700927734,28.33827018737793
22.941171646118164,23.54060173034668,24.04698944091797,24.507417678833008,24.893442153930664,25.294116973876953,25.77692222595215,26.27227020263672,26.904052734375,28.64141845703125
23.056812286376953,23.60144805908203,24.059616088867188,24.439128875732422,24.82291030883789,25.195274353027344,25.625329971313477,26.1083927154541,26.71639633178711,28.65056800842285
23.05428695678711,23.626710891723633,24.070770263671875,24.445566177368164,24.825456619262695,25.22026824951172,25.63400650024414,26.068756103515625,26.636398315429688,28.400102615356445
23.081497192382812,23.713109970092773,24.210702896118164,24.64674949645996,25.0380859375,25.453853607177734,25.85202980041504,26.351938247680664,26.97096824645996,28.54723358154297
23.123336791992188,23.67862319946289,24.10532569885254,24.481340408325195,24.8569393157959,25.20551300048828,25.596689224243164,26.107168197631836,26.823183059692383,28.42569351196289
23.137346267700195,23.67604637145996,24.12531089782715,24.543224334716797,24.88406753540039,25.271953582763672,25.697107315063477,26.160770416259766,26.696468353271484,28.35411834716797
23.028167724609375,23.645227432250977,24.10915756225586,24.5419921875,24.927907943725586,25.309444427490234,25.76080322265625,26.229019165039062,26.873308181762695,28.47669792175293
23.03864288330078,23.6871395111084,24.111736297607422,24.526321411132812,24.919736862182617,25.291521072387695,25.694950103759766,26.16984748840332,26.866287231445312,28.56460952758789
23.14376449584961,23.703853607177734,24.12260627746582,24.52782440185547,24.885395050048828,25.30135154724121,25.674348831176758,26.138397216796875,26.74422264099121,28.438472747802734
23.022157669067383,23.675777435302734,24.12812042236328,24.512584686279297,24.914306640625,25.278079986572266,25.69124984741211,26.145877838134766,26.82994842529297,28.40537452697754
22.930030822753906,23.672590255737305,24.10852813720703,24.54136848449707,24.960796356201172,25.369674682617188,25.831457138061523,26.306737899780273,26.926877975463867,28.538089752197266
23.173572540283203,23.72216796875,24.10831069946289,24.504398345947266,24.887372970581055,25.30035972595215,25.70732879638672,26.179101943969727,26.787363052368164,28.469390869140625
23.012208938598633,23.65375328063965,24.121234893798828,24.54038429260254,24.923418045043945,25.293922424316406,25.733821868896484,26.18221664428711,26.867441177368164,28.469532012939453
23.083786010742188,23.694013595581055,24.17437744140625,24.541683197021484,24.978225708007812,25.381986618041992,25.766565322875977,26.192378997802734,26.78564453125,28.406023025512695
23.104780197143555,23.723176956176758,24.096731185913086,24.520177841186523,24.877378463745117,25.289302825927734,25.694059371948242,26.206262588500977,26.798656463623047,28.242666244506836
23.057559967041016,23.71540069580078,24.11518669128418,24.575668334960938,24.895387649536133,25.275644302368164,25.69390106201172,26.148605346679688,26.75162696838379,28.712804794311523
22.990888595581055,23.67275619506836,24.153966903686523,24.59357261657715,24.939908981323242,25.339662551879883,25.805561065673828,26.30069923400879,26.919200897216797,28.702930450439453
23.07361602783203,23.73253059387207,24.107139587402344,24.512248992919922,24.887496948242188,25.275476455688477,25.680749893188477,26.18841552734375,26.795692443847656,28.563188552856445
23.086578369140625,23.715484619140625,24.197158813476562,24.631921768188477,25.00787925720215,25.399677276611328,25.790369033813477,26.224090576171875,26.812114715576172,28.60625457763672
23.16621208190918,23.699697494506836,24.117290496826172,24.49786376953125,24.86665153503418,25.233732223510742,25.65310287475586,26.13958740234375,26.862796783447266,28.607040405273438
23.066326141357422,23.681074142456055,24.130292892456055,24.525959014892578,24.8996639251709,25.319046020507812,25.709569931030273,26.258869171142578,26.91951560974121,28.74474334716797
23.06635093688965,23.628149032592773,24.07128143310547,24.513139724731445,24.86394691467285,25.237558364868164,25.6379451751709,26.08786964416504,26.814929962158203,28.56756019592285
23.12464714050293,23.724721908569336,24.180898666381836,24.531251907348633,24.907604217529297,25.268585205078125,25.697010040283203,26.161338806152344,26.729528427124023,28.436429977416992
23.126293182373047,23.700672149658203,24.157512664794922,24.56085777282715,24.90869140625,25.28876304626465,25.717056274414062,26.16101837158203,26.829355239868164,28.33620834350586
23.073671340942383,23.666786193847656,24.10525894165039,24.497543334960938,24.88245391845703,25.244171142578125,25.644927978515625,26.170272827148438,26.818538665771484,28.559511184692383
23.014387130737305,23.689273834228516,24.13790512084961,24.568119049072266,24.92302894592285,25.29552459716797,25.77378273010254,26.19226837158203,26.869552612304688,28.55470848083496
23.093198776245117,23.639944076538086,24.092742919921875,24.47203826904297,24.81684112548828,25.181726455688477,25.595050811767578,26.060014724731445,26.672489166259766,28.36260414123535
23.103622436523438,23.727096557617188,24.203231811523438,24.597049713134766,24.96599769592285,25.361358642578125,25.795345306396484,26.301626205444336,26.912450790405273,28.755245208740234
23.09554672241211,23.67219352722168,24.17848014831543,24.532136917114258,24.895164489746094,25.282093048095703,25.66135025024414,26.137685775756836,26.749061584472656,28.454208374023438
23.097366333007812,23.715198516845703,24.166765213012695,24.533464431762695,24.904672622680664,25.299339294433594,25.73776626586914,26.187740325927734,26.884342193603516,28.406169891357422
23.088199615478516,23.675678253173828,24.095922470092773,24.488576889038086,24.861122131347656,25.248231887817383,25.670915603637695,26.17268943786621,26.776552200317383,28.613313674926758
23.064687728881836,23.623476028442383,24.006914138793945,24.377717971801758,24.783241271972656,25.16857147216797,25.543285369873047,25.977584838867188,26.619840621948242,28.49615478515625
23.127328872680664,23.73707389831543,24.164339065551758,24.560291290283203,24.94224739074707,25.31032943725586,25.73404312133789,26.21011734008789,26.851009368896484,28.536779403686523
23.20855140686035,23.74060821533203,24.164941787719727,24.556135177612305,24.930221557617188,25.316740036010742,25.68619728088379,26.132965087890625,26.701448440551758,28.288801193237305
23.098356246948242,23.68272590637207,24.11298370361328,24.51134490966797,24.903635025024414,25.28059959411621,25.673669815063477,26.134370803833008,26.773300170898438,28.805702209472656
23.215803146362305,23.73859405517578,24.21617889404297,24.589038848876953,24.946142196655273,25.34341812133789,25.75043487548828,26.248992919921875,26.87343406677246,28.376434326171875
23.100936889648438,23.722381591796875,24.13705062866211,24.521039962768555,24.857128143310547,25.260852813720703,25.622709274291992,26.068187713623047,26.667226791381836,28.38983917236328
23.091142654418945,23.67510223388672,24.085731506347656,24.483455657958984,24.824779510498047,25.193355560302734,25.570016860961914,26.057737350463867,26.586904525756836,28.294143676757812
23.05097198486328,23.66165542602539,24.092777252197266,24.498273849487305,24.840726852416992,25.21569061279297,25.656620025634766,26.1303653717041,26.682308197021484,28.300338745117188
23.111173629760742,23.623531341552734,24.090768814086914,24.48223114013672,24.84479331970215,25.196674346923828,25.542539596557617,25.99786949157715,26.700151443481445,28.64552879333496
23.103418350219727,23.64112663269043,24.119808197021484,24.48857307434082,24.8775577545166,25.219491958618164,25.60188865661621,26.068403244018555,26.626020431518555,28.250967025756836
22.975725173950195,23.591001510620117,24.05260467529297,24.463647842407227,24.86602210998535,25.252710342407227,25.692773818969727,26.197683334350586,26.79074478149414,28.516162872314453
23.03802490234375,23.656455993652344,24.085569381713867,24.478057861328125,24.906686782836914,25.313453674316406,25.756303787231445,26.254558563232422,26.884496688842773,28.712451934814453
23.060319900512695,23.66594123840332,24.128633499145508,24.50259017944336,24.79550552368164,25.226720809936523,25.606170654296875,26.080501556396484,26.6762752532959,28.368879318237305
23.07448959350586,23.693613052368164,24.211624145507812,24.55743980407715,25.00007438659668,25.424663543701172,25.825952529907227,26.334354400634766,26.926610946655273,28.587081909179688
23.073179244995117,23.69353485107422,24.117965698242188,24.487565994262695,24.88849449157715,25.23558235168457,25.596786499023438,26.094709396362305,26.713552474975586,28.439403533935547
23.20301055908203,23.695547103881836,24.108478546142578,24.476390838623047,24.817750930786133,25.19965362548828,25.61028480529785,26.06537628173828,26.72469711303711,28.44056510925293
23.098114013671875,23.678037643432617,24.15606117248535,24.572555541992188,24.952091217041016,25.335845947265625,25.710119247436523,26.18368148803711,26.8454532623291,28.474729537963867
23.12024688720703,23.734888076782227,24.12312126159668,24.554767608642578,24.942716598510742,25.328243255615234,25.738662719726562,26.248811721801758,26.90812110900879,28.616687774658203
23.109642028808594,23.724002838134766,24.188974380493164,24.54477882385254,24.93967056274414,25.288354873657227,25.731704711914062,26.185699462890625,26.805360794067383,28.62688636779785
23.098995208740234,23.637914657592773,24.132022857666016,24.46232795715332,24.84730339050293,25.193998336791992,25.64874839782715,26.086456298828125,26.674516677856445,28.405887603759766
23.178546905517578,23.705562591552734,24.13892936706543,24.540586471557617,24.929914474487305,25.29059410095215,25.67890167236328,26.127429962158203,26.749414443969727,28.427961349487305
23.074235916137695,23.66596221923828,24.118661880493164,24.507675170898438,24.857173919677734,25.234455108642578,25.653484344482422,26.123929977416992,26.783443450927734,28.49370765686035
23.15032386779785,23.733842849731445,24.17241096496582,24.57377815246582,24.965850830078125,25.35103988647461,25.763545989990234,26.275972366333008,26.877506256103516,28.44240951538086
23.175661087036133,23.817169189453125,24.198348999023438,24.58954429626465,24.99652862548828,25.380813598632812,25.768815994262695,26.225923538208008,26.840364456176758,28.509613037109375
23.052141189575195,23.645631790161133,24.11952781677246,24.546998977661133,24.927865982055664,25.329526901245117,25.77197265625,26.233718872070312,26.81867027282715,28.460174560546875
23.12980842590332,23.67936134338379,24.149621963500977,24.53992462158203,24.878244400024414,25.253385543823242,25.664203643798828,26.12871551513672,26.74501609802246,28.390033721923828
23.07373046875,23.628231048583984,24.097795486450195,24.454593658447266,24.842002868652344,25.222553253173828,25.62168312072754,26.09491729736328,26.771408081054688,28.714351654052734
23.128572463989258,23.702543258666992,24.1337947845459,24.53068733215332,24.851743698120117,25.287080764770508,25.635906219482422,26.200895309448242,26.83523178100586,28.587133407592773
23.224258422851562,23.778533935546875,24.233993530273438,24.626781463623047,25.01115608215332,25.376684188842773,25.835668563842773,26.29627227783203,26.93207550048828,28.537389755249023
23.070106506347656,23.67781639099121,24.183603286743164,24.59624481201172,25.02360725402832,25.422582626342773,25.845539093017578,26.352130889892578,26.906539916992188,28.371522903442383
23.11676025390625,23.69308853149414,24.115802764892578,24.496313095092773,24.848957061767578,25.24479103088379,25.64191246032715,26.12835693359375,26.697093963623047,28.62786865234375
23.083833694458008,23.640830993652344,24.15403175354004,24.537105560302734,24.920894622802734,25.34104347229004,25.73473358154297,26.220003128051758,26.886972427368164,28.528858184814453
23.168428421020508,23.687095642089844,24.09215545654297,24.502214431762695,24.867389678955078,25.199430465698242,25.63385009765625,26.117177963256836,26.692174911499023,28.309127807617188
23.184309005737305,23.710941314697266,24.14281463623047,24.533573150634766,24.886432647705078,25.283782958984375,25.710166931152344,26.136821746826172,26.80133628845215,28.42529296875
23.08306884765625,23.69902801513672,24.171043395996094,24.536598205566406,24.93111801147461,25.28114891052246,25.74937629699707,26.178380966186523,26.81732177734375,28.540531158447266
23.08390998840332,23.668594360351562,24.111215591430664,24.509489059448242,24.884469985961914,25.21734046936035,25.60886001586914,26.03990364074707,26.64585304260254,28.32782745361328
22.99736785888672,23.68012046813965,24.163558959960938,24.583600997924805,24.985877990722656,25.414255142211914,25.839385986328125,26.29606056213379,26.890127182006836,28.599559783935547
23.154783248901367,23.72543716430664,24.15424346923828,24.5377140045166,24.918617248535156,25.284761428833008,25.677602767944336,26.162168502807617,26.856597900390625,28.62311363220215
23.19887924194336,23.75238609313965,24.2015323638916,24.61257553100586,24.982187271118164,25.35250473022461,25.783966064453125,26.256072998046875,26.89686393737793,28.62651824951172
23.089237213134766,23.63228988647461,24.05508804321289,24.476600646972656,24.838668823242188,25.178760528564453,25.616104125976562,26.09746742248535,26.751832962036133,28.639713287353516
23.129661560058594,23.67978858947754,24.163406372070312,24.594600677490234,24.946928024291992,25.346729278564453,25.7700138092041,26.23084259033203,26.831787109375,28.530122756958008
23.102493286132812,23.691246032714844,24.130168914794922,24.51787567138672,24.892972946166992,25.268997192382812,25.689743041992188,26.11707878112793,26.74300765991211,28.714805603027344
23.172388076782227,23.709918975830078,24.133668899536133,24.51492691040039,24.911283493041992,25.27773094177246,25.72368812561035,26.138263702392578,26.80466079711914,28.512601852416992
23.108444213867188,23.651098251342773,24.086441040039062,24.464956283569336,24.798818588256836,25.18670654296875,25.587472915649414,26.064001083374023,26.708324432373047,28.310998916625977
23.100351333618164,23.72148323059082,24.157569885253906,24.548099517822266,24.857332229614258,25.257360458374023,25.616525650024414,26.107318878173828,26.737051010131836,28.44295310974121
23.197385787963867,23.756872177124023,24.192358016967773,24.575889587402344,24.923179626464844,25.307119369506836,25.728851318359375,26.21642303466797,26.791854858398438,28.620296478271484
23.130531311035156,23.690753936767578,24.127779006958008,24.520767211914062,24.928476333618164,25.27617073059082,25.671585083007812,26.107341766357422,26.76995277404785,28.418048858642578
23.146976470947266,23.714481353759766,24.12685203552246,24.497211456298828,24.881534576416016,25.25062370300293,25.667200088500977,26.06649398803711,26.704509735107422,28.4028263092041
23.11162567138672,23.722017288208008,24.17072105407715,24.520450592041016,24.942535400390625,25.326793670654297,25.739990234375,26.17543601989746,26.899263381958008,28.366411209106445
23.08658790588379,23.720767974853516,24.15387725830078,24.549644470214844,24.896018981933594,25.269987106323242,25.711332321166992,26.158655166625977,26.875988006591797,28.595550537109375
22.993188858032227,23.659486770629883,24.10112762451172,24.499439239501953,24.87094497680664,25.224760055541992,25.662450790405273,26.149728775024414,26.637645721435547,28.184852600097656
23.080120086669922,23.640628814697266,24.112321853637695,24.562116622924805,24.94500160217285,25.31984519958496,25.722070693969727,26.226730346679688,26.810367584228516,28.525558471679688
23.069644927978516,23.621261596679688,24.137950897216797,24.551984786987305,24.87392807006836,25.288787841796875,25.68243408203125,26.162246704101562,26.717626571655273,28.420915603637695
22.921205520629883,23.62826919555664,24.107194900512695,24.559425354003906,24.94147300720215,25.348968505859375,25.794944763183594,26.274490356445312,26.883514404296875,28.632871627807617
23.109512329101562,23.696199417114258,24.148340225219727,24.554874420166016,24.936065673828125,25.327938079833984,25.762889862060547,26.27967071533203,26.948604583740234,28.522716522216797
23.197004318237305,23.71275520324707,24.15251350402832,24.522621154785156,24.916736602783203,25.245237350463867,25.66913414001465,26.13023567199707,26.73154640197754,28.324403762817383
23.081083297729492,23.696359634399414,24.12689781188965,24.54353141784668,24.93960952758789,25.320951461791992,25.724491119384766,26.194509506225586,26.77972984313965,28.44373893737793
23.074703216552734,23.67544174194336,24.17361068725586,24.53778839111328,24.90860366821289,25.303377151489258,25.676525115966797,26.135892868041992,26.711702346801758,28.333820343017578
23.049013137817383,23.63751792907715,24.094762802124023,24.502973556518555,24.85712432861328,25.235700607299805,25.601516723632812,26.059844970703125,26.704036712646484,28.421403884887695
23.113670349121094,23.693145751953125,24.188369750976562,24.56121826171875,24.960803985595703,25.360780715942383,25.785932540893555,26.302751541137695,26.91303062438965,28.710861206054688
23.136932373046875,23.70575714111328,24.18317985534668,24.610605239868164,24.971759796142578,25.371580123901367,25.80891990661621,26.27691650390625,26.959657669067383,28.57863426208496
23.129745483398438,23.708890914916992,24.162681579589844,24.546398162841797,24.928869247436523,25.29450035095215,25.69623565673828,26.158655166625977,26.83698844909668,28.524364471435547
23.079097747802734,23.68662452697754,24.134645462036133,24.52666473388672,24.930932998657227,25.30909538269043,25.71343231201172,26.23391342163086,26.827590942382812,28.528831481933594
23.06989097595215,23.6551570892334,24.10707664489746,24.4892635345459,24.856407165527344,25.19347381591797,25.585033416748047,26.05153465270996,26.68663215637207,28.566341400146484
23.014480590820312,23.599098205566406,24.099172592163086,24.558574676513672,24.91170883178711,25.30406379699707,25.73784828186035,26.191417694091797,26.95222282409668,28.60045051574707
23.197790145874023,23.780986785888672,24.17021942138672,24.53258514404297,24.88788604736328,25.285093307495117,25.69802474975586,26.13731575012207,26.734819412231445,28.27449607849121
23.06414794921875,23.573043823242188,24.104412078857422,24.49696159362793,24.854312896728516,25.23187255859375,25.629968643188477,26.072540283203125,26.681793212890625,28.168127059936523
23.118831634521484,23.73934555053711,24.168731689453125,24.57773208618164,24.907018661499023,25.29094886779785,25.698257446289062,26.222387313842773,26.84087371826172,28.46712303161621
23.17738914489746,23.710607528686523,24.136110305786133,24.551345825195312,24.93377113342285,25.288217544555664,25.73353385925293,26.17572784423828,26.806520462036133,28.38727378845215
23.07950210571289,23.66530418395996,24.068527221679688,24.434324264526367,24.794069290161133,25.146326065063477,25.529399871826172,26.03692626953125,26.639734268188477,28.59855842590332
23.020797729492188,23.665489196777344,24.124013900756836,24.522939682006836,24.927690505981445,25.314559936523438,25.73714256286621,26.209671020507812,26.851097106933594,28.569046020507812
23.150096893310547,23.728107452392578,24.162948608398438,24.548105239868164,24.92647933959961,25.302825927734375,25.736967086791992,26.196542739868164,26.74180793762207,28.604888916015625
23.078569412231445,23.649810791015625,24.15192222595215,24.53611946105957,24.934886932373047,25.313655853271484,25.71205711364746,26.227027893066406,26.783973693847656,28.666885375976562
23.095556259155273,23.625835418701172,24.096893310546875,24.50356101989746,24.8842830657959,25.250492095947266,25.724950790405273,26.191287994384766,26.751985549926758,28.592350006103516
23.174772262573242,23.700092315673828,24.192129135131836,24.521398544311523,24.90341567993164,25.300477981567383,25.65082359313965,26.09396743774414,26.816696166992188,28.38922691345215
23.115768432617188,23.695281982421875,24.1469669342041,24.549304962158203,24.91364097595215,25.273780822753906,25.664491653442383,26.145496368408203,26.710620880126953,28.28708267211914
23.131702423095703,23.71044921875,24.158523559570312,24.52950668334961,24.910968780517578,25.31900978088379,25.707914352416992,26.219058990478516,26.90606117248535,28.60489273071289
23.0655574798584,23.636606216430664,24.12330436706543,24.52474021911621,24.920942306518555,25.3680362701416,25.76755142211914,26.279617309570312,26.90345573425293,28.38901710510254
23.14167594909668,23.696208953857422,24.113826751708984,24.484045028686523,24.870325088500977,25.19331169128418,25.60048484802246,26.049360275268555,26.606979370117188,28.148279190063477
23.14698600769043,23.710519790649414,24.17173194885254,24.56246566772461,24.960586547851562,25.31740379333496,25.735980987548828,26.21668243408203,26.746185302734375,28.24338722229004
23.105199813842773,23.709108352661133,24.15070343017578,24.542367935180664,24.887479782104492,25.308639526367188,25.735795974731445,26.246841430664062,26.83037567138672,28.555675506591797
23.132078170776367,23.649187088012695,24.12932014465332,24.48101234436035,24.843412399291992,25.216995239257812,25.612030029296875,26.058317184448242,26.7019100189209,28.387802124023438
23.16263198852539,23.749099731445312,24.221311569213867,24.656356811523438,25.01279640197754,25.372947692871094,25.801237106323242,26.244672775268555,26.94415283203125,28.59636878967285
23.10227394104004,23.715051651000977,24.149892807006836,24.536540985107422,24.942623138427734,25.316509246826172,25.74114990234375,26.24696159362793,26.873476028442383,28.46270751953125
23.11052894592285,23.61520767211914,24.14754867553711,24.540321350097656,24.926149368286133,25.32400131225586,25.677289962768555,26.163488388061523,26.752832412719727,28.439767837524414
23.0687313079834,23.703672409057617,24.20990753173828,24.583864212036133,24.952444076538086,25.407655715942383,25.77216148376465,26.26483726501465,26.9531192779541,28.598106384277344
23.144207000732422,23.69563102722168,24.114503860473633,24.514934539794922,24.911653518676758,25.311811447143555,25.727819442749023,26.174884796142578,26.867795944213867,28.442659378051758
23.050573348999023,23.645824432373047,24.083642959594727,24.50300407409668,24.885501861572266,25.26475715637207,25.704635620117188,26.14608383178711,26.78060531616211,28.496505737304688
23.09507942199707,23.6798038482666,24.148813247680664,24.486833572387695,24.839521408081055,25.191730499267578,25.598220825195312,26.069711685180664,26.639495849609375,28.03330421447754
23.11790657043457,23.707399368286133,24.10114097595215,24.512989044189453,24.900728225708008,25.223058700561523,25.605953216552734,26.056489944458008,26.706880569458008,28.2971248626709
23.084495544433594,23.639297485351562,24.061250686645508,24.487712860107422,24.840923309326172,25.2292537689209,25.6220703125,26.083890914916992,26.678579330444336,28.498600006103516
23.12413787841797,23.684499740600586,24.137935638427734,24.504840850830078,24.850351333618164,25.25357437133789,25.618593215942383,26.1044921875,26.74015998840332,28.230627059936523
23.167699813842773,23.663604736328125,24.12704086303711,24.547306060791016,24.900293350219727,25.304473876953125,25.72381019592285,26.18128776550293,26.70201301574707,28.252233505249023
23.00128746032715,23.638778686523438,24.149822235107422,24.521411895751953,24.962024688720703,25.37217140197754,25.80483055114746,26.26708984375,26.85798454284668,28.440391540527344
23.10417366027832,23.619979858398438,24.06262969970703,24.4672794342041,24.85184097290039,25.260345458984375,25.690210342407227,26.241254806518555,26.91241455078125,28.635047912597656
23.080347061157227,23.68545150756836,24.123584747314453,24.481008529663086,24.8592586517334,25.249526977539062,25.64423179626465,26.087926864624023,26.761756896972656,28.596403121948242
23.156877517700195,23.670705795288086,24.100183486938477,24.460641860961914,24.84504508972168,25.1998233795166,25.59723472595215,26.071266174316406,26.690433502197266,28.174591064453125
23.047927856445312,23.698577880859375,24.116073608398438,24.511667251586914,24.88241958618164,25.219770431518555,25.66346549987793,26.18641471862793,26.838666915893555,28.46356964111328
23.006385803222656,23.565895080566406,24.051509857177734,24.425199508666992,24.796987533569336,25.211416244506836,25.60051155090332,26.091632843017578,26.700178146362305,28.378694534301758
23.09131622314453,23.68303871154785,24.146955490112305,24.587425231933594,24.971656799316406,25.34092140197754,25.756288528442383,26.27142333984375,26.947189331054688,28.56658363342285
23.14472198486328,23.70549964904785,24.1758975982666,24.507692337036133,24.870668411254883,25.233888626098633,25.622554779052734,26.09551429748535,26.700729370117188,28.25612449645996
23.1475887298584,23.73077392578125,24.16794204711914,24.5517520904541,24.948413848876953,25.28504753112793,25.715585708618164,26.25037384033203,26.843326568603516,28.51524543762207
23.056241989135742,23.734050750732422,24.1766414642334,24.562591552734375,24.94479751586914,25.306791305541992,25.731491088867188,26.215805053710938,26.825639724731445,28.157794952392578
23.129499435424805,23.73797035217285,24.164243698120117,24.588071823120117,24.965503692626953,25.36486053466797,25.766239166259766,26.23784637451172,26.81676483154297,28.530075073242188
23.197755813598633,23.713531494140625,24.15542221069336,24.575532913208008,24.952516555786133,25.330677032470703,25.788053512573242,26.228792190551758,26.85123062133789,28.491193771362305
23.065645217895508,23.688690185546875,24.126066207885742,24.505605697631836,24.92722511291504,25.312286376953125,25.78434181213379,26.251577377319336,26.951416015625,28.601377487182617
23.052738189697266,23.6412296295166,24.098901748657227,24.448528289794922,24.838632583618164,25.20761489868164,25.61636734008789,26.00315284729004,26.654056549072266,28.189491271972656
23.046146392822266,23.60808753967285,24.072959899902344,24.47203826904297,24.845684051513672,25.248014450073242,25.642261505126953,26.123058319091797,26.730600357055664,28.349157333374023
23.140378952026367,23.700857162475586,24.13199806213379,24.52674674987793,24.91518211364746,25.205055236816406,25.65207862854004,26.14836311340332,26.845947265625,28.63079261779785
23.106002807617188,23.67904281616211,24.157245635986328,24.518404006958008,24.90496063232422,25.266172409057617,25.661518096923828,26.153064727783203,26.754301071166992,28.4140682220459
23.110572814941406,23.702369689941406,24.136152267456055,24.49681854248047,24.88420295715332,25.22323226928711,25.610139846801758,26.099233627319336,26.725656509399414,28.431432723999023
22.996726989746094,23.642070770263672,24.105756759643555,24.548171997070312,24.92579460144043,25.33728790283203,25.76378059387207,26.24883270263672,26.845844268798828,28.606277465820312
23.073579788208008,23.637592315673828,24.12961196899414,24.52884292602539,24.907350540161133,25.318735122680664,25.80310821533203,26.23375129699707,26.878623962402344,28.6137638092041
23.135866165161133,23.756404876708984,24.212230682373047,24.588876724243164,25.014114379882812,25.3696346282959,25.79871368408203,26.30401611328125,26.845218658447266,28.640825271606445
23.09050941467285,23.73708724975586,24.17920684814453,24.591394424438477,25.008583068847656,25.389358520507812,25.803972244262695,26.29261016845703,26.932113647460938,28.696760177612305
23.067352294921875,23.671920776367188,24.147199630737305,24.49508285522461,24.88406753540039,25.26767921447754,25.655784606933594,26.099891662597656,26.757556915283203,28.297412872314453
23.10071563720703,23.684053421020508,24.111541748046875,24.46807861328125,24.871868133544922,25.231399536132812,25.659374237060547,26.071636199951172,26.740982055664062,28.371370315551758
23.011125564575195,23.644283294677734,24.084726333618164,24.507488250732422,24.890701293945312,25.224807739257812,25.604442596435547,26.073476791381836,26.64019775390625,28.350854873657227
23.041112899780273,23.60223960876465,24.067195892333984,24.490510940551758,24.919206619262695,25.301042556762695,25.701078414916992,26.193696975708008,26.87020492553711,28.676904678344727
23.156835556030273,23.74144172668457,24.17862319946289,24.594867706298828,24.96440315246582,25.346302032470703,25.71893882751465,26.161724090576172,26.746549606323242,28.244277954101562
23.14437484741211,23.685993194580078,24.09943962097168,24.454832077026367,24.846050262451172,25.218626022338867,25.59796714782715,26.06800651550293,26.5910701751709,28.456592559814453
23.11469841003418,23.686777114868164,24.09929656982422,24.520450592041016,24.860780715942383,25.256053924560547,25.613319396972656,26.097118377685547,26.820627212524414,28.472803115844727
23.024024963378906,23.64436149597168,24.15692710876465,24.597328186035156,24.972980499267578,25.360694885253906,25.752811431884766,26.201274871826172,26.846349716186523,28.426977157592773
23.153228759765625,23.70687484741211,24.14494514465332,24.57386589050293,24.931116104125977,25.357215881347656,25.732845306396484,26.237672805786133,26.78708839416504,28.460596084594727
23.115459442138672,23.687482833862305,24.11557960510254,24.516141891479492,24.889387130737305,25.23120880126953,25.653060913085938,26.172266006469727,26.817825317382812,28.242225646972656
23.111902236938477,23.63959503173828,24.116796493530273,24.500810623168945,24.857105255126953,25.267051696777344,25.696712493896484,26.214065551757812,26.837574005126953,28.39268684387207
23.06604766845703,23.68316078186035,24.14104652404785,24.53227996826172,24.917129516601562,25.333463668823242,25.795007705688477,26.22715187072754,26.88395118713379,28.48518943786621
22.99224853515625,23.565837860107422,24.083724975585938,24.48375701904297,24.888303756713867,25.308164596557617,25.725053787231445,26.17008399963379,26.816524505615234,28.50299072265625
23.192861557006836,23.745107650756836,24.20571517944336,24.61272430419922,24.952178955078125,25.2978572845459,25.662261962890625,26.15423583984375,26.716747283935547,28.13336753845215
23.06686019897461,23.69007110595703,24.11933135986328,24.554927825927734,24.91838264465332,25.30327033996582,25.687440872192383,26.15695571899414,26.77790641784668,28.597009658813477
23.04539680480957,23.6014347076416,24.067014694213867,24.508567810058594,24.880733489990234,25.28330421447754,25.71339988708496,26.236831665039062,27.001399993896484,28.587997436523438
23.18747901916504,23.692916870117188,24.177871704101562,24.545608520507812,24.91909408569336,25.313682556152344,25.69744300842285,26.19057273864746,26.789281845092773,28.713497161865234
23.150436401367188,23.773784637451172,24.163095474243164,24.52901840209961,24.860830307006836,25.244911193847656,25.608501434326172,26.100059509277344,26.68268394470215,28.472726821899414
23.067232131958008,23.628517150878906,24.109642028808594,24.48309898376465,24.842777252197266,25.195653915405273,25.665050506591797,26.173748016357422,26.742712020874023,28.53274154663086
23.138795852661133,23.675554275512695,24.17917823791504,24.587913513183594,24.993141174316406,25.391904830932617,25.792524337768555,26.2426815032959,26.812288284301758,28.384180068969727
23.123117446899414,23.695629119873047,24.161706924438477,24.535541534423828,24.94721221923828,25.330581665039062,25.76526641845703,26.20003890991211,26.88837242126465,28.384557723999023
23.123842239379883,23.730764389038086,24.21314239501953,24.610902786254883,25.013103485107422,25.389631271362305,25.859228134155273,26.309797286987305,26.960437774658203,28.49342918395996
23.12857437133789,23.701705932617188,24.164165496826172,24.537914276123047,24.93177032470703,25.273683547973633,25.668439865112305,26.142099380493164,26.792236328125,28.493946075439453
22.990461349487305,23.658193588256836,24.08796501159668,24.4328556060791,24.846675872802734,25.208946228027344,25.636295318603516,26.09015464782715,26.72840118408203,28.169750213623047
23.092985153198242,23.653945922851562,24.109066009521484,24.488630294799805,24.89318084716797,25.254497528076172,25.60286521911621,26.135879516601562,26.73383331298828,28.527284622192383
22.904537200927734,23.580291748046875,24.070884704589844,24.514848709106445,24.981630325317383,25.393524169921875,25.864086151123047,26.446020126342773,27.08005714416504,28.941186904907227
23.139192581176758,23.703630447387695,24.16054916381836,24.53116798400879,24.90257453918457,25.28792953491211,25.71906089782715,26.187625885009766,26.856374740600586,28.379776000976562
23.076566696166992,23.70815658569336,24.108224868774414,24.503442764282227,24.900400161743164,25.269330978393555,25.662267684936523,26.141284942626953,26.824369430541992,28.644451141357422
23.13438606262207,23.77286720275879,24.25350570678711,24.68702507019043,25.10366439819336,25.5102596282959,25.957666397094727,26.50110626220703,27.243099212646484,28.898622512817383
23.09958839416504,23.68801498413086,24.06654167175293,24.447452545166016,24.833768844604492,25.194194793701172,25.660551071166992,26.104557037353516,26.76722526550293,28.63986587524414
23.13047218322754,23.732267379760742,24.20541000366211,24.595748901367188,24.99021339416504,25.35027503967285,25.80027198791504,26.250375747680664,26.85271644592285,28.472827911376953
23.193620681762695,23.652305603027344,24.09423065185547,24.50405502319336,24.840009689331055,25.196504592895508,25.613012313842773,26.0046443939209,26.654083251953125,28.239778518676758
23.067163467407227,23.6375789642334,24.0806941986084,24.4663143157959,24.857629776000977,25.270723342895508,25.677946090698242,26.214881896972656,26.86479949951172,28.44493865966797
23.14318084716797,23.68659782409668,24.118688583374023,24.46306800842285,24.8442325592041,25.23208999633789,25.575674057006836,25.996652603149414,26.620243072509766,28.28890037536621
23.14059829711914,23.657264709472656,24.126670837402344,24.50343894958496,24.898008346557617,25.315349578857422,25.72330093383789,26.18762969970703,26.81412124633789,28.41292953491211
23.16034698486328,23.685041427612305,24.142107009887695,24.528724670410156,24.867706298828125,25.278200149536133,25.654155731201172,26.202159881591797,26.83208656311035,28.292028427124023
23.18299102783203,23.72903823852539,24.136981964111328,24.506826400756836,24.85014533996582,25.202682495117188,25.532508850097656,26.012859344482422,26.572763442993164,28.27875328063965
23.105060577392578,23.68978500366211,24.097454071044922,24.50406837463379,24.859512329101562,25.26115608215332,25.623615264892578,26.114044189453125,26.78626251220703,28.668792724609375
23.086671829223633,23.650522232055664,24.08570098876953,24.466007232666016,24.884414672851562,25.27262306213379,25.703189849853516,26.19053077697754,26.77353858947754,28.40317726135254
23.130889892578125,23.738689422607422,24.145950317382812,24.525136947631836,24.875717163085938,25.284408569335938,25.67667007446289,26.149869918823242,26.870763778686523,28.488052368164062
23.04668426513672,23.709938049316406,24.178306579589844,24.576448440551758,24.935585021972656,25.30133628845215,25.761213302612305,26.182910919189453,26.773508071899414,28.408517837524414
23.059059143066406,23.664663314819336,24.128679275512695,24.541641235351562,24.898818969726562,25.291126251220703,25.697834014892578,26.205242156982422,26.798524856567383,28.751544952392578
23.10488510131836,23.68671226501465,24.125446319580078,24.47990608215332,24.83232879638672,25.192630767822266,25.572023391723633,26.00277328491211,26.601154327392578,28.434356689453125
23.029970169067383,23.687082290649414,24.112977981567383,24.52658462524414,24.897756576538086,25.271968841552734,25.664052963256836,26.127885818481445,26.610610961914062,28.433338165283203
23.13568878173828,23.712711334228516,24.211381912231445,24.577552795410156,24.9587345123291,25.330707550048828,25.71465492248535,26.192094802856445,26.78805923461914,28.39524269104004
23.04902458190918,23.687698364257812,24.13142204284668,24.539249420166016,24.90856170654297,25.280771255493164,25.670700073242188,26.151168823242188,26.826677322387695,28.613693237304688
23.11648941040039,23.677745819091797,24.166305541992188,24.52556800842285,24.90858268737793,25.306947708129883,25.698291778564453,26.14102554321289,26.813135147094727,28.451040267944336
23.099130630493164,23.71025848388672,24.13387680053711,24.545324325561523,24.892332077026367,25.30752944946289,25.71427345275879,26.142154693603516,26.801319122314453,28.525814056396484
23.145322799682617,23.725629806518555,24.202808380126953,24.614965438842773,24.95965576171875,25.340286254882812,25.763351440429688,26.267427444458008,26.92189598083496,28.60120964050293
23.117067337036133,23.724395751953125,24.23174285888672,24.600709915161133,24.95555877685547,25.310470581054688,25.75146484375,26.207027435302734,26.810302734375,28.441753387451172
23.111865997314453,23.632997512817383,24.080921173095703,24.444808959960938,24.82158851623535,25.156848907470703,25.558996200561523,26.05682373046875,26.616682052612305,28.286088943481445
23.034584045410156,23.65692138671875,24.105457305908203,24.525604248046875,24.870819091796875,25.275854110717773,25.690967559814453,26.14540672302246,26.768728256225586,28.324533462524414
23.114797592163086,23.698345184326172,24.113529205322266,24.498945236206055,24.85611343383789,25.25945281982422,25.650440216064453,26.166534423828125,26.801801681518555,28.664867401123047
23.127397537231445,23.694576263427734,24.090442657470703,24.482315063476562,24.87131118774414,25.24897575378418,25.65180015563965,26.13498306274414,26.78173828125,28.401519775390625
23.133974075317383,23.69622230529785,24.157413482666016,24.55453109741211,24.941490173339844,25.247394561767578,25.67597198486328,26.167110443115234,26.815950393676758,28.60219383239746
23.105947494506836,23.633840560913086,24.096940994262695,24.46919059753418,24.83340072631836,25.177143096923828,25.613780975341797,26.087902069091797,26.606218338012695,28.302627563476562
23.133455276489258,23.689443588256836,24.114116668701172,24.511449813842773,24.829845428466797,25.236047744750977,25.6530818939209,26.13747215270996,26.87082290649414,28.422931671142578
23.055389404296875,23.699277877807617,24.154191970825195,24.551799774169922,24.912504196166992,25.262788772583008,25.689891815185547,26.153423309326172,26.773168563842773,28.34722137451172
23.127668380737305,23.675785064697266,24.111709594726562,24.50054168701172,24.872709274291992,25.272003173828125,25.66644859313965,26.164270401000977,26.839757919311523,28.570985794067383
23.069429397583008,23.712730407714844,24.18297576904297,24.605510711669922,24.980754852294922,25.374053955078125,25.7819766998291,26.335041046142578,26.959007263183594,28.581411361694336
22.99228858947754,23.69392967224121,24.113588333129883,24.544639587402344,24.94793128967285,25.364885330200195,25.79521942138672,26.294483184814453,26.81699562072754,28.5012149810791
23.103792190551758,23.686038970947266,24.167142868041992,24.56658935546875,24.91705322265625,25.310596466064453,25.682823181152344,26.17686653137207,26.789438247680664,28.49793815612793
23.158830642700195,23.793590545654297,24.18515968322754,24.553970336914062,24.94135093688965,25.323040008544922,25.73988151550293,26.187545776367188,26.821842193603516,28.480484008789062
23.045167922973633,23.58631134033203,24.067516326904297,24.494325637817383,24.88324737548828,25.26543617248535,25.67806625366211,26.13897705078125,26.734569549560547,28.315446853637695
23.08770179748535,23.688711166381836,24.14494514465332,24.54172706604004,24.91132354736328,25.29839515686035,25.713455200195312,26.20648765563965,26.720170974731445,28.567014694213867
23.050804138183594,23.741439819335938,24.1518497467041,24.554454803466797,24.949161529541016,25.29236602783203,25.678024291992188,26.207345962524414,26.80788230895996,28.602933883666992
23.049537658691406,23.6977481842041,24.184350967407227,24.564577102661133,24.991836547851562,25.40488624572754,25.814659118652344,26.245025634765625,26.9089412689209,28.601757049560547
23.0966739654541,23.67859649658203,24.108854293823242,24.5197696685791,24.909496307373047,25.299945831298828,25.72809410095215,26.234949111938477,26.84147071838379,28.482269287109375
23.098270416259766,23.697017669677734,24.101587295532227,24.539003372192383,24.91341781616211,25.25830078125,25.661359786987305,26.10984230041504,26.7311954498291,28.21335792541504
23.023273468017578,23.646364212036133,24.05327796936035,24.483388900756836,24.878467559814453,25.259628295898438,25.66192054748535,26.17885398864746,26.79010581970215,28.458627700805664
23.10213851928711,23.669448852539062,24.092201232910156,24.487762451171875,24.858823776245117,25.198396682739258,25.59792137145996,26.13639259338379,26.814512252807617,28.510461807250977
23.186599731445312,23.708431243896484,24.176767349243164,24.570104598999023,24.9143009185791,25.296342849731445,25.69517707824707,26.143634796142578,26.736909866333008,28.35956382751465
23.025222778320312,23.678611755371094,24.161073684692383,24.585182189941406,24.959365844726562,25.379682540893555,25.815244674682617,26.306884765625,27.002065658569336,28.573627471923828
23.08557891845703,23.663597106933594,24.12627601623535,24.538135528564453,24.945894241333008,25.350492477416992,25.764171600341797,26.276607513427734,26.98861312866211,28.94097900390625
23.10942268371582,23.70012664794922,24.196897506713867,24.54384422302246,24.895751953125,25.269495010375977,25.664920806884766,26.095748901367188,26.688779830932617,28.352230072021484
23.091190338134766,23.6010799407959,24.062849044799805,24.44603729248047,24.834056854248047,25.211505889892578,25.62828826904297,26.081472396850586,26.838851928710938,28.490652084350586
23.134782791137695,23.748414993286133,24.135286331176758,24.520505905151367,24.900489807128906,25.292640686035156,25.668737411499023,26.11905288696289,26.701936721801758,28.275161743164062
23.11435890197754,23.62041473388672,24.06726837158203,24.45656394958496,24.834768295288086,25.198495864868164,25.593284606933594,26.07847785949707,26.682369232177734,28.582290649414062
23.067842483520508,23.66714859008789,24.140079498291016,24.507474899291992,24.930482864379883,25.341632843017578,25.811304092407227,26.267675399780273,26.982778549194336,28.7336483001709
23.141565322875977,23.637598037719727,24.110790252685547,24.479629516601562,24.861963272094727,25.25390625,25.659957885742188,26.112518310546875,26.658084869384766,28.245832443237305
23.107751846313477,23.692773818969727,24.120866775512695,24.52750015258789,24.87550163269043,25.293262481689453,25.703407287597656,26.138689041137695,26.74405860900879,28.498498916625977
23.051555633544922,23.62031364440918,24.02001190185547,24.466514587402344,24.882057189941406,25.273244857788086,25.71765899658203,26.258562088012695,26.772319793701172,28.31637954711914
23.028425216674805,23.645126342773438,24.055606842041016,24.479703903198242,24.84413719177246,25.250877380371094,25.630870819091797,26.17116928100586,26.8662052154541,28.390348434448242
22.957820892333984,23.653358459472656,24.12502098083496,24.60224723815918,25.032873153686523,25.41132354736328,25.87482261657715,26.376070022583008,26.945281982421875,28.517601013183594
23.067676544189453,23.691421508789062,24.18457794189453,24.520587921142578,24.89200210571289,25.280929565429688,25.62975311279297,26.10511589050293,26.716249465942383,28.52451515197754
23.051225662231445,23.650218963623047,24.093467712402344,24.46477508544922,24.856441497802734,25.226408004760742,25.660812377929688,26.06963539123535,26.683841705322266,28.394683837890625
23.097993850708008,23.71395492553711,24.22183609008789,24.617340087890625,24.980966567993164,25.38719367980957,25.834775924682617,26.24302864074707,26.795700073242188,28.452722549438477
23.070899963378906,23.669902801513672,24.13434410095215,24.52052879333496,24.934965133666992,25.308603286743164,25.71477699279785,26.1914119720459,26.89124298095703,28.764572143554688
23.194385528564453,23.667884826660156,24.11286735534668,24.512550354003906,24.81211280822754,25.216480255126953,25.65394401550293,26.091548919677734,26.716711044311523,28.44058609008789
23.134183883666992,23.733572006225586,24.174516677856445,24.536527633666992,24.902667999267578,25.2777156829834,25.722164154052734,26.223485946655273,26.78192901611328,28.42539405822754
23.081769943237305,23.740198135375977,24.19038200378418,24.545154571533203,24.91039276123047,25.277366638183594,25.68130874633789,26.147972106933594,26.820154190063477,28.529720306396484
23.14771270751953,23.69924545288086,24.115047454833984,24.547439575195312,24.90077781677246,25.27899742126465,25.683807373046875,26.153791427612305,26.77572250366211,28.308582305908203
23.1512508392334,23.69597625732422,24.12173080444336,24.50701332092285,24.870969772338867,25.225629806518555,25.645572662353516,26.166791915893555,26.73141860961914,28.375850677490234
23.013275146484375,23.648624420166016,24.117767333984375,24.488388061523438,24.870357513427734,25.251741409301758,25.674819946289062,26.187549591064453,26.837614059448242,28.317535400390625
23.15155792236328,23.73421859741211,24.215824127197266,24.571006774902344,24.950651168823242,25.330413818359375,25.730716705322266,26.222070693969727,26.810529708862305,28.51889991760254
23.15248680114746,23.689462661743164,24.159448623657227,24.533357620239258,24.944761276245117,25.305150985717773,25.73956298828125,26.23040199279785,26.81015968322754,28.618789672851562
23.06550407409668,23.707536697387695,24.153337478637695,24.54373550415039,24.906496047973633,25.288192749023438,25.701501846313477,26.183361053466797,26.85447120666504,28.34559440612793
23.080806732177734,23.690673828125,24.144458770751953,24.532747268676758,24.933107376098633,25.28523063659668,25.672561645507812,26.105194091796875,26.704883575439453,28.22086524963379
22.998414993286133,23.653772354125977,24.07192039489746,24.511795043945312,24.895214080810547,25.25263023376465,25.705520629882812,26.199321746826172,26.857940673828125,28.53876304626465
23.121788024902344,23.708248138427734,24.1534481048584,24.503324508666992,24.850622177124023,25.214590072631836,25.66027069091797,26.115234375,26.716726303100586,28.37298011779785
23.065107345581055,23.73305892944336,24.17992401123047,24.57118797302246,24.95326805114746,25.321247100830078,25.711557388305664,26.185253143310547,26.788179397583008,28.387203216552734
23.10219383239746,23.646648406982422,24.044687271118164,24.45051383972168,24.833581924438477,25.19788360595703,25.602035522460938,26.069862365722656,26.736499786376953,28.49225425720215
23.095664978027344,23.681699752807617,24.140573501586914,24.537784576416016,24.921432495117188,25.351837158203125,25.75371551513672,26.251300811767578,26.804292678833008,28.51909637451172
23.06920051574707,23.67241096496582,24.136093139648438,24.541433334350586,24.901504516601562,25.322120666503906,25.71935272216797,26.171146392822266,26.853511810302734,28.529312133789062
23.12590789794922,23.69455909729004,24.120014190673828,24.518354415893555,24.876752853393555,25.193824768066406,25.632442474365234,26.09380531311035,26.747289657592773,28.563806533813477
23.03567886352539,23.606168746948242,24.129623413085938,24.493141174316406,24.95854949951172,25.327938079833984,25.7595272064209,26.278108596801758,26.763046264648438,28.412038803100586
23.037002563476562,23.660417556762695,24.176593780517578,24.57904815673828,24.956228256225586,25.339645385742188,25.780155181884766,26.261966705322266,26.90496826171875,28.54698371887207
23.077529907226562,23.683109283447266,24.166109085083008,24.544517517089844,24.953784942626953,25.332353591918945,25.770671844482422,26.23331069946289,26.892881393432617,28.618154525756836
23.232507705688477,23.766937255859375,24.257709503173828,24.588960647583008,24.970699310302734,25.379770278930664,25.767513275146484,26.2741641998291,26.869735717773438,28.654590606689453
23.117094039916992,23.661848068237305,24.025442123413086,24.398590087890625,24.816165924072266,25.155855178833008,25.59922218322754,26.062002182006836,26.623903274536133,28.364761352539062
23.125106811523438,23.669754028320312,24.124326705932617,24.517019271850586,24.86751937866211,25.291831970214844,25.64845848083496,26.121776580810547,26.74745750427246,28.536685943603516
23.040943145751953,23.614526748657227,24.097679138183594,24.458667755126953,24.831790924072266,25.2150821685791,25.634300231933594,26.115585327148438,26.692590713500977,28.460372924804688
23.19338607788086,23.7427921295166,24.157508850097656,24.549440383911133,24.999332427978516,25.298189163208008,25.747873306274414,26.21502113342285,26.79890251159668,28.643939971923828
23.120725631713867,23.65906524658203,24.126998901367188,24.528825759887695,24.908483505249023,25.252294540405273,25.667810440063477,26.139554977416992,26.777538299560547,28.213903427124023
23.13435173034668,23.68999481201172,24.122758865356445,24.502460479736328,24.88064193725586,25.22008514404297,25.688629150390625,26.20575714111328,26.753868103027344,28.413389205932617
23.22182273864746,23.75820541381836,24.184280395507812,24.540205001831055,24.912874221801758,25.264636993408203,25.70743179321289,26.15749740600586,26.834938049316406,28.774879455566406
22.995227813720703,23.57720184326172,24.12339973449707,24.516389846801758,24.917320251464844,25.280981063842773,25.740314483642578,26.209819793701172,26.81852149963379,28.621490478515625
23.157958984375,23.711288452148438,24.178760528564453,24.529359817504883,24.921117782592773,25.27676010131836,25.683473587036133,26.186355590820312,26.76163673400879,28.68058967590332
23.037246704101562,23.661739349365234,24.106895446777344,24.474641799926758,24.86795425415039,25.257394790649414,25.678401947021484,26.16823387145996,26.729230880737305,28.18400001525879
23.05243682861328,23.680923461914062,24.126426696777344,24.543865203857422,24.91078758239746,25.287694931030273,25.701318740844727,26.176803588867188,26.801498413085938,28.410594940185547
22.934707641601562,23.596403121948242,24.07191276550293,24.560279846191406,25.034921646118164,25.430667877197266,25.8867130279541,26.432737350463867,27.150161743164062,28.903717041015625
23.085596084594727,23.679670333862305,24.138877868652344,24.503267288208008,24.903799057006836,25.282094955444336,25.740949630737305,26.205224990844727,26.809412002563477,28.488725662231445
23.063859939575195,23.615825653076172,24.060544967651367,24.444944381713867,24.82485008239746,25.209505081176758,25.56732177734375,26.056371688842773,26.713638305664062,28.373584747314453
23.08016586303711,23.68014144897461,24.13697052001953,24.523481369018555,24.939128875732422,25.28897476196289,25.7463436126709,26.22303581237793,26.877111434936523,28.424448013305664
22.96666717529297,23.66594123840332,24.085132598876953,24.4949893951416,24.89610481262207,25.293140411376953,25.752197265625,26.229665756225586,26.869932174682617,28.529735565185547
23.108179092407227,23.69692039489746,24.132057189941406,24.499570846557617,24.826908111572266,25.223787307739258,25.61032485961914,26.074172973632812,26.706504821777344,28.469221115112305
23.111312866210938,23.64995574951172,24.118623733520508,24.497581481933594,24.88124656677246,25.290935516357422,25.68590545654297,26.123464584350586,26.803619384765625,28.4362850189209
23.088272094726562,23.6861515045166,24.115171432495117,24.509672164916992,24.872465133666992,25.220861434936523,25.64371109008789,26.121902465820312,26.753589630126953,28.416704177856445
23.14826202392578,23.7070255279541,24.082136154174805,24.47669219970703,24.829957962036133,25.209436416625977,25.633251190185547,26.111364364624023,26.810199737548828,28.362642288208008
23.033349990844727,23.6591796875,24.11469268798828,24.523698806762695,24.939149856567383,25.35148811340332,25.81341552734375,26.297346115112305,26.96078109741211,28.86025047302246
23.13759994506836,23.716394424438477,24.23195457458496,24.62891960144043,25.03261375427246,25.406972885131836,25.845853805541992,26.326025009155273,26.983673095703125,28.49207878112793
23.19456672668457,23.7139835357666,24.110383987426758,24.513648986816406,24.902376174926758,25.28615951538086,25.668628692626953,26.137798309326172,26.811981201171875,28.48450469970703
23.132143020629883,23.74273681640625,24.11824607849121,24.477672576904297,24.853679656982422,25.230419158935547,25.597230911254883,26.053531646728516,26.578582763671875,28.222087860107422
23.105905532836914,23.66913604736328,24.122785568237305,24.504377365112305,24.85628890991211,25.247920989990234,25.62100601196289,26.083675384521484,26.715370178222656,28.444917678833008
23.107559204101562,23.73671531677246,24.09844207763672,24.488405227661133,24.857616424560547,25.18899154663086,25.600540161132812,26.018728256225586,26.698144912719727,28.423707962036133
23.109052658081055,23.73427391052246,24.15812873840332,24.532377243041992,24.91156578063965,25.29327392578125,25.689964294433594,26.174407958984375,26.837196350097656,28.507156372070312
22.947410583496094,23.611610412597656,24.104970932006836,24.476835250854492,24.91865348815918,25.290224075317383,25.713598251342773,26.222925186157227,26.93214988708496,28.809202194213867
23.174495697021484,23.740907669067383,24.16686248779297,24.53894805908203,24.939197540283203,25.28484535217285,25.697219848632812,26.16643714904785,26.78484535217285,28.477676391601562
23.06748390197754,23.659343719482422,24.155473709106445,24.50356674194336,24.902727127075195,25.329978942871094,25.72373390197754,26.179025650024414,26.83757972717285,28.457040786743164
23.037755966186523,23.679410934448242,24.143993377685547,24.504518508911133,24.914276123046875,25.30746841430664,25.7060546875,26.186996459960938,26.802125930786133,28.822885513305664
23.128707885742188,23.651004791259766,24.109025955200195,24.520153045654297,24.844640731811523,25.287267684936523,25.64027214050293,26.12335205078125,26.774744033813477,28.37263298034668
23.17422103881836,23.71151351928711,24.164018630981445,24.52161979675293,24.888395309448242,25.255239486694336,25.641883850097656,26.107351303100586,26.767440795898438,28.49468231201172
23.157764434814453,23.73080825805664,24.115036010742188,24.549654006958008,24.88898277282715,25.25258445739746,25.636127471923828,26.15636444091797,26.79700469970703,28.41949462890625
23.03764533996582,23.65937042236328,24.11809539794922,24.483707427978516,24.859277725219727,25.22327423095703,25.57940101623535,26.004531860351562,26.64369773864746,28.323373794555664
23.107563018798828,23.657033920288086,24.11118507385254,24.47052574157715,24.85602378845215,25.195077896118164,25.590789794921875,26.09746551513672,26.743282318115234,28.454553604125977
22.990503311157227,23.652557373046875,24.156904220581055,24.57977294921875,24.971506118774414,25.346708297729492,25.757421493530273,26.260271072387695,26.84868621826172,28.648252487182617
23.075645446777344,23.643205642700195,24.149154663085938,24.532739639282227,24.91972541809082,25.325517654418945,25.779125213623047,26.250484466552734,26.892086029052734,28.697025299072266
23.127389907836914,23.706993103027344,24.152006149291992,24.526945114135742,24.905975341796875,25.304386138916016,25.69490623474121,26.16607666015625,26.757152557373047,28.550142288208008
22.97905921936035,23.655086517333984,24.16827964782715,24.631874084472656,25.070615768432617,25.441570281982422,25.878406524658203,26.331581115722656,26.923446655273438,28.67792510986328
23.126880645751953,23.668922424316406,24.117984771728516,24.519241333007812,24.87561798095703,25.251646041870117,25.652408599853516,26.104238510131836,26.761343002319336,28.40584373474121
23.22479820251465,23.709190368652344,24.173418045043945,24.530094146728516,24.91730499267578,25.309070587158203,25.698165893554688,26.150548934936523,26.708757400512695,28.172651290893555
23.102352142333984,23.709211349487305,24.0990047454834,24.524168014526367,24.88168716430664,25.256410598754883,25.654342651367188,26.089624404907227,26.762157440185547,28.22015380859375
23.20444107055664,23.739723205566406,24.22939682006836,24.606792449951172,24.95660972595215,25.35102653503418,25.753204345703125,26.245073318481445,26.847261428833008,28.44149398803711
23.07801055908203,23.602439880371094,24.13916778564453,24.540342330932617,24.893545150756836,25.33238410949707,25.721206665039062,26.188583374023438,26.772764205932617,28.775053024291992
23.219026565551758,23.73176383972168,24.163780212402344,24.58781623840332,24.97039222717285,25.34439468383789,25.68741226196289,26.137601852416992,26.77240753173828,28.250873565673828
23.09430503845215,23.68882179260254,24.15978240966797,24.55950164794922,24.920719146728516,25.330005645751953,25.736047744750977,26.262344360351562,26.817686080932617,28.550247192382812
23.13531494140625,23.711170196533203,24.17953872680664,24.558805465698242,24.93524932861328,25.33259391784668,25.738513946533203,26.170957565307617,26.795621871948242,28.491270065307617
23.11534881591797,23.68149757385254,24.103116989135742,24.516691207885742,24.892282485961914,25.234943389892578,25.68071937561035,26.132606506347656,26.759719848632812,28.479398727416992
23.21196746826172,23.725448608398438,24.145811080932617,24.55834197998047,24.920804977416992,25.270427703857422,25.702425003051758,26.170583724975586,26.818777084350586,28.417598724365234
23.03691864013672,23.715072631835938,24.10814666748047,24.522777557373047,24.91058349609375,25.281484603881836,25.72345542907715,26.21115493774414,26.764039993286133,28.512989044189453
23.088125228881836,23.692907333374023,24.132129669189453,24.505535125732422,24.87633514404297,25.280670166015625,25.63956069946289,26.081722259521484,26.707021713256836,28.298357009887695
23.03343391418457,23.701704025268555,24.109384536743164,24.509307861328125,24.904970169067383,25.264209747314453,25.644638061523438,26.11199378967285,26.683534622192383,28.261001586914062
23.086477279663086,23.679410934448242,24.125343322753906,24.536497116088867,24.92586898803711,25.304481506347656,25.671010971069336,26.15996551513672,26.79355812072754,28.560535430908203
23.082822799682617,23.660913467407227,24.14124298095703,24.50087547302246,24.86293601989746,25.30494499206543,25.66396141052246,26.145496368408203,26.746702194213867,28.34332847595215
23.13511085510254,23.702951431274414,24.20680809020996,24.56947898864746,24.937000274658203,25.313669204711914,25.69948959350586,26.19842529296875,26.790447235107422,28.46551513671875
23.134719848632812,23.679664611816406,24.099014282226562,24.476716995239258,24.82818603515625,25.183259963989258,25.574506759643555,25.99306297302246,26.658447265625,28.2932186126709
23.13535499572754,23.75532341003418,24.191875457763672,24.567289352416992,24.928295135498047,25.32121467590332,25.744430541992188,26.226192474365234,26.842470169067383,28.668865203857422
23.015213012695312,23.601415634155273,24.048751831054688,24.430055618286133,24.81241798400879,25.190149307250977,25.567100524902344,26.01702880859375,26.57085418701172,28.294307708740234
23.07501983642578,23.701963424682617,24.13447380065918,24.55508804321289,24.932838439941406,25.280733108520508,25.742202758789062,26.22493553161621,26.820659637451172,28.385547637939453
23.09097671508789,23.64012336730957,24.049745559692383,24.472320556640625,24.8234806060791,25.207725524902344,25.592178344726562,26.091232299804688,26.800613403320312,28.23261070251465
23.12967300415039,23.68006134033203,24.10335350036621,24.484846115112305,24.875770568847656,25.196332931518555,25.627288818359375,26.12893295288086,26.62594985961914,28.267940521240234
23.148937225341797,23.741395950317383,24.14078140258789,24.554250717163086,24.863784790039062,25.24860191345215,25.602619171142578,26.118728637695312,26.725711822509766,28.37717628479004
23.113773345947266,23.718505859375,24.19767951965332,24.60992431640625,24.99359893798828,25.36465835571289,25.797677993774414,26.33184242248535,27.067323684692383,28.81356430053711
23.15904998779297,23.722396850585938,24.15185546875,24.558443069458008,24.89995574951172,25.281173706054688,25.63593292236328,26.13714027404785,26.69488525390625,28.560443878173828
23.117631912231445,23.693988800048828,24.10708999633789,24.447038650512695,24.798357009887695,25.195030212402344,25.58284568786621,25.993152618408203,26.606250762939453,28.35362434387207
23.184062957763672,23.71538543701172,24.158958435058594,24.502119064331055,24.9218807220459,25.272722244262695,25.671419143676758,26.090829849243164,26.713790893554688,28.300960540771484
22.98965072631836,23.63768768310547,24.03900146484375,24.43594741821289,24.790084838867188,25.193466186523438,25.600255966186523,26.083057403564453,26.638031005859375,28.575103759765625
23.14899444580078,23.640338897705078,24.09833526611328,24.48925018310547,24.857839584350586,25.260231018066406,25.65622901916504,26.198062896728516,26.79119873046875,28.407238006591797
23.13848876953125,23.711143493652344,24.154584884643555,24.54505729675293,24.919450759887695,25.328941345214844,25.74916648864746,26.248279571533203,26.81768798828125,28.466699600219727
22.99431800842285,23.625089645385742,24.07577133178711,24.469017028808594,24.875368118286133,25.20600128173828,25.574522018432617,26.10577964782715,26.740631103515625,28.215126037597656
23.111848831176758,23.670408248901367,24.096830368041992,24.502750396728516,24.845367431640625,25.208585739135742,25.637163162231445,26.067344665527344,26.679794311523438,28.364063262939453
23.150798797607422,23.733924865722656,24.18401336669922,24.55646514892578,24.953372955322266,25.353233337402344,25.76115608215332,26.22032928466797,26.88096046447754,28.442825317382812
23.118417739868164,23.67781639099121,24.06096839904785,24.48900032043457,24.85056495666504,25.206640243530273,25.605030059814453,26.10265350341797,26.77268409729004,28.433263778686523
23.12983512878418,23.66731834411621,24.13397979736328,24.529390335083008,24.88727378845215,25.2944278717041,25.729394912719727,26.210399627685547,26.82803726196289,28.48000717163086
23.02741813659668,23.690797805786133,24.129945755004883,24.583362579345703,24.992612838745117,25.415803909301758,25.84697723388672,26.322660446166992,26.985946655273438,28.549236297607422
23.109800338745117,23.67477798461914,24.149494171142578,24.53607177734375,24.930145263671875,25.33506202697754,25.749706268310547,26.244043350219727,26.921524047851562,28.839637756347656
23.128089904785156,23.736164093017578,24.184350967407227,24.579397201538086,24.91345977783203,25.281469345092773,25.692724227905273,26.148101806640625,26.759218215942383,28.496252059936523
23.096940994262695,23.691486358642578,24.090564727783203,24.491539001464844,24.91582489013672,25.26413345336914,25.64149284362793,26.12847900390625,26.766592025756836,28.38518714904785
23.12420654296875,23.736610412597656,24.145435333251953,24.559425354003906,24.899728775024414,25.30745506286621,25.695409774780273,26.196836471557617,26.877151489257812,28.402456283569336
23.106565475463867,23.718521118164062,24.115690231323242,24.51506805419922,24.912656784057617,25.298795700073242,25.68061065673828,26.138290405273438,26.692840576171875,28.42485809326172
23.08293342590332,23.660554885864258,24.158098220825195,24.545024871826172,24.977022171020508,25.362394332885742,25.757497787475586,26.258697509765625,26.863168716430664,28.55206298828125
23.12981605529785,23.676742553710938,24.171512603759766,24.550460815429688,24.93641471862793,25.378063201904297,25.807708740234375,26.261138916015625,26.836990356445312,28.536203384399414
22.88917350769043,23.625030517578125,24.128154754638672,24.562950134277344,25.034893035888672,25.435728073120117,25.889450073242188,26.394378662109375,27.078693389892578,28.70716667175293
23.143028259277344,23.62095069885254,24.09219741821289,24.488054275512695,24.845916748046875,25.23200798034668,25.61239242553711,26.10853385925293,26.7475528717041,28.440444946289062
23.052391052246094,23.607147216796875,24.107194900512695,24.492368698120117,24.89495277404785,25.264108657836914,25.665084838867188,26.161582946777344,26.78692626953125,28.427490234375
22.990020751953125,23.593021392822266,24.094772338867188,24.49668312072754,24.887596130371094,25.283384323120117,25.692485809326172,26.24578285217285,26.89828109741211,28.617305755615234
23.024839401245117,23.624553680419922,24.11754035949707,24.551223754882812,24.95275115966797,25.339799880981445,25.762929916381836,26.260629653930664,26.88547706604004,28.556283950805664
23.063438415527344,23.684650421142578,24.158212661743164,24.53779411315918,24.974658966064453,25.335805892944336,25.80531883239746,26.27132225036621,26.885879516601562,28.59763526916504
23.100120544433594,23.63901710510254,24.134490966796875,24.481159210205078,24.828292846679688,25.125965118408203,25.546146392822266,25.9780330657959,26.57766342163086,28.204357147216797
23.017751693725586,23.624637603759766,24.05411148071289,24.423059463500977,24.81403160095215,25.257373809814453,25.621017456054688,26.112680435180664,26.742111206054688,28.46744155883789
23.17003631591797,23.705829620361328,24.08104133605957,24.45709228515625,24.82960319519043,25.163192749023438,25.597158432006836,26.072101593017578,26.72820472717285,28.413415908813477
23.025197982788086,23.674724578857422,24.139301300048828,24.496864318847656,24.9089298248291,25.31708335876465,25.688934326171875,26.210525512695312,26.868885040283203,28.97019386291504
23.018768310546875,23.66632080078125,24.163314819335938,24.555112838745117,24.951719284057617,25.35869598388672,25.77457046508789,26.270627975463867,26.881011962890625,28.693941116333008
23.157148361206055,23.700576782226562,24.096908569335938,24.482284545898438,24.892057418823242,25.291234970092773,25.67380142211914,26.128026962280273,26.727039337158203,28.398746490478516
23.124229431152344,23.64763641357422,24.133821487426758,24.550127029418945,24.92568588256836,25.284461975097656,25.698328018188477,26.183395385742188,26.767934799194336,28.300384521484375
23.01992416381836,23.611347198486328,24.141883850097656,24.575164794921875,24.970783233642578,25.406896591186523,25.825363159179688,26.336332321166992,26.96427345275879,28.582300186157227
23.119583129882812,23.640975952148438,24.12692642211914,24.50181770324707,24.870729446411133,25.204858779907227,25.637054443359375,26.110437393188477,26.766054153442383,28.348735809326172
23.094749450683594,23.721803665161133,24.195098876953125,24.623628616333008,25.0335636138916,25.40654182434082,25.90713882446289,26.393936157226562,26.97772789001465,28.882944107055664
23.001937866210938,23.632034301757812,24.089427947998047,24.524538040161133,24.95041847229004,25.374038696289062,25.815542221069336,26.347087860107422,26.953609466552734,28.71613121032715
23.08865737915039,23.67828941345215,24.104089736938477,24.53928565979004,24.899736404418945,25.283891677856445,25.67178726196289,26.141870498657227,26.783859252929688,28.37093734741211
23.112314224243164,23.727428436279297,24.170957565307617,24.543493270874023,24.912137985229492,25.328638076782227,25.727279663085938,26.249303817749023,26.796905517578125,28.339527130126953
23.19723129272461,23.719955444335938,24.183250427246094,24.55284881591797,24.950719833374023,25.34042739868164,25.7392635345459,26.205242156982422,26.84949493408203,28.37486457824707
23.089923858642578,23.65396499633789,24.144546508789062,24.586490631103516,24.953325271606445,25.32737922668457,25.75767707824707,26.26129150390625,26.84098243713379,28.550012588500977
23.205541610717773,23.664703369140625,24.102474212646484,24.512563705444336,24.861255645751953,25.234731674194336,25.62848472595215,26.103679656982422,26.694374084472656,28.49822425842285
22.99944496154785,23.642200469970703,24.116043090820312,24.54118537902832,24.960899353027344,25.340364456176758,25.79937744140625,26.24579429626465,26.841053009033203,28.52525520324707
23.01876449584961,23.5765323638916,24.054492950439453,24.437894821166992,24.817472457885742,25.188926696777344,25.595558166503906,26.102813720703125,26.672666549682617,28.47211265563965
23.146577835083008,23.700265884399414,24.149940490722656,24.539291381835938,24.89173126220703,25.228679656982422,25.658681869506836,26.090679168701172,26.75763511657715,28.393417358398438
23.143714904785156,23.646347045898438,24.11735725402832,24.526639938354492,24.8980770111084,25.290681838989258,25.692153930664062,26.108022689819336,26.721529006958008,28.480712890625
23.043607711791992,23.685176849365234,24.099742889404297,24.569869995117188,24.936552047729492,25.317110061645508,25.763559341430664,26.250673294067383,26.870101928710938,28.705297470092773
23.024612426757812,23.644670486450195,24.150623321533203,24.552600860595703,24.951719284057617,25.360572814941406,25.74372673034668,26.224857330322266,26.772058486938477,28.525672912597656
23.10839080810547,23.668685913085938,24.091533660888672,24.490602493286133,24.873817443847656,25.21405029296875,25.639474868774414,26.08096694946289,26.733810424804688,28.315174102783203
23.131330490112305,23.731943130493164,24.17619514465332,24.58389663696289,24.96350860595703,25.330841064453125,25.713178634643555,26.174007415771484,26.81911277770996,28.662710189819336
23.095151901245117,23.695009231567383,24.215469360351562,24.59665870666504,25.025545120239258,25.42245101928711,25.87906265258789,26.458560943603516,27.09840965270996,28.729904174804688
22.742218017578125,23.443208694458008,23.968063354492188,24.523399353027344,25.001314163208008,25.445552825927734,25.93073844909668,26.475065231323242,27.145366668701172,28.809494018554688
23.130191802978516,23.751672744750977,24.204694747924805,24.603044509887695,24.973880767822266,25.357879638671875,25.755544662475586,26.21603775024414,26.796375274658203,28.486440658569336
23.118471145629883,23.67485809326172,24.140520095825195,24.51377296447754,24.864028930664062,25.237834930419922,25.663822174072266,26.14678382873535,26.782508850097656,28.316997528076172
23.172388076782227,23.7659969329834,24.137012481689453,24.515905380249023,24.904354095458984,25.321931838989258,25.684707641601562,26.18332862854004,26.789382934570312,28.528715133666992
23.03754997253418,23.613496780395508,24.131019592285156,24.53566551208496,24.92081069946289,25.28508186340332,25.707626342773438,26.172460556030273,26.8129940032959,28.579425811767578
23.189807891845703,23.689620971679688,24.13506317138672,24.501115798950195,24.87126922607422,25.24379539489746,25.682952880859375,26.107309341430664,26.739608764648438,28.26204490661621
23.09638786315918,23.69109344482422,24.156272888183594,24.546894073486328,24.96275520324707,25.368724822998047,25.76618003845215,26.270069122314453,26.90671157836914,28.651586532592773
23.130582809448242,23.700620651245117,24.174774169921875,24.537086486816406,24.894262313842773,25.251697540283203,25.689556121826172,26.150135040283203,26.73046875,28.400039672851562
23.17404556274414,23.698293685913086,24.124526977539062,24.523807525634766,24.939237594604492,25.316848754882812,25.685134887695312,26.1792049407959,26.84436798095703,28.61732292175293
23.062665939331055,23.65223503112793,24.083547592163086,24.48282241821289,24.862295150756836,25.232004165649414,25.68572998046875,26.152835845947266,26.796710968017578,28.512798309326172
23.03126335144043,23.689783096313477,24.125749588012695,24.48885726928711,24.852405548095703,25.246471405029297,25.611923217773438,26.089962005615234,26.815717697143555,28.656396865844727
23.062149047851562,23.6561222076416,24.035776138305664,24.442764282226562,24.825918197631836,25.136281967163086,25.525592803955078,25.96917724609375,26.642440795898438,28.379356384277344
23.18038558959961,23.705564498901367,24.094520568847656,24.451702117919922,24.800600051879883,25.144569396972656,25.512128829956055,26.01445770263672,26.590789794921875,28.189861297607422
23.193395614624023,23.74909019470215,24.22301483154297,24.593172073364258,24.971656799316406,25.362667083740234,25.740190505981445,26.198095321655273,26.76868438720703,28.411697387695312
23.12889862060547,23.738176345825195,24.106693267822266,24.49636459350586,24.892227172851562,25.235746383666992,25.661067962646484,26.12456703186035,26.731107711791992,28.457836151123047
23.045223236083984,23.63799476623535,24.078889846801758,24.456262588500977,24.834842681884766,25.18524742126465,25.599672317504883,26.067365646362305,26.655500411987305,28.249380111694336
23.163957595825195,23.734867095947266,24.164962768554688,24.49239730834961,24.871767044067383,25.19797134399414,25.584171295166016,26.04538345336914,26.728282928466797,28.47084617614746
23.136131286621094,23.662982940673828,24.119855880737305,24.531173706054688,24.879716873168945,25.245058059692383,25.66853141784668,26.078792572021484,26.721323013305664,28.492813110351562
23.18596839904785,23.70071029663086,24.203624725341797,24.627187728881836,25.017351150512695,25.378393173217773,25.815956115722656,26.26728057861328,26.848962783813477,28.432279586791992
23.057708740234375,23.654111862182617,24.14629554748535,24.533843994140625,24.874128341674805,25.25992202758789,25.66297721862793,26.133092880249023,26.77332305908203,28.43505859375
23.049253463745117,23.640949249267578,24.072336196899414,24.485565185546875,24.88510513305664,25.250553131103516,25.679258346557617,26.1623477935791,26.7578067779541,28.54291343688965
23.062786102294922,23.608646392822266,24.076433181762695,24.454710006713867,24.852964401245117,25.197240829467773,25.586868286132812,26.067337036132812,26.677745819091797,28.454378128051758
23.095483779907227,23.65091323852539,24.158464431762695,24.499040603637695,24.894622802734375,25.255308151245117,25.686193466186523,26.091461181640625,26.795530319213867,28.387649536132812
23.154401779174805,23.704660415649414,24.137197494506836,24.517333984375,24.893783569335938,25.218223571777344,25.6938419342041,26.165145874023438,26.71901512145996,28.481937408447266
23.14828872680664,23.728612899780273,24.147151947021484,24.504507064819336,24.885822296142578,25.264358520507812,25.66769790649414,26.131141662597656,26.66857147216797,28.31070899963379
23.22858238220215,23.72272491455078,24.177711486816406,24.53411293029785,24.87322235107422,25.213186264038086,25.618621826171875,26.040727615356445,26.627891540527344,28.364383697509766
23.065994262695312,23.714235305786133,24.184694290161133,24.602977752685547,24.97369384765625,25.352121353149414,25.751264572143555,26.21872329711914,26.878986358642578,28.48497200012207
23.024391174316406,23.624603271484375,24.06647491455078,24.487380981445312,24.87162971496582,25.305438995361328,25.68706703186035,26.234228134155273,26.874643325805664,28.5751895904541
23.133386611938477,23.72303581237793,24.111839294433594,24.51710319519043,24.866464614868164,25.22296714782715,25.634347915649414,26.176488876342773,26.83380126953125,28.453845977783203
22.971738815307617,23.644588470458984,24.159271240234375,24.568729400634766,24.948328018188477,25.33358383178711,25.764741897583008,26.240921020507812,27.009016036987305,28.704530715942383
23.063709259033203,23.608549118041992,24.088809967041016,24.484233856201172,24.880918502807617,25.219928741455078,25.681528091430664,26.11338233947754,26.80194854736328,28.512487411499023
23.13810920715332,23.689002990722656,24.161067962646484,24.53081512451172,24.934717178344727,25.3022518157959,25.750652313232422,26.241601943969727,26.939184188842773,28.763471603393555
23.07460594177246,23.70178985595703,24.151765823364258,24.579683303833008,24.93886947631836,25.361846923828125,25.730289459228516,26.14708709716797,26.71347999572754,28.359786987304688
23.111373901367188,23.66298484802246,24.093528747558594,24.523637771606445,24.865558624267578,25.26380157470703,25.702104568481445,26.150720596313477,26.806617736816406,28.434917449951172
23.06678581237793,23.652738571166992,24.110713958740234,24.52855110168457,24.920440673828125,25.316679000854492,25.721586227416992,26.200668334960938,26.834156036376953,28.339820861816406
23.120330810546875,23.678314208984375,24.09228515625,24.486478805541992,24.871915817260742,25.25374412536621,25.65228271484375,26.110851287841797,26.741214752197266,28.506715774536133
23.215160369873047,23.809432983398438,24.26987648010254,24.63663101196289,24.987619400024414,25.36302947998047,25.81824493408203,26.270387649536133,26.827110290527344,28.508562088012695
23.132526397705078,23.694419860839844,24.107934951782227,24.476675033569336,24.846893310546875,25.244218826293945,25.690582275390625,26.175146102905273,26.76633644104004,28.531841278076172
23.08510971069336,23.667587280273438,24.14072608947754,24.514144897460938,24.833951950073242,25.245513916015625,25.627614974975586,26.039962768554688,26.733083724975586,28.391448974609375
23.135149002075195,23.653242111206055,24.092653274536133,24.484325408935547,24.889442443847656,25.237070083618164,25.62421226501465,26.079334259033203,26.68093490600586,28.296634674072266
23.120803833007812,23.70315170288086,24.151031494140625,24.53338050842285,24.92518424987793,25.288198471069336,25.702890396118164,26.162288665771484,26.78361701965332,28.549522399902344
23.064199447631836,23.685504913330078,24.120624542236328,24.521615982055664,24.904306411743164,25.28937339782715,25.650981903076172,26.079097747802734,26.703784942626953,28.33441162109375
23.056720733642578,23.676071166992188,24.178293228149414,24.644941329956055,24.992454528808594,25.374908447265625,25.7812442779541,26.22870445251465,26.811635971069336,28.499008178710938
23.076269149780273,23.672470092773438,24.095664978027344,24.53628921508789,24.91254425048828,25.321754455566406,25.75640106201172,26.254684448242188,26.904176712036133,28.764408111572266
23.087356567382812,23.61098289489746,24.07411766052246,24.440032958984375,24.85873031616211,25.226119995117188,25.629844665527344,26.108768463134766,26.714826583862305,28.46299934387207
23.09227752685547,23.720680236816406,24.142894744873047,24.558101654052734,24.939165115356445,25.336702346801758,25.701969146728516,26.221261978149414,26.76608657836914,28.54067039489746
23.135652542114258,23.66364097595215,24.10764503479004,24.509305953979492,24.914329528808594,25.315872192382812,25.755855560302734,26.260150909423828,26.94569206237793,28.76457405090332
23.11725425720215,23.665889739990234,24.101293563842773,24.517986297607422,24.88119125366211,25.238637924194336,25.67860221862793,26.155237197875977,26.77728271484375,28.446054458618164
23.03022003173828,23.67099952697754,24.10392951965332,24.4865665435791,24.83454704284668,25.22482681274414,25.6357479095459,26.11899757385254,26.72149085998535,28.566312789916992
23.05452537536621,23.674306869506836,24.133466720581055,24.524682998657227,24.92002296447754,25.29712677001953,25.746843338012695,26.236295700073242,26.83672332763672,28.327722549438477
23.11737060546875,23.672428131103516,24.138626098632812,24.55532455444336,24.921403884887695,25.30259895324707,25.65424156188965,26.13791275024414,26.828548431396484,28.50071144104004
23.10968780517578,23.700435638427734,24.130151748657227,24.504859924316406,24.897653579711914,25.29123878479004,25.64990234375,26.09996795654297,26.68887710571289,28.082565307617188
23.081989288330078,23.66497230529785,24.151355743408203,24.535842895507812,24.902109146118164,25.2503719329834,25.698719024658203,26.127267837524414,26.710805892944336,28.687463760375977
23.068946838378906,23.668655395507812,24.13623809814453,24.50904655456543,24.883373260498047,25.230594635009766,25.644004821777344,26.10603904724121,26.726119995117188,28.19805908203125
23.136112213134766,23.64958381652832,24.05120277404785,24.476917266845703,24.868330001831055,25.241710662841797,25.688613891601562,26.18136978149414,26.902263641357422,28.754634857177734
23.107446670532227,23.722688674926758,24.159391403198242,24.55821418762207,24.971481323242188,25.341018676757812,25.743467330932617,26.257341384887695,26.80312156677246,28.447988510131836
23.058067321777344,23.722719192504883,24.178932189941406,24.583606719970703,25.005069732666016,25.355321884155273,25.761266708374023,26.26678466796875,26.85799789428711,28.595659255981445
23.13922882080078,23.724510192871094,24.141124725341797,24.552574157714844,24.92926025390625,25.337862014770508,25.715999603271484,26.21402931213379,26.881694793701172,28.782806396484375
23.132511138916016,23.69203758239746,24.182889938354492,24.529033660888672,24.93466567993164,25.29305648803711,25.72856903076172,26.197900772094727,26.841304779052734,28.640024185180664
23.14103126525879,23.73711585998535,24.186080932617188,24.529184341430664,24.882436752319336,25.22943687438965,25.645626068115234,26.14093589782715,26.663970947265625,28.221181869506836
23.101016998291016,23.714797973632812,24.163333892822266,24.521770477294922,24.9088077545166,25.273881912231445,25.68283462524414,26.11927032470703,26.82147789001465,28.66267967224121
23.0151309967041,23.662364959716797,24.12449073791504,24.541501998901367,24.946392059326172,25.323747634887695,25.82513427734375,26.345605850219727,27.03502082824707,28.70654296875
23.062379837036133,23.709985733032227,24.15805435180664,24.570161819458008,24.937837600708008,25.31463050842285,25.71012306213379,26.198196411132812,26.840591430664062,28.37470245361328
23.198015213012695,23.733688354492188,24.14142417907715,24.52910614013672,24.91596221923828,25.284591674804688,25.688716888427734,26.11083984375,26.72307014465332,28.421585083007812
23.1038875579834,23.67315101623535,24.160524368286133,24.58730125427246,24.999353408813477,25.391969680786133,25.816341400146484,26.255985260009766,26.83755874633789,28.355609893798828
22.99909019470215,23.64311408996582,24.10163116455078,24.54761505126953,25.000595092773438,25.42176055908203,25.800548553466797,26.376399993896484,26.957759857177734,28.53329086303711
23.041284561157227,23.65053367614746,24.10186004638672,24.502513885498047,24.86907958984375,25.281564712524414,25.650671005249023,26.12213134765625,26.650192260742188,28.24953269958496
23.16188621520996,23.672378540039062,24.20055389404297,24.522451400756836,24.89933967590332,25.2288875579834,25.69362449645996,26.19595718383789,26.842483520507812,28.324907302856445
23.166242599487305,23.7253360748291,24.17725944519043,24.56817626953125,24.930246353149414,25.317079544067383,25.72658348083496,26.180923461914062,26.841405868530273,28.334705352783203
23.100601196289062,23.661914825439453,24.09896469116211,24.492050170898438,24.848148345947266,25.186044692993164,25.64265251159668,26.141407012939453,26.757654190063477,28.480674743652344
23.149076461791992,23.79352378845215,24.17751693725586,24.594228744506836,24.953479766845703,25.351150512695312,25.787307739257812,26.29977798461914,26.869258880615234,28.769668579101562
