23.06309700012207,23.67160987854004,24.15577507019043,24.56122589111328,24.951509475708008,25.339839935302734,25.751873016357422,26.23638153076172,26.868711471557617,28.593578338623047
23.051298141479492,23.65730094909668,24.144594192504883,24.549715042114258,24.958162307739258,25.361637115478516,25.771804809570312,26.265972137451172,26.927886962890625,28.502334594726562
23.091638565063477,23.665895462036133,24.128400802612305,24.51677894592285,24.89363670349121,25.27752113342285,25.69965171813965,26.18103790283203,26.79703140258789,28.699121475219727
23.08016586303711,23.67215347290039,24.125368118286133,24.53099822998047,24.90549659729004,25.285585403442383,25.68611717224121,26.15833282470703,26.754823684692383,28.457473754882812
23.06519317626953,23.677791595458984,24.154325485229492,24.56273651123047,24.95591163635254,25.34866714477539,25.777263641357422,26.249967575073242,26.890766143798828,28.553688049316406
23.107177734375,23.68873405456543,24.139432907104492,24.535816192626953,24.904891967773438,25.281583786010742,25.70084571838379,26.19319725036621,26.833633422851562,28.544597625732422
23.058120727539062,23.677871704101562,24.15851593017578,24.568571090698242,24.95418357849121,25.354860305786133,25.779150009155273,26.265901565551758,26.910985946655273,28.616302490234375
23.05516815185547,23.652467727661133,24.115798950195312,24.507125854492188,24.895952224731445,25.27881622314453,25.69275665283203,26.158506393432617,26.770875930786133,28.44839859008789
23.02629280090332,23.646312713623047,24.11237144470215,24.521617889404297,24.918676376342773,25.3126163482666,25.741031646728516,26.215118408203125,26.859344482421875,28.574277877807617
22.9454288482666,23.5884952545166,24.07822608947754,24.508834838867188,24.92082405090332,25.327360153198242,25.764856338500977,26.251129150390625,26.868284225463867,28.591861724853516
23.043115615844727,23.670236587524414,24.172027587890625,24.585918426513672,24.98292350769043,25.38153839111328,25.800630569458008,26.291255950927734,26.927642822265625,28.66045379638672
22.871667861938477,23.545364379882812,24.082670211791992,24.565872192382812,25.01894187927246,25.447689056396484,25.894296646118164,26.39486312866211,27.060897827148438,28.84532928466797
23.097232818603516,23.689926147460938,24.143165588378906,24.535804748535156,24.911020278930664,25.285276412963867,25.683452606201172,26.15635108947754,26.773550033569336,28.443721771240234
22.968154907226562,23.637653350830078,24.13083839416504,24.577783584594727,24.999515533447266,25.414249420166016,25.864002227783203,26.38612174987793,27.05189323425293,28.662216186523438
23.07605743408203,23.67597198486328,24.141273498535156,24.546457290649414,24.919509887695312,25.31963348388672,25.736263275146484,26.21888542175293,26.86434555053711,28.606475830078125
23.01250457763672,23.627235412597656,24.111108779907227,24.51998519897461,24.918210983276367,25.31838607788086,25.743982315063477,26.244253158569336,26.89589500427246,28.58308982849121
23.049280166625977,23.674598693847656,24.15559959411621,24.57010269165039,24.961631774902344,25.356130599975586,25.784868240356445,26.264484405517578,26.90676498413086,28.605621337890625
23.014623641967773,23.652870178222656,24.11487579345703,24.537456512451172,24.932710647583008,25.32049560546875,25.746810913085938,26.22498321533203,26.897430419921875,28.63145637512207
23.04633331298828,23.632482528686523,24.10944175720215,24.52490234375,24.90495491027832,25.299470901489258,25.70770835876465,26.194812774658203,26.8217716217041,28.556726455688477
23.070493698120117,23.68347930908203,24.135473251342773,24.55093765258789,24.92612648010254,25.31686019897461,25.71929168701172,26.203969955444336,26.814891815185547,28.56486701965332
23.078439712524414,23.673999786376953,24.144161224365234,24.543012619018555,24.93292808532715,25.322458267211914,25.737335205078125,26.22493553161621,26.852981567382812,28.56486701965332
23.079917907714844,23.66663932800293,24.11945343017578,24.535188674926758,24.91313934326172,25.30348777770996,25.71813201904297,26.189599990844727,26.84680938720703,28.546924591064453
23.02471923828125,23.645339965820312,24.135295867919922,24.55825424194336,24.956907272338867,25.35894012451172,25.778297424316406,26.26549530029297,26.91058921813965,28.646495819091797
22.964359283447266,23.611713409423828,24.11089324951172,24.54549789428711,24.954313278198242,25.368202209472656,25.819889068603516,26.327409744262695,26.987154006958008,28.677831649780273
23.097593307495117,23.678070068359375,24.127235412597656,24.520936965942383,24.915416717529297,25.296493530273438,25.72273826599121,26.195289611816406,26.854448318481445,28.520448684692383
23.018739700317383,23.66839599609375,24.166597366333008,24.592483520507812,24.98393440246582,25.388225555419922,25.795202255249023,26.270090103149414,26.894649505615234,28.602561950683594
23.076549530029297,23.67072105407715,24.137989044189453,24.524595260620117,24.899703979492188,25.272890090942383,25.679079055786133,26.151718139648438,26.781532287597656,28.451574325561523
23.05866813659668,23.672340393066406,24.15268898010254,24.55704689025879,24.960094451904297,25.347551345825195,25.739946365356445,26.22734832763672,26.848526000976562,28.531099319458008
23.070148468017578,23.68234634399414,24.144601821899414,24.55386734008789,24.941028594970703,25.324172973632812,25.736616134643555,26.20086669921875,26.8083438873291,28.33816146850586
23.050142288208008,23.66195297241211,24.134033203125,24.542755126953125,24.930477142333984,25.326831817626953,25.749191284179688,26.237207412719727,26.875167846679688,28.441265106201172
23.049440383911133,23.655303955078125,24.14337921142578,24.556299209594727,24.95694351196289,25.358030319213867,25.78068733215332,26.273452758789062,26.906631469726562,28.626779556274414
23.053850173950195,23.679351806640625,24.141969680786133,24.546979904174805,24.928730010986328,25.320526123046875,25.74972915649414,26.216493606567383,26.852548599243164,28.528554916381836
23.107315063476562,23.692684173583984,24.12409019470215,24.514984130859375,24.878164291381836,25.2579402923584,25.6686954498291,26.154170989990234,26.792377471923828,28.551780700683594
23.035661697387695,23.663280487060547,24.118412017822266,24.528657913208008,24.921918869018555,25.32038116455078,25.739614486694336,26.229034423828125,26.87877082824707,28.511625289916992
23.080835342407227,23.67487335205078,24.13916015625,24.54750633239746,24.94174575805664,25.331098556518555,25.768136978149414,26.262121200561523,26.901607513427734,28.581716537475586
23.104705810546875,23.696956634521484,24.143753051757812,24.547473907470703,24.933929443359375,25.323495864868164,25.735443115234375,26.205242156982422,26.85381317138672,28.496826171875
22.84026527404785,23.51384162902832,24.080596923828125,24.579818725585938,25.046592712402344,25.508018493652344,25.981491088867188,26.485774993896484,27.127899169921875,28.729427337646484
23.102752685546875,23.66855812072754,24.11550521850586,24.507585525512695,24.874744415283203,25.249671936035156,25.649105072021484,26.107498168945312,26.727615356445312,28.417110443115234
23.075510025024414,23.674407958984375,24.16088104248047,24.552406311035156,24.947603225708008,25.34075164794922,25.750391006469727,26.238540649414062,26.872827529907227,28.561920166015625
23.096508026123047,23.700342178344727,24.162445068359375,24.558170318603516,24.93533706665039,25.315820693969727,25.741374969482422,26.206823348999023,26.848264694213867,28.520395278930664
23.014894485473633,23.64324951171875,24.154869079589844,24.583520889282227,24.99493980407715,25.40882110595703,25.83850860595703,26.330472946166992,26.962940216064453,28.755403518676758
23.009244918823242,23.624176025390625,24.10897445678711,24.546524047851562,24.941436767578125,25.351314544677734,25.774282455444336,26.273941040039062,26.918609619140625,28.529491424560547
22.97458267211914,23.603124618530273,24.110605239868164,24.539609909057617,24.96057891845703,25.36652183532715,25.795364379882812,26.31100845336914,26.932260513305664,28.611892700195312
23.05036735534668,23.653963088989258,24.12627601623535,24.528963088989258,24.912677764892578,25.301233291625977,25.70548439025879,26.170307159423828,26.796825408935547,28.509445190429688
23.09998321533203,23.697725296020508,24.147966384887695,24.54514503479004,24.908172607421875,25.28193473815918,25.6906795501709,26.181604385375977,26.853044509887695,28.53887367248535
23.072359085083008,23.670608520507812,24.115175247192383,24.511842727661133,24.890098571777344,25.28452491760254,25.699920654296875,26.16815948486328,26.780658721923828,28.48887825012207
23.078990936279297,23.70229148864746,24.16805076599121,24.581989288330078,24.971885681152344,25.36758804321289,25.800186157226562,26.286577224731445,26.906417846679688,28.542518615722656
23.011245727539062,23.619163513183594,24.107418060302734,24.528331756591797,24.926937103271484,25.323558807373047,25.75469970703125,26.24773597717285,26.8911190032959,28.534027099609375
23.115509033203125,23.70368194580078,24.153886795043945,24.54393768310547,24.920610427856445,25.307065963745117,25.71245574951172,26.16913414001465,26.78260040283203,28.363779067993164
23.038928985595703,23.642839431762695,24.112152099609375,24.52927589416504,24.923830032348633,25.32351303100586,25.735271453857422,26.216190338134766,26.833297729492188,28.460004806518555
23.077754974365234,23.680997848510742,24.157184600830078,24.55553436279297,24.943206787109375,25.329557418823242,25.73908042907715,26.218130111694336,26.834651947021484,28.596710205078125
23.003583908081055,23.638731002807617,24.13546371459961,24.57642364501953,24.99016761779785,25.37787437438965,25.81853675842285,26.31456756591797,26.960556030273438,28.697254180908203
23.036052703857422,23.648427963256836,24.112401962280273,24.536191940307617,24.925893783569336,25.323877334594727,25.745615005493164,26.234418869018555,26.870323181152344,28.627967834472656
23.03626251220703,23.66181182861328,24.143280029296875,24.585878372192383,24.97931671142578,25.38111686706543,25.80259895324707,26.29248046875,26.912029266357422,28.51931381225586
23.092636108398438,23.687545776367188,24.160051345825195,24.552215576171875,24.93360710144043,25.328685760498047,25.7473201751709,26.211261749267578,26.829957962036133,28.60174560546875
23.05238914489746,23.651464462280273,24.12245750427246,24.520931243896484,24.904823303222656,25.295204162597656,25.717239379882812,26.195846557617188,26.830472946166992,28.589860916137695
23.069597244262695,23.685129165649414,24.155296325683594,24.588775634765625,24.980623245239258,25.390625,25.81171417236328,26.310041427612305,26.925146102905273,28.549402236938477
23.0422306060791,23.659732818603516,24.127653121948242,24.53749656677246,24.927127838134766,25.326200485229492,25.74371337890625,26.216136932373047,26.831777572631836,28.5368595123291
23.116607666015625,23.674781799316406,24.0967960357666,24.47402572631836,24.843570709228516,25.20783042907715,25.597797393798828,26.049551010131836,26.650955200195312,28.320308685302734
23.05327606201172,23.681869506835938,24.156084060668945,24.57749366760254,24.969131469726562,25.368867874145508,25.798934936523438,26.279726028442383,26.92959976196289,28.643962860107422
22.99897003173828,23.619829177856445,24.120479583740234,24.54255485534668,24.94742774963379,25.353269577026367,25.785959243774414,26.29115104675293,26.938024520874023,28.691757202148438
22.924076080322266,23.569948196411133,24.08258628845215,24.530576705932617,24.966642379760742,25.398113250732422,25.845794677734375,26.367046356201172,27.024646759033203,28.660858154296875
23.079824447631836,23.697439193725586,24.167360305786133,24.559324264526367,24.952104568481445,25.346065521240234,25.75873565673828,26.220247268676758,26.843788146972656,28.532516479492188
23.075374603271484,23.708818435668945,24.17885398864746,24.600191116333008,24.987476348876953,25.377304077148438,25.807920455932617,26.298574447631836,26.928075790405273,28.48947525024414
23.048978805541992,23.67888641357422,24.156829833984375,24.570728302001953,24.968639373779297,25.367036819458008,25.782958984375,26.279199600219727,26.91146469116211,28.53949737548828
23.08534812927246,23.68989372253418,24.159557342529297,24.56947898864746,24.95644187927246,25.33478355407715,25.75960350036621,26.238216400146484,26.831134796142578,28.32175064086914
23.10044288635254,23.680559158325195,24.127273559570312,24.521549224853516,24.88679313659668,25.269914627075195,25.676372528076172,26.15378189086914,26.780323028564453,28.46207046508789
23.047439575195312,23.68484878540039,24.168272018432617,24.59209442138672,24.991369247436523,25.385448455810547,25.816444396972656,26.313325881958008,26.95257568359375,28.69173240661621
23.083812713623047,23.672229766845703,24.120086669921875,24.52652931213379,24.904216766357422,25.295188903808594,25.71478843688965,26.189544677734375,26.805301666259766,28.331375122070312
23.03612518310547,23.669767379760742,24.15723419189453,24.580198287963867,24.976146697998047,25.38661766052246,25.81089210510254,26.31505012512207,26.966787338256836,28.617263793945312
23.106660842895508,23.688953399658203,24.141611099243164,24.527584075927734,24.90597915649414,25.28038215637207,25.679195404052734,26.146377563476562,26.75692367553711,28.472362518310547
23.03714370727539,23.63172149658203,24.10846519470215,24.528850555419922,24.91805648803711,25.315406799316406,25.738618850708008,26.228336334228516,26.87312889099121,28.53550910949707
23.0493221282959,23.695796966552734,24.16856575012207,24.579893112182617,24.973426818847656,25.365543365478516,25.786909103393555,26.26934242248535,26.88002586364746,28.54498291015625
23.089908599853516,23.671396255493164,24.1181697845459,24.50652313232422,24.890668869018555,25.271793365478516,25.689193725585938,26.16083526611328,26.795978546142578,28.41077423095703
23.078533172607422,23.664945602416992,24.114540100097656,24.502243041992188,24.880842208862305,25.269851684570312,25.687402725219727,26.16375732421875,26.778728485107422,28.456649780273438
23.09408187866211,23.687353134155273,24.1345272064209,24.53130340576172,24.89193344116211,25.28173828125,25.683528900146484,26.150190353393555,26.738651275634766,28.65491485595703
22.80112648010254,23.459413528442383,23.993568420410156,24.50006103515625,24.98719596862793,25.490232467651367,26.02307891845703,26.603586196899414,27.31096839904785,28.969207763671875
23.08991050720215,23.667694091796875,24.097185134887695,24.48320770263672,24.859729766845703,25.235153198242188,25.636022567749023,26.11606788635254,26.727386474609375,28.54311180114746
23.019742965698242,23.624032974243164,24.10671615600586,24.53215980529785,24.932886123657227,25.339120864868164,25.776470184326172,26.271270751953125,26.904052734375,28.497570037841797
23.112503051757812,23.698301315307617,24.147815704345703,24.54361343383789,24.921207427978516,25.31000328063965,25.72621726989746,26.20656394958496,26.834169387817383,28.46221160888672
23.081344604492188,23.66496467590332,24.130950927734375,24.52826690673828,24.919092178344727,25.307832717895508,25.72149085998535,26.2045955657959,26.8193302154541,28.548145294189453
23.08316421508789,23.686901092529297,24.137317657470703,24.52580451965332,24.892330169677734,25.281166076660156,25.68722915649414,26.14996337890625,26.787906646728516,28.661441802978516
23.110267639160156,23.692176818847656,24.128049850463867,24.514345169067383,24.889738082885742,25.26955795288086,25.675424575805664,26.16316032409668,26.7858943939209,28.339797973632812
23.072219848632812,23.696889877319336,24.166872024536133,24.580739974975586,24.960119247436523,25.35310173034668,25.781009674072266,26.27707862854004,26.913427352905273,28.57794189453125
23.0576229095459,23.69369888305664,24.179824829101562,24.59701156616211,24.99176788330078,25.381969451904297,25.79741859436035,26.27655792236328,26.890810012817383,28.52020835876465
23.075679779052734,23.68636131286621,24.166658401489258,24.59039878845215,24.989770889282227,25.38356590270996,25.803281784057617,26.290353775024414,26.89472198486328,28.523208618164062
23.035633087158203,23.668445587158203,24.134233474731445,24.541828155517578,24.92325210571289,25.312891006469727,25.71565818786621,26.18129539489746,26.806289672851562,28.439067840576172
23.045400619506836,23.658172607421875,24.10768699645996,24.51502227783203,24.903579711914062,25.283145904541016,25.714773178100586,26.20751953125,26.86099624633789,28.578662872314453
23.05719757080078,23.672748565673828,24.153972625732422,24.56304168701172,24.94952964782715,25.35248565673828,25.77528953552246,26.276235580444336,26.961658477783203,28.678071975708008
22.998703002929688,23.616601943969727,24.098161697387695,24.516563415527344,24.927703857421875,25.339805603027344,25.761362075805664,26.24720573425293,26.867652893066406,28.444379806518555
23.113500595092773,23.689680099487305,24.140180587768555,24.52463150024414,24.907804489135742,25.29684066772461,25.717697143554688,26.208311080932617,26.840961456298828,28.614654541015625
23.10070037841797,23.70029640197754,24.155942916870117,24.567256927490234,24.956737518310547,25.339069366455078,25.756315231323242,26.22716522216797,26.840700149536133,28.39168930053711
23.01727867126465,23.64344596862793,24.143173217773438,24.555837631225586,24.977121353149414,25.375408172607422,25.79889488220215,26.30739974975586,26.969797134399414,28.572134017944336
23.046810150146484,23.6462459564209,24.099143981933594,24.522939682006836,24.927146911621094,25.317392349243164,25.760835647583008,26.26573371887207,26.89805030822754,28.59613609313965
23.07819175720215,23.666248321533203,24.123825073242188,24.512231826782227,24.90294647216797,25.29313850402832,25.706222534179688,26.176504135131836,26.807479858398438,28.465042114257812
22.9833984375,23.6438045501709,24.119308471679688,24.54357147216797,24.96392059326172,25.37639808654785,25.813215255737305,26.312976837158203,26.95939064025879,28.52743148803711
23.034826278686523,23.62952423095703,24.111900329589844,24.53310203552246,24.922252655029297,25.319931030273438,25.735942840576172,26.241214752197266,26.899951934814453,28.534603118896484
23.093368530273438,23.69230079650879,24.14288902282715,24.534765243530273,24.9200496673584,25.308115005493164,25.730186462402344,26.20328140258789,26.842533111572266,28.526578903198242
23.110628128051758,23.690099716186523,24.13243865966797,24.506723403930664,24.868999481201172,25.2568302154541,25.648643493652344,26.11393165588379,26.718536376953125,28.348495483398438
23.115842819213867,23.711896896362305,24.166933059692383,24.5727481842041,24.936262130737305,25.31882667541504,25.728363037109375,26.184301376342773,26.795251846313477,28.498647689819336
23.05449104309082,23.657917022705078,24.135854721069336,24.54018783569336,24.93130111694336,25.31964683532715,25.732084274291992,26.210243225097656,26.831018447875977,28.59320640563965
23.05181121826172,23.65380859375,24.13787841796875,24.550525665283203,24.950851440429688,25.34947967529297,25.778148651123047,26.26866912841797,26.922725677490234,28.543922424316406
23.091407775878906,23.695690155029297,24.146203994750977,24.542837142944336,24.924055099487305,25.31140899658203,25.71929168701172,26.196088790893555,26.834808349609375,28.442811965942383
23.064096450805664,23.670791625976562,24.145048141479492,24.547897338867188,24.92860984802246,25.31425666809082,25.72768211364746,26.210540771484375,26.8342227935791,28.593746185302734
23.066207885742188,23.65031623840332,24.100088119506836,24.490955352783203,24.859874725341797,25.23753547668457,25.642126083374023,26.126008987426758,26.737445831298828,28.430089950561523
23.039295196533203,23.676525115966797,24.14178466796875,24.568817138671875,24.951988220214844,25.359525680541992,25.788211822509766,26.277917861938477,26.916507720947266,28.535709381103516
23.071250915527344,23.670812606811523,24.112224578857422,24.525218963623047,24.906803131103516,25.288047790527344,25.706825256347656,26.182552337646484,26.801528930664062,28.471229553222656
23.08238410949707,23.669599533081055,24.111360549926758,24.502262115478516,24.867033004760742,25.246559143066406,25.638444900512695,26.099985122680664,26.708110809326172,28.24944496154785
23.065017700195312,23.684152603149414,24.148250579833984,24.54985237121582,24.935815811157227,25.322479248046875,25.739429473876953,26.20412826538086,26.8190860748291,28.514204025268555
23.109886169433594,23.702991485595703,24.149803161621094,24.53710174560547,24.91712188720703,25.29153823852539,25.7014102935791,26.178531646728516,26.792755126953125,28.51188087463379
23.132732391357422,23.6969051361084,24.14858055114746,24.53386116027832,24.913705825805664,25.295148849487305,25.707822799682617,26.195112228393555,26.83710479736328,28.63381576538086
23.123592376708984,23.706954956054688,24.16245460510254,24.553871154785156,24.931224822998047,25.312795639038086,25.720083236694336,26.18505859375,26.791412353515625,28.576030731201172
23.086387634277344,23.67367172241211,24.127092361450195,24.524890899658203,24.915597915649414,25.310773849487305,25.731063842773438,26.23038101196289,26.85978126525879,28.517934799194336
23.068641662597656,23.669189453125,24.13655662536621,24.538511276245117,24.91531753540039,25.312097549438477,25.73477554321289,26.21742820739746,26.814777374267578,28.48809051513672
23.087566375732422,23.698265075683594,24.178707122802734,24.591487884521484,24.984643936157227,25.37179183959961,25.790212631225586,26.280424118041992,26.902544021606445,28.613649368286133
23.074867248535156,23.678462982177734,24.115657806396484,24.519577026367188,24.890092849731445,25.254240036010742,25.658409118652344,26.129846572875977,26.76239776611328,28.55657386779785
23.065908432006836,23.66709327697754,24.12982749938965,24.524173736572266,24.91202163696289,25.29897117614746,25.70911407470703,26.178857803344727,26.79451560974121,28.363500595092773
23.0224552154541,23.660863876342773,24.136539459228516,24.56874656677246,24.96415901184082,25.36597442626953,25.801586151123047,26.293773651123047,26.90725326538086,28.535964965820312
23.11664390563965,23.713356018066406,24.148195266723633,24.529830932617188,24.90441131591797,25.280799865722656,25.684022903442383,26.143239974975586,26.74416160583496,28.526384353637695
23.084211349487305,23.68255615234375,24.15350914001465,24.559144973754883,24.953086853027344,25.360919952392578,25.764625549316406,26.27798843383789,26.921356201171875,28.580825805664062
23.04403305053711,23.64684295654297,24.12860870361328,24.537872314453125,24.93564796447754,25.333276748657227,25.755496978759766,26.24010467529297,26.84822654724121,28.606374740600586
23.083297729492188,23.686994552612305,24.168773651123047,24.56769371032715,24.959436416625977,25.36026382446289,25.786945343017578,26.279327392578125,26.9155330657959,28.63878631591797
22.93733787536621,23.558979034423828,24.075044631958008,24.511260986328125,24.92079734802246,25.334077835083008,25.784364700317383,26.323205947875977,26.979551315307617,28.679893493652344
23.079280853271484,23.687976837158203,24.14954376220703,24.540084838867188,24.923465728759766,25.305456161499023,25.70334243774414,26.178874969482422,26.791500091552734,28.558300018310547
23.064950942993164,23.660606384277344,24.10544776916504,24.50878143310547,24.900951385498047,25.28803253173828,25.709253311157227,26.194305419921875,26.84071922302246,28.52499008178711
23.05075454711914,23.655641555786133,24.117523193359375,24.51998519897461,24.910287857055664,25.308502197265625,25.724620819091797,26.220232009887695,26.848703384399414,28.476957321166992
23.03952980041504,23.663183212280273,24.131248474121094,24.540029525756836,24.92914581298828,25.3159236907959,25.74208641052246,26.22783851623535,26.884531021118164,28.63489532470703
22.938535690307617,23.579383850097656,24.103708267211914,24.550256729125977,24.964574813842773,25.370622634887695,25.812570571899414,26.289945602416992,26.92685890197754,28.607030868530273
22.99175262451172,23.650936126708984,24.152729034423828,24.588972091674805,25.003631591796875,25.420515060424805,25.846553802490234,26.328393936157227,26.944976806640625,28.59507942199707
23.106101989746094,23.685943603515625,24.126041412353516,24.526762008666992,24.910036087036133,25.298627853393555,25.699207305908203,26.168001174926758,26.772714614868164,28.560606002807617
23.066144943237305,23.652328491210938,24.117013931274414,24.514732360839844,24.906919479370117,25.30193328857422,25.728004455566406,26.223482131958008,26.861257553100586,28.61365509033203
23.019943237304688,23.65070152282715,24.13723373413086,24.56494903564453,24.97228240966797,25.378583908081055,25.822834014892578,26.30819320678711,26.936681747436523,28.55946159362793
23.031888961791992,23.641918182373047,24.115020751953125,24.54433250427246,24.933584213256836,25.32916831970215,25.764453887939453,26.25539779663086,26.892086029052734,28.580928802490234
23.08201789855957,23.680519104003906,24.12120819091797,24.514101028442383,24.889904022216797,25.274206161499023,25.68804168701172,26.169450759887695,26.81265640258789,28.454233169555664
23.012447357177734,23.661415100097656,24.13903045654297,24.573965072631836,24.966365814208984,25.37782859802246,25.80803871154785,26.29600715637207,26.919824600219727,28.754589080810547
23.08111000061035,23.69344711303711,24.13498306274414,24.531465530395508,24.884742736816406,25.25962257385254,25.661088943481445,26.141752243041992,26.76776695251465,28.377229690551758
23.046323776245117,23.647605895996094,24.124570846557617,24.528501510620117,24.922107696533203,25.321474075317383,25.734413146972656,26.219873428344727,26.82785415649414,28.524450302124023
23.088661193847656,23.676998138427734,24.113849639892578,24.51309585571289,24.89046287536621,25.274751663208008,25.684741973876953,26.13974952697754,26.771923065185547,28.43150520324707
23.077320098876953,23.66864585876465,24.122892379760742,24.518081665039062,24.896564483642578,25.27984046936035,25.68145179748535,26.164077758789062,26.78065299987793,28.48917579650879
23.115568161010742,23.704387664794922,24.143173217773438,24.5351619720459,24.923030853271484,25.306957244873047,25.724803924560547,26.219730377197266,26.853240966796875,28.46428871154785
23.059629440307617,23.677249908447266,24.16931915283203,24.584217071533203,24.982196807861328,25.38360023498535,25.803457260131836,26.298458099365234,26.951623916625977,28.773452758789062
22.978422164916992,23.628204345703125,24.139047622680664,24.56888198852539,24.988666534423828,25.3969669342041,25.824926376342773,26.30864715576172,26.940711975097656,28.6254940032959
23.057479858398438,23.672842025756836,24.133981704711914,24.54505157470703,24.940454483032227,25.33498764038086,25.773122787475586,26.26720428466797,26.920528411865234,28.59239387512207
23.00626564025879,23.665042877197266,24.147409439086914,24.582921981811523,24.979148864746094,25.37057876586914,25.7846736907959,26.2524471282959,26.85516357421875,28.505823135375977
22.995702743530273,23.614774703979492,24.091402053833008,24.504119873046875,24.890016555786133,25.278532028198242,25.68410873413086,26.182920455932617,26.812559127807617,28.489826202392578
23.014680862426758,23.632099151611328,24.113719940185547,24.533653259277344,24.935941696166992,25.350339889526367,25.788436889648438,26.285953521728516,26.892230987548828,28.555185317993164
23.051851272583008,23.661094665527344,24.120420455932617,24.526607513427734,24.916271209716797,25.301193237304688,25.72010612487793,26.18977928161621,26.79825782775879,28.39761734008789
22.983152389526367,23.624759674072266,24.134063720703125,24.570308685302734,24.987510681152344,25.40062141418457,25.850784301757812,26.34417724609375,26.993457794189453,28.686573028564453
23.056161880493164,23.678787231445312,24.14879608154297,24.55289077758789,24.94707679748535,25.3337345123291,25.747360229492188,26.229263305664062,26.849760055541992,28.47922706604004
23.043655395507812,23.662782669067383,24.115280151367188,24.524099349975586,24.91071128845215,25.295289993286133,25.715511322021484,26.19577407836914,26.8349666595459,28.463808059692383
23.032562255859375,23.644771575927734,24.12970542907715,24.539825439453125,24.93640899658203,25.32883644104004,25.740020751953125,26.21270179748535,26.820518493652344,28.587440490722656
22.994873046875,23.614303588867188,24.09633445739746,24.515953063964844,24.918357849121094,25.315433502197266,25.740575790405273,26.219331741333008,26.833881378173828,28.478769302368164
23.027894973754883,23.664602279663086,24.147018432617188,24.566551208496094,24.96185302734375,25.349332809448242,25.771703720092773,26.256338119506836,26.91518211364746,28.644868850708008
23.039024353027344,23.631139755249023,24.108356475830078,24.516016006469727,24.918418884277344,25.308748245239258,25.72525978088379,26.195602416992188,26.81589698791504,28.53116226196289
23.083538055419922,23.679412841796875,24.108261108398438,24.507526397705078,24.889495849609375,25.270933151245117,25.687602996826172,26.156461715698242,26.765621185302734,28.375659942626953
23.002290725708008,23.63249969482422,24.125078201293945,24.56723976135254,25.003517150878906,25.406543731689453,25.861047744750977,26.349082946777344,26.98451042175293,28.651683807373047
23.003238677978516,23.636272430419922,24.13458824157715,24.57457733154297,24.983688354492188,25.38587760925293,25.82806396484375,26.312267303466797,26.92815589904785,28.55357551574707
22.78495979309082,23.42426872253418,24.003515243530273,24.522857666015625,25.012372970581055,25.486644744873047,25.980239868164062,26.52448844909668,27.18517303466797,28.792909622192383
23.083202362060547,23.669513702392578,24.12604331970215,24.527189254760742,24.911514282226562,25.303865432739258,25.718055725097656,26.201171875,26.801963806152344,28.455060958862305
23.005380630493164,23.627655029296875,24.10601043701172,24.530439376831055,24.938186645507812,25.345516204833984,25.777912139892578,26.260746002197266,26.889474868774414,28.519054412841797
23.076309204101562,23.683605194091797,24.164846420288086,24.56147003173828,24.94582176208496,25.32771873474121,25.73366928100586,26.20786476135254,26.814905166625977,28.60655403137207
23.111310958862305,23.675628662109375,24.118431091308594,24.49701690673828,24.859210968017578,25.228899002075195,25.625417709350586,26.088516235351562,26.731489181518555,28.407155990600586
23.100902557373047,23.67889404296875,24.122426986694336,24.502702713012695,24.884382247924805,25.244596481323242,25.65717124938965,26.11333656311035,26.72804832458496,28.421838760375977
23.061155319213867,23.65673828125,24.11553192138672,24.519790649414062,24.903202056884766,25.289203643798828,25.708179473876953,26.19525718688965,26.82161521911621,28.489246368408203
23.031906127929688,23.645233154296875,24.118427276611328,24.534868240356445,24.93836212158203,25.33096694946289,25.761987686157227,26.238195419311523,26.884159088134766,28.500844955444336
23.072851181030273,23.6699275970459,24.11823844909668,24.519359588623047,24.894086837768555,25.284517288208008,25.70372772216797,26.180583953857422,26.819473266601562,28.462398529052734
22.958261489868164,23.592533111572266,24.095911026000977,24.5432186126709,24.960819244384766,25.37476348876953,25.81195640563965,26.298328399658203,26.946578979492188,28.574575424194336
23.121173858642578,23.701587677001953,24.14935302734375,24.54462432861328,24.91093635559082,25.289772033691406,25.68514060974121,26.14743423461914,26.736120223999023,28.383432388305664
23.07064437866211,23.68102264404297,24.145734786987305,24.553791046142578,24.940813064575195,25.339284896850586,25.751209259033203,26.223344802856445,26.83566665649414,28.54364585876465
23.029464721679688,23.627195358276367,24.116865158081055,24.543848037719727,24.958322525024414,25.370712280273438,25.802366256713867,26.313514709472656,26.941625595092773,28.572052001953125
23.07026481628418,23.68121910095215,24.16168785095215,24.564037322998047,24.95450782775879,25.346065521240234,25.762939453125,26.25274658203125,26.886032104492188,28.619722366333008
23.07209014892578,23.672761917114258,24.13062286376953,24.523468017578125,24.90891456604004,25.29962921142578,25.711132049560547,26.189058303833008,26.81039047241211,28.5153865814209
23.096364974975586,23.688711166381836,24.128164291381836,24.52724266052246,24.90682029724121,25.292142868041992,25.70358657836914,26.194778442382812,26.839008331298828,28.695714950561523
22.991361618041992,23.601932525634766,24.08315658569336,24.515676498413086,24.925395965576172,25.316524505615234,25.75377655029297,26.250883102416992,26.89341926574707,28.560731887817383
23.130067825317383,23.697778701782227,24.141080856323242,24.53271484375,24.902076721191406,25.271778106689453,25.67494773864746,26.133708953857422,26.75838851928711,28.478992462158203
23.035327911376953,23.645235061645508,24.112545013427734,24.51535987854004,24.898447036743164,25.28775405883789,25.712663650512695,26.196060180664062,26.83536720275879,28.411800384521484
23.08757972717285,23.687219619750977,24.145545959472656,24.549470901489258,24.93610191345215,25.33283042907715,25.758264541625977,26.253673553466797,26.870622634887695,28.480762481689453
23.056015014648438,23.665992736816406,24.123506546020508,24.535415649414062,24.920169830322266,25.31745719909668,25.7514705657959,26.22895050048828,26.875370025634766,28.617691040039062
23.072673797607422,23.671031951904297,24.125471115112305,24.529083251953125,24.903711318969727,25.286977767944336,25.685903549194336,26.163936614990234,26.772493362426758,28.501291275024414
23.103506088256836,23.713626861572266,24.17340087890625,24.556161880493164,24.922407150268555,25.298490524291992,25.711395263671875,26.190338134765625,26.82253074645996,28.411535263061523
23.068422317504883,23.659208297729492,24.12944793701172,24.527400970458984,24.91465187072754,25.298622131347656,25.706510543823242,26.17779541015625,26.793251037597656,28.492990493774414
23.07521629333496,23.69829750061035,24.16983985900879,24.579118728637695,24.959148406982422,25.344402313232422,25.752548217773438,26.223861694335938,26.88336181640625,28.615203857421875
23.126155853271484,23.68606185913086,24.117103576660156,24.50275230407715,24.87512969970703,25.245393753051758,25.659156799316406,26.158647537231445,26.790267944335938,28.397287368774414
23.109317779541016,23.684839248657227,24.12065315246582,24.52061653137207,24.882564544677734,25.255226135253906,25.6513729095459,26.112424850463867,26.699359893798828,28.25334358215332
23.10993003845215,23.675928115844727,24.13140869140625,24.536012649536133,24.916641235351562,25.289836883544922,25.713266372680664,26.18375015258789,26.799175262451172,28.378015518188477
23.041433334350586,23.65219497680664,24.11773109436035,24.529102325439453,24.921924591064453,25.315698623657227,25.721792221069336,26.185068130493164,26.79638671875,28.511486053466797
23.090822219848633,23.695755004882812,24.15662956237793,24.546100616455078,24.929489135742188,25.307510375976562,25.723026275634766,26.187875747680664,26.798871994018555,28.497772216796875
23.106836318969727,23.721744537353516,24.16423225402832,24.572431564331055,24.946640014648438,25.333650588989258,25.734994888305664,26.21424102783203,26.806427001953125,28.434175491333008
23.1106014251709,23.680055618286133,24.13688087463379,24.537004470825195,24.910499572753906,25.282657623291016,25.689777374267578,26.157602310180664,26.794939041137695,28.491653442382812
22.929750442504883,23.589147567749023,24.113117218017578,24.573637008666992,25.011049270629883,25.432737350463867,25.89279556274414,26.413890838623047,27.0678653717041,28.732492446899414
23.06556510925293,23.65729331970215,24.125791549682617,24.526405334472656,24.915742874145508,25.297725677490234,25.709875106811523,26.202789306640625,26.86700439453125,28.70108985900879
23.015342712402344,23.65553855895996,24.13124656677246,24.543283462524414,24.92613983154297,25.319374084472656,25.738134384155273,26.228439331054688,26.844688415527344,28.49625015258789
22.996923446655273,23.639997482299805,24.13051414489746,24.54620933532715,24.943496704101562,25.35749053955078,25.786941528320312,26.295942306518555,26.922971725463867,28.70616912841797
23.120342254638672,23.717626571655273,24.181373596191406,24.5750789642334,24.958354949951172,25.35421371459961,25.766660690307617,26.25323486328125,26.875585556030273,28.632076263427734
23.077856063842773,23.665945053100586,24.11020851135254,24.50640106201172,24.877439498901367,25.260848999023438,25.653427124023438,26.132186889648438,26.772796630859375,28.372549057006836
22.95079803466797,23.589540481567383,24.095094680786133,24.524246215820312,24.937118530273438,25.33586311340332,25.75811195373535,26.24493980407715,26.87969398498535,28.656173706054688
23.078441619873047,23.698381423950195,24.14386558532715,24.54462432861328,24.921466827392578,25.314321517944336,25.734384536743164,26.213375091552734,26.836143493652344,28.545713424682617
23.061763763427734,23.67709732055664,24.15442657470703,24.575422286987305,24.969635009765625,25.35450553894043,25.76755142211914,26.2414608001709,26.855924606323242,28.526525497436523
23.058435440063477,23.695110321044922,24.17230987548828,24.571523666381836,24.959983825683594,25.347707748413086,25.76727294921875,26.26804542541504,26.896533966064453,28.50650978088379
23.05849266052246,23.676692962646484,24.15140151977539,24.557363510131836,24.942014694213867,25.329378128051758,25.74603843688965,26.235809326171875,26.88852882385254,28.598085403442383
23.01129722595215,23.638385772705078,24.143325805664062,24.56455421447754,24.968124389648438,25.370223999023438,25.790504455566406,26.288284301757812,26.928316116333008,28.665048599243164
23.07299041748047,23.684078216552734,24.152488708496094,24.554969787597656,24.947969436645508,25.347454071044922,25.774124145507812,26.264930725097656,26.884796142578125,28.606157302856445
22.904481887817383,23.553146362304688,24.056791305541992,24.50607681274414,24.9102725982666,25.33124542236328,25.783334732055664,26.29969024658203,26.94723892211914,28.70562744140625
23.07350730895996,23.685182571411133,24.140548706054688,24.548994064331055,24.933837890625,25.334321975708008,25.747222900390625,26.219818115234375,26.851757049560547,28.54602813720703
23.05144691467285,23.659086227416992,24.137516021728516,24.550718307495117,24.943462371826172,25.325212478637695,25.749725341796875,26.219118118286133,26.861236572265625,28.531869888305664
23.064817428588867,23.673709869384766,24.123703002929688,24.530527114868164,24.918418884277344,25.325777053833008,25.724332809448242,26.209781646728516,26.84656524658203,28.526655197143555
22.98196029663086,23.636123657226562,24.141677856445312,24.568513870239258,24.988000869750977,25.389936447143555,25.815391540527344,26.309295654296875,26.923437118530273,28.5200138092041
23.045976638793945,23.668188095092773,24.13544464111328,24.550395965576172,24.943035125732422,25.325345993041992,25.750150680541992,26.232433319091797,26.878023147583008,28.660062789916992
23.057575225830078,23.66545295715332,24.125288009643555,24.52195167541504,24.898630142211914,25.2806453704834,25.691890716552734,26.152809143066406,26.78008270263672,28.490280151367188
23.061386108398438,23.669343948364258,24.145858764648438,24.555068969726562,24.95444107055664,25.361684799194336,25.768890380859375,26.27264404296875,26.896425247192383,28.642105102539062
23.11559295654297,23.70138931274414,24.164562225341797,24.553997039794922,24.935138702392578,25.314760208129883,25.717920303344727,26.190195083618164,26.795860290527344,28.571273803710938
23.080331802368164,23.682918548583984,24.12236976623535,24.516353607177734,24.89798355102539,25.273780822753906,25.674251556396484,26.138219833374023,26.74517822265625,28.396696090698242
23.102008819580078,23.682363510131836,24.138792037963867,24.548320770263672,24.916563034057617,25.301761627197266,25.72007942199707,26.197402954101562,26.836713790893555,28.4968318939209
23.07396125793457,23.674325942993164,24.123037338256836,24.539947509765625,24.925071716308594,25.314586639404297,25.728965759277344,26.18318748474121,26.82186508178711,28.534814834594727
23.048307418823242,23.656038284301758,24.15370750427246,24.57578468322754,24.969444274902344,25.379566192626953,25.800430297851562,26.281280517578125,26.931283950805664,28.566905975341797
23.088653564453125,23.684762954711914,24.132434844970703,24.52830696105957,24.903369903564453,25.288057327270508,25.70732879638672,26.17026710510254,26.790727615356445,28.46523094177246
23.07356834411621,23.67612648010254,24.126314163208008,24.532827377319336,24.922855377197266,25.322002410888672,25.745588302612305,26.23914337158203,26.871370315551758,28.452348709106445
23.087976455688477,23.676673889160156,24.117633819580078,24.51641845703125,24.89026641845703,25.275503158569336,25.691776275634766,26.18157386779785,26.820926666259766,28.490402221679688
23.055450439453125,23.684253692626953,24.15778350830078,24.566665649414062,24.948102951049805,25.346826553344727,25.774333953857422,26.23691749572754,26.85552406311035,28.482921600341797
23.046295166015625,23.649967193603516,24.129993438720703,24.556087493896484,24.95203399658203,25.34237289428711,25.765727996826172,26.232751846313477,26.866010665893555,28.61066246032715
23.0349178314209,23.641347885131836,24.132720947265625,24.54678726196289,24.943967819213867,25.33831024169922,25.752592086791992,26.23537254333496,26.85630989074707,28.600086212158203
23.050647735595703,23.704240798950195,24.177610397338867,24.599822998046875,24.99195098876953,25.374065399169922,25.805980682373047,26.309743881225586,26.94368553161621,28.63850975036621
23.034664154052734,23.661218643188477,24.13258934020996,24.553543090820312,24.950428009033203,25.343856811523438,25.764741897583008,26.262786865234375,26.91438865661621,28.655380249023438
23.033945083618164,23.64396858215332,24.127044677734375,24.543384552001953,24.929319381713867,25.33551788330078,25.760379791259766,26.27227210998535,26.93752098083496,28.529281616210938
23.032678604125977,23.65892219543457,24.171127319335938,24.588529586791992,24.98790740966797,25.382217407226562,25.812103271484375,26.292490005493164,26.902273178100586,28.58623695373535
23.05044937133789,23.67401123046875,24.14942169189453,24.555511474609375,24.93914031982422,25.327714920043945,25.735183715820312,26.213220596313477,26.81871223449707,28.534774780273438
23.08966827392578,23.68054962158203,24.1293888092041,24.52530288696289,24.89462661743164,25.286470413208008,25.71649742126465,26.219623565673828,26.86661148071289,28.67568016052246
23.067535400390625,23.674068450927734,24.130897521972656,24.535768508911133,24.934823989868164,25.326873779296875,25.74547576904297,26.232280731201172,26.86870574951172,28.496337890625
23.05441665649414,23.64626121520996,24.10167121887207,24.513540267944336,24.894264221191406,25.28538703918457,25.708755493164062,26.17735481262207,26.83118438720703,28.55430793762207
23.002660751342773,23.63556671142578,24.129587173461914,24.548812866210938,24.961042404174805,25.36962127685547,25.81316566467285,26.330276489257812,26.96180534362793,28.59490394592285
23.08583641052246,23.705196380615234,24.190977096557617,24.588787078857422,24.969772338867188,25.345741271972656,25.739225387573242,26.200651168823242,26.813081741333008,28.572559356689453
22.99822425842285,23.618711471557617,24.118650436401367,24.552900314331055,24.97469711303711,25.38585662841797,25.836448669433594,26.327606201171875,26.962108612060547,28.62143898010254
23.03304100036621,23.652973175048828,24.134336471557617,24.569189071655273,24.957691192626953,25.342288970947266,25.76600456237793,26.251659393310547,26.88629722595215,28.590526580810547
23.112655639648438,23.685962677001953,24.128211975097656,24.525197982788086,24.89419937133789,25.26961898803711,25.683513641357422,26.134719848632812,26.763822555541992,28.47368812561035
23.136110305786133,23.71369743347168,24.14740562438965,24.535396575927734,24.895627975463867,25.266618728637695,25.66815948486328,26.120405197143555,26.747602462768555,28.360904693603516
23.0307674407959,23.65679168701172,24.127309799194336,24.544626235961914,24.92951774597168,25.32966423034668,25.74941062927246,26.245882034301758,26.869243621826172,28.5537052154541
23.08007049560547,23.69557762145996,24.15909194946289,24.564085006713867,24.94896125793457,25.34723472595215,25.75946617126465,26.25031089782715,26.88800048828125,28.49859046936035
23.097429275512695,23.67914390563965,24.120960235595703,24.50582504272461,24.86852264404297,25.25137710571289,25.651519775390625,26.11270523071289,26.72496795654297,28.450044631958008
22.97426414489746,23.609243392944336,24.098384857177734,24.538822174072266,24.94682502746582,25.37754249572754,25.805049896240234,26.290864944458008,26.90475845336914,28.661685943603516
23.060440063476562,23.650230407714844,24.112478256225586,24.516740798950195,24.905488967895508,25.29939079284668,25.720184326171875,26.204198837280273,26.840530395507812,28.46647071838379
23.03813362121582,23.65158462524414,24.139616012573242,24.551467895507812,24.950790405273438,25.35181999206543,25.777063369750977,26.273042678833008,26.91268539428711,28.649723052978516
23.073898315429688,23.671981811523438,24.123188018798828,24.515382766723633,24.89287567138672,25.276796340942383,25.679279327392578,26.150623321533203,26.788162231445312,28.45603370666504
23.13629722595215,23.726520538330078,24.16986656188965,24.558324813842773,24.93572998046875,25.313884735107422,25.719318389892578,26.18271827697754,26.802940368652344,28.416030883789062
23.114587783813477,23.695987701416016,24.139169692993164,24.527185440063477,24.890544891357422,25.268535614013672,25.68267250061035,26.162353515625,26.822744369506836,28.48746109008789
22.968496322631836,23.60796356201172,24.091554641723633,24.528623580932617,24.94270133972168,25.365402221679688,25.806644439697266,26.306482315063477,26.945404052734375,28.561660766601562
23.09160614013672,23.68476676940918,24.12876319885254,24.52899932861328,24.896339416503906,25.268138885498047,25.675537109375,26.14203643798828,26.746826171875,28.58851432800293
23.02573585510254,23.64559555053711,24.146610260009766,24.563356399536133,24.962188720703125,25.361478805541992,25.783727645874023,26.270645141601562,26.89320182800293,28.483972549438477
22.942392349243164,23.597103118896484,24.115684509277344,24.56403923034668,24.987651824951172,25.4162540435791,25.85614585876465,26.366455078125,27.03231430053711,28.64919662475586
23.033477783203125,23.656888961791992,24.147014617919922,24.5725040435791,24.969562530517578,25.36680030822754,25.791873931884766,26.283447265625,26.90813636779785,28.632259368896484
22.99674415588379,23.603532791137695,24.092687606811523,24.51719856262207,24.90994644165039,25.314773559570312,25.76435089111328,26.249618530273438,26.87677001953125,28.536149978637695
23.077064514160156,23.651071548461914,24.117263793945312,24.518186569213867,24.912338256835938,25.305545806884766,25.724374771118164,26.21075439453125,26.846431732177734,28.613245010375977
22.965885162353516,23.61372184753418,24.111234664916992,24.565706253051758,24.971508026123047,25.397640228271484,25.844369888305664,26.345123291015625,26.99102210998535,28.740022659301758
23.070053100585938,23.678455352783203,24.149946212768555,24.555877685546875,24.940454483032227,25.328182220458984,25.749027252197266,26.242876052856445,26.881277084350586,28.447647094726562
23.055509567260742,23.640226364135742,24.087783813476562,24.50025749206543,24.881834030151367,25.26374626159668,25.677082061767578,26.155929565429688,26.786178588867188,28.53142738342285
23.032487869262695,23.658100128173828,24.145540237426758,24.582809448242188,24.983657836914062,25.390029907226562,25.8210506439209,26.306049346923828,26.939544677734375,28.60416030883789
22.987558364868164,23.617403030395508,24.126203536987305,24.561344146728516,24.978574752807617,25.38009262084961,25.831363677978516,26.333473205566406,26.959970474243164,28.548974990844727
23.063800811767578,23.667476654052734,24.149688720703125,24.567182540893555,24.970746994018555,25.37948226928711,25.8134765625,26.32722282409668,26.984233856201172,28.627241134643555
23.048608779907227,23.692426681518555,24.161821365356445,24.582107543945312,24.98251724243164,25.38128089904785,25.801172256469727,26.29891014099121,26.91371726989746,28.505924224853516
23.12003517150879,23.704702377319336,24.138534545898438,24.534061431884766,24.911062240600586,25.296876907348633,25.71981430053711,26.195714950561523,26.836597442626953,28.48366355895996
23.084442138671875,23.685556411743164,24.125743865966797,24.515409469604492,24.89508628845215,25.27764129638672,25.693817138671875,26.17327880859375,26.801528930664062,28.43805503845215
23.065895080566406,23.65203285217285,24.111818313598633,24.505117416381836,24.889293670654297,25.264266967773438,25.665069580078125,26.128047943115234,26.719226837158203,28.479307174682617
23.120725631713867,23.687931060791016,24.131397247314453,24.51860237121582,24.88653564453125,25.276487350463867,25.68389892578125,26.170085906982422,26.80730628967285,28.400405883789062
23.00303077697754,23.618087768554688,24.098783493041992,24.520217895507812,24.912817001342773,25.307540893554688,25.72043800354004,26.21967124938965,26.87218475341797,28.673877716064453
23.061002731323242,23.69114875793457,24.17339324951172,24.581483840942383,24.961523056030273,25.331377029418945,25.729854583740234,26.199729919433594,26.82581901550293,28.42713165283203
22.94129753112793,23.589086532592773,24.100799560546875,24.555240631103516,24.97499656677246,25.40266227722168,25.840301513671875,26.346561431884766,27.000329971313477,28.73379898071289
23.04872703552246,23.671554565429688,24.12787437438965,24.548301696777344,24.934722900390625,25.333398818969727,25.746902465820312,26.23617172241211,26.881986618041992,28.635082244873047
23.038026809692383,23.648914337158203,24.114469528198242,24.5310115814209,24.916507720947266,25.30794334411621,25.728368759155273,26.188884735107422,26.83414077758789,28.53680419921875
23.045629501342773,23.669151306152344,24.144088745117188,24.566295623779297,24.946014404296875,25.342540740966797,25.759891510009766,26.247249603271484,26.847341537475586,28.493640899658203
23.052967071533203,23.64323616027832,24.101335525512695,24.501501083374023,24.88367462158203,25.26865577697754,25.69091796875,26.182662963867188,26.804330825805664,28.538488388061523
23.07840347290039,23.67209815979004,24.12948226928711,24.535123825073242,24.926279067993164,25.306413650512695,25.724241256713867,26.192821502685547,26.811080932617188,28.432964324951172
23.044767379760742,23.64996337890625,24.12873649597168,24.53874397277832,24.940372467041016,25.340761184692383,25.763032913208008,26.250917434692383,26.867881774902344,28.603315353393555
23.098678588867188,23.67878532409668,24.12295913696289,24.515146255493164,24.88450813293457,25.27342987060547,25.680131912231445,26.126571655273438,26.742631912231445,28.372852325439453
23.132892608642578,23.732723236083984,24.19194793701172,24.5972843170166,24.977256774902344,25.3662109375,25.778413772583008,26.232324600219727,26.85036277770996,28.525310516357422
23.02789878845215,23.64844512939453,24.118026733398438,24.532562255859375,24.937294006347656,25.332704544067383,25.76226043701172,26.246912002563477,26.891998291015625,28.606075286865234
23.118755340576172,23.714370727539062,24.16318702697754,24.54351043701172,24.925630569458008,25.29649543762207,25.722793579101562,26.194324493408203,26.805130004882812,28.35997772216797
23.049339294433594,23.650012969970703,24.134315490722656,24.54526138305664,24.941143035888672,25.350162506103516,25.795028686523438,26.29991340637207,26.981733322143555,28.715890884399414
23.063690185546875,23.66537857055664,24.130170822143555,24.534589767456055,24.919832229614258,25.306045532226562,25.730073928833008,26.209842681884766,26.8691349029541,28.704160690307617
23.07085418701172,23.663127899169922,24.123287200927734,24.52678108215332,24.917959213256836,25.312755584716797,25.731964111328125,26.234434127807617,26.89935302734375,28.573745727539062
23.1213436126709,23.700868606567383,24.160306930541992,24.56290626525879,24.931325912475586,25.314311981201172,25.740060806274414,26.225200653076172,26.864534378051758,28.49826431274414
23.06731605529785,23.67131996154785,24.15350914001465,24.563203811645508,24.94171714782715,25.332393646240234,25.742246627807617,26.215463638305664,26.832054138183594,28.396596908569336
23.05636978149414,23.632328033447266,24.088218688964844,24.485031127929688,24.877355575561523,25.26668357849121,25.689010620117188,26.187210083007812,26.831762313842773,28.620956420898438
23.124404907226562,23.690204620361328,24.131546020507812,24.52969741821289,24.900630950927734,25.266551971435547,25.65597915649414,26.131017684936523,26.72360610961914,28.48841094970703
23.09716796875,23.67531967163086,24.124929428100586,24.519561767578125,24.894670486450195,25.281429290771484,25.706727981567383,26.180116653442383,26.838085174560547,28.534656524658203
23.026844024658203,23.64950942993164,24.1385555267334,24.550275802612305,24.958847045898438,25.359506607055664,25.789947509765625,26.28230094909668,26.934999465942383,28.62139320373535
23.09612464904785,23.69431495666504,24.144367218017578,24.550498962402344,24.936172485351562,25.319576263427734,25.718881607055664,26.19402503967285,26.79114532470703,28.451766967773438
23.0325870513916,23.655969619750977,24.128639221191406,24.546720504760742,24.924257278442383,25.32232093811035,25.729000091552734,26.19853973388672,26.817827224731445,28.52545166015625
23.08844757080078,23.693214416503906,24.155963897705078,24.558574676513672,24.941625595092773,25.318126678466797,25.724430084228516,26.191757202148438,26.826313018798828,28.40598487854004
23.03019142150879,23.64246368408203,24.111438751220703,24.539520263671875,24.931106567382812,25.31893539428711,25.747108459472656,26.225006103515625,26.856395721435547,28.492055892944336
22.941221237182617,23.564165115356445,24.06230354309082,24.502647399902344,24.90868377685547,25.32147789001465,25.737607955932617,26.224523544311523,26.87261199951172,28.67518424987793
23.005151748657227,23.64266586303711,24.136253356933594,24.565765380859375,24.977766036987305,25.39156723022461,25.806928634643555,26.307096481323242,26.94085693359375,28.53485107421875
23.056955337524414,23.66725730895996,24.147920608520508,24.54964256286621,24.940780639648438,25.32945442199707,25.7431640625,26.230186462402344,26.86807632446289,28.622602462768555
23.090044021606445,23.674314498901367,24.138504028320312,24.55451774597168,24.942237854003906,25.333276748657227,25.760292053222656,26.27294921875,26.941123962402344,28.610422134399414
23.078428268432617,23.67820930480957,24.130617141723633,24.505586624145508,24.89248275756836,25.264083862304688,25.66560935974121,26.125581741333008,26.715158462524414,28.35652732849121
23.04564666748047,23.6776065826416,24.154949188232422,24.577486038208008,24.989059448242188,25.386457443237305,25.80356788635254,26.279476165771484,26.904834747314453,28.5510311126709
23.06708526611328,23.677392959594727,24.13258171081543,24.54336166381836,24.917741775512695,25.30648422241211,25.71419334411621,26.16853904724121,26.770639419555664,28.473114013671875
23.104738235473633,23.69404411315918,24.142553329467773,24.53699493408203,24.903553009033203,25.28649139404297,25.701139450073242,26.166839599609375,26.761962890625,28.366910934448242
23.026893615722656,23.649768829345703,24.133310317993164,24.552448272705078,24.954408645629883,25.356782913208008,25.787012100219727,26.275753021240234,26.891904830932617,28.575178146362305
23.065656661987305,23.673845291137695,24.133291244506836,24.54587745666504,24.919219970703125,25.296945571899414,25.70692253112793,26.175249099731445,26.788026809692383,28.388486862182617
23.022058486938477,23.65744972229004,24.12517738342285,24.528812408447266,24.915512084960938,25.306350708007812,25.726892471313477,26.196989059448242,26.805740356445312,28.55585289001465
23.063339233398438,23.66200828552246,24.12405776977539,24.53773307800293,24.928512573242188,25.315603256225586,25.73226547241211,26.209569931030273,26.85610008239746,28.559316635131836
23.079105377197266,23.681123733520508,24.155853271484375,24.557302474975586,24.94568634033203,25.329126358032227,25.735340118408203,26.2062931060791,26.799972534179688,28.472145080566406
23.0967960357666,23.66670036315918,24.116317749023438,24.50169563293457,24.86437225341797,25.23267364501953,25.635969161987305,26.091480255126953,26.690073013305664,28.407089233398438
23.092130661010742,23.68522071838379,24.15155029296875,24.561540603637695,24.9477481842041,25.34506607055664,25.771108627319336,26.25531578063965,26.890657424926758,28.527145385742188
23.106670379638672,23.69525909423828,24.13951873779297,24.55078125,24.926816940307617,25.307109832763672,25.71540641784668,26.183603286743164,26.81193733215332,28.52357292175293
23.07679557800293,23.674409866333008,24.13832664489746,24.535734176635742,24.922794342041016,25.312177658081055,25.73815155029297,26.217172622680664,26.823455810546875,28.508556365966797
23.112285614013672,23.69703483581543,24.142742156982422,24.536041259765625,24.903841018676758,25.294357299804688,25.707651138305664,26.191112518310547,26.82731056213379,28.440231323242188
22.937978744506836,23.588565826416016,24.092626571655273,24.546913146972656,24.978221893310547,25.39173126220703,25.849411010742188,26.347835540771484,27.00884246826172,28.712642669677734
23.098051071166992,23.68878936767578,24.143693923950195,24.52714729309082,24.904016494750977,25.277530670166016,25.678701400756836,26.135391235351562,26.766357421875,28.514312744140625
23.08588409423828,23.697416305541992,24.164533615112305,24.57268524169922,24.95560073852539,25.341201782226562,25.75918960571289,26.213104248046875,26.837203979492188,28.530500411987305
23.115825653076172,23.6868953704834,24.12883949279785,24.523269653320312,24.899309158325195,25.2772159576416,25.687055587768555,26.179977416992188,26.795513153076172,28.52305030822754
23.02941131591797,23.654356002807617,24.165842056274414,24.597393035888672,25.011966705322266,25.427762985229492,25.861312866210938,26.358068466186523,26.98961067199707,28.686811447143555
23.124719619750977,23.702089309692383,24.139801025390625,24.522762298583984,24.895395278930664,25.269203186035156,25.672653198242188,26.140962600708008,26.755050659179688,28.466249465942383
23.059162139892578,23.663177490234375,24.113515853881836,24.522789001464844,24.905868530273438,25.292081832885742,25.707448959350586,26.193008422851562,26.861806869506836,28.49102783203125
23.07195472717285,23.653860092163086,24.11333465576172,24.514442443847656,24.896270751953125,25.27631378173828,25.69297218322754,26.162845611572266,26.768178939819336,28.39878273010254
22.906295776367188,23.571943283081055,24.108184814453125,24.569040298461914,25.002668380737305,25.424638748168945,25.86956214904785,26.375885009765625,27.00640106201172,28.611652374267578
23.110708236694336,23.694456100463867,24.159465789794922,24.54375648498535,24.922616958618164,25.292194366455078,25.703784942626953,26.16094207763672,26.774032592773438,28.40752410888672
23.058799743652344,23.645299911499023,24.0892276763916,24.494346618652344,24.863794326782227,25.241863250732422,25.6628360748291,26.14825439453125,26.792713165283203,28.49425506591797
22.910648345947266,23.584434509277344,24.095497131347656,24.567302703857422,25.016279220581055,25.450284957885742,25.92832374572754,26.469242095947266,27.15733528137207,28.825265884399414
23.074325561523438,23.67511749267578,24.120079040527344,24.515121459960938,24.89898681640625,25.28261375427246,25.707157135009766,26.18712043762207,26.810020446777344,28.497982025146484
23.028135299682617,23.66295623779297,24.15096664428711,24.57823944091797,24.967012405395508,25.369346618652344,25.78957748413086,26.291645050048828,26.93035888671875,28.605056762695312
23.091571807861328,23.698984146118164,24.17538833618164,24.57071304321289,24.953752517700195,25.338951110839844,25.74977684020996,26.236345291137695,26.869043350219727,28.635812759399414
23.078500747680664,23.68422508239746,24.15549659729004,24.570194244384766,24.948530197143555,25.33698081970215,25.755382537841797,26.230419158935547,26.867691040039062,28.506608963012695
22.998632431030273,23.643333435058594,24.126304626464844,24.54336166381836,24.93400764465332,25.33393096923828,25.74673843383789,26.23106575012207,26.8584041595459,28.445865631103516
23.05073356628418,23.664888381958008,24.1533203125,24.56965446472168,24.954025268554688,25.352859497070312,25.76746368408203,26.261804580688477,26.863622665405273,28.544235229492188
23.08148193359375,23.676876068115234,24.145437240600586,24.553218841552734,24.935152053833008,25.33130645751953,25.725915908813477,26.20687484741211,26.817556381225586,28.445148468017578
23.011241912841797,23.638002395629883,24.135961532592773,24.560230255126953,24.972362518310547,25.37119483947754,25.799419403076172,26.257068634033203,26.889545440673828,28.523029327392578
23.0601749420166,23.65579605102539,24.13030433654785,24.52497100830078,24.915672302246094,25.30176544189453,25.71042251586914,26.18014907836914,26.820415496826172,28.521434783935547
23.01738166809082,23.625213623046875,24.103147506713867,24.50933265686035,24.917808532714844,25.303451538085938,25.731679916381836,26.201677322387695,26.81344985961914,28.39914894104004
23.056432723999023,23.687002182006836,24.149002075195312,24.551898956298828,24.926708221435547,25.334224700927734,25.750152587890625,26.244375228881836,26.86880874633789,28.580318450927734
23.070152282714844,23.684511184692383,24.174758911132812,24.58037567138672,24.972980499267578,25.368412017822266,25.790451049804688,26.270599365234375,26.91178321838379,28.66053581237793
22.984783172607422,23.624345779418945,24.144020080566406,24.58240509033203,24.998504638671875,25.41820526123047,25.862646102905273,26.38054847717285,27.05728530883789,28.758752822875977
23.05328941345215,23.67156410217285,24.163631439208984,24.59314727783203,24.984569549560547,25.370643615722656,25.79690170288086,26.280620574951172,26.908952713012695,28.535123825073242
23.11713981628418,23.704362869262695,24.135725021362305,24.53499984741211,24.92059326171875,25.30866050720215,25.724483489990234,26.20836639404297,26.842296600341797,28.429895401000977
22.97673225402832,23.625789642333984,24.09665298461914,24.52220916748047,24.906417846679688,25.30683708190918,25.719738006591797,26.196014404296875,26.822952270507812,28.65097999572754
23.035757064819336,23.66583824157715,24.142475128173828,24.54121208190918,24.92351722717285,25.312881469726562,25.746919631958008,26.21625518798828,26.864051818847656,28.448617935180664
23.037343978881836,23.657087326049805,24.121551513671875,24.530086517333984,24.920068740844727,25.313827514648438,25.74110984802246,26.23076629638672,26.877777099609375,28.515777587890625
23.080472946166992,23.66884994506836,24.124893188476562,24.524139404296875,24.913179397583008,25.305490493774414,25.722597122192383,26.201171875,26.81853675842285,28.505441665649414
23.045703887939453,23.655210494995117,24.135568618774414,24.534358978271484,24.916236877441406,25.315027236938477,25.717914581298828,26.19431495666504,26.8127498626709,28.507579803466797
23.048023223876953,23.665241241455078,24.123308181762695,24.543264389038086,24.930240631103516,25.33329963684082,25.743871688842773,26.233659744262695,26.875131607055664,28.60805320739746
23.018739700317383,23.640419006347656,24.113250732421875,24.53127670288086,24.93012046813965,25.332345962524414,25.754350662231445,26.241130828857422,26.856433868408203,28.563135147094727
23.115985870361328,23.688716888427734,24.139652252197266,24.526432037353516,24.908905029296875,25.28723907470703,25.69089698791504,26.160179138183594,26.757848739624023,28.45931625366211
23.037586212158203,23.64654541015625,24.12966537475586,24.542335510253906,24.935901641845703,25.340322494506836,25.767133712768555,26.24365234375,26.870664596557617,28.53411293029785
23.122304916381836,23.694149017333984,24.146129608154297,24.54078483581543,24.916229248046875,25.300338745117188,25.710201263427734,26.193918228149414,26.80620574951172,28.519939422607422
23.074708938598633,23.698749542236328,24.154273986816406,24.548168182373047,24.923246383666992,25.310590744018555,25.71198844909668,26.17841148376465,26.826309204101562,28.573524475097656
23.13515853881836,23.69957733154297,24.133806228637695,24.525707244873047,24.892988204956055,25.27177619934082,25.664688110351562,26.11096954345703,26.71538734436035,28.401281356811523
23.079193115234375,23.679643630981445,24.161991119384766,24.576732635498047,24.963388442993164,25.356746673583984,25.76881980895996,26.25018310546875,26.871511459350586,28.549713134765625
23.01948356628418,23.640718460083008,24.144840240478516,24.57271957397461,24.961715698242188,25.3575382232666,25.777481079101562,26.263778686523438,26.898296356201172,28.45426368713379
23.10468101501465,23.709997177124023,24.166255950927734,24.5737361907959,24.945539474487305,25.330150604248047,25.749988555908203,26.206846237182617,26.820886611938477,28.341228485107422
23.05792236328125,23.647499084472656,24.112274169921875,24.5081729888916,24.8820743560791,25.258365631103516,25.663911819458008,26.144367218017578,26.771936416625977,28.49139976501465
23.11957550048828,23.69902801513672,24.1332950592041,24.52081871032715,24.89798355102539,25.27994728088379,25.71486473083496,26.18317985534668,26.843597412109375,28.559329986572266
23.109586715698242,23.693578720092773,24.150959014892578,24.53328514099121,24.908409118652344,25.279895782470703,25.676475524902344,26.14291000366211,26.751482009887695,28.56041145324707
23.08850860595703,23.684627532958984,24.133546829223633,24.542972564697266,24.91771697998047,25.305145263671875,25.732383728027344,26.216747283935547,26.867176055908203,28.52725601196289
23.102584838867188,23.707000732421875,24.161706924438477,24.550085067749023,24.928482055664062,25.30759620666504,25.735794067382812,26.192405700683594,26.819814682006836,28.46739959716797
23.082015991210938,23.66474151611328,24.125368118286133,24.529258728027344,24.917919158935547,25.30990219116211,25.75745391845703,26.251611709594727,26.91713523864746,28.682661056518555
23.102434158325195,23.694604873657227,24.147066116333008,24.539445877075195,24.925979614257812,25.303926467895508,25.720985412597656,26.191743850708008,26.827404022216797,28.569828033447266
23.09885025024414,23.66742515563965,24.11279296875,24.51355743408203,24.87738609313965,25.252361297607422,25.673309326171875,26.134380340576172,26.754302978515625,28.438650131225586
23.061960220336914,23.650278091430664,24.0982723236084,24.498369216918945,24.871036529541016,25.265077590942383,25.67279624938965,26.15887451171875,26.790082931518555,28.50710105895996
23.016460418701172,23.637882232666016,24.129560470581055,24.555479049682617,24.95424461364746,25.358379364013672,25.781869888305664,26.279510498046875,26.90362548828125,28.570871353149414
23.043636322021484,23.65540313720703,24.12033462524414,24.549795150756836,24.939102172851562,25.331920623779297,25.773664474487305,26.25325584411621,26.876663208007812,28.513879776000977
23.007671356201172,23.62529754638672,24.108436584472656,24.526277542114258,24.9282169342041,25.31555938720703,25.750776290893555,26.247299194335938,26.886581420898438,28.576021194458008
23.082313537597656,23.664289474487305,24.12864112854004,24.52406883239746,24.91055679321289,25.29676055908203,25.714019775390625,26.201824188232422,26.821544647216797,28.5786190032959
23.058631896972656,23.68475914001465,24.150827407836914,24.56941032409668,24.95893096923828,25.356966018676758,25.77240562438965,26.25213050842285,26.869863510131836,28.403717041015625
23.05449676513672,23.662687301635742,24.120798110961914,24.52836799621582,24.915699005126953,25.30115509033203,25.719921112060547,26.191694259643555,26.810165405273438,28.52935791015625
23.05251121520996,23.658863067626953,24.130128860473633,24.538190841674805,24.924503326416016,25.307931900024414,25.715396881103516,26.191186904907227,26.817441940307617,28.34710121154785
23.107803344726562,23.70717430114746,24.160898208618164,24.557924270629883,24.93670082092285,25.32314109802246,25.746505737304688,26.247573852539062,26.871431350708008,28.36488151550293
23.087608337402344,23.68416404724121,24.132719039916992,24.52454376220703,24.912944793701172,25.310272216796875,25.736833572387695,26.223329544067383,26.884668350219727,28.640609741210938
23.051027297973633,23.659969329833984,24.12615394592285,24.523502349853516,24.910070419311523,25.297744750976562,25.71150779724121,26.191730499267578,26.843950271606445,28.57550048828125
23.04856300354004,23.668630599975586,24.13886260986328,24.551067352294922,24.942142486572266,25.33599853515625,25.76337242126465,26.229642868041992,26.84319496154785,28.504182815551758
23.06100845336914,23.669694900512695,24.11483383178711,24.528175354003906,24.923250198364258,25.32328987121582,25.74468421936035,26.233291625976562,26.880939483642578,28.554931640625
23.11332893371582,23.69158363342285,24.153987884521484,24.54011344909668,24.931358337402344,25.31753921508789,25.73952865600586,26.227067947387695,26.859329223632812,28.57185173034668
23.052047729492188,23.65890121459961,24.13785171508789,24.542238235473633,24.934616088867188,25.328933715820312,25.752695083618164,26.241504669189453,26.850309371948242,28.608556747436523
23.09822654724121,23.690963745117188,24.130828857421875,24.526473999023438,24.893712997436523,25.277156829833984,25.679515838623047,26.140071868896484,26.761926651000977,28.352319717407227
23.11001205444336,23.69548988342285,24.124996185302734,24.526098251342773,24.907196044921875,25.285045623779297,25.703393936157227,26.169466018676758,26.815196990966797,28.58308219909668
23.096628189086914,23.698171615600586,24.144798278808594,24.543781280517578,24.922569274902344,25.31131362915039,25.7158260345459,26.188268661499023,26.77037811279297,28.379053115844727
23.082677841186523,23.69098472595215,24.166786193847656,24.568300247192383,24.97235870361328,25.35442543029785,25.769020080566406,26.237119674682617,26.8500919342041,28.470224380493164
23.103727340698242,23.708820343017578,24.160005569458008,24.554723739624023,24.94019889831543,25.333160400390625,25.749984741210938,26.22601890563965,26.841779708862305,28.471391677856445
23.1258487701416,23.70203971862793,24.162824630737305,24.56281852722168,24.946617126464844,25.33595085144043,25.745487213134766,26.21931266784668,26.85736846923828,28.509918212890625
23.055213928222656,23.649808883666992,24.108715057373047,24.521669387817383,24.909461975097656,25.289794921875,25.715007781982422,26.18976402282715,26.826459884643555,28.48309898376465
23.058692932128906,23.63456916809082,24.11424446105957,24.540328979492188,24.93165397644043,25.320907592773438,25.738805770874023,26.206186294555664,26.847238540649414,28.49254035949707
23.035436630249023,23.661495208740234,24.13965606689453,24.548276901245117,24.946382522583008,25.345808029174805,25.770605087280273,26.249950408935547,26.88916015625,28.541898727416992
23.1119441986084,23.688194274902344,24.138032913208008,24.51898956298828,24.89270782470703,25.259920120239258,25.654773712158203,26.1196231842041,26.72922706604004,28.500686645507812
23.00291633605957,23.627927780151367,24.09844207763672,24.528085708618164,24.93682861328125,25.326091766357422,25.758756637573242,26.26637840270996,26.90093994140625,28.70790672302246
23.01215934753418,23.646648406982422,24.1447811126709,24.585182189941406,24.999755859375,25.42121124267578,25.889883041381836,26.394607543945312,27.04478645324707,28.673057556152344
23.03193473815918,23.668827056884766,24.151416778564453,24.580198287963867,24.960731506347656,25.35782814025879,25.752241134643555,26.227083206176758,26.878042221069336,28.51169204711914
23.046537399291992,23.66884994506836,24.130125045776367,24.543216705322266,24.92018699645996,25.308664321899414,25.72003173828125,26.190576553344727,26.800451278686523,28.47463607788086
22.912626266479492,23.581865310668945,24.105209350585938,24.579753875732422,25.007415771484375,25.459774017333984,25.92095184326172,26.43762969970703,27.097536087036133,28.71134376525879
23.06774139404297,23.69153594970703,24.151315689086914,24.562997817993164,24.94855308532715,25.34710121154785,25.773178100585938,26.265396118164062,26.915441513061523,28.645523071289062
23.004505157470703,23.63180160522461,24.11415672302246,24.535919189453125,24.921478271484375,25.311532974243164,25.720922470092773,26.200902938842773,26.79389190673828,28.38538360595703
23.09464454650879,23.675079345703125,24.125463485717773,24.51323699951172,24.89247703552246,25.280540466308594,25.694673538208008,26.178470611572266,26.811649322509766,28.472864151000977
23.106246948242188,23.686763763427734,24.11954116821289,24.50539779663086,24.87997817993164,25.25818634033203,25.662479400634766,26.14605140686035,26.770431518554688,28.448572158813477
23.061397552490234,23.656518936157227,24.129640579223633,24.532867431640625,24.926029205322266,25.315336227416992,25.729034423828125,26.20795249938965,26.809608459472656,28.603612899780273
23.03778839111328,23.666318893432617,24.130859375,24.545791625976562,24.944639205932617,25.342405319213867,25.75676918029785,26.237258911132812,26.866872787475586,28.734081268310547
23.089563369750977,23.690725326538086,24.149181365966797,24.562889099121094,24.945798873901367,25.341350555419922,25.76337242126465,26.23967170715332,26.86618423461914,28.547199249267578
23.090394973754883,23.6927433013916,24.156808853149414,24.57762908935547,24.96596908569336,25.356342315673828,25.781776428222656,26.269195556640625,26.904129028320312,28.520614624023438
23.006832122802734,23.630952835083008,24.10489273071289,24.533103942871094,24.927148818969727,25.31949806213379,25.738988876342773,26.2316951751709,26.846033096313477,28.531761169433594
23.10610580444336,23.702054977416992,24.151199340820312,24.554384231567383,24.926877975463867,25.317522048950195,25.740026473999023,26.205358505249023,26.84491729736328,28.509536743164062
23.08030891418457,23.676231384277344,24.144453048706055,24.547500610351562,24.939733505249023,25.325504302978516,25.736156463623047,26.211807250976562,26.81599998474121,28.548851013183594
23.023113250732422,23.640859603881836,24.123558044433594,24.54156494140625,24.93454360961914,25.32973289489746,25.747814178466797,26.240922927856445,26.89197540283203,28.56680679321289
23.06862449645996,23.662294387817383,24.136123657226562,24.547304153442383,24.933048248291016,25.326196670532227,25.748891830444336,26.24440574645996,26.846689224243164,28.5224609375
22.981224060058594,23.637794494628906,24.128440856933594,24.54723358154297,24.964340209960938,25.375198364257812,25.799463272094727,26.31179428100586,26.95062255859375,28.662734985351562
23.02543830871582,23.640987396240234,24.136886596679688,24.549589157104492,24.94886016845703,25.353683471679688,25.784120559692383,26.280166625976562,26.902332305908203,28.5932674407959
23.027362823486328,23.656230926513672,24.133079528808594,24.539735794067383,24.9212589263916,25.31890296936035,25.72463607788086,26.192092895507812,26.815948486328125,28.414350509643555
23.106571197509766,23.685802459716797,24.13648223876953,24.530879974365234,24.910734176635742,25.289756774902344,25.707321166992188,26.1782283782959,26.798154830932617,28.443256378173828
23.113847732543945,23.722387313842773,24.19528579711914,24.590900421142578,24.979951858520508,25.37237548828125,25.78204345703125,26.244943618774414,26.84320068359375,28.38804817199707
23.017698287963867,23.63763999938965,24.135726928710938,24.54667854309082,24.95107078552246,25.351682662963867,25.761220932006836,26.24701690673828,26.87009048461914,28.577301025390625
23.094158172607422,23.706378936767578,24.16045379638672,24.55665397644043,24.947771072387695,25.341278076171875,25.76207160949707,26.245922088623047,26.882177352905273,28.537179946899414
23.090038299560547,23.680866241455078,24.148239135742188,24.553205490112305,24.932676315307617,25.3295841217041,25.757034301757812,26.23141860961914,26.852516174316406,28.45209503173828
23.05455207824707,23.673336029052734,24.131715774536133,24.535573959350586,24.929492950439453,25.30187225341797,25.715429306030273,26.16945457458496,26.781179428100586,28.29110336303711
23.07481575012207,23.671205520629883,24.148344039916992,24.573284149169922,24.96432876586914,25.35553550720215,25.77776527404785,26.252918243408203,26.888731002807617,28.523204803466797
23.131498336791992,23.71691131591797,24.147478103637695,24.538454055786133,24.90247344970703,25.28053855895996,25.684125900268555,26.152624130249023,26.74212646484375,28.327312469482422
23.128915786743164,23.694381713867188,24.141111373901367,24.520706176757812,24.897214889526367,25.273767471313477,25.681549072265625,26.16183853149414,26.784521102905273,28.57345962524414
23.05565071105957,23.67265510559082,24.12601089477539,24.54474639892578,24.927940368652344,25.328350067138672,25.747882843017578,26.218320846557617,26.85462188720703,28.450862884521484
23.07616424560547,23.67801284790039,24.13326644897461,24.534948348999023,24.926210403442383,25.319595336914062,25.73646354675293,26.21975326538086,26.829410552978516,28.597808837890625
23.094633102416992,23.675077438354492,24.121728897094727,24.517574310302734,24.90883445739746,25.29218864440918,25.706993103027344,26.173324584960938,26.805261611938477,28.51116943359375
23.023406982421875,23.664688110351562,24.150766372680664,24.582029342651367,24.976924896240234,25.381567001342773,25.792510986328125,26.28827476501465,26.914812088012695,28.6479434967041
23.08170509338379,23.682865142822266,24.130409240722656,24.532346725463867,24.910913467407227,25.286739349365234,25.691844940185547,26.162424087524414,26.812305450439453,28.51690101623535
23.09124183654785,23.681608200073242,24.141498565673828,24.536945343017578,24.91600227355957,25.298830032348633,25.712671279907227,26.187358856201172,26.80910873413086,28.45323944091797
23.082252502441406,23.669452667236328,24.11553192138672,24.504783630371094,24.888029098510742,25.260778427124023,25.667856216430664,26.15114402770996,26.775434494018555,28.436721801757812
23.101545333862305,23.681657791137695,24.139286041259766,24.529146194458008,24.89828872680664,25.280025482177734,25.686908721923828,26.160808563232422,26.764150619506836,28.328359603881836
23.060312271118164,23.659406661987305,24.106508255004883,24.513919830322266,24.902223587036133,25.290021896362305,25.70208168029785,26.186798095703125,26.823671340942383,28.537673950195312
22.94027328491211,23.590612411499023,24.116010665893555,24.559682846069336,24.98089027404785,25.398893356323242,25.834190368652344,26.332557678222656,26.959604263305664,28.723953247070312
23.087905883789062,23.67781639099121,24.152069091796875,24.55864715576172,24.949567794799805,25.330581665039062,25.761533737182617,26.2197208404541,26.868606567382812,28.472108840942383
23.062406539916992,23.665376663208008,24.131790161132812,24.53654670715332,24.914648056030273,25.296308517456055,25.69989776611328,26.158220291137695,26.776687622070312,28.367095947265625
23.062917709350586,23.66164207458496,24.127586364746094,24.535850524902344,24.926664352416992,25.31614875793457,25.742107391357422,26.217737197875977,26.855131149291992,28.565786361694336
23.025924682617188,23.630569458007812,24.090662002563477,24.492441177368164,24.869749069213867,25.246789932250977,25.655784606933594,26.137380599975586,26.74056625366211,28.313947677612305
23.101144790649414,23.66814613342285,24.0999813079834,24.48348617553711,24.845375061035156,25.225143432617188,25.603059768676758,26.075841903686523,26.67070960998535,28.272178649902344
23.066368103027344,23.673057556152344,24.128135681152344,24.525718688964844,24.908767700195312,25.290695190429688,25.706174850463867,26.186325073242188,26.839269638061523,28.51407814025879
23.12322425842285,23.70281982421875,24.141321182250977,24.515077590942383,24.875102996826172,25.255014419555664,25.629241943359375,26.090309143066406,26.70014190673828,28.329736709594727
23.05819320678711,23.647066116333008,24.115081787109375,24.51996421813965,24.89910316467285,25.272846221923828,25.68246078491211,26.145654678344727,26.745803833007812,28.4189453125
23.11267852783203,23.68197250366211,24.114721298217773,24.5103816986084,24.874530792236328,25.257648468017578,25.668363571166992,26.16197395324707,26.796897888183594,28.49958610534668
23.0976505279541,23.681365966796875,24.143495559692383,24.53386116027832,24.916404724121094,25.29535675048828,25.701343536376953,26.174312591552734,26.77940559387207,28.513534545898438
23.111099243164062,23.697376251220703,24.143808364868164,24.534486770629883,24.900272369384766,25.283700942993164,25.69902801513672,26.168933868408203,26.782602310180664,28.38435935974121
23.082197189331055,23.690248489379883,24.159303665161133,24.564754486083984,24.937559127807617,25.32971954345703,25.74502944946289,26.22881317138672,26.86724281311035,28.571250915527344
23.080263137817383,23.65009307861328,24.11263084411621,24.503812789916992,24.888242721557617,25.275001525878906,25.68058204650879,26.1628360748291,26.80719566345215,28.48993492126465
23.048831939697266,23.64201545715332,24.1082706451416,24.51325035095215,24.899446487426758,25.29337501525879,25.715042114257812,26.197235107421875,26.815279006958008,28.510812759399414
22.94698715209961,23.58050537109375,24.098405838012695,24.572370529174805,25.026262283325195,25.47776222229004,25.935428619384766,26.445999145507812,27.055322647094727,28.664138793945312
23.073287963867188,23.671724319458008,24.152870178222656,24.544628143310547,24.939645767211914,25.323532104492188,25.739208221435547,26.230571746826172,26.88059425354004,28.53866195678711
23.010299682617188,23.634248733520508,24.112730026245117,24.521034240722656,24.914684295654297,25.31092071533203,25.730504989624023,26.196325302124023,26.815034866333008,28.499099731445312
23.080209732055664,23.684223175048828,24.14910125732422,24.57605743408203,24.960697174072266,25.35150146484375,25.769411087036133,26.245628356933594,26.88230323791504,28.538373947143555
23.077417373657227,23.672779083251953,24.13888931274414,24.535383224487305,24.948057174682617,25.3277645111084,25.748058319091797,26.2321720123291,26.889484405517578,28.574386596679688
23.102054595947266,23.72917938232422,24.216106414794922,24.62116813659668,25.006742477416992,25.397598266601562,25.809364318847656,26.290374755859375,26.89910888671875,28.607465744018555
23.045501708984375,23.66823959350586,24.134092330932617,24.542617797851562,24.919618606567383,25.298086166381836,25.710140228271484,26.16884422302246,26.77848243713379,28.46433448791504
22.989442825317383,23.628761291503906,24.144495010375977,24.593048095703125,25.001781463623047,25.415910720825195,25.852935791015625,26.356369018554688,27.02508544921875,28.81044578552246
23.11594581604004,23.695859909057617,24.14316177368164,24.54546546936035,24.940940856933594,25.31683921813965,25.733348846435547,26.20690155029297,26.812841415405273,28.554649353027344
23.07994270324707,23.663846969604492,24.134836196899414,24.551557540893555,24.945539474487305,25.339401245117188,25.771240234375,26.253700256347656,26.893163681030273,28.664112091064453
23.070852279663086,23.68047332763672,24.14826774597168,24.559186935424805,24.944866180419922,25.338436126708984,25.759950637817383,26.233234405517578,26.87307357788086,28.495100021362305
23.002639770507812,23.628704071044922,24.113903045654297,24.56570053100586,24.970327377319336,25.38652229309082,25.81711196899414,26.315444946289062,26.95111846923828,28.69400978088379
23.02499008178711,23.655981063842773,24.130720138549805,24.55315589904785,24.943819046020508,25.34819793701172,25.763444900512695,26.27384376525879,26.914260864257812,28.66295051574707
23.022523880004883,23.66059112548828,24.132314682006836,24.55501365661621,24.970762252807617,25.378799438476562,25.805728912353516,26.302907943725586,26.949472427368164,28.65733528137207
23.048208236694336,23.673004150390625,24.161405563354492,24.586156845092773,24.97344207763672,25.358810424804688,25.774795532226562,26.25848960876465,26.8793888092041,28.49713706970215
23.06053924560547,23.665813446044922,24.1363582611084,24.530841827392578,24.915571212768555,25.29803466796875,25.707632064819336,26.189664840698242,26.819339752197266,28.565555572509766
23.08142852783203,23.673206329345703,24.136688232421875,24.539119720458984,24.926271438598633,25.31570816040039,25.730318069458008,26.213525772094727,26.863048553466797,28.51115608215332
23.038040161132812,23.668760299682617,24.140335083007812,24.547529220581055,24.956701278686523,25.34564781188965,25.773502349853516,26.240808486938477,26.851980209350586,28.561241149902344
23.08883285522461,23.677000045776367,24.125621795654297,24.538732528686523,24.9207706451416,25.306650161743164,25.732421875,26.212173461914062,26.83385467529297,28.670238494873047
23.076297760009766,23.6796817779541,24.142053604125977,24.540115356445312,24.92705535888672,25.312658309936523,25.72585105895996,26.216461181640625,26.833667755126953,28.434776306152344
23.07323455810547,23.67905044555664,24.145816802978516,24.53434944152832,24.91000747680664,25.283084869384766,25.682098388671875,26.168472290039062,26.803298950195312,28.447021484375
23.12293243408203,23.689516067504883,24.120176315307617,24.516782760620117,24.885183334350586,25.2579402923584,25.6630916595459,26.130077362060547,26.789289474487305,28.463716506958008
23.056968688964844,23.676847457885742,24.136600494384766,24.56504249572754,24.95028305053711,25.336523056030273,25.758560180664062,26.239633560180664,26.914106369018555,28.539932250976562
23.03043556213379,23.668378829956055,24.157163619995117,24.583526611328125,24.99008560180664,25.3996524810791,25.830322265625,26.320850372314453,26.959508895874023,28.521167755126953
23.09256362915039,23.686052322387695,24.136579513549805,24.53224754333496,24.91667366027832,25.314075469970703,25.72821807861328,26.217859268188477,26.84938621520996,28.49470329284668
22.94196891784668,23.59185028076172,24.129867553710938,24.581409454345703,25.008085250854492,25.436641693115234,25.881271362304688,26.377859115600586,27.002418518066406,28.67527198791504
23.029447555541992,23.626962661743164,24.124465942382812,24.55015754699707,24.953279495239258,25.367067337036133,25.780752182006836,26.292110443115234,26.92225456237793,28.659988403320312
23.086872100830078,23.66104507446289,24.109214782714844,24.496845245361328,24.867374420166016,25.248863220214844,25.659042358398438,26.128673553466797,26.744564056396484,28.41427993774414
23.0690860748291,23.674705505371094,24.147947311401367,24.549123764038086,24.927562713623047,25.318058013916016,25.736074447631836,26.213855743408203,26.836849212646484,28.50397300720215
23.002243041992188,23.63913917541504,24.13974380493164,24.566667556762695,24.978179931640625,25.405046463012695,25.841249465942383,26.33289337158203,26.965225219726562,28.63931655883789
22.966201782226562,23.577667236328125,24.095905303955078,24.54719352722168,24.981779098510742,25.407846450805664,25.876394271850586,26.388412475585938,27.04016876220703,28.71377944946289
23.04581069946289,23.672367095947266,24.136512756347656,24.53213882446289,24.915956497192383,25.302249908447266,25.713424682617188,26.185094833374023,26.83151626586914,28.477264404296875
23.103107452392578,23.672849655151367,24.1181697845459,24.511537551879883,24.890886306762695,25.26911735534668,25.691570281982422,26.174354553222656,26.837238311767578,28.474517822265625
23.07731056213379,23.68319320678711,24.151378631591797,24.54877471923828,24.93172836303711,25.31793212890625,25.736919403076172,26.22402000427246,26.851430892944336,28.51984214782715
22.946163177490234,23.609905242919922,24.11626625061035,24.56037139892578,24.982492446899414,25.401203155517578,25.843591690063477,26.349185943603516,26.988271713256836,28.845178604125977
23.036575317382812,23.666637420654297,24.168094635009766,24.584644317626953,24.985755920410156,25.390392303466797,25.816953659057617,26.312522888183594,26.939910888671875,28.629241943359375
23.037029266357422,23.66042709350586,24.138973236083984,24.55995750427246,24.97115707397461,25.355587005615234,25.80344581604004,26.292875289916992,26.93490219116211,28.617122650146484
23.106748580932617,23.69761085510254,24.149866104125977,24.548973083496094,24.922075271606445,25.304616928100586,25.71210289001465,26.17849349975586,26.80459976196289,28.443347930908203
23.09541130065918,23.67046356201172,24.118562698364258,24.49862289428711,24.86515998840332,25.23548698425293,25.638689041137695,26.114084243774414,26.743391036987305,28.524782180786133
23.087902069091797,23.69059181213379,24.148731231689453,24.541040420532227,24.912569046020508,25.288869857788086,25.688709259033203,26.1499080657959,26.757965087890625,28.44979476928711
23.043807983398438,23.650854110717773,24.131351470947266,24.552288055419922,24.947715759277344,25.33921241760254,25.758312225341797,26.24298667907715,26.86895179748535,28.550710678100586
23.081951141357422,23.69343376159668,24.13262939453125,24.52245330810547,24.898494720458984,25.283891677856445,25.689014434814453,26.165735244750977,26.785682678222656,28.47149658203125
23.06471061706543,23.657468795776367,24.128881454467773,24.54006576538086,24.931373596191406,25.321063995361328,25.75124740600586,26.21478843688965,26.8491153717041,28.493606567382812
23.028106689453125,23.645814895629883,24.1478328704834,24.566301345825195,24.963525772094727,25.352968215942383,25.772464752197266,26.26110076904297,26.890907287597656,28.496023178100586
23.09588623046875,23.674768447875977,24.138507843017578,24.53208351135254,24.89308738708496,25.26633071899414,25.658105850219727,26.11676025390625,26.71516990661621,28.34503746032715
23.00313949584961,23.64211654663086,24.15560531616211,24.58620834350586,24.999908447265625,25.420879364013672,25.857629776000977,26.343576431274414,26.94420051574707,28.597064971923828
23.152019500732422,23.707656860351562,24.127511978149414,24.50750732421875,24.858966827392578,25.218019485473633,25.615758895874023,26.08649253845215,26.7128963470459,28.344507217407227
23.03990936279297,23.661975860595703,24.132787704467773,24.543628692626953,24.921762466430664,25.319499969482422,25.735013961791992,26.21942710876465,26.849843978881836,28.534526824951172
23.07210922241211,23.673112869262695,24.105207443237305,24.510818481445312,24.891000747680664,25.27277374267578,25.685829162597656,26.15667724609375,26.761045455932617,28.410491943359375
23.079795837402344,23.695098876953125,24.155075073242188,24.555625915527344,24.935991287231445,25.31885528564453,25.721527099609375,26.19647789001465,26.80062484741211,28.40319061279297
22.983734130859375,23.59128189086914,24.07278060913086,24.499635696411133,24.910152435302734,25.329713821411133,25.757097244262695,26.259151458740234,26.895986557006836,28.59649658203125
23.052488327026367,23.680410385131836,24.14518165588379,24.549091339111328,24.95104217529297,25.344850540161133,25.770029067993164,26.255773544311523,26.886798858642578,28.60955810546875
23.013551712036133,23.652828216552734,24.15346908569336,24.591978073120117,24.9973087310791,25.402528762817383,25.837566375732422,26.32408332824707,26.966299057006836,28.64544677734375
23.04456329345703,23.654747009277344,24.137720108032227,24.553722381591797,24.94562530517578,25.33294105529785,25.753938674926758,26.242128372192383,26.947402954101562,28.692462921142578
23.03533363342285,23.65486717224121,24.12540054321289,24.541860580444336,24.940654754638672,25.338035583496094,25.771209716796875,26.26453399658203,26.924402236938477,28.470909118652344
23.124441146850586,23.699485778808594,24.15079689025879,24.53339958190918,24.911470413208008,25.291135787963867,25.700456619262695,26.179975509643555,26.804000854492188,28.608715057373047
23.0830135345459,23.668977737426758,24.14533805847168,24.546533584594727,24.93324089050293,25.318445205688477,25.722505569458008,26.19398307800293,26.80914306640625,28.48446273803711
22.955501556396484,23.591508865356445,24.123666763305664,24.570653915405273,24.987438201904297,25.40298080444336,25.839859008789062,26.355506896972656,26.999181747436523,28.80575180053711
23.054489135742188,23.679767608642578,24.1612606048584,24.570829391479492,24.98077964782715,25.382936477661133,25.808940887451172,26.291616439819336,26.928573608398438,28.625408172607422
23.084522247314453,23.675033569335938,24.13813018798828,24.536714553833008,24.913057327270508,25.29945182800293,25.715362548828125,26.193408966064453,26.82085418701172,28.49867820739746
23.042484283447266,23.648731231689453,24.121915817260742,24.532634735107422,24.91240119934082,25.310749053955078,25.73533058166504,26.245229721069336,26.879182815551758,28.581607818603516
22.98171043395996,23.614852905273438,24.109575271606445,24.55384635925293,24.957712173461914,25.359874725341797,25.797622680664062,26.298845291137695,26.95990562438965,28.779552459716797
22.970748901367188,23.622303009033203,24.10264778137207,24.537633895874023,24.949886322021484,25.348508834838867,25.7900447845459,26.273393630981445,26.910404205322266,28.60344123840332
23.088661193847656,23.68110466003418,24.13684844970703,24.543594360351562,24.92261505126953,25.319860458374023,25.731189727783203,26.20510482788086,26.84318733215332,28.421430587768555
23.093257904052734,23.679723739624023,24.115121841430664,24.50800323486328,24.88302993774414,25.262786865234375,25.673168182373047,26.148645401000977,26.755895614624023,28.487178802490234
23.13079071044922,23.699356079101562,24.140552520751953,24.518207550048828,24.892059326171875,25.26206398010254,25.661006927490234,26.126991271972656,26.72345542907715,28.470739364624023
23.106660842895508,23.687095642089844,24.134037017822266,24.51238250732422,24.880332946777344,25.250350952148438,25.638010025024414,26.098047256469727,26.684337615966797,28.37244415283203
23.066692352294922,23.695878982543945,24.192230224609375,24.591262817382812,24.990894317626953,25.378271102905273,25.800640106201172,26.284873962402344,26.931472778320312,28.750356674194336
23.07565689086914,23.673992156982422,24.114425659179688,24.509593963623047,24.871307373046875,25.252117156982422,25.656770706176758,26.128705978393555,26.758209228515625,28.427154541015625
23.083663940429688,23.67365074157715,24.130813598632812,24.52725601196289,24.917692184448242,25.305492401123047,25.724288940429688,26.20757484436035,26.84237289428711,28.504913330078125
23.10169792175293,23.709753036499023,24.180627822875977,24.568653106689453,24.946718215942383,25.317102432250977,25.737213134765625,26.218700408935547,26.89469337463379,28.59725570678711
23.06899642944336,23.676664352416992,24.13943862915039,24.556640625,24.93327522277832,25.323238372802734,25.74509620666504,26.2319278717041,26.86121368408203,28.54982566833496
23.02866554260254,23.62953758239746,24.101930618286133,24.522994995117188,24.902841567993164,25.313203811645508,25.731884002685547,26.221782684326172,26.870712280273438,28.484050750732422
23.053340911865234,23.673908233642578,24.151155471801758,24.542837142944336,24.92693519592285,25.317893981933594,25.724294662475586,26.197982788085938,26.81062126159668,28.49028778076172
23.040830612182617,23.650463104248047,24.124364852905273,24.537490844726562,24.931894302368164,25.317276000976562,25.732833862304688,26.209449768066406,26.812685012817383,28.533409118652344
23.111387252807617,23.703359603881836,24.16643714904785,24.553226470947266,24.931602478027344,25.309955596923828,25.716758728027344,26.19184112548828,26.807470321655273,28.611345291137695
23.102615356445312,23.67255210876465,24.097719192504883,24.48561668395996,24.857799530029297,25.22405242919922,25.62839698791504,26.086273193359375,26.703563690185547,28.387510299682617
23.020954132080078,23.64037322998047,24.098615646362305,24.506427764892578,24.884679794311523,25.271133422851562,25.678102493286133,26.147790908813477,26.753658294677734,28.38995361328125
23.093843460083008,23.685020446777344,24.127134323120117,24.50285530090332,24.86532211303711,25.240875244140625,25.643325805664062,26.116527557373047,26.710329055786133,28.388160705566406
23.13465118408203,23.68803596496582,24.12834358215332,24.503528594970703,24.87822723388672,25.248538970947266,25.65399169921875,26.139680862426758,26.77086639404297,28.465267181396484
23.06768035888672,23.678701400756836,24.140230178833008,24.555402755737305,24.934419631958008,25.315391540527344,25.722864151000977,26.21209716796875,26.832971572875977,28.3915958404541
23.019832611083984,23.61141014099121,24.103933334350586,24.52733039855957,24.919925689697266,25.32581329345703,25.742019653320312,26.222211837768555,26.864166259765625,28.50596809387207
23.10427474975586,23.693384170532227,24.15707015991211,24.544158935546875,24.935691833496094,25.314332962036133,25.720285415649414,26.192127227783203,26.80498695373535,28.352685928344727
23.104263305664062,23.684471130371094,24.126419067382812,24.507917404174805,24.88597869873047,25.263694763183594,25.677087783813477,26.16497802734375,26.852365493774414,28.523422241210938
23.087221145629883,23.669124603271484,24.130695343017578,24.519975662231445,24.8964900970459,25.28326988220215,25.697233200073242,26.163270950317383,26.792644500732422,28.431108474731445
23.094459533691406,23.659448623657227,24.11048126220703,24.494831085205078,24.870986938476562,25.23906135559082,25.63974952697754,26.116579055786133,26.746185302734375,28.598623275756836
22.952571868896484,23.58578872680664,24.107118606567383,24.57396125793457,24.999814987182617,25.4332332611084,25.87581443786621,26.38232421875,27.00681495666504,28.71758460998535
23.097030639648438,23.69145965576172,24.133289337158203,24.525527954101562,24.90326499938965,25.276273727416992,25.69471549987793,26.169527053833008,26.782535552978516,28.451704025268555
23.096927642822266,23.69831657409668,24.15236473083496,24.55123519897461,24.925796508789062,25.314010620117188,25.71918487548828,26.18304443359375,26.808300018310547,28.391469955444336
23.094228744506836,23.666484832763672,24.114377975463867,24.50469398498535,24.868000030517578,25.25138282775879,25.655054092407227,26.121591567993164,26.731281280517578,28.464723587036133
23.02991485595703,23.657869338989258,24.126953125,24.551298141479492,24.933256149291992,25.323486328125,25.741043090820312,26.21982765197754,26.85012435913086,28.380722045898438
23.082292556762695,23.688711166381836,24.14093589782715,24.554914474487305,24.934072494506836,25.329708099365234,25.766830444335938,26.24921226501465,26.910614013671875,28.625858306884766
23.08302116394043,23.659317016601562,24.11610984802246,24.507373809814453,24.881105422973633,25.269174575805664,25.679433822631836,26.159908294677734,26.758377075195312,28.388301849365234
23.094694137573242,23.690046310424805,24.157880783081055,24.550445556640625,24.916297912597656,25.29100799560547,25.68783187866211,26.161359786987305,26.762327194213867,28.524730682373047
23.07851219177246,23.68276023864746,24.14098358154297,24.541431427001953,24.9295597076416,25.315664291381836,25.74623680114746,26.23907470703125,26.899919509887695,28.57164764404297
23.045316696166992,23.652650833129883,24.140342712402344,24.549781799316406,24.94488525390625,25.33619499206543,25.750869750976562,26.235057830810547,26.87098503112793,28.666553497314453
23.076210021972656,23.671619415283203,24.14838409423828,24.549846649169922,24.94332504272461,25.330223083496094,25.74471092224121,26.20844078063965,26.836240768432617,28.501583099365234
23.088863372802734,23.67814826965332,24.15863609313965,24.56037139892578,24.946796417236328,25.34482765197754,25.755035400390625,26.230127334594727,26.838699340820312,28.565820693969727
23.088653564453125,23.675771713256836,24.119781494140625,24.50354766845703,24.884998321533203,25.250627517700195,25.666065216064453,26.145217895507812,26.751188278198242,28.50258445739746
23.03947639465332,23.653608322143555,24.133562088012695,24.54851722717285,24.942855834960938,25.349348068237305,25.783355712890625,26.284305572509766,26.940349578857422,28.66286277770996
23.075881958007812,23.659770965576172,24.106225967407227,24.513063430786133,24.894500732421875,25.294618606567383,25.71765899658203,26.202905654907227,26.865835189819336,28.57552146911621
23.049697875976562,23.648744583129883,24.107091903686523,24.517860412597656,24.8952693939209,25.290252685546875,25.694074630737305,26.191577911376953,26.854372024536133,28.58111572265625
23.083114624023438,23.663846969604492,24.11225128173828,24.502784729003906,24.866392135620117,25.237119674682617,25.627132415771484,26.078590393066406,26.67176628112793,28.445636749267578
23.041292190551758,23.658287048339844,24.147241592407227,24.57389259338379,24.98145294189453,25.38808822631836,25.830957412719727,26.330007553100586,26.969797134399414,28.499343872070312
23.064863204956055,23.667810440063477,24.139616012573242,24.53681182861328,24.92390251159668,25.32807159423828,25.754390716552734,26.255653381347656,26.896045684814453,28.535526275634766
23.015390396118164,23.637502670288086,24.134916305541992,24.549657821655273,24.947757720947266,25.344863891601562,25.763648986816406,26.249969482421875,26.882116317749023,28.701522827148438
23.065561294555664,23.672889709472656,24.136863708496094,24.542949676513672,24.928251266479492,25.320693969726562,25.735536575317383,26.229265213012695,26.88823699951172,28.574886322021484
22.916088104248047,23.554288864135742,24.054222106933594,24.509550094604492,24.934463500976562,25.345373153686523,25.792490005493164,26.301162719726562,26.953821182250977,28.609224319458008
23.08769989013672,23.68560028076172,24.14369010925293,24.54010581970215,24.91958999633789,25.310958862304688,25.72696304321289,26.20838737487793,26.818326950073242,28.574310302734375
23.095712661743164,23.682708740234375,24.145675659179688,24.534635543823242,24.91783905029297,25.299606323242188,25.70436668395996,26.166362762451172,26.76551055908203,28.377946853637695
23.069570541381836,23.67268943786621,24.14118194580078,24.55813980102539,24.952938079833984,25.335668563842773,25.756961822509766,26.224159240722656,26.82505226135254,28.469985961914062
22.945249557495117,23.592491149902344,24.118471145629883,24.57480239868164,25.004501342773438,25.430286407470703,25.875511169433594,26.383617401123047,27.003856658935547,28.729761123657227
23.088640213012695,23.66484832763672,24.121089935302734,24.510665893554688,24.883041381835938,25.279193878173828,25.690418243408203,26.177261352539062,26.828582763671875,28.46353530883789
23.01934051513672,23.627988815307617,24.114004135131836,24.520139694213867,24.913623809814453,25.312217712402344,25.73126220703125,26.217565536499023,26.871938705444336,28.56847381591797
23.078567504882812,23.654233932495117,24.087188720703125,24.47547149658203,24.84164047241211,25.219078063964844,25.646289825439453,26.137542724609375,26.763437271118164,28.45343017578125
22.764312744140625,23.440954208374023,23.99321174621582,24.507661819458008,24.99073028564453,25.468284606933594,25.954233169555664,26.480100631713867,27.151601791381836,28.841325759887695
23.07598876953125,23.675466537475586,24.133625030517578,24.526426315307617,24.90711212158203,25.303647994995117,25.722326278686523,26.196712493896484,26.861156463623047,28.60442543029785
23.04559326171875,23.663331985473633,24.131916046142578,24.5455265045166,24.934295654296875,25.33421516418457,25.7580509185791,26.221948623657227,26.860200881958008,28.537811279296875
22.970033645629883,23.614023208618164,24.116491317749023,24.548656463623047,24.97987937927246,25.377573013305664,25.83063316345215,26.338481903076172,27.015531539916992,28.663509368896484
23.022512435913086,23.636472702026367,24.116106033325195,24.54900550842285,24.957326889038086,25.37200164794922,25.824172973632812,26.322938919067383,26.952423095703125,28.638402938842773
23.030534744262695,23.648616790771484,24.14057731628418,24.567991256713867,24.97372055053711,25.381317138671875,25.816675186157227,26.31281089782715,26.981548309326172,28.69905662536621
23.083433151245117,23.66427230834961,24.09756851196289,24.47693634033203,24.847013473510742,25.230438232421875,25.623069763183594,26.09360694885254,26.719005584716797,28.48838996887207
23.039581298828125,23.652618408203125,24.1311092376709,24.550186157226562,24.94218635559082,25.34638786315918,25.76837730407715,26.27097511291504,26.923357009887695,28.6433162689209
23.05394172668457,23.654891967773438,24.10866355895996,24.510540008544922,24.895692825317383,25.27454948425293,25.690837860107422,26.147579193115234,26.754405975341797,28.423877716064453
23.1293888092041,23.67681121826172,24.11422348022461,24.492713928222656,24.860158920288086,25.23060417175293,25.63045883178711,26.097543716430664,26.705291748046875,28.35146141052246
23.078798294067383,23.685787200927734,24.163402557373047,24.561994552612305,24.950929641723633,25.339982986450195,25.75090217590332,26.23008155822754,26.8442325592041,28.603797912597656
23.08672332763672,23.701993942260742,24.159372329711914,24.566646575927734,24.959274291992188,25.344547271728516,25.761056900024414,26.234378814697266,26.85992431640625,28.415746688842773
23.04449462890625,23.654003143310547,24.123210906982422,24.53449058532715,24.929092407226562,25.31675148010254,25.735179901123047,26.212718963623047,26.83601188659668,28.466156005859375
23.076574325561523,23.680660247802734,24.15581512451172,24.571395874023438,24.95348358154297,25.354455947875977,25.760862350463867,26.246292114257812,26.87583351135254,28.422895431518555
23.03583335876465,23.652193069458008,24.12628746032715,24.54971694946289,24.95709800720215,25.345598220825195,25.77813148498535,26.25331687927246,26.88778305053711,28.506092071533203
23.02463722229004,23.666154861450195,24.15399932861328,24.57529067993164,24.97698402404785,25.374225616455078,25.791698455810547,26.277576446533203,26.937522888183594,28.80069923400879
23.069297790527344,23.675209045410156,24.133087158203125,24.51874542236328,24.907617568969727,25.28912925720215,25.71053695678711,26.200159072875977,26.821218490600586,28.501508712768555
23.09343719482422,23.678205490112305,24.14293670654297,24.540693283081055,24.92544937133789,25.313196182250977,25.725589752197266,26.19392967224121,26.822093963623047,28.579551696777344
23.12581443786621,23.690916061401367,24.156213760375977,24.54734230041504,24.920875549316406,25.304746627807617,25.723094940185547,26.190767288208008,26.821821212768555,28.409053802490234
23.076906204223633,23.68171501159668,24.12917709350586,24.52130699157715,24.908658981323242,25.29106903076172,25.693239212036133,26.17377471923828,26.78556251525879,28.533172607421875
23.055252075195312,23.665727615356445,24.159509658813477,24.574148178100586,24.97478675842285,25.37822723388672,25.807954788208008,26.31022071838379,26.94815444946289,28.661788940429688
23.06785774230957,23.664432525634766,24.113632202148438,24.52324676513672,24.89832305908203,25.296123504638672,25.71150016784668,26.183685302734375,26.827911376953125,28.425434112548828
23.062105178833008,23.672409057617188,24.14313316345215,24.543399810791016,24.935882568359375,25.322887420654297,25.742435455322266,26.21541976928711,26.84345054626465,28.591737747192383
23.086177825927734,23.66530990600586,24.116214752197266,24.514263153076172,24.893827438354492,25.266191482543945,25.675857543945312,26.153045654296875,26.755388259887695,28.44342041015625
23.065935134887695,23.667631149291992,24.12542724609375,24.52397918701172,24.92042350769043,25.30776023864746,25.739086151123047,26.234872817993164,26.91645050048828,28.604106903076172
23.012542724609375,23.64955711364746,24.129146575927734,24.558605194091797,24.954648971557617,25.342199325561523,25.784238815307617,26.278644561767578,26.907817840576172,28.541213989257812
23.080543518066406,23.688980102539062,24.143171310424805,24.551483154296875,24.939498901367188,25.32790184020996,25.747602462768555,26.215267181396484,26.861669540405273,28.56865692138672
23.05286407470703,23.63387107849121,24.093528747558594,24.491960525512695,24.87417984008789,25.257732391357422,25.67147445678711,26.16461181640625,26.786449432373047,28.468982696533203
23.08103370666504,23.66892433166504,24.13473892211914,24.536514282226562,24.928054809570312,25.32664680480957,25.743520736694336,26.22686767578125,26.85460662841797,28.521703720092773
23.06734848022461,23.677021026611328,24.138765335083008,24.556739807128906,24.949810028076172,25.353866577148438,25.766563415527344,26.280317306518555,26.921010971069336,28.716346740722656
23.062280654907227,23.672014236450195,24.1518497467041,24.55205535888672,24.943944931030273,25.341087341308594,25.765533447265625,26.26495361328125,26.899539947509766,28.60817527770996
23.079923629760742,23.674728393554688,24.107263565063477,24.498432159423828,24.87948989868164,25.259788513183594,25.674354553222656,26.15169906616211,26.766889572143555,28.42931365966797
23.05242347717285,23.659107208251953,24.120338439941406,24.513696670532227,24.886913299560547,25.27338981628418,25.697158813476562,26.184432983398438,26.811674118041992,28.457496643066406
22.98735237121582,23.64472198486328,24.142309188842773,24.581329345703125,25.00124740600586,25.4124813079834,25.835222244262695,26.296371459960938,26.90632438659668,28.524744033813477
22.98137855529785,23.627689361572266,24.14200782775879,24.594310760498047,25.015239715576172,25.434690475463867,25.86682891845703,26.363643646240234,26.97547149658203,28.61943817138672
23.085620880126953,23.692773818969727,24.185150146484375,24.599096298217773,24.99102210998535,25.396316528320312,25.818164825439453,26.303722381591797,26.935503005981445,28.62822914123535
23.07924461364746,23.665529251098633,24.114784240722656,24.512649536132812,24.896230697631836,25.289573669433594,25.692785263061523,26.17424201965332,26.77975845336914,28.508047103881836
23.064546585083008,23.685304641723633,24.172534942626953,24.579282760620117,24.976533889770508,25.376420974731445,25.81090545654297,26.300533294677734,26.93536949157715,28.519277572631836
23.05312156677246,23.70050621032715,24.181419372558594,24.60346794128418,24.989315032958984,25.396648406982422,25.79800796508789,26.276987075805664,26.862106323242188,28.438520431518555
23.075916290283203,23.67379379272461,24.1358585357666,24.533451080322266,24.92510414123535,25.3147029876709,25.744199752807617,26.224756240844727,26.854921340942383,28.543066024780273
23.06314468383789,23.667465209960938,24.150184631347656,24.556781768798828,24.952821731567383,25.349172592163086,25.767948150634766,26.256786346435547,26.89211654663086,28.651840209960938
23.114110946655273,23.688383102416992,24.141643524169922,24.532577514648438,24.906099319458008,25.27811050415039,25.6994571685791,26.154577255249023,26.76759910583496,28.357187271118164
23.0094051361084,23.635324478149414,24.10771942138672,24.528226852416992,24.928613662719727,25.32541847229004,25.762298583984375,26.263748168945312,26.888525009155273,28.59332275390625
23.115421295166016,23.707189559936523,24.147520065307617,24.533124923706055,24.907102584838867,25.282100677490234,25.692800521850586,26.18253517150879,26.835243225097656,28.555423736572266
23.114948272705078,23.690025329589844,24.13922691345215,24.530702590942383,24.89815902709961,25.266891479492188,25.679611206054688,26.1403865814209,26.759735107421875,28.290424346923828
23.033126831054688,23.654552459716797,24.136890411376953,24.55095863342285,24.953998565673828,25.360675811767578,25.79802894592285,26.30998420715332,26.979372024536133,28.53740692138672
23.02416229248047,23.61964988708496,24.094125747680664,24.514785766601562,24.909509658813477,25.30428695678711,25.72175407409668,26.198795318603516,26.80769920349121,28.496875762939453
23.021203994750977,23.64236831665039,24.11788558959961,24.540369033813477,24.933515548706055,25.330339431762695,25.767372131347656,26.250194549560547,26.902061462402344,28.607534408569336
23.087982177734375,23.670169830322266,24.114377975463867,24.503910064697266,24.89276885986328,25.282426834106445,25.69595718383789,26.155290603637695,26.764680862426758,28.429733276367188
23.088029861450195,23.671844482421875,24.119977951049805,24.51199722290039,24.899429321289062,25.279823303222656,25.6906795501709,26.152196884155273,26.77384376525879,28.43326759338379
23.09587860107422,23.6666202545166,24.125492095947266,24.518783569335938,24.901691436767578,25.278839111328125,25.683643341064453,26.16102409362793,26.783981323242188,28.495540618896484
23.104202270507812,23.693708419799805,24.158803939819336,24.555967330932617,24.926088333129883,25.308151245117188,25.72225570678711,26.207258224487305,26.85504150390625,28.490299224853516
23.03889274597168,23.677902221679688,24.165569305419922,24.58049964904785,24.987873077392578,25.395469665527344,25.822391510009766,26.32019805908203,26.970977783203125,28.659271240234375
23.052751541137695,23.669918060302734,24.167404174804688,24.58999252319336,24.99860382080078,25.412084579467773,25.835729598999023,26.328582763671875,26.966903686523438,28.60711669921875
22.926782608032227,23.56830596923828,24.094158172607422,24.553665161132812,24.970861434936523,25.397916793823242,25.86029052734375,26.343820571899414,27.007030487060547,28.667354583740234
23.096040725708008,23.680206298828125,24.12175750732422,24.521774291992188,24.898090362548828,25.290536880493164,25.69521141052246,26.190523147583008,26.864261627197266,28.486812591552734
23.07086181640625,23.660898208618164,24.10971450805664,24.518543243408203,24.8945369720459,25.289581298828125,25.698959350585938,26.183610916137695,26.785076141357422,28.546236038208008
23.057477951049805,23.65888214111328,24.11632537841797,24.515857696533203,24.904556274414062,25.291332244873047,25.69317054748535,26.15411376953125,26.754348754882812,28.396982192993164
23.0533390045166,23.641815185546875,24.138578414916992,24.551042556762695,24.945484161376953,25.35203742980957,25.78426170349121,26.272390365600586,26.92934226989746,28.637475967407227
23.076189041137695,23.687673568725586,24.163463592529297,24.567110061645508,24.953466415405273,25.353431701660156,25.774564743041992,26.268598556518555,26.88343620300293,28.529102325439453
23.057462692260742,23.6622257232666,24.139989852905273,24.546709060668945,24.941884994506836,25.337480545043945,25.755962371826172,26.241790771484375,26.859859466552734,28.592403411865234
23.091339111328125,23.713119506835938,24.156341552734375,24.567092895507812,24.94735336303711,25.32678985595703,25.72466468811035,26.184350967407227,26.77029037475586,28.53580093383789
23.053773880004883,23.65976905822754,24.122411727905273,24.521352767944336,24.916271209716797,25.301000595092773,25.73252296447754,26.202939987182617,26.865272521972656,28.53168487548828
23.06301498413086,23.655088424682617,24.115371704101562,24.510498046875,24.88047218322754,25.269508361816406,25.682416915893555,26.173664093017578,26.800247192382812,28.4436092376709
23.07487678527832,23.680500030517578,24.157594680786133,24.567001342773438,24.951866149902344,25.364444732666016,25.793411254882812,26.271636962890625,26.916622161865234,28.4980411529541
23.093477249145508,23.697282791137695,24.145139694213867,24.56124496459961,24.943174362182617,25.34214210510254,25.771610260009766,26.27288246154785,26.910762786865234,28.663467407226562
22.901817321777344,23.553977966308594,24.06279945373535,24.526491165161133,24.945085525512695,25.379905700683594,25.835542678833008,26.361181259155273,27.025981903076172,28.76336097717285
23.12852668762207,23.694486618041992,24.144617080688477,24.527925491333008,24.90874671936035,25.279396057128906,25.68474769592285,26.156091690063477,26.780017852783203,28.43003273010254
23.09101676940918,23.670818328857422,24.115055084228516,24.513275146484375,24.891788482666016,25.288982391357422,25.70429229736328,26.190767288208008,26.842239379882812,28.482925415039062
23.109386444091797,23.702560424804688,24.162242889404297,24.550613403320312,24.924894332885742,25.29792022705078,25.693578720092773,26.1611270904541,26.751956939697266,28.434478759765625
23.132478713989258,23.717947006225586,24.177698135375977,24.56372833251953,24.94223403930664,25.317943572998047,25.71282958984375,26.171201705932617,26.76580810546875,28.43814468383789
23.061416625976562,23.68109893798828,24.15430450439453,24.556533813476562,24.948749542236328,25.348371505737305,25.774948120117188,26.268695831298828,26.886953353881836,28.57248306274414
23.11195945739746,23.68636131286621,24.13658332824707,24.5347843170166,24.917009353637695,25.29431915283203,25.691635131835938,26.177932739257812,26.811771392822266,28.44415283203125
23.079666137695312,23.696474075317383,24.15329360961914,24.55303192138672,24.935333251953125,25.333402633666992,25.753026962280273,26.229244232177734,26.84296417236328,28.481098175048828
23.03131103515625,23.64000129699707,24.09735870361328,24.499853134155273,24.891958236694336,25.282470703125,25.706207275390625,26.19955062866211,26.89339256286621,28.588125228881836
23.08420753479004,23.697032928466797,24.146448135375977,24.542985916137695,24.926471710205078,25.313955307006836,25.736583709716797,26.200286865234375,26.819303512573242,28.61002540588379
23.083084106445312,23.694849014282227,24.15666389465332,24.554338455200195,24.945592880249023,25.327051162719727,25.745479583740234,26.243282318115234,26.873729705810547,28.585996627807617
23.084980010986328,23.68684196472168,24.134937286376953,24.532432556152344,24.939178466796875,25.336118698120117,25.757524490356445,26.25035858154297,26.892404556274414,28.589693069458008
23.013717651367188,23.645450592041016,24.126710891723633,24.552204132080078,24.964094161987305,25.377464294433594,25.81825065612793,26.329496383666992,26.961843490600586,28.547943115234375
23.010175704956055,23.6350154876709,24.122529983520508,24.550457000732422,24.953807830810547,25.355131149291992,25.772586822509766,26.257606506347656,26.894622802734375,28.56536293029785
23.090824127197266,23.69982147216797,24.174070358276367,24.570892333984375,24.95990753173828,25.352645874023438,25.77394676208496,26.274446487426758,26.914318084716797,28.636194229125977
23.044727325439453,23.6594181060791,24.15555191040039,24.562406539916992,24.970619201660156,25.382047653198242,25.810199737548828,26.30967903137207,26.962554931640625,28.67019271850586
23.084070205688477,23.691410064697266,24.137144088745117,24.546266555786133,24.926658630371094,25.311851501464844,25.75183868408203,26.23736000061035,26.904447555541992,28.559375762939453
23.005674362182617,23.637691497802734,24.143173217773438,24.56484031677246,24.96959114074707,25.370954513549805,25.796640396118164,26.275714874267578,26.90582275390625,28.605581283569336
23.054595947265625,23.672077178955078,24.148826599121094,24.567636489868164,24.964191436767578,25.377370834350586,25.808855056762695,26.29999542236328,26.93926429748535,28.623384475708008
23.05845069885254,23.674413681030273,24.139408111572266,24.542524337768555,24.94615936279297,25.32533836364746,25.745004653930664,26.22345542907715,26.88127326965332,28.45245933532715
23.065479278564453,23.633752822875977,24.103235244750977,24.501726150512695,24.875802993774414,25.27336311340332,25.698938369750977,26.191438674926758,26.816370010375977,28.467330932617188
23.00861167907715,23.647300720214844,24.117958068847656,24.522743225097656,24.921964645385742,25.32565689086914,25.75510025024414,26.234262466430664,26.917083740234375,28.70861053466797
22.981407165527344,23.630382537841797,24.13306427001953,24.586149215698242,25.001298904418945,25.4240779876709,25.8644962310791,26.361215591430664,26.99813461303711,28.71881675720215
23.087919235229492,23.678991317749023,24.145126342773438,24.552452087402344,24.94325828552246,25.337188720703125,25.761598587036133,26.254064559936523,26.882959365844727,28.5590763092041
23.086156845092773,23.69578742980957,24.175331115722656,24.574710845947266,24.962209701538086,25.35199737548828,25.76581382751465,26.254919052124023,26.893178939819336,28.618972778320312
23.096965789794922,23.699289321899414,24.178571701049805,24.579238891601562,24.966562271118164,25.349706649780273,25.778982162475586,26.24897003173828,26.85753631591797,28.427133560180664
23.077346801757812,23.702489852905273,24.178482055664062,24.592281341552734,24.988542556762695,25.374284744262695,25.796701431274414,26.263166427612305,26.886825561523438,28.47356605529785
23.02737045288086,23.630401611328125,24.116809844970703,24.542797088623047,24.941423416137695,25.33414077758789,25.770910263061523,26.249902725219727,26.87826156616211,28.59128761291504
23.084035873413086,23.691688537597656,24.156463623046875,24.568010330200195,24.952922821044922,25.341365814208984,25.77243423461914,26.256881713867188,26.87990951538086,28.54852867126465
23.06199836730957,23.67988395690918,24.13266944885254,24.548912048339844,24.932710647583008,25.305545806884766,25.72301483154297,26.20427894592285,26.836523056030273,28.46775245666504
23.066614151000977,23.677812576293945,24.13787078857422,24.544797897338867,24.932445526123047,25.319202423095703,25.729650497436523,26.217296600341797,26.81969451904297,28.450542449951172
23.092863082885742,23.69005584716797,24.149837493896484,24.54485511779785,24.92954444885254,25.307167053222656,25.709142684936523,26.169204711914062,26.779067993164062,28.534509658813477
23.04068946838379,23.645540237426758,24.130651473999023,24.546096801757812,24.94529914855957,25.33977699279785,25.749343872070312,26.254154205322266,26.862815856933594,28.57221031188965
23.09803009033203,23.69040870666504,24.138696670532227,24.53425407409668,24.90713119506836,25.295225143432617,25.700265884399414,26.1655330657959,26.7917423248291,28.485509872436523
23.061656951904297,23.665868759155273,24.14791488647461,24.55553436279297,24.9515323638916,25.35036849975586,25.77433967590332,26.262786865234375,26.8696346282959,28.58783721923828
23.101743698120117,23.692764282226562,24.129798889160156,24.522048950195312,24.8834171295166,25.270009994506836,25.685791015625,26.171783447265625,26.812026977539062,28.431039810180664
23.07585334777832,23.654279708862305,24.104169845581055,24.50772476196289,24.869325637817383,25.261150360107422,25.669815063476562,26.167028427124023,26.8266658782959,28.518651962280273
22.999252319335938,23.603282928466797,24.091657638549805,24.519193649291992,24.922256469726562,25.320850372314453,25.747915267944336,26.2485294342041,26.884662628173828,28.618526458740234
23.037914276123047,23.64105796813965,24.103290557861328,24.50997543334961,24.8854923248291,25.265846252441406,25.673831939697266,26.142452239990234,26.77378273010254,28.525819778442383
22.947479248046875,23.605121612548828,24.098299026489258,24.54083251953125,24.942825317382812,25.366680145263672,25.783611297607422,26.300064086914062,26.9570369720459,28.586307525634766
23.104385375976562,23.679515838623047,24.118104934692383,24.50983428955078,24.878952026367188,25.25299072265625,25.66442108154297,26.137989044189453,26.754106521606445,28.46232032775879
23.063961029052734,23.68655014038086,24.170976638793945,24.57097816467285,24.96025848388672,25.34952735900879,25.771528244018555,26.258459091186523,26.91100311279297,28.608917236328125
23.101408004760742,23.692073822021484,24.15367889404297,24.543670654296875,24.919248580932617,25.302688598632812,25.717002868652344,26.19220542907715,26.84502410888672,28.50018882751465
23.059959411621094,23.665267944335938,24.134183883666992,24.55571746826172,24.94396209716797,25.323259353637695,25.733478546142578,26.194639205932617,26.830001831054688,28.482948303222656
23.056894302368164,23.664560317993164,24.14218521118164,24.53969955444336,24.929439544677734,25.321928024291992,25.744380950927734,26.247764587402344,26.920351028442383,28.723718643188477
23.013641357421875,23.658578872680664,24.13558006286621,24.569673538208008,24.962379455566406,25.36802101135254,25.78142738342285,26.262086868286133,26.850330352783203,28.476720809936523
23.013885498046875,23.62558937072754,24.106698989868164,24.534456253051758,24.921201705932617,25.31022071838379,25.725631713867188,26.21526527404785,26.858736038208008,28.535564422607422
23.103736877441406,23.69989776611328,24.1721248626709,24.57436752319336,24.953702926635742,25.347423553466797,25.769332885742188,26.23081398010254,26.849451065063477,28.525972366333008
23.070117950439453,23.677127838134766,24.15146255493164,24.55861473083496,24.946517944335938,25.34588050842285,25.772411346435547,26.2568359375,26.893112182617188,28.58856964111328
23.01578140258789,23.63584327697754,24.126502990722656,24.554319381713867,24.966819763183594,25.375782012939453,25.81170654296875,26.315872192382812,26.937379837036133,28.592605590820312
23.078641891479492,23.675722122192383,24.140640258789062,24.539623260498047,24.914926528930664,25.302305221557617,25.7119083404541,26.209346771240234,26.84575843811035,28.573871612548828
23.134532928466797,23.682390213012695,24.106727600097656,24.485498428344727,24.843753814697266,25.215682983398438,25.604663848876953,26.069507598876953,26.68011474609375,28.377408981323242
23.07866668701172,23.687206268310547,24.13629722595215,24.548023223876953,24.9267635345459,25.31682777404785,25.738433837890625,26.208324432373047,26.83997344970703,28.54357147216797
23.074527740478516,23.675918579101562,24.143131256103516,24.54889488220215,24.94293212890625,25.3618106842041,25.772964477539062,26.274337768554688,26.917457580566406,28.503780364990234
23.09531593322754,23.683673858642578,24.14840316772461,24.54121208190918,24.925865173339844,25.30796241760254,25.714893341064453,26.185989379882812,26.791654586791992,28.533443450927734
23.09421730041504,23.686784744262695,24.129968643188477,24.537397384643555,24.925657272338867,25.304367065429688,25.728429794311523,26.18752670288086,26.778173446655273,28.472015380859375
23.083877563476562,23.662437438964844,24.118331909179688,24.52080535888672,24.90462875366211,25.286012649536133,25.687856674194336,26.169124603271484,26.771955490112305,28.482295989990234
23.05608367919922,23.65707015991211,24.116382598876953,24.530731201171875,24.92080307006836,25.308732986450195,25.72767448425293,26.221935272216797,26.873315811157227,28.64922523498535
23.062911987304688,23.664066314697266,24.129039764404297,24.53431510925293,24.930559158325195,25.327190399169922,25.762956619262695,26.265239715576172,26.924365997314453,28.648941040039062
23.052703857421875,23.67546272277832,24.149585723876953,24.543441772460938,24.927631378173828,25.323795318603516,25.743860244750977,26.234880447387695,26.843229293823242,28.499298095703125
23.062984466552734,23.645524978637695,24.099380493164062,24.514318466186523,24.90140151977539,25.297178268432617,25.727493286132812,26.20905113220215,26.8532657623291,28.53493309020996
22.941646575927734,23.584352493286133,24.11312484741211,24.564659118652344,24.97671890258789,25.404094696044922,25.86122703552246,26.38482093811035,27.043598175048828,28.721323013305664
23.110061645507812,23.70234489440918,24.155155181884766,24.55072784423828,24.930221557617188,25.30474090576172,25.711122512817383,26.17609214782715,26.764684677124023,28.267719268798828
23.017139434814453,23.62873077392578,24.142253875732422,24.563522338867188,24.98061752319336,25.382728576660156,25.811416625976562,26.31697654724121,26.925180435180664,28.61023712158203
23.10986328125,23.688825607299805,24.147748947143555,24.541799545288086,24.930450439453125,25.316801071166992,25.721158981323242,26.186079025268555,26.78982162475586,28.578475952148438
23.05316925048828,23.67574691772461,24.14251136779785,24.552236557006836,24.94109535217285,25.34990119934082,25.77459716796875,26.265634536743164,26.931772232055664,28.633506774902344
23.031770706176758,23.675861358642578,24.17789077758789,24.623178482055664,25.037322998046875,25.445920944213867,25.892623901367188,26.388460159301758,27.02680015563965,28.698453903198242
23.059864044189453,23.693187713623047,24.174766540527344,24.59286880493164,24.990440368652344,25.39495277404785,25.801883697509766,26.281646728515625,26.89154815673828,28.559886932373047
23.06700325012207,23.654104232788086,24.120866775512695,24.5264835357666,24.90886688232422,25.301488876342773,25.72015953063965,26.20505714416504,26.826629638671875,28.539886474609375
23.053205490112305,23.67629051208496,24.139427185058594,24.529802322387695,24.935985565185547,25.31968879699707,25.75555992126465,26.236351013183594,26.866493225097656,28.478839874267578
23.029571533203125,23.648361206054688,24.138547897338867,24.564239501953125,24.958993911743164,25.356475830078125,25.782222747802734,26.261877059936523,26.89523696899414,28.472450256347656
23.064462661743164,23.673519134521484,24.151853561401367,24.568328857421875,24.975072860717773,25.37409210205078,25.78903579711914,26.289012908935547,26.907699584960938,28.522798538208008
23.121173858642578,23.692455291748047,24.140993118286133,24.538625717163086,24.915761947631836,25.28815269470215,25.689617156982422,26.153356552124023,26.75941276550293,28.42149543762207
23.086008071899414,23.67571449279785,24.117063522338867,24.519166946411133,24.898530960083008,25.275442123413086,25.699920654296875,26.174907684326172,26.78094482421875,28.50643539428711
23.018306732177734,23.649730682373047,24.162399291992188,24.594058990478516,25.00946617126465,25.423912048339844,25.85680389404297,26.35489273071289,26.984455108642578,28.65540885925293
23.0944766998291,23.685501098632812,24.151325225830078,24.551000595092773,24.940711975097656,25.318878173828125,25.74285888671875,26.216102600097656,26.856468200683594,28.49518394470215
23.09874725341797,23.701627731323242,24.166818618774414,24.564937591552734,24.950450897216797,25.326507568359375,25.730518341064453,26.195816040039062,26.813385009765625,28.516183853149414
23.073015213012695,23.665063858032227,24.131193161010742,24.525039672851562,24.901321411132812,25.286556243896484,25.71034812927246,26.18939971923828,26.800704956054688,28.485321044921875
23.09629249572754,23.68564224243164,24.149765014648438,24.53993034362793,24.921981811523438,25.30553436279297,25.725086212158203,26.21394157409668,26.841182708740234,28.400484085083008
23.070680618286133,23.65131950378418,24.114961624145508,24.5251522064209,24.91609001159668,25.312725067138672,25.74074363708496,26.218191146850586,26.824600219726562,28.417728424072266
23.10237693786621,23.677011489868164,24.138402938842773,24.537914276123047,24.903728485107422,25.288835525512695,25.703088760375977,26.19016456604004,26.81760025024414,28.642696380615234
23.019332885742188,23.64514923095703,24.14854621887207,24.57398796081543,24.967329025268555,25.37417984008789,25.81097412109375,26.317541122436523,26.952436447143555,28.716026306152344
23.053546905517578,23.672595977783203,24.150171279907227,24.567394256591797,24.969053268432617,25.35416603088379,25.779769897460938,26.272506713867188,26.87217903137207,28.5065860748291
23.059350967407227,23.680709838867188,24.136581420898438,24.534950256347656,24.922672271728516,25.304359436035156,25.710411071777344,26.18276023864746,26.80983543395996,28.572595596313477
23.089256286621094,23.684127807617188,24.14484214782715,24.532333374023438,24.909255981445312,25.284343719482422,25.689605712890625,26.16397476196289,26.782926559448242,28.513355255126953
22.913856506347656,23.569595336914062,24.097610473632812,24.581188201904297,25.014141082763672,25.46693992614746,25.93540382385254,26.466751098632812,27.126802444458008,28.687191009521484
23.081565856933594,23.672439575195312,24.128128051757812,24.51481056213379,24.890642166137695,25.27667236328125,25.678922653198242,26.137727737426758,26.74958610534668,28.392948150634766
23.132423400878906,23.710725784301758,24.14897918701172,24.53611946105957,24.907730102539062,25.278839111328125,25.67356300354004,26.143264770507812,26.749223709106445,28.434799194335938
23.091976165771484,23.67277717590332,24.11648941040039,24.501190185546875,24.871292114257812,25.255794525146484,25.665319442749023,26.144439697265625,26.76584243774414,28.327667236328125
23.094297409057617,23.687349319458008,24.151031494140625,24.54798126220703,24.931196212768555,25.311025619506836,25.730968475341797,26.217544555664062,26.848876953125,28.527624130249023
23.093055725097656,23.676612854003906,24.130037307739258,24.521024703979492,24.893259048461914,25.27618408203125,25.691926956176758,26.173925399780273,26.816085815429688,28.554622650146484
23.020404815673828,23.656246185302734,24.15020751953125,24.573726654052734,24.984636306762695,25.384113311767578,25.81903076171875,26.318187713623047,26.958398818969727,28.668521881103516
22.976917266845703,23.606834411621094,24.087202072143555,24.51329803466797,24.91973304748535,25.327430725097656,25.76020050048828,26.247177124023438,26.88416862487793,28.549654006958008
23.06734848022461,23.683134078979492,24.14954376220703,24.550430297851562,24.939119338989258,25.315963745117188,25.738161087036133,26.209558486938477,26.81711196899414,28.509557723999023
23.094717025756836,23.68498420715332,24.151641845703125,24.542957305908203,24.922870635986328,25.2981014251709,25.696014404296875,26.161359786987305,26.774158477783203,28.609699249267578
23.042537689208984,23.649978637695312,24.130367279052734,24.551557540893555,24.930551528930664,25.323991775512695,25.743295669555664,26.22256851196289,26.83302879333496,28.411819458007812
23.04703140258789,23.684967041015625,24.15212059020996,24.566526412963867,24.959726333618164,25.34880828857422,25.771404266357422,26.250280380249023,26.883426666259766,28.57360076904297
23.061006546020508,23.704872131347656,24.170902252197266,24.599851608276367,24.980764389038086,25.378610610961914,25.78725242614746,26.259023666381836,26.905902862548828,28.60861587524414
23.076738357543945,23.677419662475586,24.126869201660156,24.528596878051758,24.91779327392578,25.309450149536133,25.711639404296875,26.181840896606445,26.77435874938965,28.401063919067383
23.092500686645508,23.679664611816406,24.134672164916992,24.524911880493164,24.910579681396484,25.304061889648438,25.724014282226562,26.21590232849121,26.877017974853516,28.516780853271484
23.112064361572266,23.69428253173828,24.134567260742188,24.523344039916992,24.905792236328125,25.270401000976562,25.662574768066406,26.127710342407227,26.727388381958008,28.411361694335938
22.89536476135254,23.54725456237793,24.048294067382812,24.509384155273438,24.947708129882812,25.377172470092773,25.849218368530273,26.364669799804688,27.031587600708008,28.718542098999023
23.12522315979004,23.719980239868164,24.176898956298828,24.560306549072266,24.93504524230957,25.314136505126953,25.721389770507812,26.191085815429688,26.805835723876953,28.431509017944336
22.950590133666992,23.59721565246582,24.10496711730957,24.55434226989746,24.97252655029297,25.394906997680664,25.81694793701172,26.310400009155273,26.966665267944336,28.629850387573242
23.108840942382812,23.681045532226562,24.13484764099121,24.5256290435791,24.91124725341797,25.294519424438477,25.7097225189209,26.206148147583008,26.86683464050293,28.637914657592773
23.088987350463867,23.680891036987305,24.130203247070312,24.529565811157227,24.91560173034668,25.29925537109375,25.711109161376953,26.179893493652344,26.802570343017578,28.54343605041504
23.01926040649414,23.63932228088379,24.13758087158203,24.55211639404297,24.953947067260742,25.36837387084961,25.800519943237305,26.30992889404297,26.968847274780273,28.663677215576172
23.06846046447754,23.68730354309082,24.161357879638672,24.57223892211914,24.956220626831055,25.349483489990234,25.760480880737305,26.242523193359375,26.89810562133789,28.63680648803711
22.996591567993164,23.66602325439453,24.153583526611328,24.590614318847656,24.993085861206055,25.395587921142578,25.818042755126953,26.31304168701172,26.93497085571289,28.616806030273438
23.0627384185791,23.671627044677734,24.12761116027832,24.527719497680664,24.91103172302246,25.291213989257812,25.693496704101562,26.168258666992188,26.79701042175293,28.49277687072754
23.072935104370117,23.684951782226562,24.153274536132812,24.557636260986328,24.94062042236328,25.335159301757812,25.74786376953125,26.215559005737305,26.852739334106445,28.52508544921875
23.015775680541992,23.633705139160156,24.12849998474121,24.593278884887695,25.015342712402344,25.436567306518555,25.86908721923828,26.368858337402344,27.024417877197266,28.76251792907715
23.029333114624023,23.656518936157227,24.131908416748047,24.547548294067383,24.971378326416016,25.373565673828125,25.815967559814453,26.329233169555664,26.991161346435547,28.849994659423828
23.078012466430664,23.679853439331055,24.13569450378418,24.541664123535156,24.934391021728516,25.32940673828125,25.762523651123047,26.250097274780273,26.883129119873047,28.570276260375977
23.066987991333008,23.661609649658203,24.140745162963867,24.55069351196289,24.94959831237793,25.350929260253906,25.77566146850586,26.26422119140625,26.876663208007812,28.6005859375
23.10030746459961,23.70720863342285,24.159015655517578,24.55300521850586,24.937047958374023,25.310117721557617,25.725032806396484,26.180517196655273,26.80478858947754,28.609683990478516
23.0379695892334,23.666824340820312,24.147464752197266,24.549654006958008,24.94180679321289,25.32362174987793,25.747241973876953,26.227577209472656,26.85820770263672,28.532333374023438
22.883567810058594,23.54360580444336,24.10045623779297,24.60027313232422,25.055959701538086,25.498031616210938,25.962940216064453,26.470346450805664,27.1081485748291,28.826997756958008
23.067344665527344,23.65769386291504,24.11867332458496,24.5247859954834,24.91356086730957,25.301511764526367,25.71691131591797,26.226280212402344,26.851497650146484,28.628206253051758
23.092960357666016,23.677371978759766,24.11457633972168,24.500699996948242,24.88146209716797,25.25383949279785,25.655614852905273,26.14193344116211,26.769437789916992,28.660242080688477
23.091594696044922,23.684282302856445,24.129146575927734,24.519859313964844,24.88652229309082,25.266735076904297,25.66685676574707,26.143423080444336,26.76209259033203,28.480300903320312
23.002391815185547,23.630556106567383,24.101686477661133,24.531917572021484,24.925657272338867,25.340106964111328,25.773366928100586,26.244966506958008,26.88019371032715,28.5749454498291
23.112659454345703,23.703594207763672,24.175113677978516,24.574703216552734,24.964784622192383,25.34864616394043,25.7661190032959,26.248111724853516,26.88430404663086,28.6018123626709
23.086322784423828,23.688417434692383,24.12907600402832,24.53667449951172,24.918020248413086,25.302021026611328,25.721683502197266,26.19842529296875,26.800045013427734,28.399734497070312
23.03116226196289,23.6542911529541,24.15549087524414,24.576194763183594,24.981529235839844,25.38555335998535,25.80605125427246,26.292373657226562,26.917715072631836,28.63145637512207
23.072683334350586,23.67487144470215,24.135868072509766,24.542970657348633,24.924057006835938,25.316999435424805,25.735448837280273,26.209232330322266,26.83626937866211,28.544330596923828
23.046977996826172,23.650772094726562,24.136505126953125,24.556259155273438,24.959060668945312,25.36793327331543,25.781835556030273,26.276073455810547,26.907243728637695,28.57444190979004
22.94208526611328,23.585538864135742,24.09796714782715,24.547008514404297,24.95221519470215,25.350149154663086,25.76474952697754,26.25115394592285,26.852203369140625,28.58567237854004
23.017356872558594,23.648399353027344,24.116878509521484,24.531156539916992,24.921802520751953,25.316816329956055,25.742237091064453,26.224241256713867,26.853906631469727,28.569421768188477
23.074960708618164,23.65961456298828,24.11780548095703,24.521459579467773,24.910507202148438,25.31332015991211,25.733795166015625,26.224090576171875,26.87708854675293,28.565933227539062
23.118276596069336,23.722806930541992,24.170578002929688,24.57034683227539,24.93996810913086,25.31920623779297,25.723426818847656,26.199127197265625,26.832828521728516,28.58414649963379
23.093069076538086,23.6878604888916,24.129064559936523,24.531936645507812,24.912784576416016,25.30040740966797,25.726675033569336,26.221282958984375,26.890771865844727,28.555002212524414
23.058269500732422,23.67326545715332,24.144325256347656,24.548030853271484,24.925039291381836,25.32278823852539,25.73025131225586,26.205751419067383,26.816635131835938,28.468141555786133
23.091320037841797,23.691556930541992,24.15343475341797,24.559141159057617,24.941434860229492,25.328746795654297,25.732248306274414,26.21126937866211,26.816471099853516,28.53228187561035
23.104324340820312,23.686298370361328,24.14430809020996,24.528573989868164,24.906700134277344,25.283788681030273,25.688535690307617,26.164653778076172,26.794095993041992,28.610809326171875
23.085676193237305,23.677993774414062,24.153526306152344,24.552635192871094,24.93467903137207,25.329164505004883,25.740076065063477,26.221805572509766,26.86922264099121,28.50843620300293
23.04841423034668,23.680423736572266,24.159893035888672,24.57946014404297,24.95953941345215,25.35960578918457,25.787235260009766,26.28433609008789,26.919466018676758,28.56513214111328
23.079069137573242,23.660261154174805,24.10776710510254,24.507383346557617,24.889760971069336,25.266613006591797,25.688730239868164,26.15760612487793,26.78183937072754,28.37166976928711
23.0470027923584,23.667083740234375,24.15174102783203,24.56678009033203,24.9577693939209,25.34310531616211,25.75730323791504,26.233755111694336,26.856121063232422,28.462955474853516
23.054697036743164,23.66181182861328,24.125524520874023,24.531869888305664,24.9180850982666,25.31538200378418,25.734760284423828,26.21826171875,26.859336853027344,28.490808486938477
23.045019149780273,23.66048812866211,24.125038146972656,24.537551879882812,24.93204689025879,25.316776275634766,25.729589462280273,26.20759391784668,26.779844284057617,28.528657913208008
23.03839874267578,23.667339324951172,24.143413543701172,24.553844451904297,24.94115447998047,25.32848358154297,25.74468231201172,26.22531509399414,26.86876106262207,28.546201705932617
23.064495086669922,23.68876838684082,24.17831802368164,24.59760856628418,24.996618270874023,25.3878116607666,25.803205490112305,26.28963851928711,26.917465209960938,28.594520568847656
22.909151077270508,23.575603485107422,24.076780319213867,24.55429458618164,24.9833927154541,25.424375534057617,25.869937896728516,26.37795066833496,27.052614212036133,28.67800521850586
23.061687469482422,23.66617774963379,24.13532829284668,24.52682113647461,24.909984588623047,25.292083740234375,25.702316284179688,26.178930282592773,26.784555435180664,28.577056884765625
23.036590576171875,23.684951782226562,24.156818389892578,24.57725715637207,24.979080200195312,25.385316848754883,25.81076431274414,26.301725387573242,26.92718505859375,28.53369140625
23.081504821777344,23.692312240600586,24.150999069213867,24.54490089416504,24.940893173217773,25.326393127441406,25.732189178466797,26.231929779052734,26.84003448486328,28.417171478271484
23.096607208251953,23.662330627441406,24.103593826293945,24.488340377807617,24.854978561401367,25.224384307861328,25.62632942199707,26.101335525512695,26.704133987426758,28.364994049072266
23.09099769592285,23.688751220703125,24.151382446289062,24.54970359802246,24.923099517822266,25.310178756713867,25.716161727905273,26.183767318725586,26.808605194091797,28.46790885925293
23.103700637817383,23.678462982177734,24.133386611938477,24.525005340576172,24.892436981201172,25.28083038330078,25.681303024291992,26.147380828857422,26.76164436340332,28.470335006713867
23.0595703125,23.686267852783203,24.167526245117188,24.57647132873535,24.95612907409668,25.342079162597656,25.75935935974121,26.2465763092041,26.869335174560547,28.526796340942383
23.097583770751953,23.703622817993164,24.171432495117188,24.57306671142578,24.96738624572754,25.347888946533203,25.764663696289062,26.25745391845703,26.891590118408203,28.61124610900879
23.10942840576172,23.68696403503418,24.13665199279785,24.536643981933594,24.914466857910156,25.287870407104492,25.691089630126953,26.156896591186523,26.77643394470215,28.462635040283203
23.084728240966797,23.660825729370117,24.098020553588867,24.48263168334961,24.851167678833008,25.224836349487305,25.62801742553711,26.086605072021484,26.705081939697266,28.42645835876465
23.048952102661133,23.663429260253906,24.155046463012695,24.565654754638672,24.962982177734375,25.360992431640625,25.77816390991211,26.262744903564453,26.878108978271484,28.602073669433594
23.094717025756836,23.68887710571289,24.136598587036133,24.525497436523438,24.90139389038086,25.28550148010254,25.71319007873535,26.181299209594727,26.807579040527344,28.516963958740234
23.066186904907227,23.660579681396484,24.13071060180664,24.531391143798828,24.920101165771484,25.313955307006836,25.717037200927734,26.18438148498535,26.789047241210938,28.44102668762207
23.03618621826172,23.63256072998047,24.109500885009766,24.524883270263672,24.92326545715332,25.311481475830078,25.742155075073242,26.231689453125,26.864675521850586,28.554363250732422
23.08561134338379,23.660640716552734,24.104310989379883,24.49235725402832,24.869787216186523,25.244094848632812,25.651123046875,26.12149429321289,26.75182342529297,28.437740325927734
23.12114143371582,23.696208953857422,24.127361297607422,24.533090591430664,24.926883697509766,25.315473556518555,25.742504119873047,26.220829010009766,26.815261840820312,28.55091667175293
23.10720443725586,23.684717178344727,24.124311447143555,24.51001739501953,24.882640838623047,25.25680923461914,25.667938232421875,26.15826416015625,26.803512573242188,28.479816436767578
23.057445526123047,23.636478424072266,24.08382797241211,24.472307205200195,24.841819763183594,25.217039108276367,25.619155883789062,26.07763671875,26.682790756225586,28.44300079345703
23.076154708862305,23.672666549682617,24.118350982666016,24.534067153930664,24.92000389099121,25.3161678314209,25.73320960998535,26.223058700561523,26.852087020874023,28.623300552368164
23.031064987182617,23.643598556518555,24.092905044555664,24.50893211364746,24.89902114868164,25.29708480834961,25.705642700195312,26.205413818359375,26.83982276916504,28.611684799194336
23.06259536743164,23.661771774291992,24.129005432128906,24.52700424194336,24.915292739868164,25.299198150634766,25.7092342376709,26.18658447265625,26.802072525024414,28.499217987060547
23.038536071777344,23.649452209472656,24.142393112182617,24.58747100830078,24.99554443359375,25.39084243774414,25.824798583984375,26.323535919189453,26.967756271362305,28.604110717773438
23.084300994873047,23.66838264465332,24.128889083862305,24.52755355834961,24.917593002319336,25.30995750427246,25.743858337402344,26.22233009338379,26.867549896240234,28.552993774414062
23.018962860107422,23.62067985534668,24.119415283203125,24.537059783935547,24.945720672607422,25.341846466064453,25.769412994384766,26.249303817749023,26.871627807617188,28.60511589050293
23.112424850463867,23.681434631347656,24.135486602783203,24.522226333618164,24.90340805053711,25.293123245239258,25.7004337310791,26.189435958862305,26.836946487426758,28.486289978027344
23.081268310546875,23.68621253967285,24.159780502319336,24.56938934326172,24.947834014892578,25.328866958618164,25.75690269470215,26.229724884033203,26.862993240356445,28.463062286376953
23.130332946777344,23.714113235473633,24.146926879882812,24.53131675720215,24.90276336669922,25.27576446533203,25.679325103759766,26.13881492614746,26.77429962158203,28.355947494506836
23.051856994628906,23.654417037963867,24.129711151123047,24.551359176635742,24.946075439453125,25.33846664428711,25.760889053344727,26.25950050354004,26.858074188232422,28.469806671142578
23.05881690979004,23.670751571655273,24.119176864624023,24.511686325073242,24.891834259033203,25.287811279296875,25.696256637573242,26.173660278320312,26.80451011657715,28.58526611328125
23.081146240234375,23.65741729736328,24.11150550842285,24.502525329589844,24.884069442749023,25.27322769165039,25.68951988220215,26.160541534423828,26.82155990600586,28.507843017578125
23.063039779663086,23.657320022583008,24.12877655029297,24.529277801513672,24.920730590820312,25.312965393066406,25.733280181884766,26.218379974365234,26.842254638671875,28.58756446838379
23.082035064697266,23.701637268066406,24.180883407592773,24.58911895751953,24.98253631591797,25.376401901245117,25.796480178833008,26.287099838256836,26.92519187927246,28.594087600708008
23.06419563293457,23.65570640563965,24.138118743896484,24.54755401611328,24.93085479736328,25.326745986938477,25.75548553466797,26.23888397216797,26.924739837646484,28.733192443847656
22.977088928222656,23.62127685546875,24.128280639648438,24.559560775756836,24.978178024291992,25.379985809326172,25.829015731811523,26.33038902282715,26.987680435180664,28.648481369018555
23.074756622314453,23.67295265197754,24.129039764404297,24.531023025512695,24.90100860595703,25.296419143676758,25.703617095947266,26.183582305908203,26.874759674072266,28.50179672241211
23.090906143188477,23.66046142578125,24.104341506958008,24.499250411987305,24.871341705322266,25.257625579833984,25.671680450439453,26.153888702392578,26.78117561340332,28.506383895874023
23.019380569458008,23.644590377807617,24.12738800048828,24.545347213745117,24.951345443725586,25.344135284423828,25.758935928344727,26.235416412353516,26.862707138061523,28.563920974731445
23.088808059692383,23.684432983398438,24.148218154907227,24.54945182800293,24.940696716308594,25.31871795654297,25.745777130126953,26.235843658447266,26.858657836914062,28.508670806884766
23.08159828186035,23.66212272644043,24.124216079711914,24.52157974243164,24.906219482421875,25.29119300842285,25.70724868774414,26.182113647460938,26.83170509338379,28.591176986694336
23.036319732666016,23.65239715576172,24.121662139892578,24.54180908203125,24.918420791625977,25.311763763427734,25.724891662597656,26.196582794189453,26.818994522094727,28.41181182861328
23.072160720825195,23.683401107788086,24.159774780273438,24.555252075195312,24.94197654724121,25.328603744506836,25.739360809326172,26.219736099243164,26.843656539916992,28.644302368164062
23.055776596069336,23.66563606262207,24.140796661376953,24.57697868347168,24.965553283691406,25.370643615722656,25.789600372314453,26.282079696655273,26.916118621826172,28.524124145507812
23.11447525024414,23.700288772583008,24.135042190551758,24.525184631347656,24.892736434936523,25.26914405822754,25.677425384521484,26.15584945678711,26.7780704498291,28.41315269470215
22.95273208618164,23.59464454650879,24.105485916137695,24.560930252075195,24.9663143157959,25.399362564086914,25.840261459350586,26.317256927490234,26.963016510009766,28.590511322021484
23.07729721069336,23.666662216186523,24.116241455078125,24.51432991027832,24.898927688598633,25.28067970275879,25.69838523864746,26.183778762817383,26.787960052490234,28.499982833862305
23.124183654785156,23.688764572143555,24.127120971679688,24.528095245361328,24.89621353149414,25.277027130126953,25.692623138427734,26.16010284423828,26.77606201171875,28.320159912109375
23.10894012451172,23.68882942199707,24.137054443359375,24.529193878173828,24.905134201049805,25.291675567626953,25.685836791992188,26.149242401123047,26.780242919921875,28.49698829650879
23.02839469909668,23.64849090576172,24.12676239013672,24.541860580444336,24.937341690063477,25.33026695251465,25.753765106201172,26.255882263183594,26.945459365844727,28.652490615844727
23.082656860351562,23.679800033569336,24.14095115661621,24.541610717773438,24.92205238342285,25.314125061035156,25.74237060546875,26.22930145263672,26.85384750366211,28.578277587890625
23.133583068847656,23.706689834594727,24.15900421142578,24.540769577026367,24.911848068237305,25.283912658691406,25.69170570373535,26.1745548248291,26.827600479125977,28.54892921447754
23.026601791381836,23.617149353027344,24.091341018676758,24.494142532348633,24.886695861816406,25.269834518432617,25.681259155273438,26.1618595123291,26.779691696166992,28.533382415771484
23.07468605041504,23.686643600463867,24.14712905883789,24.5559139251709,24.94013214111328,25.331207275390625,25.745885848999023,26.234445571899414,26.86315155029297,28.607074737548828
23.038143157958984,23.664281845092773,24.147472381591797,24.57004737854004,24.96617317199707,25.3681640625,25.786876678466797,26.275924682617188,26.91002655029297,28.581817626953125
23.031375885009766,23.640384674072266,24.114248275756836,24.530054092407227,24.94225311279297,25.340646743774414,25.770952224731445,26.250965118408203,26.883317947387695,28.54768943786621
23.121564865112305,23.689472198486328,24.136449813842773,24.54254150390625,24.923006057739258,25.309030532836914,25.718158721923828,26.186176300048828,26.806119918823242,28.409238815307617
23.026792526245117,23.671541213989258,24.170162200927734,24.593753814697266,25.008686065673828,25.42120933532715,25.84944725036621,26.339157104492188,26.947086334228516,28.586881637573242
23.055326461791992,23.675533294677734,24.15110206604004,24.56684684753418,24.963415145874023,25.367826461791992,25.793039321899414,26.297304153442383,26.954586029052734,28.57965660095215
23.098831176757812,23.684146881103516,24.132749557495117,24.5192813873291,24.910913467407227,25.2984561920166,25.729236602783203,26.204727172851562,26.868942260742188,28.489072799682617
23.078723907470703,23.683088302612305,24.151700973510742,24.5548038482666,24.930049896240234,25.312896728515625,25.750356674194336,26.233118057250977,26.881332397460938,28.564193725585938
23.025503158569336,23.66191291809082,24.160120010375977,24.590600967407227,24.99225425720215,25.39275550842285,25.833724975585938,26.322879791259766,26.94476318359375,28.632537841796875
23.033443450927734,23.673931121826172,24.177248001098633,24.587621688842773,24.984193801879883,25.386085510253906,25.813173294067383,26.314332962036133,26.956663131713867,28.65853500366211
23.02083969116211,23.622661590576172,24.089393615722656,24.501691818237305,24.89922332763672,25.312633514404297,25.737646102905273,26.222026824951172,26.850982666015625,28.557348251342773
23.038103103637695,23.65978240966797,24.161964416503906,24.595680236816406,24.99942398071289,25.409727096557617,25.832857131958008,26.33991050720215,26.96063232421875,28.58395767211914
23.101200103759766,23.679616928100586,24.127948760986328,24.507408142089844,24.8660945892334,25.227277755737305,25.628652572631836,26.09912109375,26.71394157409668,28.366540908813477
23.082294464111328,23.704008102416992,24.171165466308594,24.56585121154785,24.958053588867188,25.350078582763672,25.770545959472656,26.234750747680664,26.852020263671875,28.519807815551758
23.06923484802246,23.680805206298828,24.156190872192383,24.5588321685791,24.947744369506836,25.335613250732422,25.739696502685547,26.228992462158203,26.846261978149414,28.50238037109375
23.017822265625,23.63610076904297,24.140562057495117,24.579774856567383,24.98297882080078,25.392541885375977,25.83376121520996,26.32699203491211,26.984024047851562,28.679840087890625
23.077489852905273,23.68048095703125,24.141639709472656,24.543596267700195,24.925273895263672,25.320127487182617,25.732051849365234,26.212772369384766,26.846620559692383,28.533565521240234
23.017698287963867,23.64751625061035,24.129575729370117,24.55867576599121,24.964950561523438,25.369953155517578,25.814985275268555,26.297372817993164,26.932226181030273,28.701263427734375
22.923601150512695,23.588865280151367,24.11037826538086,24.56863784790039,24.984346389770508,25.40561866760254,25.863393783569336,26.361536026000977,27.010848999023438,28.66514778137207
23.073375701904297,23.659055709838867,24.11754035949707,24.505081176757812,24.882781982421875,25.25334358215332,25.65391731262207,26.125558853149414,26.73415756225586,28.467914581298828
23.07204246520996,23.65785026550293,24.09790802001953,24.500757217407227,24.887184143066406,25.27040672302246,25.681320190429688,26.180234909057617,26.795930862426758,28.52545738220215
23.008790969848633,23.64934730529785,24.138357162475586,24.55718231201172,24.961721420288086,25.352598190307617,25.7912654876709,26.285858154296875,26.920936584472656,28.622867584228516
23.073650360107422,23.685619354248047,24.143199920654297,24.53209686279297,24.908123016357422,25.289073944091797,25.69769859313965,26.1806640625,26.820371627807617,28.58407211303711
23.05020523071289,23.665542602539062,24.111675262451172,24.52496910095215,24.909160614013672,25.298160552978516,25.710508346557617,26.185327529907227,26.801111221313477,28.516834259033203
23.063934326171875,23.661230087280273,24.12116050720215,24.514860153198242,24.903715133666992,25.298187255859375,25.719284057617188,26.19989585876465,26.832271575927734,28.46959114074707
23.0684871673584,23.652006149291992,24.104843139648438,24.503623962402344,24.892555236816406,25.272869110107422,25.67795753479004,26.15534019470215,26.767658233642578,28.444416046142578
23.03743553161621,23.643726348876953,24.117351531982422,24.533750534057617,24.925617218017578,25.310754776000977,25.73635482788086,26.201030731201172,26.85628890991211,28.51508331298828
22.958852767944336,23.599077224731445,24.097896575927734,24.526063919067383,24.94409942626953,25.359134674072266,25.808225631713867,26.313589096069336,26.968093872070312,28.625652313232422
23.084802627563477,23.693470001220703,24.149654388427734,24.569299697875977,24.954727172851562,25.339954376220703,25.782913208007812,26.262012481689453,26.920881271362305,28.546354293823242
23.065439224243164,23.666946411132812,24.15119171142578,24.561613082885742,24.95930290222168,25.358718872070312,25.779911041259766,26.27170181274414,26.901987075805664,28.600271224975586
23.120771408081055,23.69866943359375,24.14059066772461,24.53486442565918,24.917848587036133,25.30060386657715,25.68337059020996,26.16127586364746,26.75897789001465,28.49748420715332
23.060815811157227,23.66338348388672,24.139373779296875,24.541790008544922,24.940250396728516,25.330801010131836,25.74286651611328,26.22350311279297,26.835580825805664,28.39439582824707
23.062335968017578,23.670190811157227,24.120960235595703,24.517704010009766,24.909351348876953,25.293161392211914,25.720252990722656,26.198211669921875,26.8725643157959,28.525325775146484
23.01580810546875,23.65201759338379,24.11369514465332,24.535341262817383,24.91798973083496,25.308847427368164,25.720964431762695,26.195844650268555,26.83664894104004,28.526020050048828
23.061603546142578,23.666099548339844,24.133502960205078,24.54021453857422,24.936098098754883,25.324642181396484,25.745534896850586,26.228759765625,26.865222930908203,28.40752410888672
23.109712600708008,23.662281036376953,24.093181610107422,24.482114791870117,24.854745864868164,25.23278045654297,25.626264572143555,26.106840133666992,26.731460571289062,28.308300018310547
23.041921615600586,23.63706398010254,24.109394073486328,24.518829345703125,24.907655715942383,25.299697875976562,25.724241256713867,26.215368270874023,26.843076705932617,28.507497787475586
23.040616989135742,23.662778854370117,24.146312713623047,24.55877113342285,24.95526885986328,25.37199592590332,25.78331184387207,26.289424896240234,26.91253089904785,28.645788192749023
22.997037887573242,23.635557174682617,24.132465362548828,24.554771423339844,24.954870223999023,25.362159729003906,25.777713775634766,26.265756607055664,26.896467208862305,28.614139556884766
23.129602432250977,23.693078994750977,24.138565063476562,24.516923904418945,24.89036750793457,25.25741195678711,25.649627685546875,26.109827041625977,26.704914093017578,28.521081924438477
23.1021785736084,23.70597267150879,24.161962509155273,24.556148529052734,24.946531295776367,25.327198028564453,25.7316951751709,26.20366668701172,26.827245712280273,28.52541732788086
23.107162475585938,23.676733016967773,24.12407684326172,24.513744354248047,24.881591796875,25.252811431884766,25.667112350463867,26.144336700439453,26.762292861938477,28.374187469482422
23.080127716064453,23.67032814025879,24.132951736450195,24.534576416015625,24.915328979492188,25.305618286132812,25.729639053344727,26.224838256835938,26.889127731323242,28.544931411743164
23.10901641845703,23.69369125366211,24.140052795410156,24.537845611572266,24.91262435913086,25.298419952392578,25.71066665649414,26.172531127929688,26.787933349609375,28.373422622680664
23.04294776916504,23.644439697265625,24.120298385620117,24.53230094909668,24.934038162231445,25.33118438720703,25.75751304626465,26.259395599365234,26.877891540527344,28.50002670288086
23.04706573486328,23.639707565307617,24.096548080444336,24.50687026977539,24.9027042388916,25.290016174316406,25.691064834594727,26.184829711914062,26.797733306884766,28.54669189453125
23.0640811920166,23.67741584777832,24.15533447265625,24.572179794311523,24.951215744018555,25.34846305847168,25.75466537475586,26.224437713623047,26.829391479492188,28.438522338867188
23.00741195678711,23.640165328979492,24.119890213012695,24.52734375,24.92435073852539,25.32452964782715,25.745641708374023,26.244991302490234,26.89000701904297,28.56675910949707
23.105079650878906,23.678800582885742,24.12504768371582,24.512941360473633,24.884506225585938,25.26700782775879,25.66064453125,26.142024993896484,26.773080825805664,28.465927124023438
23.13854217529297,23.727867126464844,24.194759368896484,24.587018966674805,24.970779418945312,25.359050750732422,25.770706176757812,26.260604858398438,26.909631729125977,28.59967613220215
23.077974319458008,23.680749893188477,24.141124725341797,24.55511474609375,24.943025588989258,25.334592819213867,25.746355056762695,26.232280731201172,26.89890480041504,28.580869674682617
23.10770034790039,23.691429138183594,24.14438819885254,24.531612396240234,24.909210205078125,25.295589447021484,25.714691162109375,26.18638801574707,26.81991195678711,28.484487533569336
23.09510040283203,23.66912269592285,24.13068389892578,24.513599395751953,24.89687156677246,25.276430130004883,25.676307678222656,26.133256912231445,26.731060028076172,28.390148162841797
23.027923583984375,23.647409439086914,24.114465713500977,24.526309967041016,24.921001434326172,25.29291534423828,25.713666915893555,26.19519805908203,26.806930541992188,28.404447555541992
23.063207626342773,23.6630916595459,24.11783218383789,24.529354095458984,24.914182662963867,25.293188095092773,25.713319778442383,26.19661521911621,26.847867965698242,28.58221435546875
23.08946418762207,23.679067611694336,24.143144607543945,24.540603637695312,24.932954788208008,25.324575424194336,25.74940299987793,26.236066818237305,26.831314086914062,28.510622024536133
23.079164505004883,23.6682186126709,24.118192672729492,24.528976440429688,24.91438102722168,25.30855941772461,25.733381271362305,26.22979164123535,26.853378295898438,28.508935928344727
23.09097671508789,23.680492401123047,24.12527847290039,24.516738891601562,24.893749237060547,25.265623092651367,25.685997009277344,26.15044403076172,26.787038803100586,28.423452377319336
23.053043365478516,23.654600143432617,24.13141441345215,24.535436630249023,24.932109832763672,25.32509994506836,25.739301681518555,26.236507415771484,26.886381149291992,28.572315216064453
23.05898094177246,23.683671951293945,24.178245544433594,24.589879989624023,24.98642921447754,25.386253356933594,25.80812644958496,26.298168182373047,26.92412567138672,28.648902893066406
23.010244369506836,23.645431518554688,24.12616539001465,24.56412124633789,24.970481872558594,25.370433807373047,25.80006980895996,26.28548812866211,26.93202018737793,28.723915100097656
23.09480094909668,23.706745147705078,24.1567440032959,24.557613372802734,24.93092155456543,25.31768035888672,25.739120483398438,26.209970474243164,26.86995506286621,28.534521102905273
23.03191375732422,23.652402877807617,24.143115997314453,24.56179428100586,24.95612144470215,25.34873390197754,25.763639450073242,26.251861572265625,26.874462127685547,28.47037124633789
22.98332405090332,23.637496948242188,24.136289596557617,24.56536865234375,24.984262466430664,25.412202835083008,25.83797264099121,26.337636947631836,27.001020431518555,28.703168869018555
23.061595916748047,23.64405632019043,24.10723114013672,24.52252960205078,24.89810562133789,25.283462524414062,25.704147338867188,26.188629150390625,26.78453826904297,28.463773727416992
23.128225326538086,23.693405151367188,24.136756896972656,24.527563095092773,24.899208068847656,25.281700134277344,25.689178466796875,26.145978927612305,26.77994728088379,28.367294311523438
23.071640014648438,23.658241271972656,24.101123809814453,24.50714683532715,24.886350631713867,25.290307998657227,25.7192325592041,26.206411361694336,26.848745346069336,28.586360931396484
23.04888153076172,23.659610748291016,24.12897300720215,24.560701370239258,24.96620750427246,25.381261825561523,25.815853118896484,26.303733825683594,26.921327590942383,28.56182289123535
23.03667640686035,23.664026260375977,24.13137435913086,24.557554244995117,24.933879852294922,25.32024574279785,25.73181915283203,26.17938804626465,26.811416625976562,28.394079208374023
23.072969436645508,23.6813907623291,24.166501998901367,24.570663452148438,24.962499618530273,25.35479164123535,25.768966674804688,26.260347366333008,26.886350631713867,28.62274169921875
22.986848831176758,23.621906280517578,24.125194549560547,24.562808990478516,24.96929168701172,25.373180389404297,25.799278259277344,26.30621910095215,26.937097549438477,28.663618087768555
22.96880531311035,23.628583908081055,24.14578628540039,24.59512710571289,25.01233673095703,25.427875518798828,25.853771209716797,26.339468002319336,26.99563217163086,28.665061950683594
23.03734016418457,23.653169631958008,24.122276306152344,24.53485870361328,24.90956687927246,25.316240310668945,25.743175506591797,26.23784828186035,26.869770050048828,28.48676300048828
23.091367721557617,23.68372344970703,24.142742156982422,24.545190811157227,24.932348251342773,25.31501579284668,25.72304344177246,26.189882278442383,26.817150115966797,28.433082580566406
23.05168342590332,23.676799774169922,24.1404972076416,24.550838470458984,24.94888687133789,25.339353561401367,25.771501541137695,26.270832061767578,26.91028594970703,28.572256088256836
23.09918212890625,23.688369750976562,24.149866104125977,24.541912078857422,24.924278259277344,25.31477165222168,25.72715187072754,26.20771026611328,26.828824996948242,28.429210662841797
23.12114143371582,23.69582176208496,24.154537200927734,24.555400848388672,24.927682876586914,25.304704666137695,25.72170639038086,26.19718360900879,26.803634643554688,28.49846076965332
23.06705093383789,23.674123764038086,24.138626098632812,24.540876388549805,24.915725708007812,25.299884796142578,25.71863555908203,26.196447372436523,26.826562881469727,28.565292358398438
23.1063289642334,23.686254501342773,24.15945053100586,24.55266761779785,24.938291549682617,25.31977081298828,25.716352462768555,26.201692581176758,26.81049346923828,28.527090072631836
23.107746124267578,23.68266487121582,24.136220932006836,24.527467727661133,24.914791107177734,25.30187225341797,25.714696884155273,26.191864013671875,26.79795265197754,28.53468894958496
23.045516967773438,23.668615341186523,24.15557098388672,24.561073303222656,24.93511962890625,25.34111785888672,25.744869232177734,26.23521614074707,26.90386962890625,28.51549530029297
22.919939041137695,23.570640563964844,24.06070899963379,24.517871856689453,24.92840003967285,25.353776931762695,25.808094024658203,26.31021499633789,26.952850341796875,28.583187103271484
23.115617752075195,23.68541717529297,24.13027572631836,24.526824951171875,24.914838790893555,25.29791831970215,25.699951171875,26.165180206298828,26.7739315032959,28.430328369140625
23.096271514892578,23.700260162353516,24.18199348449707,24.583412170410156,24.984325408935547,25.387779235839844,25.791702270507812,26.265430450439453,26.899343490600586,28.542593002319336
22.99403953552246,23.61515998840332,24.106258392333984,24.552412033081055,24.961917877197266,25.377330780029297,25.833871841430664,26.334115982055664,26.984949111938477,28.632333755493164
23.047779083251953,23.668020248413086,24.130510330200195,24.526084899902344,24.919082641601562,25.294986724853516,25.7216739654541,26.21474266052246,26.834964752197266,28.468494415283203
23.037734985351562,23.64316177368164,24.130229949951172,24.540449142456055,24.941741943359375,25.362977981567383,25.78725242614746,26.29352378845215,26.935720443725586,28.554574966430664
23.090181350708008,23.671010971069336,24.115192413330078,24.517183303833008,24.886899948120117,25.26007652282715,25.662517547607422,26.136974334716797,26.74233055114746,28.385942459106445
23.01616668701172,23.64719009399414,24.134130477905273,24.564302444458008,24.963817596435547,25.365461349487305,25.802453994750977,26.282344818115234,26.920269012451172,28.560298919677734
22.869855880737305,23.534603118896484,24.074085235595703,24.54364585876465,24.990095138549805,25.437110900878906,25.909072875976562,26.439929962158203,27.1149959564209,28.788368225097656
23.054847717285156,23.663114547729492,24.129243850708008,24.53837776184082,24.93769645690918,25.337478637695312,25.757888793945312,26.223403930664062,26.859804153442383,28.518657684326172
23.07797622680664,23.653812408447266,24.10140037536621,24.52040672302246,24.895849227905273,25.280855178833008,25.69582176208496,26.167617797851562,26.77007293701172,28.368690490722656
23.080717086791992,23.666812896728516,24.14198875427246,24.551740646362305,24.956972122192383,25.34198760986328,25.78693199157715,26.269771575927734,26.923959732055664,28.603351593017578
23.077821731567383,23.663719177246094,24.122896194458008,24.526737213134766,24.908761978149414,25.29410171508789,25.708770751953125,26.20818519592285,26.834810256958008,28.51516342163086
23.134315490722656,23.725786209106445,24.154985427856445,24.56604766845703,24.934728622436523,25.326976776123047,25.733057022094727,26.20646858215332,26.85882568359375,28.543773651123047
22.984272003173828,23.619243621826172,24.101865768432617,24.533479690551758,24.932209014892578,25.325122833251953,25.765838623046875,26.262454986572266,26.886280059814453,28.599899291992188
23.082481384277344,23.673620223999023,24.137365341186523,24.536806106567383,24.91472816467285,25.294971466064453,25.710729598999023,26.183055877685547,26.797672271728516,28.5800838470459
23.022432327270508,23.67912483215332,24.173622131347656,24.609508514404297,25.015106201171875,25.43229103088379,25.86984634399414,26.379297256469727,27.024105072021484,28.69219398498535
22.88933753967285,23.53278350830078,24.038780212402344,24.510759353637695,24.94257354736328,25.38866424560547,25.830114364624023,26.361263275146484,27.020584106445312,28.826309204101562
23.080184936523438,23.661357879638672,24.12337875366211,24.517974853515625,24.903112411499023,25.280296325683594,25.68359375,26.15294647216797,26.757524490356445,28.592632293701172
23.097164154052734,23.675823211669922,24.126916885375977,24.50811767578125,24.861982345581055,25.22369384765625,25.621801376342773,26.05997085571289,26.682876586914062,28.332595825195312
23.117664337158203,23.702207565307617,24.1391544342041,24.530107498168945,24.91507339477539,25.293672561645508,25.70171356201172,26.165119171142578,26.809158325195312,28.542282104492188
23.061315536499023,23.681520462036133,24.135927200317383,24.53467559814453,24.91590118408203,25.298704147338867,25.711166381835938,26.201040267944336,26.819299697875977,28.44927978515625
23.010684967041016,23.644811630249023,24.127817153930664,24.554306030273438,24.954708099365234,25.350379943847656,25.781280517578125,26.26950454711914,26.900264739990234,28.602109909057617
23.103403091430664,23.688247680664062,24.148786544799805,24.544692993164062,24.91801643371582,25.289487838745117,25.680578231811523,26.149551391601562,26.768911361694336,28.30628204345703
23.102169036865234,23.681249618530273,24.127269744873047,24.512039184570312,24.875158309936523,25.24728012084961,25.6408748626709,26.10085105895996,26.703901290893555,28.29309844970703
23.011268615722656,23.639583587646484,24.119487762451172,24.53631019592285,24.92514419555664,25.310054779052734,25.73996353149414,26.22300148010254,26.858501434326172,28.489696502685547
23.033998489379883,23.644315719604492,24.120025634765625,24.522621154785156,24.920137405395508,25.311302185058594,25.732650756835938,26.211746215820312,26.86585235595703,28.56979751586914
23.086448669433594,23.678091049194336,24.154035568237305,24.55794906616211,24.93938446044922,25.323823928833008,25.736242294311523,26.208786010742188,26.834678649902344,28.461013793945312
23.08880615234375,23.704044342041016,24.189403533935547,24.591861724853516,24.982160568237305,25.377689361572266,25.792160034179688,26.272079467773438,26.885156631469727,28.605527877807617
23.07309341430664,23.677875518798828,24.138303756713867,24.536996841430664,24.92319679260254,25.327228546142578,25.750511169433594,26.21817970275879,26.804025650024414,28.521377563476562
23.056028366088867,23.67229461669922,24.130578994750977,24.523120880126953,24.90092658996582,25.27381706237793,25.692453384399414,26.152935028076172,26.75596046447754,28.402690887451172
23.077369689941406,23.651226043701172,24.10596466064453,24.502241134643555,24.891752243041992,25.27789878845215,25.681081771850586,26.151992797851562,26.775020599365234,28.51706886291504
23.102069854736328,23.68207550048828,24.130199432373047,24.521141052246094,24.897476196289062,25.282062530517578,25.712162017822266,26.197723388671875,26.83037567138672,28.484039306640625
23.06710433959961,23.68756103515625,24.16249656677246,24.575176239013672,24.956790924072266,25.35242462158203,25.76531410217285,26.27638816833496,26.921175003051758,28.650802612304688
22.999969482421875,23.642852783203125,24.1206111907959,24.542972564697266,24.94248390197754,25.36198616027832,25.797189712524414,26.283483505249023,26.90076446533203,28.56920623779297
23.111797332763672,23.703563690185547,24.138959884643555,24.549890518188477,24.91397476196289,25.29236602783203,25.68614959716797,26.13775634765625,26.715408325195312,28.371767044067383
23.077486038208008,23.687471389770508,24.14447784423828,24.550954818725586,24.927690505981445,25.311384201049805,25.719423294067383,26.19864845275879,26.82171058654785,28.50690269470215
23.058177947998047,23.655132293701172,24.121370315551758,24.526103973388672,24.912498474121094,25.311283111572266,25.734050750732422,26.222318649291992,26.832590103149414,28.579654693603516
23.10384750366211,23.711286544799805,24.188695907592773,24.584550857543945,24.967824935913086,25.354454040527344,25.761859893798828,26.2429141998291,26.88665199279785,28.670644760131836
23.036882400512695,23.670047760009766,24.14358139038086,24.566940307617188,24.964365005493164,25.360342025756836,25.787229537963867,26.289453506469727,26.904211044311523,28.531370162963867
22.945226669311523,23.59319496154785,24.11077308654785,24.561199188232422,24.991928100585938,25.397043228149414,25.836788177490234,26.32147979736328,26.963903427124023,28.656396865844727
23.03076171875,23.63665199279785,24.11884117126465,24.55400848388672,24.967090606689453,25.373998641967773,25.811817169189453,26.306570053100586,26.952472686767578,28.668243408203125
23.059518814086914,23.65220832824707,24.116132736206055,24.519624710083008,24.899322509765625,25.286514282226562,25.70701026916504,26.21199607849121,26.835718154907227,28.571168899536133
23.054174423217773,23.64205551147461,24.104398727416992,24.498533248901367,24.88749885559082,25.271495819091797,25.68507957458496,26.168209075927734,26.79944610595703,28.521648406982422
22.954626083374023,23.59804344177246,24.11699104309082,24.55765151977539,24.980615615844727,25.39847183227539,25.851377487182617,26.35587501525879,26.98155403137207,28.66417121887207
22.943023681640625,23.580657958984375,24.089862823486328,24.54745101928711,24.955137252807617,25.37582778930664,25.81243324279785,26.32480812072754,26.939876556396484,28.62250518798828
23.060293197631836,23.659212112426758,24.10712432861328,24.499385833740234,24.879257202148438,25.25609016418457,25.664026260375977,26.134841918945312,26.76649284362793,28.44084358215332
23.0941219329834,23.69569969177246,24.15999412536621,24.5462589263916,24.927183151245117,25.301715850830078,25.707670211791992,26.170541763305664,26.801008224487305,28.3537654876709
23.102556228637695,23.676790237426758,24.133207321166992,24.521133422851562,24.900127410888672,25.274703979492188,25.6738338470459,26.137836456298828,26.747211456298828,28.536691665649414
23.10503578186035,23.680273056030273,24.138425827026367,24.534255981445312,24.93046760559082,25.320297241210938,25.738439559936523,26.237327575683594,26.86106300354004,28.51776885986328
23.018753051757812,23.640470504760742,24.115991592407227,24.521364212036133,24.921327590942383,25.31903839111328,25.743820190429688,26.233047485351562,26.87200927734375,28.50026512145996
23.08989143371582,23.679500579833984,24.122560501098633,24.503847122192383,24.87734031677246,25.246431350708008,25.66191864013672,26.105697631835938,26.731950759887695,28.39733123779297
23.09980010986328,23.690433502197266,24.148183822631836,24.53127670288086,24.907974243164062,25.283424377441406,25.687618255615234,26.158246994018555,26.784448623657227,28.548221588134766
23.04837417602539,23.65952491760254,24.119544982910156,24.53660774230957,24.920320510864258,25.30780029296875,25.723424911499023,26.200878143310547,26.82639503479004,28.466285705566406
23.023906707763672,23.646764755249023,24.128582000732422,24.53946304321289,24.935026168823242,25.329439163208008,25.74763298034668,26.230560302734375,26.85141944885254,28.54741859436035
23.07064437866211,23.677024841308594,24.148712158203125,24.562868118286133,24.94708824157715,25.345922470092773,25.75189971923828,26.229202270507812,26.87854766845703,28.574588775634766
22.924640655517578,23.582883834838867,24.092308044433594,24.543781280517578,24.958744049072266,25.398033142089844,25.829669952392578,26.336963653564453,26.97054672241211,28.649934768676758
23.09773063659668,23.67807960510254,24.119888305664062,24.530651092529297,24.923694610595703,25.315738677978516,25.74370765686035,26.196395874023438,26.80512237548828,28.49555015563965
22.934499740600586,23.605270385742188,24.149391174316406,24.60405921936035,25.0357608795166,25.46298599243164,25.905261993408203,26.401350021362305,27.040977478027344,28.72422218322754
23.110858917236328,23.710865020751953,24.16391372680664,24.56825828552246,24.941438674926758,25.324087142944336,25.72919464111328,26.19350242614746,26.803546905517578,28.474380493164062
22.945219039916992,23.573755264282227,24.081127166748047,24.523317337036133,24.95073699951172,25.3625431060791,25.799739837646484,26.320693969726562,26.961471557617188,28.637447357177734
23.042221069335938,23.66486358642578,24.128787994384766,24.54051971435547,24.950504302978516,25.33277130126953,25.765478134155273,26.249130249023438,26.892078399658203,28.50235366821289
22.98035430908203,23.616228103637695,24.122352600097656,24.56871223449707,24.978788375854492,25.395273208618164,25.824827194213867,26.318344116210938,26.94791603088379,28.602279663085938
23.1113338470459,23.687942504882812,24.12493324279785,24.520965576171875,24.899030685424805,25.278879165649414,25.689767837524414,26.140771865844727,26.77111053466797,28.353240966796875
23.043659210205078,23.66023063659668,24.124242782592773,24.527786254882812,24.924772262573242,25.330625534057617,25.76136589050293,26.250137329101562,26.88726043701172,28.495594024658203
23.05088233947754,23.6392765045166,24.09040069580078,24.486799240112305,24.870161056518555,25.253665924072266,25.680465698242188,26.15631675720215,26.789281845092773,28.365280151367188
23.07927894592285,23.685609817504883,24.15736198425293,24.565391540527344,24.95646095275879,25.354589462280273,25.795795440673828,26.300758361816406,26.938364028930664,28.585872650146484
23.05824851989746,23.66489601135254,24.153791427612305,24.57071876525879,24.975624084472656,25.377639770507812,25.800060272216797,26.30774688720703,26.928630828857422,28.583465576171875
23.089035034179688,23.679040908813477,24.145462036132812,24.54387092590332,24.934080123901367,25.32077980041504,25.72990608215332,26.20418357849121,26.815683364868164,28.587434768676758
23.01837158203125,23.61103630065918,24.11342430114746,24.527681350708008,24.920045852661133,25.313295364379883,25.735107421875,26.208696365356445,26.84347915649414,28.60095977783203
23.074016571044922,23.659948348999023,24.121261596679688,24.513458251953125,24.904376983642578,25.290014266967773,25.70465660095215,26.16690444946289,26.787221908569336,28.494434356689453
23.051895141601562,23.652374267578125,24.122669219970703,24.54169464111328,24.93109893798828,25.321481704711914,25.742816925048828,26.222156524658203,26.84694480895996,28.47226905822754
23.03990936279297,23.67496109008789,24.1596622467041,24.586450576782227,24.98346519470215,25.390003204345703,25.815475463867188,26.31502342224121,26.954362869262695,28.510969161987305
23.01630401611328,23.62750816345215,24.10601043701172,24.530668258666992,24.92831039428711,25.320077896118164,25.752809524536133,26.233516693115234,26.894195556640625,28.631988525390625
23.082225799560547,23.691234588623047,24.153051376342773,24.56212615966797,24.957284927368164,25.344839096069336,25.760128021240234,26.253568649291992,26.882949829101562,28.621734619140625
23.059524536132812,23.6467342376709,24.109275817871094,24.5172061920166,24.905250549316406,25.286518096923828,25.704952239990234,26.176198959350586,26.773984909057617,28.454160690307617
23.02356719970703,23.640764236450195,24.107877731323242,24.524089813232422,24.899810791015625,25.28525733947754,25.698400497436523,26.164642333984375,26.782949447631836,28.452993392944336
23.065719604492188,23.670629501342773,24.147119522094727,24.548583984375,24.9475154876709,25.327919006347656,25.760433197021484,26.23836898803711,26.83734130859375,28.538171768188477
22.95382308959961,23.59710121154785,24.119884490966797,24.560312271118164,24.980953216552734,25.403152465820312,25.84552001953125,26.355676651000977,27.012954711914062,28.74248695373535
23.09758186340332,23.724794387817383,24.17762565612793,24.581485748291016,24.963092803955078,25.34503746032715,25.735910415649414,26.18177604675293,26.803884506225586,28.51967430114746
23.051532745361328,23.658994674682617,24.127439498901367,24.550296783447266,24.934295654296875,25.324411392211914,25.745161056518555,26.222074508666992,26.840335845947266,28.490755081176758
22.994478225708008,23.633554458618164,24.123611450195312,24.551786422729492,24.956357955932617,25.343168258666992,25.77683448791504,26.256412506103516,26.8764591217041,28.585416793823242
23.069974899291992,23.63904571533203,24.098169326782227,24.48299789428711,24.858963012695312,25.227214813232422,25.628463745117188,26.09360694885254,26.717382431030273,28.40203857421875
23.036611557006836,23.642284393310547,24.1285457611084,24.537202835083008,24.930753707885742,25.33293342590332,25.761093139648438,26.24475860595703,26.880489349365234,28.58458709716797
23.09996795654297,23.69569969177246,24.141965866088867,24.537336349487305,24.907434463500977,25.287450790405273,25.696069717407227,26.17462158203125,26.803993225097656,28.50286293029785
23.08125114440918,23.681283950805664,24.13582420349121,24.52781867980957,24.916048049926758,25.29173469543457,25.68874168395996,26.158235549926758,26.778079986572266,28.420888900756836
23.106088638305664,23.684789657592773,24.135173797607422,24.523731231689453,24.897581100463867,25.279499053955078,25.692821502685547,26.154794692993164,26.78489112854004,28.61379623413086
23.086776733398438,23.7077579498291,24.168489456176758,24.590532302856445,24.97161865234375,25.366500854492188,25.787200927734375,26.268442153930664,26.859786987304688,28.502975463867188
23.04010581970215,23.664751052856445,24.15740966796875,24.56965446472168,24.965600967407227,25.362154006958008,25.78599739074707,26.28976821899414,26.93039321899414,28.680152893066406
23.068695068359375,23.680633544921875,24.149629592895508,24.565753936767578,24.942657470703125,25.342012405395508,25.757862091064453,26.244243621826172,26.86248779296875,28.532485961914062
23.06033706665039,23.66376304626465,24.135042190551758,24.55008316040039,24.939334869384766,25.334135055541992,25.766454696655273,26.25936508178711,26.923782348632812,28.599143981933594
23.055299758911133,23.65089988708496,24.14061737060547,24.54794692993164,24.946455001831055,25.338069915771484,25.756397247314453,26.251306533813477,26.899320602416992,28.553590774536133
23.040279388427734,23.657432556152344,24.137367248535156,24.556108474731445,24.944387435913086,25.337636947631836,25.75693702697754,26.25310707092285,26.900358200073242,28.501806259155273
22.97397232055664,23.60749626159668,24.127819061279297,24.577224731445312,24.992965698242188,25.405170440673828,25.8627986907959,26.358354568481445,26.98630714416504,28.709461212158203
23.040203094482422,23.661636352539062,24.135488510131836,24.547441482543945,24.938962936401367,25.338031768798828,25.754487991333008,26.244348526000977,26.877138137817383,28.54477882385254
23.083667755126953,23.674579620361328,24.122779846191406,24.521987915039062,24.89952278137207,25.273374557495117,25.68410301208496,26.144750595092773,26.774160385131836,28.540210723876953
23.04133415222168,23.65489387512207,24.129989624023438,24.541439056396484,24.924423217773438,25.308799743652344,25.716005325317383,26.201459884643555,26.841846466064453,28.61811065673828
23.08611488342285,23.682453155517578,24.139118194580078,24.542316436767578,24.927669525146484,25.304840087890625,25.720428466796875,26.197429656982422,26.81353759765625,28.508508682250977
23.08554458618164,23.68723487854004,24.16086196899414,24.559101104736328,24.947185516357422,25.33481216430664,25.742538452148438,26.212078094482422,26.81696891784668,28.522125244140625
23.039260864257812,23.63750457763672,24.10828971862793,24.506420135498047,24.886146545410156,25.27727508544922,25.678539276123047,26.147430419921875,26.763927459716797,28.46028709411621
23.07749366760254,23.667987823486328,24.128019332885742,24.549297332763672,24.93174934387207,25.32897186279297,25.74698829650879,26.237796783447266,26.854984283447266,28.56119728088379
23.05175018310547,23.65690040588379,24.131576538085938,24.531044006347656,24.916927337646484,25.30470085144043,25.72705078125,26.198612213134766,26.82050132751465,28.40274429321289
23.09873390197754,23.686532974243164,24.134796142578125,24.52556800842285,24.90802001953125,25.297569274902344,25.708740234375,26.178234100341797,26.791641235351562,28.47967529296875
23.095659255981445,23.69347381591797,24.153942108154297,24.56342124938965,24.948760986328125,25.334007263183594,25.76239585876465,26.22382164001465,26.824722290039062,28.501461029052734
23.059526443481445,23.684999465942383,24.16543960571289,24.595321655273438,25.000181198120117,25.39295196533203,25.830123901367188,26.31731605529785,26.945804595947266,28.57986068725586
23.02139663696289,23.64946746826172,24.121334075927734,24.512935638427734,24.893035888671875,25.27129364013672,25.69256019592285,26.17516326904297,26.78894805908203,28.454124450683594
23.124801635742188,23.679250717163086,24.114999771118164,24.491241455078125,24.84846305847168,25.216819763183594,25.633337020874023,26.092947006225586,26.72516441345215,28.480409622192383
23.047883987426758,23.63149642944336,24.094221115112305,24.50324821472168,24.88340187072754,25.281307220458984,25.707530975341797,26.182397842407227,26.81711196899414,28.439767837524414
