23.034637451171875,23.65835952758789,24.15643882751465,24.58108901977539,24.98589324951172,25.39303207397461,25.823291778564453,26.3139705657959,26.939315795898438,28.574277877807617
23.042194366455078,23.658952713012695,24.135244369506836,24.55174446105957,24.946609497070312,25.342729568481445,25.76673126220703,26.25588607788086,26.8833065032959,28.558387756347656
23.029756546020508,23.632843017578125,24.108835220336914,24.519811630249023,24.906435012817383,25.3088321685791,25.725017547607422,26.194576263427734,26.840620040893555,28.519357681274414
23.100902557373047,23.68499183654785,24.131929397583008,24.52497673034668,24.896631240844727,25.275310516357422,25.671995162963867,26.136789321899414,26.75217056274414,28.459976196289062
23.10183334350586,23.67555046081543,24.114004135131836,24.511465072631836,24.884498596191406,25.26354217529297,25.665912628173828,26.13780975341797,26.750686645507812,28.387903213500977
23.101778030395508,23.705358505249023,24.163787841796875,24.556106567382812,24.941408157348633,25.328289031982422,25.743593215942383,26.227214813232422,26.859081268310547,28.560243606567383
23.092483520507812,23.67138671875,24.123565673828125,24.52021026611328,24.89382553100586,25.2871036529541,25.696229934692383,26.17781639099121,26.80620574951172,28.519546508789062
23.084875106811523,23.671884536743164,24.114337921142578,24.508865356445312,24.88652801513672,25.276256561279297,25.685503005981445,26.15814208984375,26.782529830932617,28.404247283935547
23.043899536132812,23.647140502929688,24.118314743041992,24.53396987915039,24.924484252929688,25.319984436035156,25.740257263183594,26.225915908813477,26.85291290283203,28.55506706237793
23.074493408203125,23.6845760345459,24.152847290039062,24.572851181030273,24.955564498901367,25.346744537353516,25.768295288085938,26.257808685302734,26.888612747192383,28.547412872314453
23.00798988342285,23.629968643188477,24.124801635742188,24.54890251159668,24.95398712158203,25.359556198120117,25.788339614868164,26.28670883178711,26.927257537841797,28.671295166015625
23.03820037841797,23.647214889526367,24.11441421508789,24.524320602416992,24.913925170898438,25.31729507446289,25.73756980895996,26.227642059326172,26.85736846923828,28.476734161376953
23.079273223876953,23.672731399536133,24.120882034301758,24.519147872924805,24.886226654052734,25.27107048034668,25.689687728881836,26.166162490844727,26.78273582458496,28.475435256958008
23.090978622436523,23.6792049407959,24.13421058654785,24.53099822998047,24.902193069458008,25.286216735839844,25.685226440429688,26.16375160217285,26.778793334960938,28.521358489990234
23.04714584350586,23.65558433532715,24.12795639038086,24.54723358154297,24.939586639404297,25.329387664794922,25.751419067382812,26.25320053100586,26.88731575012207,28.522375106811523
23.058122634887695,23.663000106811523,24.115156173706055,24.511690139770508,24.89586067199707,25.281841278076172,25.69745635986328,26.1540470123291,26.76504898071289,28.50613021850586
23.036937713623047,23.656478881835938,24.121089935302734,24.541845321655273,24.93556785583496,25.33527946472168,25.75252342224121,26.252641677856445,26.930219650268555,28.60001564025879
23.121444702148438,23.708303451538086,24.154043197631836,24.564058303833008,24.93915367126465,25.327632904052734,25.738916397094727,26.20844078063965,26.81695556640625,28.44031524658203
23.081647872924805,23.672632217407227,24.13213539123535,24.531280517578125,24.91412925720215,25.298503875732422,25.714187622070312,26.204551696777344,26.839866638183594,28.523290634155273
23.033283233642578,23.666061401367188,24.1513729095459,24.57056427001953,24.964488983154297,25.35244369506836,25.772113800048828,26.257692337036133,26.880765914916992,28.513174057006836
23.03923797607422,23.636409759521484,24.11118507385254,24.518781661987305,24.911046981811523,25.30266761779785,25.717729568481445,26.19447135925293,26.800384521484375,28.507736206054688
23.035226821899414,23.651050567626953,24.126068115234375,24.54996109008789,24.941368103027344,25.345685958862305,25.759830474853516,26.249347686767578,26.887569427490234,28.509395599365234
23.02942657470703,23.672468185424805,24.16090202331543,24.597532272338867,24.997344970703125,25.39918327331543,25.832189559936523,26.335330963134766,26.96527862548828,28.644634246826172
23.074748992919922,23.69561004638672,24.156129837036133,24.56311798095703,24.942480087280273,25.328611373901367,25.738845825195312,26.216894149780273,26.855606079101562,28.56292724609375
22.97568702697754,23.61220932006836,24.096145629882812,24.51665496826172,24.908443450927734,25.312131881713867,25.73863410949707,26.215856552124023,26.84295654296875,28.56886863708496
23.068798065185547,23.67510223388672,24.14495086669922,24.55143928527832,24.94223403930664,25.341915130615234,25.761348724365234,26.25653839111328,26.87200355529785,28.487234115600586
23.069355010986328,23.680341720581055,24.144920349121094,24.549224853515625,24.93585777282715,25.32398223876953,25.74136734008789,26.229598999023438,26.872541427612305,28.5405216217041
22.989154815673828,23.614582061767578,24.117937088012695,24.560983657836914,24.968461990356445,25.3732967376709,25.79743766784668,26.297330856323242,26.953054428100586,28.749982833862305
22.939393997192383,23.59235954284668,24.108182907104492,24.567352294921875,25.00161361694336,25.421371459960938,25.88412094116211,26.401859283447266,27.066085815429688,28.697580337524414
23.049427032470703,23.65276527404785,24.125940322875977,24.527416229248047,24.915985107421875,25.304927825927734,25.719472885131836,26.200075149536133,26.850645065307617,28.520427703857422
23.082483291625977,23.66590118408203,24.126876831054688,24.521955490112305,24.9016170501709,25.279359817504883,25.686370849609375,26.164230346679688,26.781238555908203,28.46563148498535
23.067279815673828,23.685312271118164,24.15582275390625,24.58213233947754,24.97345542907715,25.37504768371582,25.798080444335938,26.2822265625,26.906700134277344,28.58796501159668
23.071455001831055,23.679494857788086,24.154094696044922,24.559194564819336,24.949630737304688,25.339813232421875,25.758224487304688,26.238849639892578,26.834842681884766,28.450878143310547
23.032344818115234,23.643075942993164,24.116886138916016,24.53289222717285,24.925033569335938,25.312244415283203,25.72955322265625,26.19955062866211,26.820648193359375,28.488449096679688
23.060300827026367,23.671091079711914,24.13678550720215,24.544801712036133,24.937435150146484,25.32689094543457,25.745534896850586,26.2189998626709,26.842727661132812,28.552444458007812
23.00090980529785,23.658388137817383,24.156343460083008,24.591957092285156,24.990482330322266,25.4054012298584,25.843782424926758,26.34146499633789,26.986154556274414,28.67852020263672
23.033218383789062,23.66596031188965,24.152616500854492,24.56549835205078,24.961017608642578,25.356651306152344,25.78257179260254,26.278406143188477,26.909738540649414,28.572673797607422
23.100948333740234,23.689558029174805,24.135547637939453,24.52883529663086,24.90485954284668,25.28700065612793,25.698335647583008,26.173126220703125,26.805349349975586,28.48863983154297
23.07301139831543,23.668106079101562,24.128164291381836,24.5311336517334,24.926179885864258,25.313215255737305,25.729385375976562,26.206525802612305,26.827007293701172,28.579275131225586
23.06195831298828,23.67882537841797,24.14314079284668,24.549135208129883,24.930696487426758,25.323516845703125,25.745880126953125,26.230640411376953,26.87616539001465,28.503097534179688
23.090669631958008,23.669158935546875,24.121313095092773,24.510238647460938,24.890596389770508,25.27100372314453,25.678728103637695,26.146663665771484,26.754182815551758,28.577054977416992
23.067176818847656,23.676984786987305,24.13945960998535,24.544227600097656,24.928956985473633,25.318584442138672,25.734472274780273,26.211652755737305,26.850749969482422,28.547101974487305
23.045316696166992,23.669193267822266,24.134769439697266,24.544132232666016,24.92514419555664,25.31621551513672,25.736604690551758,26.2053279876709,26.859580993652344,28.55504035949707
23.092350006103516,23.67571449279785,24.136341094970703,24.538532257080078,24.922821044921875,25.30646324157715,25.71859359741211,26.188199996948242,26.822683334350586,28.503450393676758
23.069374084472656,23.687145233154297,24.16843032836914,24.59687042236328,24.98405647277832,25.378488540649414,25.80870246887207,26.302640914916992,26.93026351928711,28.640661239624023
23.043296813964844,23.665067672729492,24.150318145751953,24.56365966796875,24.95530891418457,25.340192794799805,25.76274871826172,26.251480102539062,26.88943099975586,28.637523651123047
23.002187728881836,23.632373809814453,24.118932723999023,24.541011810302734,24.942405700683594,25.348669052124023,25.775510787963867,26.271516799926758,26.928436279296875,28.769145965576172
23.075660705566406,23.685211181640625,24.150793075561523,24.567264556884766,24.963050842285156,25.354145050048828,25.769811630249023,26.2548828125,26.89723777770996,28.498517990112305
23.015647888183594,23.637815475463867,24.116788864135742,24.530445098876953,24.922321319580078,25.33031463623047,25.75356101989746,26.23984718322754,26.879676818847656,28.564176559448242
23.02452850341797,23.644920349121094,24.13907814025879,24.567033767700195,24.972888946533203,25.378923416137695,25.805145263671875,26.294113159179688,26.919660568237305,28.57172203063965
22.88007354736328,23.5355167388916,24.071701049804688,24.54627799987793,24.995079040527344,25.439746856689453,25.901968002319336,26.42000961303711,27.080018997192383,28.77504539489746
23.03988265991211,23.65850830078125,24.126914978027344,24.53923797607422,24.916427612304688,25.30711555480957,25.722768783569336,26.20502471923828,26.8276424407959,28.493358612060547
23.05512237548828,23.669448852539062,24.143001556396484,24.559619903564453,24.949138641357422,25.346210479736328,25.771528244018555,26.26280975341797,26.888330459594727,28.607553482055664
23.01767921447754,23.644346237182617,24.13295555114746,24.55531883239746,24.955915451049805,25.349990844726562,25.786182403564453,26.28746795654297,26.935815811157227,28.606536865234375
22.97652816772461,23.62069320678711,24.129911422729492,24.567760467529297,24.986173629760742,25.396116256713867,25.840755462646484,26.339876174926758,27.003156661987305,28.643875122070312
23.024320602416992,23.656387329101562,24.14815902709961,24.572004318237305,24.96587562561035,25.370716094970703,25.792139053344727,26.282291412353516,26.904911041259766,28.515668869018555
23.024412155151367,23.642929077148438,24.11824607849121,24.534687042236328,24.937238693237305,25.333045959472656,25.75570297241211,26.243642807006836,26.87506103515625,28.57171058654785
23.076061248779297,23.666898727416992,24.122926712036133,24.52180290222168,24.89209747314453,25.273874282836914,25.676742553710938,26.143207550048828,26.757356643676758,28.452560424804688
23.080236434936523,23.69230079650879,24.15125846862793,24.555557250976562,24.943851470947266,25.328598022460938,25.746307373046875,26.22721290588379,26.835004806518555,28.46221160888672
23.0866756439209,23.713407516479492,24.183303833007812,24.58714485168457,24.980905532836914,25.370708465576172,25.789039611816406,26.278072357177734,26.906991958618164,28.541133880615234
23.03706169128418,23.643831253051758,24.13010597229004,24.546733856201172,24.94462776184082,25.338064193725586,25.753896713256836,26.234817504882812,26.861751556396484,28.60516357421875
23.085474014282227,23.67853355407715,24.13672637939453,24.538869857788086,24.920944213867188,25.304412841796875,25.728851318359375,26.198091506958008,26.834463119506836,28.55067253112793
23.107275009155273,23.687274932861328,24.127592086791992,24.530763626098633,24.91375160217285,25.30338478088379,25.726224899291992,26.215164184570312,26.839370727539062,28.433141708374023
23.01789093017578,23.650020599365234,24.133398056030273,24.56068992614746,24.97298240661621,25.380578994750977,25.819366455078125,26.300085067749023,26.92238998413086,28.614547729492188
23.073116302490234,23.68004608154297,24.129894256591797,24.534963607788086,24.92481803894043,25.311595916748047,25.718923568725586,26.201370239257812,26.85613441467285,28.593225479125977
23.066762924194336,23.654659271240234,24.11216926574707,24.507516860961914,24.891456604003906,25.271657943725586,25.681705474853516,26.150758743286133,26.778369903564453,28.591264724731445
22.966670989990234,23.61020851135254,24.10615348815918,24.538082122802734,24.94733428955078,25.35379409790039,25.787343978881836,26.28235626220703,26.916677474975586,28.596023559570312
23.053184509277344,23.675798416137695,24.161741256713867,24.577890396118164,24.97418785095215,25.36901092529297,25.789194107055664,26.268808364868164,26.890640258789062,28.52631187438965
23.0548038482666,23.662982940673828,24.128416061401367,24.539257049560547,24.92561149597168,25.312803268432617,25.72891616821289,26.205814361572266,26.83306312561035,28.56454086303711
23.094284057617188,23.676084518432617,24.11644172668457,24.49982261657715,24.875572204589844,25.256797790527344,25.673480987548828,26.1435546875,26.79136848449707,28.408435821533203
23.064964294433594,23.663257598876953,24.132965087890625,24.53520965576172,24.92302703857422,25.310712814331055,25.72430992126465,26.211132049560547,26.856468200683594,28.639476776123047
22.985027313232422,23.610313415527344,24.114364624023438,24.554237365722656,24.962987899780273,25.365440368652344,25.802032470703125,26.286571502685547,26.908918380737305,28.54416275024414
23.081993103027344,23.672775268554688,24.125621795654297,24.52448081970215,24.907014846801758,25.298166275024414,25.71449089050293,26.201148986816406,26.830041885375977,28.52927589416504
23.065509796142578,23.675928115844727,24.141376495361328,24.538429260253906,24.925228118896484,25.30946159362793,25.728336334228516,26.19870948791504,26.837217330932617,28.468494415283203
23.063011169433594,23.679349899291992,24.147470474243164,24.558374404907227,24.945064544677734,25.33632469177246,25.756059646606445,26.234161376953125,26.851238250732422,28.556793212890625
23.043561935424805,23.653656005859375,24.125831604003906,24.53293228149414,24.931747436523438,25.325702667236328,25.74132537841797,26.224613189697266,26.849206924438477,28.533794403076172
23.058273315429688,23.65577507019043,24.111772537231445,24.521656036376953,24.90494155883789,25.29068374633789,25.70258140563965,26.18023109436035,26.808374404907227,28.46026039123535
23.05908966064453,23.66024398803711,24.13631820678711,24.554706573486328,24.950496673583984,25.34097671508789,25.771257400512695,26.241500854492188,26.873371124267578,28.527963638305664
23.09267234802246,23.677370071411133,24.117937088012695,24.509666442871094,24.876527786254883,25.25530433654785,25.66180419921875,26.128753662109375,26.748788833618164,28.338302612304688
23.006105422973633,23.648286819458008,24.14853858947754,24.586509704589844,24.999128341674805,25.40592384338379,25.840946197509766,26.331417083740234,26.971759796142578,28.63514518737793
23.02254867553711,23.649188995361328,24.14791488647461,24.570886611938477,24.975421905517578,25.382339477539062,25.808557510375977,26.29706573486328,26.916147232055664,28.629653930664062
23.101194381713867,23.698287963867188,24.153413772583008,24.557994842529297,24.927230834960938,25.31157684326172,25.71810531616211,26.19487762451172,26.82155990600586,28.477392196655273
23.02918243408203,23.65847396850586,24.15081024169922,24.580875396728516,24.979766845703125,25.379146575927734,25.80605125427246,26.296518325805664,26.94472312927246,28.631561279296875
23.04624366760254,23.64859390258789,24.107404708862305,24.51816749572754,24.893314361572266,25.27748680114746,25.677410125732422,26.147146224975586,26.753677368164062,28.409250259399414
23.062637329101562,23.66057777404785,24.125669479370117,24.52480697631836,24.90668487548828,25.290393829345703,25.701221466064453,26.178043365478516,26.801427841186523,28.485361099243164
23.030702590942383,23.6501407623291,24.117023468017578,24.530576705932617,24.93454933166504,25.343286514282227,25.78388214111328,26.276371002197266,26.91884422302246,28.62188148498535
23.031936645507812,23.656583786010742,24.12481689453125,24.53850746154785,24.932645797729492,25.325714111328125,25.742639541625977,26.223718643188477,26.86341094970703,28.505081176757812
23.05303955078125,23.665752410888672,24.128219604492188,24.55241584777832,24.938295364379883,25.33204460144043,25.748367309570312,26.231801986694336,26.867334365844727,28.4956111907959
23.077238082885742,23.67245101928711,24.130203247070312,24.53395652770996,24.91459846496582,25.296005249023438,25.7128963470459,26.179845809936523,26.794095993041992,28.37451171875
23.023578643798828,23.653152465820312,24.143247604370117,24.56736183166504,24.954343795776367,25.363006591796875,25.770544052124023,26.25155258178711,26.884798049926758,28.593917846679688
23.06905746459961,23.68537712097168,24.166419982910156,24.572662353515625,24.962936401367188,25.35451889038086,25.76891326904297,26.25287437438965,26.87847900390625,28.585796356201172
23.03090476989746,23.660457611083984,24.148460388183594,24.568483352661133,24.9786319732666,25.369796752929688,25.795839309692383,26.27647590637207,26.914691925048828,28.607147216796875
23.104766845703125,23.691560745239258,24.13482093811035,24.521657943725586,24.897842407226562,25.276290893554688,25.67830467224121,26.148406982421875,26.753374099731445,28.357084274291992
23.07308578491211,23.665224075317383,24.122421264648438,24.52363395690918,24.907665252685547,25.285320281982422,25.69685935974121,26.17233657836914,26.794795989990234,28.402149200439453
23.074264526367188,23.663097381591797,24.110519409179688,24.505380630493164,24.894046783447266,25.28057861328125,25.69662094116211,26.168582916259766,26.779266357421875,28.501346588134766
23.01665496826172,23.662508010864258,24.144765853881836,24.56679344177246,24.965373992919922,25.36286735534668,25.788583755493164,26.29576301574707,26.940879821777344,28.63718032836914
23.081405639648438,23.66135597229004,24.12409019470215,24.531896591186523,24.911619186401367,25.301088333129883,25.716699600219727,26.20052146911621,26.820615768432617,28.488954544067383
23.094289779663086,23.691898345947266,24.145915985107422,24.559059143066406,24.94399070739746,25.330150604248047,25.73960304260254,26.212081909179688,26.821380615234375,28.403396606445312
22.99936294555664,23.636449813842773,24.13140106201172,24.563745498657227,24.961870193481445,25.35997772216797,25.79131317138672,26.27253532409668,26.900659561157227,28.541921615600586
23.115962982177734,23.715970993041992,24.17852020263672,24.573049545288086,24.952877044677734,25.33439826965332,25.74424934387207,26.213272094726562,26.834657669067383,28.382160186767578
23.046384811401367,23.64982795715332,24.125452041625977,24.53280258178711,24.923322677612305,25.310501098632812,25.725906372070312,26.214975357055664,26.850332260131836,28.636505126953125
23.0156307220459,23.633493423461914,24.126169204711914,24.560771942138672,24.967031478881836,25.38197898864746,25.819612503051758,26.31418800354004,26.936138153076172,28.503177642822266
23.07465934753418,23.674434661865234,24.131298065185547,24.532499313354492,24.919036865234375,25.313549041748047,25.730422973632812,26.221132278442383,26.860336303710938,28.478656768798828
23.082799911499023,23.683164596557617,24.149717330932617,24.551433563232422,24.94089698791504,25.332759857177734,25.747678756713867,26.2280216217041,26.843307495117188,28.533876419067383
22.98203468322754,23.612977981567383,24.11615753173828,24.544281005859375,24.950511932373047,25.35968589782715,25.810047149658203,26.306676864624023,26.968217849731445,28.712587356567383
23.080415725708008,23.68975067138672,24.143815994262695,24.5506534576416,24.93376350402832,25.317392349243164,25.73229217529297,26.2119083404541,26.84247589111328,28.537445068359375
23.097980499267578,23.690940856933594,24.147918701171875,24.549055099487305,24.932086944580078,25.31464385986328,25.732515335083008,26.219350814819336,26.86319351196289,28.60365867614746
23.073850631713867,23.686838150024414,24.152423858642578,24.56151008605957,24.951126098632812,25.345733642578125,25.769073486328125,26.25943946838379,26.88840675354004,28.542678833007812
23.052461624145508,23.657146453857422,24.122289657592773,24.533645629882812,24.92095947265625,25.312198638916016,25.718578338623047,26.18817901611328,26.783512115478516,28.391571044921875
23.07431983947754,23.674800872802734,24.130645751953125,24.5286808013916,24.903772354125977,25.292577743530273,25.694520950317383,26.16949462890625,26.777891159057617,28.47170639038086
23.001007080078125,23.62343406677246,24.121774673461914,24.54816436767578,24.953777313232422,25.35590171813965,25.777376174926758,26.26117515563965,26.879674911499023,28.597341537475586
23.11313819885254,23.694053649902344,24.132261276245117,24.521785736083984,24.89231300354004,25.27114486694336,25.675384521484375,26.150043487548828,26.77208709716797,28.45807456970215
23.08141326904297,23.659870147705078,24.103866577148438,24.501312255859375,24.865816116333008,25.247116088867188,25.65930938720703,26.12388801574707,26.735328674316406,28.48576545715332
23.05901336669922,23.671377182006836,24.13970184326172,24.551387786865234,24.949337005615234,25.344242095947266,25.764263153076172,26.244022369384766,26.856412887573242,28.49635887145996
23.05591583251953,23.675003051757812,24.153486251831055,24.56361961364746,24.967798233032227,25.36263656616211,25.785785675048828,26.27971076965332,26.908061981201172,28.500497817993164
23.012516021728516,23.65151023864746,24.1356143951416,24.565879821777344,24.97334098815918,25.377538681030273,25.821670532226562,26.34002685546875,26.98068618774414,28.603673934936523
23.010543823242188,23.65227699279785,24.139741897583008,24.564842224121094,24.973222732543945,25.377235412597656,25.824716567993164,26.314550399780273,26.950763702392578,28.599853515625
23.087970733642578,23.672460556030273,24.12252426147461,24.51386260986328,24.889312744140625,25.26660919189453,25.675683975219727,26.136869430541992,26.761442184448242,28.486597061157227
23.047258377075195,23.658777236938477,24.12770652770996,24.535491943359375,24.92764663696289,25.318233489990234,25.737375259399414,26.208633422851562,26.83222198486328,28.432113647460938
23.038410186767578,23.652090072631836,24.133874893188477,24.553024291992188,24.952077865600586,25.355815887451172,25.784955978393555,26.269901275634766,26.907264709472656,28.570602416992188
23.031530380249023,23.648681640625,24.131473541259766,24.541399002075195,24.937299728393555,25.335817337036133,25.76080894470215,26.254411697387695,26.89352798461914,28.65730857849121
23.107454299926758,23.692031860351562,24.13490867614746,24.53775405883789,24.916908264160156,25.30341339111328,25.714527130126953,26.21034049987793,26.839534759521484,28.503185272216797
23.06336212158203,23.65618324279785,24.11675453186035,24.53026008605957,24.915607452392578,25.29681396484375,25.719703674316406,26.208805084228516,26.83778953552246,28.58025550842285
23.06954574584961,23.655853271484375,24.120155334472656,24.52580451965332,24.913368225097656,25.30139923095703,25.709646224975586,26.181554794311523,26.79825782775879,28.47140884399414
23.03390884399414,23.64116668701172,24.122032165527344,24.540252685546875,24.928783416748047,25.321754455566406,25.745197296142578,26.229351043701172,26.87714195251465,28.520544052124023
23.046884536743164,23.658910751342773,24.1384334564209,24.551311492919922,24.952295303344727,25.356826782226562,25.77240753173828,26.25934410095215,26.881059646606445,28.54679298400879
23.06548309326172,23.680042266845703,24.147642135620117,24.54804229736328,24.921955108642578,25.307167053222656,25.713993072509766,26.182172775268555,26.802032470703125,28.490928649902344
23.09711456298828,23.70733642578125,24.176557540893555,24.57993507385254,24.95826530456543,25.341127395629883,25.75762176513672,26.231548309326172,26.856231689453125,28.474000930786133
23.084686279296875,23.68080711364746,24.136314392089844,24.536165237426758,24.923370361328125,25.311063766479492,25.726594924926758,26.201091766357422,26.841259002685547,28.536165237426758
23.04145622253418,23.650150299072266,24.109821319580078,24.521697998046875,24.914825439453125,25.298707962036133,25.72525978088379,26.20984649658203,26.847721099853516,28.489227294921875
23.059825897216797,23.64687156677246,24.110761642456055,24.512897491455078,24.90315818786621,25.292051315307617,25.708709716796875,26.189891815185547,26.804243087768555,28.50472640991211
23.039306640625,23.657913208007812,24.138628005981445,24.556564331054688,24.942378997802734,25.336318969726562,25.751041412353516,26.244394302368164,26.87212562561035,28.525182723999023
22.815818786621094,23.47427749633789,24.02809715270996,24.541519165039062,25.014068603515625,25.48394203186035,25.95515251159668,26.491260528564453,27.183988571166992,28.942983627319336
23.07213592529297,23.670379638671875,24.125619888305664,24.53127670288086,24.91368293762207,25.31136703491211,25.72156524658203,26.19065284729004,26.816904067993164,28.42268943786621
23.019004821777344,23.640167236328125,24.11847686767578,24.537805557250977,24.938161849975586,25.350969314575195,25.779970169067383,26.27796173095703,26.920862197875977,28.68448829650879
22.98691749572754,23.63628387451172,24.143871307373047,24.585010528564453,24.988529205322266,25.382783889770508,25.818187713623047,26.307628631591797,26.926664352416992,28.569067001342773
23.040016174316406,23.659727096557617,24.13245391845703,24.549591064453125,24.936687469482422,25.3341121673584,25.754497528076172,26.23714256286621,26.88007354736328,28.535335540771484
23.100292205810547,23.68486976623535,24.133712768554688,24.539491653442383,24.921592712402344,25.30898094177246,25.72449493408203,26.19597816467285,26.80397605895996,28.509607315063477
23.098785400390625,23.68842315673828,24.15420913696289,24.55055809020996,24.9345703125,25.32308578491211,25.731002807617188,26.202978134155273,26.823360443115234,28.47442054748535
23.06635093688965,23.665281295776367,24.13383674621582,24.539546966552734,24.928848266601562,25.3066463470459,25.72189712524414,26.19606590270996,26.818700790405273,28.548431396484375
23.08896827697754,23.678619384765625,24.139225006103516,24.530845642089844,24.908414840698242,25.284366607666016,25.68790054321289,26.156858444213867,26.761093139648438,28.475324630737305
23.01163101196289,23.635244369506836,24.115182876586914,24.550683975219727,24.949295043945312,25.359540939331055,25.787485122680664,26.289270401000977,26.939023971557617,28.636762619018555
23.036758422851562,23.65620231628418,24.13452911376953,24.54739761352539,24.94468116760254,25.334339141845703,25.757726669311523,26.246187210083008,26.873748779296875,28.46297836303711
22.980546951293945,23.620586395263672,24.119674682617188,24.562292098999023,24.97667694091797,25.383806228637695,25.812114715576172,26.29752540588379,26.92637825012207,28.63043212890625
22.990140914916992,23.634441375732422,24.131629943847656,24.573341369628906,24.985485076904297,25.386444091796875,25.819259643554688,26.311962127685547,26.93269920349121,28.63507652282715
22.968454360961914,23.611772537231445,24.11669158935547,24.554523468017578,24.974952697753906,25.388694763183594,25.825103759765625,26.32242774963379,26.965282440185547,28.68147850036621
23.078460693359375,23.67896270751953,24.138286590576172,24.539121627807617,24.91943359375,25.303014755249023,25.71901512145996,26.189908981323242,26.81536865234375,28.542856216430664
23.054418563842773,23.664077758789062,24.131629943847656,24.531021118164062,24.917125701904297,25.293746948242188,25.704730987548828,26.174448013305664,26.80409049987793,28.48919677734375
23.055898666381836,23.67558479309082,24.135866165161133,24.540433883666992,24.925840377807617,25.314950942993164,25.726110458374023,26.197519302368164,26.822959899902344,28.483556747436523
23.08736801147461,23.669631958007812,24.111785888671875,24.508241653442383,24.89012336730957,25.271053314208984,25.67815589904785,26.15128517150879,26.764728546142578,28.37508773803711
23.05899429321289,23.662338256835938,24.136383056640625,24.541126251220703,24.92959976196289,25.317934036254883,25.73252296447754,26.21535301208496,26.844785690307617,28.56667137145996
23.085193634033203,23.693635940551758,24.15976905822754,24.575157165527344,24.972000122070312,25.367307662963867,25.790180206298828,26.26525115966797,26.912235260009766,28.498092651367188
23.05378532409668,23.666563034057617,24.124958038330078,24.535884857177734,24.929058074951172,25.32380485534668,25.74042320251465,26.227001190185547,26.859169006347656,28.576929092407227
23.041345596313477,23.65026092529297,24.133056640625,24.555849075317383,24.95231056213379,25.355365753173828,25.78053855895996,26.26833152770996,26.911651611328125,28.589963912963867
23.023193359375,23.65566062927246,24.142690658569336,24.566299438476562,24.97495460510254,25.375320434570312,25.802169799804688,26.28505516052246,26.893278121948242,28.48578643798828
23.106746673583984,23.709959030151367,24.162551879882812,24.56113624572754,24.941326141357422,25.329801559448242,25.745887756347656,26.228233337402344,26.875986099243164,28.52351188659668
23.04863166809082,23.678020477294922,24.154186248779297,24.580060958862305,24.968849182128906,25.3599910736084,25.786035537719727,26.28515625,26.91978645324707,28.636322021484375
23.09815216064453,23.683151245117188,24.134849548339844,24.533096313476562,24.90383529663086,25.283353805541992,25.687971115112305,26.151891708374023,26.78631019592285,28.503244400024414
23.015663146972656,23.640893936157227,24.112503051757812,24.543594360351562,24.937538146972656,25.339061737060547,25.76674461364746,26.264366149902344,26.924697875976562,28.651885986328125
23.07415771484375,23.678129196166992,24.145273208618164,24.550556182861328,24.9321346282959,25.323028564453125,25.740516662597656,26.222597122192383,26.86705207824707,28.552631378173828
22.998550415039062,23.624340057373047,24.128686904907227,24.56214141845703,24.97430419921875,25.383493423461914,25.809606552124023,26.298133850097656,26.92506980895996,28.598865509033203
23.083669662475586,23.68709945678711,24.138334274291992,24.53230094909668,24.910795211791992,25.28766441345215,25.694503784179688,26.163494110107422,26.79052734375,28.473909378051758
23.051454544067383,23.673534393310547,24.137035369873047,24.545774459838867,24.930212020874023,25.320274353027344,25.73570442199707,26.210107803344727,26.83678436279297,28.531993865966797
22.973384857177734,23.6193904876709,24.115028381347656,24.552148818969727,24.954124450683594,25.365154266357422,25.79351806640625,26.292003631591797,26.932334899902344,28.58756446838379
22.937360763549805,23.591482162475586,24.123533248901367,24.590463638305664,25.029422760009766,25.46200180053711,25.913639068603516,26.41554832458496,27.037853240966797,28.691150665283203
23.022872924804688,23.638315200805664,24.11286163330078,24.539365768432617,24.943071365356445,25.348316192626953,25.78908348083496,26.282976150512695,26.92189598083496,28.60056495666504
23.040695190429688,23.66365623474121,24.148141860961914,24.575803756713867,24.96953773498535,25.369932174682617,25.79665184020996,26.294748306274414,26.927457809448242,28.54949378967285
23.019479751586914,23.640121459960938,24.117630004882812,24.543277740478516,24.944847106933594,25.353364944458008,25.784183502197266,26.281770706176758,26.92615509033203,28.59610939025879
23.005233764648438,23.636882781982422,24.114042282104492,24.535396575927734,24.93772315979004,25.338037490844727,25.768951416015625,26.25735092163086,26.89117431640625,28.54827880859375
23.095733642578125,23.700368881225586,24.159650802612305,24.558008193969727,24.935611724853516,25.31481170654297,25.73334312438965,26.223873138427734,26.879776000976562,28.629613876342773
23.05429458618164,23.658905029296875,24.135400772094727,24.541383743286133,24.9350643157959,25.329853057861328,25.749624252319336,26.24011993408203,26.87990379333496,28.598041534423828
23.106260299682617,23.70304298400879,24.163349151611328,24.558916091918945,24.937673568725586,25.324031829833984,25.724559783935547,26.181787490844727,26.789337158203125,28.51231575012207
23.043563842773438,23.63841438293457,24.102291107177734,24.502758026123047,24.879077911376953,25.263538360595703,25.678287506103516,26.159894943237305,26.774099349975586,28.443145751953125
23.037965774536133,23.65046501159668,24.129480361938477,24.54582405090332,24.93547248840332,25.329179763793945,25.746856689453125,26.224960327148438,26.86569595336914,28.56077003479004
22.919883728027344,23.580360412597656,24.10550308227539,24.570850372314453,24.99478530883789,25.423112869262695,25.865453720092773,26.37872886657715,27.013147354125977,28.725021362304688
23.08220672607422,23.676002502441406,24.143028259277344,24.546661376953125,24.92697525024414,25.313064575195312,25.727914810180664,26.21438217163086,26.83850860595703,28.46517562866211
23.024250030517578,23.633676528930664,24.11060333251953,24.522998809814453,24.917438507080078,25.308799743652344,25.729965209960938,26.20110511779785,26.84488868713379,28.52874755859375
23.06150245666504,23.66547393798828,24.126070022583008,24.5283145904541,24.91664695739746,25.307138442993164,25.72597312927246,26.204957962036133,26.855758666992188,28.465017318725586
23.076623916625977,23.676660537719727,24.147130966186523,24.54949378967285,24.934890747070312,25.329267501831055,25.739742279052734,26.203054428100586,26.823101043701172,28.510055541992188
23.000478744506836,23.62238121032715,24.101877212524414,24.525299072265625,24.926631927490234,25.333118438720703,25.7580623626709,26.25377655029297,26.887950897216797,28.605554580688477
23.084762573242188,23.691246032714844,24.164947509765625,24.565998077392578,24.950559616088867,25.332849502563477,25.735702514648438,26.202787399291992,26.814258575439453,28.472103118896484
23.01520538330078,23.655725479125977,24.12680435180664,24.54924201965332,24.955888748168945,25.360166549682617,25.793487548828125,26.282135009765625,26.938879013061523,28.627500534057617
23.084217071533203,23.680681228637695,24.143400192260742,24.54124641418457,24.925094604492188,25.313249588012695,25.733261108398438,26.22365379333496,26.84803581237793,28.5136775970459
22.964797973632812,23.60393524169922,24.11100959777832,24.541950225830078,24.94346809387207,25.34653663635254,25.781381607055664,26.295589447021484,26.97227668762207,28.646448135375977
23.076292037963867,23.669403076171875,24.12864112854004,24.536128997802734,24.92306137084961,25.3153133392334,25.729036331176758,26.204349517822266,26.832321166992188,28.434001922607422
23.007192611694336,23.635456085205078,24.139055252075195,24.58584976196289,24.997581481933594,25.405784606933594,25.84396743774414,26.341421127319336,26.989919662475586,28.658605575561523
22.98666000366211,23.623180389404297,24.10963249206543,24.542959213256836,24.950712203979492,25.356565475463867,25.782596588134766,26.274261474609375,26.91271209716797,28.554235458374023
23.073463439941406,23.67379379272461,24.133554458618164,24.53237533569336,24.917129516601562,25.304813385009766,25.72426414489746,26.20032501220703,26.82663917541504,28.518686294555664
23.097654342651367,23.696168899536133,24.151905059814453,24.549583435058594,24.928592681884766,25.306503295898438,25.717121124267578,26.191904067993164,26.82650375366211,28.516820907592773
23.02691078186035,23.642942428588867,24.131370544433594,24.548851013183594,24.95376205444336,25.347490310668945,25.776958465576172,26.28309440612793,26.917495727539062,28.595382690429688
23.09821891784668,23.683507919311523,24.141115188598633,24.530611038208008,24.905534744262695,25.27646255493164,25.67399024963379,26.138452529907227,26.744348526000977,28.516437530517578
23.0831356048584,23.6881046295166,24.16790771484375,24.576536178588867,24.964069366455078,25.352087020874023,25.760942459106445,26.250465393066406,26.912994384765625,28.616161346435547
23.0470027923584,23.67878532409668,24.148576736450195,24.553329467773438,24.939817428588867,25.3352108001709,25.745084762573242,26.217952728271484,26.83824348449707,28.527996063232422
22.993379592895508,23.630130767822266,24.128074645996094,24.564014434814453,24.96677589416504,25.37464141845703,25.803190231323242,26.308223724365234,26.94441032409668,28.723709106445312
23.03305435180664,23.63960075378418,24.108325958251953,24.527023315429688,24.925212860107422,25.332813262939453,25.768625259399414,26.27378273010254,26.90515899658203,28.59514808654785
22.97393798828125,23.610841751098633,24.09752655029297,24.528051376342773,24.930553436279297,25.341049194335938,25.771602630615234,26.273956298828125,26.917972564697266,28.593969345092773
23.070594787597656,23.671335220336914,24.142148971557617,24.554523468017578,24.94219970703125,25.3403377532959,25.758533477783203,26.24813461303711,26.853910446166992,28.527359008789062
23.080286026000977,23.673227310180664,24.13079833984375,24.527381896972656,24.90623664855957,25.289520263671875,25.70733070373535,26.178726196289062,26.802181243896484,28.48836898803711
23.054676055908203,23.680076599121094,24.134971618652344,24.548561096191406,24.93662452697754,25.322744369506836,25.733013153076172,26.200504302978516,26.808805465698242,28.46198081970215
23.003503799438477,23.631757736206055,24.112394332885742,24.523155212402344,24.917516708374023,25.326204299926758,25.75257110595703,26.23708724975586,26.88034439086914,28.551301956176758
23.063302993774414,23.672719955444336,24.14666175842285,24.54753875732422,24.937484741210938,25.328170776367188,25.744325637817383,26.23177719116211,26.85880470275879,28.60218620300293
23.029354095458984,23.667091369628906,24.158958435058594,24.59771156311035,24.99819564819336,25.40902328491211,25.835617065429688,26.332138061523438,26.967470169067383,28.688228607177734
22.96372413635254,23.60745620727539,24.118797302246094,24.558500289916992,24.995088577270508,25.413734436035156,25.845386505126953,26.349401473999023,26.970962524414062,28.672971725463867
22.916954040527344,23.565563201904297,24.098533630371094,24.555870056152344,24.976627349853516,25.405576705932617,25.84967613220215,26.36065673828125,27.013025283813477,28.70220375061035
23.058984756469727,23.661062240600586,24.127666473388672,24.533769607543945,24.91522789001465,25.29557991027832,25.70461082458496,26.169130325317383,26.767568588256836,28.47734832763672
23.0852108001709,23.683170318603516,24.139936447143555,24.539907455444336,24.91745948791504,25.30501937866211,25.722387313842773,26.20296287536621,26.85630226135254,28.61165428161621
23.025585174560547,23.643352508544922,24.119548797607422,24.544462203979492,24.928245544433594,25.319995880126953,25.74153709411621,26.219900131225586,26.84770965576172,28.567663192749023
22.995023727416992,23.614850997924805,24.117998123168945,24.55997085571289,24.97986602783203,25.405563354492188,25.85066795349121,26.35456657409668,27.02454376220703,28.69783592224121
23.08213233947754,23.671005249023438,24.135156631469727,24.531414031982422,24.920364379882812,25.306175231933594,25.727798461914062,26.21329116821289,26.83262062072754,28.530925750732422
23.069738388061523,23.658233642578125,24.110750198364258,24.512104034423828,24.892839431762695,25.279693603515625,25.694456100463867,26.16611671447754,26.777597427368164,28.472070693969727
23.072269439697266,23.66224479675293,24.121767044067383,24.51250457763672,24.895090103149414,25.28002166748047,25.694612503051758,26.17803192138672,26.793426513671875,28.48142433166504
23.044490814208984,23.66074562072754,24.14820671081543,24.56898307800293,24.960493087768555,25.36171531677246,25.779447555541992,26.282947540283203,26.934768676757812,28.62470245361328
23.038002014160156,23.671815872192383,24.13555145263672,24.541980743408203,24.93319320678711,25.321767807006836,25.743698120117188,26.23027801513672,26.86716651916504,28.47490882873535
23.08375358581543,23.672517776489258,24.121353149414062,24.52381706237793,24.905654907226562,25.29060173034668,25.704893112182617,26.18124008178711,26.813583374023438,28.480554580688477
23.03838348388672,23.66615867614746,24.132843017578125,24.559234619140625,24.950881958007812,25.34442710876465,25.758968353271484,26.230939865112305,26.854469299316406,28.558547973632812
23.030960083007812,23.660341262817383,24.15095329284668,24.572242736816406,24.96872329711914,25.368736267089844,25.788467407226562,26.275875091552734,26.91493797302246,28.63471221923828
23.042394638061523,23.651264190673828,24.13753890991211,24.5605525970459,24.970712661743164,25.38241195678711,25.822555541992188,26.331357955932617,26.979883193969727,28.560585021972656
23.08771324157715,23.68121910095215,24.146955490112305,24.552696228027344,24.94922637939453,25.334339141845703,25.753896713256836,26.235746383666992,26.877670288085938,28.626693725585938
23.011703491210938,23.641536712646484,24.121984481811523,24.552562713623047,24.958431243896484,25.359649658203125,25.80517578125,26.295106887817383,26.929101943969727,28.62895965576172
22.949462890625,23.602602005004883,24.116737365722656,24.577627182006836,25.000123977661133,25.408586502075195,25.856491088867188,26.351760864257812,26.98858070373535,28.664697647094727
23.077444076538086,23.672622680664062,24.14431381225586,24.551298141479492,24.945087432861328,25.33827781677246,25.753055572509766,26.232542037963867,26.844003677368164,28.518295288085938
23.03359031677246,23.68701934814453,24.183856964111328,24.620763778686523,25.024181365966797,25.436838150024414,25.857336044311523,26.352941513061523,26.991622924804688,28.63386344909668
23.07561683654785,23.66887092590332,24.121164321899414,24.506166458129883,24.89300537109375,25.273906707763672,25.680660247802734,26.146194458007812,26.761442184448242,28.371076583862305
23.040618896484375,23.623252868652344,24.095680236816406,24.507062911987305,24.896278381347656,25.27911949157715,25.698589324951172,26.176593780517578,26.810823440551758,28.4626522064209
22.96811866760254,23.60855484008789,24.11424446105957,24.56196403503418,24.980525970458984,25.395214080810547,25.834930419921875,26.332319259643555,26.976680755615234,28.654340744018555
23.07727813720703,23.668872833251953,24.117835998535156,24.5255184173584,24.898223876953125,25.28123664855957,25.692577362060547,26.16153907775879,26.787620544433594,28.434022903442383
23.057741165161133,23.656776428222656,24.125205993652344,24.54059410095215,24.930238723754883,25.319927215576172,25.73719024658203,26.20309829711914,26.86556625366211,28.45131492614746
23.046207427978516,23.654632568359375,24.12232208251953,24.533002853393555,24.92552375793457,25.319181442260742,25.744606018066406,26.235733032226562,26.895051956176758,28.606304168701172
23.014766693115234,23.64517593383789,24.128002166748047,24.564136505126953,24.97275733947754,25.387100219726562,25.820791244506836,26.319950103759766,26.95115089416504,28.557405471801758
23.05697250366211,23.66688346862793,24.12904167175293,24.5352725982666,24.915908813476562,25.300643920898438,25.725473403930664,26.204355239868164,26.818553924560547,28.53751564025879
23.116403579711914,23.69509506225586,24.147737503051758,24.53746795654297,24.91880226135254,25.30388641357422,25.71872329711914,26.2065372467041,26.853830337524414,28.613513946533203
23.06041145324707,23.682653427124023,24.159996032714844,24.580028533935547,24.97791862487793,25.37976837158203,25.808744430541992,26.297136306762695,26.924636840820312,28.583030700683594
23.01215362548828,23.648517608642578,24.136150360107422,24.571170806884766,24.973203659057617,25.36812973022461,25.788318634033203,26.287769317626953,26.91460418701172,28.61894989013672
23.072031021118164,23.67263412475586,24.136137008666992,24.542747497558594,24.924606323242188,25.308067321777344,25.71836280822754,26.206451416015625,26.835363388061523,28.550521850585938
23.094228744506836,23.689680099487305,24.15679931640625,24.544872283935547,24.91962242126465,25.29676055908203,25.7102108001709,26.184921264648438,26.83311653137207,28.44122314453125
23.10506820678711,23.684003829956055,24.13363265991211,24.521697998046875,24.89937973022461,25.285205841064453,25.696640014648438,26.17784309387207,26.815109252929688,28.527109146118164
23.067108154296875,23.675046920776367,24.12752914428711,24.53090476989746,24.90581512451172,25.29280662536621,25.699825286865234,26.192279815673828,26.818557739257812,28.49627685546875
23.026935577392578,23.67168617248535,24.15700912475586,24.577619552612305,24.974563598632812,25.387832641601562,25.812114715576172,26.301420211791992,26.92730712890625,28.575485229492188
23.0502872467041,23.66887855529785,24.144498825073242,24.54889678955078,24.94036102294922,25.324684143066406,25.738481521606445,26.21367835998535,26.82001304626465,28.51901626586914
23.091583251953125,23.68290901184082,24.126399993896484,24.517120361328125,24.883541107177734,25.255996704101562,25.671995162963867,26.155582427978516,26.788400650024414,28.539974212646484
23.05786895751953,23.67539405822754,24.160076141357422,24.571617126464844,24.965436935424805,25.356138229370117,25.767637252807617,26.247249603271484,26.859344482421875,28.52346420288086
23.074993133544922,23.671411514282227,24.131614685058594,24.536670684814453,24.930204391479492,25.315420150756836,25.73346519470215,26.213653564453125,26.853296279907227,28.515256881713867
23.056594848632812,23.652507781982422,24.098285675048828,24.49875831604004,24.884708404541016,25.278329849243164,25.69027328491211,26.156700134277344,26.77427101135254,28.45172691345215
23.096343994140625,23.68836212158203,24.146648406982422,24.54728889465332,24.934776306152344,25.319156646728516,25.73309898376465,26.189556121826172,26.79326820373535,28.456817626953125
23.079925537109375,23.676362991333008,24.127073287963867,24.528825759887695,24.907678604125977,25.287385940551758,25.707347869873047,26.177566528320312,26.801183700561523,28.484146118164062
23.079675674438477,23.653715133666992,24.10432243347168,24.495277404785156,24.87459945678711,25.264774322509766,25.6755428314209,26.149484634399414,26.767040252685547,28.41103172302246
22.946563720703125,23.602638244628906,24.127029418945312,24.573211669921875,25.003684997558594,25.42022705078125,25.882083892822266,26.384971618652344,27.031814575195312,28.657150268554688
23.0582332611084,23.652122497558594,24.114791870117188,24.521263122558594,24.901809692382812,25.295419692993164,25.717023849487305,26.196027755737305,26.808555603027344,28.49338722229004
23.099761962890625,23.689462661743164,24.14397621154785,24.540447235107422,24.920475006103516,25.299789428710938,25.712705612182617,26.193111419677734,26.839763641357422,28.509902954101562
23.03652000427246,23.660404205322266,24.13945198059082,24.55841636657715,24.947492599487305,25.34929847717285,25.769311904907227,26.265024185180664,26.88327980041504,28.57655906677246
23.013151168823242,23.641826629638672,24.14041519165039,24.561803817749023,24.958173751831055,25.354324340820312,25.77642059326172,26.270824432373047,26.905250549316406,28.570430755615234
23.05255126953125,23.655712127685547,24.123991012573242,24.54011344909668,24.923418045043945,25.314973831176758,25.73003578186035,26.195405960083008,26.792827606201172,28.399641036987305
23.071712493896484,23.684921264648438,24.157655715942383,24.564546585083008,24.95241928100586,25.34287452697754,25.763423919677734,26.26312828063965,26.900423049926758,28.50921058654785
23.072526931762695,23.677961349487305,24.13564109802246,24.537029266357422,24.918405532836914,25.309614181518555,25.728315353393555,26.215070724487305,26.859451293945312,28.52765464782715
23.013652801513672,23.636878967285156,24.104761123657227,24.526628494262695,24.916587829589844,25.31507682800293,25.741140365600586,26.22540283203125,26.85626792907715,28.584802627563477
22.990293502807617,23.62864112854004,24.122926712036133,24.55768394470215,24.96297836303711,25.36772918701172,25.79445457458496,26.288745880126953,26.912235260009766,28.502870559692383
23.096694946289062,23.68552017211914,24.14836311340332,24.559064865112305,24.947540283203125,25.340906143188477,25.764501571655273,26.246841430664062,26.878826141357422,28.597335815429688
23.055255889892578,23.68246078491211,24.157634735107422,24.56315040588379,24.961179733276367,25.354923248291016,25.768648147583008,26.252826690673828,26.875595092773438,28.497482299804688
23.042478561401367,23.653982162475586,24.117679595947266,24.530881881713867,24.930694580078125,25.322988510131836,25.755123138427734,26.245832443237305,26.90513801574707,28.58205795288086
22.98744773864746,23.619504928588867,24.11777687072754,24.547576904296875,24.96437644958496,25.37666130065918,25.807600021362305,26.30657958984375,26.934532165527344,28.629629135131836
23.08547592163086,23.66638946533203,24.12325668334961,24.516267776489258,24.899648666381836,25.28375816345215,25.695301055908203,26.17561912536621,26.809179306030273,28.580646514892578
23.02564811706543,23.6564884185791,24.142507553100586,24.5707950592041,24.97496795654297,25.37102508544922,25.794469833374023,26.293004989624023,26.920013427734375,28.527034759521484
23.037071228027344,23.6503849029541,24.130722045898438,24.556156158447266,24.949567794799805,25.353134155273438,25.785552978515625,26.264358520507812,26.911121368408203,28.594497680664062
23.058290481567383,23.66553497314453,24.13616180419922,24.538503646850586,24.91739273071289,25.312406539916992,25.72911262512207,26.20941734313965,26.83144187927246,28.45450782775879
23.05040168762207,23.6490535736084,24.106801986694336,24.516374588012695,24.908164978027344,25.310529708862305,25.740921020507812,26.23974609375,26.89824676513672,28.50592041015625
23.004365921020508,23.642560958862305,24.127798080444336,24.551877975463867,24.95172691345215,25.360870361328125,25.789663314819336,26.30498504638672,26.950939178466797,28.6071720123291
22.83271026611328,23.473041534423828,24.007572174072266,24.494386672973633,24.94719886779785,25.40471649169922,25.876596450805664,26.402402877807617,27.068740844726562,28.82460594177246
22.987579345703125,23.634119033813477,24.143301010131836,24.571331024169922,24.973556518554688,25.371076583862305,25.810903549194336,26.296327590942383,26.919721603393555,28.619548797607422
23.09052276611328,23.684173583984375,24.13974952697754,24.537254333496094,24.912073135375977,25.290245056152344,25.70201301574707,26.175899505615234,26.801040649414062,28.445938110351562
23.028234481811523,23.659141540527344,24.14492416381836,24.571226119995117,24.969852447509766,25.37441062927246,25.812114715576172,26.307594299316406,26.936908721923828,28.588119506835938
23.02574920654297,23.65240478515625,24.151355743408203,24.573440551757812,24.97726821899414,25.385982513427734,25.816850662231445,26.305858612060547,26.92789649963379,28.616714477539062
23.071962356567383,23.678525924682617,24.145801544189453,24.542823791503906,24.928749084472656,25.32094955444336,25.73065948486328,26.206628799438477,26.848064422607422,28.47943115234375
22.941326141357422,23.572402954101562,24.083621978759766,24.53022003173828,24.956756591796875,25.37538719177246,25.818695068359375,26.308584213256836,26.95541000366211,28.582231521606445
23.036273956298828,23.67047691345215,24.161264419555664,24.583242416381836,24.980337142944336,25.372465133666992,25.7917423248291,26.286529541015625,26.921857833862305,28.593250274658203
22.893613815307617,23.542449951171875,24.069072723388672,24.539079666137695,24.97670555114746,25.418821334838867,25.877647399902344,26.401811599731445,27.053260803222656,28.754629135131836
23.020153045654297,23.64550018310547,24.12630271911621,24.549762725830078,24.94857406616211,25.328868865966797,25.738399505615234,26.210237503051758,26.816556930541992,28.476253509521484
23.02227020263672,23.643877029418945,24.12666130065918,24.547128677368164,24.948471069335938,25.342411041259766,25.76885986328125,26.255844116210938,26.89688491821289,28.562162399291992
23.12769889831543,23.703811645507812,24.15989875793457,24.547548294067383,24.916521072387695,25.293560028076172,25.697813034057617,26.16001319885254,26.75605010986328,28.456836700439453
23.067554473876953,23.661357879638672,24.118738174438477,24.52775764465332,24.914396286010742,25.299781799316406,25.714481353759766,26.183332443237305,26.796939849853516,28.465120315551758
23.043582916259766,23.660402297973633,24.14794921875,24.56920623779297,24.971118927001953,25.374759674072266,25.804447174072266,26.29270362854004,26.93600845336914,28.577896118164062
22.977996826171875,23.60982894897461,24.114553451538086,24.543092727661133,24.94916534423828,25.354923248291016,25.782241821289062,26.277088165283203,26.90561866760254,28.597705841064453
23.132892608642578,23.705244064331055,24.143741607666016,24.549097061157227,24.93437385559082,25.32261085510254,25.738475799560547,26.215267181396484,26.847158432006836,28.49283790588379
23.048154830932617,23.657062530517578,24.13809585571289,24.553329467773438,24.936342239379883,25.319740295410156,25.738466262817383,26.212907791137695,26.865564346313477,28.545204162597656
23.03302001953125,23.660526275634766,24.133806228637695,24.553665161132812,24.947986602783203,25.35366439819336,25.78458023071289,26.29530906677246,26.94032859802246,28.53415870666504
23.030458450317383,23.641502380371094,24.10978889465332,24.520906448364258,24.91120719909668,25.305782318115234,25.730451583862305,26.222280502319336,26.85590171813965,28.484071731567383
23.09017562866211,23.677021026611328,24.10988426208496,24.50261878967285,24.877168655395508,25.251239776611328,25.66073226928711,26.133255004882812,26.75458335876465,28.43699073791504
23.05093765258789,23.667621612548828,24.11751937866211,24.515195846557617,24.88656997680664,25.280109405517578,25.695615768432617,26.169639587402344,26.815662384033203,28.56422996520996
23.095203399658203,23.705472946166992,24.16514015197754,24.558387756347656,24.933574676513672,25.32238006591797,25.735498428344727,26.199430465698242,26.809162139892578,28.390995025634766
22.986160278320312,23.63677978515625,24.136831283569336,24.556276321411133,24.975299835205078,25.388017654418945,25.82801628112793,26.340932846069336,26.99447250366211,28.659286499023438
23.05803108215332,23.670574188232422,24.136844635009766,24.551319122314453,24.93564796447754,25.331405639648438,25.746957778930664,26.23273277282715,26.857593536376953,28.526384353637695
23.020183563232422,23.631242752075195,24.11330223083496,24.529216766357422,24.92693519592285,25.32236671447754,25.740934371948242,26.224212646484375,26.852771759033203,28.603668212890625
23.088581085205078,23.686786651611328,24.146678924560547,24.558652877807617,24.94685173034668,25.33648681640625,25.754104614257812,26.238920211791992,26.873615264892578,28.544239044189453
23.00457000732422,23.632217407226562,24.12754249572754,24.55331802368164,24.957107543945312,25.361268997192383,25.788320541381836,26.276411056518555,26.88528060913086,28.565393447875977
23.05483055114746,23.650150299072266,24.12008285522461,24.524423599243164,24.91399574279785,25.303115844726562,25.72199058532715,26.205215454101562,26.843957901000977,28.546451568603516
23.08729362487793,23.694032669067383,24.139923095703125,24.541793823242188,24.924131393432617,25.307662963867188,25.71734046936035,26.19029426574707,26.796783447265625,28.494903564453125
23.05754280090332,23.655744552612305,24.119747161865234,24.52680778503418,24.91591453552246,25.3076171875,25.731075286865234,26.20464515686035,26.823495864868164,28.43634605407715
23.056896209716797,23.676177978515625,24.14200782775879,24.54480743408203,24.9280948638916,25.306032180786133,25.724529266357422,26.205415725708008,26.828195571899414,28.51232147216797
23.06410789489746,23.66241455078125,24.13433074951172,24.548524856567383,24.93602752685547,25.327791213989258,25.736045837402344,26.220596313476562,26.860855102539062,28.490198135375977
23.028709411621094,23.649803161621094,24.12277603149414,24.54177474975586,24.928367614746094,25.321022033691406,25.743717193603516,26.220788955688477,26.831640243530273,28.50768280029297
23.066179275512695,23.662490844726562,24.126617431640625,24.52361488342285,24.89719581604004,25.28551483154297,25.694433212280273,26.173873901367188,26.797101974487305,28.461132049560547
23.07514762878418,23.673362731933594,24.14134407043457,24.545372009277344,24.938854217529297,25.333415985107422,25.754257202148438,26.247867584228516,26.89075469970703,28.60028839111328
23.03749656677246,23.66364860534668,24.140180587768555,24.548067092895508,24.943368911743164,25.348121643066406,25.7780818939209,26.27090835571289,26.900909423828125,28.589345932006836
23.03415298461914,23.65030288696289,24.126733779907227,24.550622940063477,24.954164505004883,25.353836059570312,25.78821563720703,26.27939796447754,26.894466400146484,28.488563537597656
23.03216552734375,23.648441314697266,24.127931594848633,24.54987335205078,24.951135635375977,25.354949951171875,25.783931732177734,26.281444549560547,26.915523529052734,28.658206939697266
23.002653121948242,23.641738891601562,24.150510787963867,24.60042953491211,25.01105499267578,25.423656463623047,25.85427474975586,26.343509674072266,26.988515853881836,28.64149284362793
23.031578063964844,23.676843643188477,24.164867401123047,24.60228157043457,25.0107421875,25.404775619506836,25.839237213134766,26.329620361328125,26.960269927978516,28.610469818115234
23.040281295776367,23.654226303100586,24.12847900390625,24.545326232910156,24.938838958740234,25.332244873046875,25.754823684692383,26.262557983398438,26.881790161132812,28.440628051757812
23.049962997436523,23.655033111572266,24.124637603759766,24.52739715576172,24.90830421447754,25.302505493164062,25.716190338134766,26.192888259887695,26.819604873657227,28.498775482177734
23.086164474487305,23.68376922607422,24.140811920166016,24.537363052368164,24.914260864257812,25.304807662963867,25.716144561767578,26.18499755859375,26.799819946289062,28.55134391784668
22.984333038330078,23.626781463623047,24.116939544677734,24.56333351135254,24.975566864013672,25.399738311767578,25.839649200439453,26.336227416992188,26.975814819335938,28.638166427612305
23.066165924072266,23.66203498840332,24.125947952270508,24.52629280090332,24.913330078125,25.29619026184082,25.70521354675293,26.18476104736328,26.806720733642578,28.54327964782715
23.054092407226562,23.679086685180664,24.174219131469727,24.59646224975586,24.992637634277344,25.385793685913086,25.818490982055664,26.291345596313477,26.90863800048828,28.629594802856445
23.089231491088867,23.690580368041992,24.132436752319336,24.532106399536133,24.904708862304688,25.282424926757812,25.69149398803711,26.165237426757812,26.78182029724121,28.473224639892578
23.105369567871094,23.696094512939453,24.1485652923584,24.539588928222656,24.91412925720215,25.287851333618164,25.684078216552734,26.142398834228516,26.754962921142578,28.388486862182617
22.889448165893555,23.560148239135742,24.093589782714844,24.560802459716797,24.995824813842773,25.42763900756836,25.870805740356445,26.39214515686035,27.062294006347656,28.836597442626953
23.03023910522461,23.65380096435547,24.13351821899414,24.56291389465332,24.968053817749023,25.367183685302734,25.79435920715332,26.30759048461914,26.966079711914062,28.583892822265625
23.11431884765625,23.697126388549805,24.14313316345215,24.533485412597656,24.902942657470703,25.283172607421875,25.693891525268555,26.173465728759766,26.794336318969727,28.53398895263672
22.988632202148438,23.59699249267578,24.094722747802734,24.522354125976562,24.934255599975586,25.341712951660156,25.771081924438477,26.264963150024414,26.89392852783203,28.604297637939453
23.044109344482422,23.651567459106445,24.113910675048828,24.52997589111328,24.92148780822754,25.311670303344727,25.741113662719727,26.231098175048828,26.862586975097656,28.527881622314453
23.088809967041016,23.67160987854004,24.11843490600586,24.513025283813477,24.885953903198242,25.268104553222656,25.68491554260254,26.16495704650879,26.788156509399414,28.516448974609375
23.06589126586914,23.66976547241211,24.142126083374023,24.548017501831055,24.937685012817383,25.326026916503906,25.739328384399414,26.22182273864746,26.842885971069336,28.54806900024414
23.08650779724121,23.695751190185547,24.140445709228516,24.537811279296875,24.92067527770996,25.30015754699707,25.706634521484375,26.178813934326172,26.79006576538086,28.443700790405273
23.037139892578125,23.6520938873291,24.124412536621094,24.537622451782227,24.929780960083008,25.32771110534668,25.754409790039062,26.239303588867188,26.869434356689453,28.548280715942383
23.015153884887695,23.62396240234375,24.095722198486328,24.52180290222168,24.920169830322266,25.32622718811035,25.7524356842041,26.24151039123535,26.86821937561035,28.446924209594727
23.059829711914062,23.679969787597656,24.14908218383789,24.561817169189453,24.964702606201172,25.3700008392334,25.791975021362305,26.275667190551758,26.891807556152344,28.53204345703125
23.060794830322266,23.66193389892578,24.135704040527344,24.542692184448242,24.925554275512695,25.312416076660156,25.72092056274414,26.202892303466797,26.842199325561523,28.536991119384766
23.005239486694336,23.64805030822754,24.133926391601562,24.566659927368164,24.967947006225586,25.37395668029785,25.80609130859375,26.3127498626709,26.97284698486328,28.611324310302734
23.085445404052734,23.676712036132812,24.133012771606445,24.537097930908203,24.918739318847656,25.29972267150879,25.708690643310547,26.19767951965332,26.804555892944336,28.462223052978516
22.995223999023438,23.635360717773438,24.1385555267334,24.579849243164062,24.984821319580078,25.387584686279297,25.83160400390625,26.328577041625977,26.99050521850586,28.642972946166992
23.037126541137695,23.65168571472168,24.110027313232422,24.51580238342285,24.889616012573242,25.271324157714844,25.677799224853516,26.146013259887695,26.75958824157715,28.43179702758789
23.047975540161133,23.66958999633789,24.157894134521484,24.570894241333008,24.970060348510742,25.371341705322266,25.79533576965332,26.28524398803711,26.903303146362305,28.602752685546875
23.079376220703125,23.68634796142578,24.15201187133789,24.55620574951172,24.9438533782959,25.338340759277344,25.759645462036133,26.25067901611328,26.884536743164062,28.459787368774414
23.074466705322266,23.674358367919922,24.122840881347656,24.521759033203125,24.893800735473633,25.274303436279297,25.68701171875,26.154388427734375,26.787397384643555,28.569738388061523
23.08685874938965,23.692218780517578,24.159605026245117,24.565414428710938,24.946889877319336,25.329143524169922,25.742340087890625,26.215774536132812,26.83943748474121,28.571847915649414
23.000389099121094,23.64969253540039,24.149717330932617,24.585039138793945,24.988283157348633,25.390195846557617,25.824798583984375,26.321395874023438,26.9428768157959,28.59195327758789
23.068716049194336,23.68073081970215,24.16094207763672,24.584365844726562,24.976797103881836,25.383487701416016,25.823015213012695,26.326080322265625,26.957622528076172,28.645875930786133
23.092653274536133,23.685909271240234,24.14069938659668,24.54137420654297,24.92042350769043,25.297990798950195,25.704057693481445,26.170190811157227,26.783479690551758,28.510515213012695
23.05758285522461,23.66346549987793,24.130535125732422,24.53989601135254,24.924623489379883,25.319583892822266,25.742080688476562,26.25187873840332,26.903329849243164,28.569660186767578
23.04241371154785,23.665245056152344,24.134559631347656,24.54791259765625,24.93137550354004,25.32479476928711,25.75027084350586,26.239110946655273,26.903060913085938,28.657363891601562
23.08837127685547,23.701915740966797,24.165721893310547,24.567588806152344,24.950237274169922,25.336658477783203,25.752960205078125,26.23052406311035,26.843076705932617,28.586896896362305
23.022092819213867,23.64609146118164,24.14216423034668,24.564311981201172,24.969173431396484,25.375511169433594,25.80510139465332,26.308012008666992,26.95474624633789,28.653894424438477
23.01982879638672,23.616395950317383,24.100637435913086,24.51913833618164,24.92037582397461,25.330951690673828,25.761777877807617,26.271230697631836,26.932174682617188,28.70502281188965
23.00644302368164,23.648439407348633,24.13532066345215,24.567529678344727,24.966279983520508,25.365922927856445,25.800745010375977,26.30352020263672,26.941373825073242,28.704145431518555
23.002269744873047,23.625574111938477,24.12871551513672,24.56330108642578,24.966501235961914,25.3757381439209,25.800893783569336,26.29970359802246,26.93771743774414,28.53119659423828
23.09952735900879,23.680646896362305,24.13753890991211,24.530691146850586,24.90819549560547,25.302284240722656,25.7114315032959,26.195215225219727,26.820682525634766,28.449451446533203
23.079750061035156,23.67303466796875,24.12517547607422,24.522066116333008,24.91199493408203,25.2912654876709,25.70062828063965,26.17283058166504,26.80124282836914,28.48720359802246
22.97279930114746,23.607357025146484,24.10556983947754,24.546836853027344,24.959115982055664,25.371257781982422,25.797346115112305,26.28380584716797,26.927528381347656,28.571170806884766
23.05230712890625,23.663236618041992,24.14263343811035,24.56083869934082,24.95384407043457,25.343870162963867,25.77300453186035,26.256467819213867,26.881380081176758,28.500158309936523
23.01131248474121,23.64224624633789,24.136777877807617,24.561569213867188,24.962574005126953,25.35957145690918,25.782270431518555,26.267663955688477,26.893978118896484,28.574392318725586
23.067155838012695,23.675052642822266,24.136964797973633,24.549745559692383,24.942651748657227,25.324310302734375,25.73952293395996,26.214929580688477,26.853601455688477,28.633419036865234
23.063499450683594,23.66045570373535,24.13311767578125,24.540908813476562,24.937257766723633,25.338720321655273,25.76864242553711,26.270553588867188,26.909515380859375,28.61821937561035
23.0952091217041,23.697656631469727,24.150175094604492,24.557294845581055,24.937477111816406,25.33320426940918,25.749317169189453,26.230993270874023,26.86072540283203,28.511993408203125
23.054706573486328,23.673429489135742,24.164649963378906,24.583345413208008,24.977968215942383,25.375967025756836,25.812641143798828,26.305641174316406,26.975244522094727,28.780561447143555
23.03176498413086,23.653518676757812,24.12574577331543,24.53534698486328,24.927078247070312,25.314571380615234,25.73271942138672,26.21352195739746,26.83686065673828,28.537691116333008
23.084035873413086,23.67151641845703,24.131723403930664,24.5378360748291,24.920198440551758,25.31455421447754,25.72126579284668,26.18630027770996,26.816858291625977,28.554014205932617
23.052324295043945,23.653379440307617,24.115692138671875,24.528533935546875,24.91998291015625,25.31097984313965,25.742204666137695,26.21144676208496,26.855918884277344,28.473594665527344
23.114900588989258,23.70543670654297,24.153217315673828,24.543655395507812,24.913803100585938,25.293071746826172,25.706180572509766,26.176151275634766,26.798974990844727,28.524723052978516
23.05803871154785,23.664201736450195,24.136253356933594,24.547574996948242,24.941444396972656,25.341110229492188,25.759119033813477,26.248062133789062,26.88683319091797,28.50132179260254
23.03268814086914,23.661399841308594,24.14189910888672,24.548004150390625,24.951419830322266,25.352981567382812,25.789974212646484,26.290653228759766,26.931909561157227,28.622819900512695
23.126739501953125,23.70378303527832,24.146055221557617,24.532238006591797,24.90298843383789,25.284826278686523,25.685205459594727,26.153575897216797,26.766759872436523,28.369579315185547
23.02069664001465,23.640710830688477,24.13779640197754,24.563800811767578,24.971961975097656,25.385181427001953,25.8244571685791,26.32485008239746,26.95857048034668,28.67440414428711
23.03843116760254,23.641733169555664,24.099971771240234,24.517316818237305,24.907941818237305,25.31142234802246,25.72881317138672,26.217693328857422,26.859575271606445,28.59768295288086
23.103458404541016,23.701730728149414,24.1607723236084,24.552581787109375,24.941558837890625,25.32924461364746,25.74140167236328,26.217241287231445,26.847623825073242,28.481342315673828
22.96147918701172,23.617990493774414,24.125625610351562,24.586952209472656,24.99180030822754,25.423994064331055,25.87091064453125,26.37055015563965,26.992219924926758,28.62394142150879
23.07322883605957,23.67392921447754,24.117229461669922,24.516952514648438,24.895877838134766,25.283531188964844,25.70193099975586,26.17591094970703,26.790273666381836,28.398265838623047
23.04755973815918,23.646785736083984,24.103538513183594,24.508699417114258,24.904163360595703,25.282976150512695,25.710683822631836,26.18332290649414,26.82146644592285,28.5178279876709
23.060758590698242,23.665904998779297,24.14557456970215,24.557861328125,24.937503814697266,25.323118209838867,25.730289459228516,26.207529067993164,26.832401275634766,28.4455623626709
23.09359359741211,23.674861907958984,24.121166229248047,24.51923179626465,24.899538040161133,25.28362274169922,25.688995361328125,26.16010284423828,26.788692474365234,28.511117935180664
23.089595794677734,23.68788719177246,24.145687103271484,24.542097091674805,24.920856475830078,25.29570960998535,25.701858520507812,26.175575256347656,26.80211639404297,28.415706634521484
22.99704933166504,23.63726806640625,24.14496612548828,24.581890106201172,25.002845764160156,25.425119400024414,25.858081817626953,26.357210159301758,26.994022369384766,28.706737518310547
23.01439666748047,23.63766098022461,24.13511848449707,24.558399200439453,24.960996627807617,25.36148452758789,25.783430099487305,26.2778377532959,26.91077423095703,28.586877822875977
23.056285858154297,23.673267364501953,24.14504623413086,24.54484748840332,24.942598342895508,25.337465286254883,25.761035919189453,26.228713989257812,26.84440040588379,28.522855758666992
23.008115768432617,23.630502700805664,24.120573043823242,24.548736572265625,24.947721481323242,25.34918975830078,25.784011840820312,26.272674560546875,26.891345977783203,28.48667335510254
23.02848243713379,23.627246856689453,24.096071243286133,24.50700569152832,24.89930534362793,25.296260833740234,25.72307777404785,26.195068359375,26.841270446777344,28.742568969726562
23.02527618408203,23.642541885375977,24.122600555419922,24.54062843322754,24.930908203125,25.32360076904297,25.736234664916992,26.21796226501465,26.864831924438477,28.558334350585938
23.063793182373047,23.668439865112305,24.13707733154297,24.54332733154297,24.924631118774414,25.313758850097656,25.725576400756836,26.203784942626953,26.8278751373291,28.45635223388672
22.873397827148438,23.535764694213867,24.082509994506836,24.56402015686035,25.02278709411621,25.467769622802734,25.926713943481445,26.46234893798828,27.148406982421875,28.822973251342773
23.109012603759766,23.682954788208008,24.132362365722656,24.52418327331543,24.896005630493164,25.28606605529785,25.700288772583008,26.176118850708008,26.802907943725586,28.385128021240234
23.0523738861084,23.661590576171875,24.12953758239746,24.543106079101562,24.936603546142578,25.34063720703125,25.765274047851562,26.260942459106445,26.903573989868164,28.588037490844727
23.068363189697266,23.685766220092773,24.15731430053711,24.564414978027344,24.957529067993164,25.343339920043945,25.771711349487305,26.25718879699707,26.872827529907227,28.480854034423828
23.032907485961914,23.64906883239746,24.14262580871582,24.565439224243164,24.97283363342285,25.378475189208984,25.801210403442383,26.291723251342773,26.91839599609375,28.634748458862305
23.05207061767578,23.672996520996094,24.153614044189453,24.572357177734375,24.959379196166992,25.354642868041992,25.772289276123047,26.256715774536133,26.883590698242188,28.543319702148438
23.07695960998535,23.67426109313965,24.132122039794922,24.534658432006836,24.91672706604004,25.30731773376465,25.71845245361328,26.18809700012207,26.81258201599121,28.538551330566406
23.077686309814453,23.67418670654297,24.1229305267334,24.508136749267578,24.885961532592773,25.268779754638672,25.677799224853516,26.150955200195312,26.784564971923828,28.482315063476562
23.02882957458496,23.668228149414062,24.159639358520508,24.58310890197754,24.98628044128418,25.400184631347656,25.833581924438477,26.331499099731445,26.967437744140625,28.642366409301758
22.9862117767334,23.6179141998291,24.11819076538086,24.550539016723633,24.958614349365234,25.37416648864746,25.8066349029541,26.311664581298828,26.952417373657227,28.601015090942383
23.125993728637695,23.70639991760254,24.146278381347656,24.541669845581055,24.908185958862305,25.28919792175293,25.703784942626953,26.171558380126953,26.787614822387695,28.452367782592773
22.992162704467773,23.623281478881836,24.118698120117188,24.545866012573242,24.947790145874023,25.359235763549805,25.787500381469727,26.283432006835938,26.93719482421875,28.560091018676758
23.091346740722656,23.689111709594727,24.138654708862305,24.536327362060547,24.92180061340332,25.30690574645996,25.721542358398438,26.20147705078125,26.819833755493164,28.496244430541992
23.053176879882812,23.655702590942383,24.117067337036133,24.529735565185547,24.926532745361328,25.320388793945312,25.74569320678711,26.22037696838379,26.862104415893555,28.55661964416504
23.07944107055664,23.677043914794922,24.138553619384766,24.535388946533203,24.92387580871582,25.319129943847656,25.746429443359375,26.242706298828125,26.881988525390625,28.59259605407715
23.03499984741211,23.661357879638672,24.127159118652344,24.535316467285156,24.923837661743164,25.316614151000977,25.74272918701172,26.210596084594727,26.82115936279297,28.474899291992188
23.026071548461914,23.635738372802734,24.116405487060547,24.536100387573242,24.943038940429688,25.35753059387207,25.788270950317383,26.304641723632812,26.958831787109375,28.682851791381836
23.04172706604004,23.654781341552734,24.122352600097656,24.536544799804688,24.92080307006836,25.321439743041992,25.735118865966797,26.207077026367188,26.821609497070312,28.59820556640625
23.11189079284668,23.668472290039062,24.10489273071289,24.48843765258789,24.852907180786133,25.22669792175293,25.630088806152344,26.10956382751465,26.749719619750977,28.426219940185547
22.96403694152832,23.609943389892578,24.119564056396484,24.564735412597656,24.99032974243164,25.396821975708008,25.819047927856445,26.32720184326172,26.944477081298828,28.54443359375
23.099533081054688,23.686012268066406,24.135263442993164,24.531023025512695,24.907875061035156,25.29024887084961,25.702945709228516,26.18218994140625,26.77669906616211,28.418949127197266
23.067014694213867,23.66973114013672,24.14458465576172,24.54886245727539,24.946426391601562,25.349233627319336,25.76009178161621,26.2431640625,26.865554809570312,28.583660125732422
23.08183479309082,23.673866271972656,24.130321502685547,24.530881881713867,24.914012908935547,25.309703826904297,25.71652603149414,26.194869995117188,26.813032150268555,28.54114532470703
23.02741241455078,23.659984588623047,24.14158058166504,24.560195922851562,24.960376739501953,25.36012077331543,25.78721046447754,26.2729549407959,26.91559410095215,28.590593338012695
23.130908966064453,23.7015323638916,24.151905059814453,24.543048858642578,24.92249298095703,25.302385330200195,25.71009063720703,26.181001663208008,26.78308868408203,28.463916778564453
23.043306350708008,23.664880752563477,24.128591537475586,24.550397872924805,24.946603775024414,25.352548599243164,25.77330207824707,26.272823333740234,26.939882278442383,28.649301528930664
23.08125114440918,23.69428253173828,24.145870208740234,24.547590255737305,24.926721572875977,25.309303283691406,25.716981887817383,26.18829345703125,26.7919979095459,28.516836166381836
23.007932662963867,23.670135498046875,24.16262435913086,24.596723556518555,24.988012313842773,25.395797729492188,25.823162078857422,26.3125057220459,26.947492599487305,28.632856369018555
23.066162109375,23.671340942382812,24.130626678466797,24.536226272583008,24.926231384277344,25.32388687133789,25.740201950073242,26.212841033935547,26.859451293945312,28.589338302612305
23.088111877441406,23.682037353515625,24.135541915893555,24.534740447998047,24.909526824951172,25.293123245239258,25.701539993286133,26.173553466796875,26.809362411499023,28.49421501159668
23.073143005371094,23.688247680664062,24.155380249023438,24.553430557250977,24.936067581176758,25.338224411010742,25.75113868713379,26.242740631103516,26.88002586364746,28.50328826904297
23.0524959564209,23.670974731445312,24.13483238220215,24.554426193237305,24.949317932128906,25.344125747680664,25.765941619873047,26.24578857421875,26.87506675720215,28.507394790649414
23.076391220092773,23.668432235717773,24.127012252807617,24.534225463867188,24.91949462890625,25.314090728759766,25.72607421875,26.214513778686523,26.837982177734375,28.490127563476562
23.06557846069336,23.701845169067383,24.184322357177734,24.59990692138672,24.99474334716797,25.389341354370117,25.805957794189453,26.296207427978516,26.94249725341797,28.561172485351562
23.063356399536133,23.654767990112305,24.123685836791992,24.526859283447266,24.915725708007812,25.302698135375977,25.717971801757812,26.210025787353516,26.864049911499023,28.61236000061035
23.091625213623047,23.68570327758789,24.133390426635742,24.536821365356445,24.915292739868164,25.29932975769043,25.71055030822754,26.198766708374023,26.83888816833496,28.480424880981445
23.036516189575195,23.663219451904297,24.139774322509766,24.547908782958984,24.951950073242188,25.335681915283203,25.7517032623291,26.232263565063477,26.864999771118164,28.57340431213379
23.120426177978516,23.705900192260742,24.14613914489746,24.5383243560791,24.915870666503906,25.29843521118164,25.717546463012695,26.18505859375,26.801517486572266,28.459842681884766
22.9775390625,23.627595901489258,24.14591407775879,24.60489273071289,25.02865982055664,25.443359375,25.88189125061035,26.384971618652344,27.01551055908203,28.73526954650879
22.98134422302246,23.611757278442383,24.10580062866211,24.536678314208984,24.94327735900879,25.365489959716797,25.781213760375977,26.28620719909668,26.93408203125,28.630615234375
23.033960342407227,23.656211853027344,24.143089294433594,24.571802139282227,24.97148895263672,25.377382278442383,25.790359497070312,26.28060531616211,26.925678253173828,28.509370803833008
23.031620025634766,23.639793395996094,24.105470657348633,24.514759063720703,24.90807342529297,25.31169319152832,25.750076293945312,26.25058937072754,26.895463943481445,28.601919174194336
23.0141544342041,23.62448501586914,24.100078582763672,24.52288246154785,24.9196834564209,25.311798095703125,25.745264053344727,26.255353927612305,26.915550231933594,28.70136070251465
23.064149856567383,23.664485931396484,24.13178825378418,24.538970947265625,24.927223205566406,25.31374168395996,25.72942543029785,26.214481353759766,26.8435115814209,28.602794647216797
23.067262649536133,23.684476852416992,24.162172317504883,24.567880630493164,24.959379196166992,25.35291290283203,25.768457412719727,26.24875831604004,26.86785888671875,28.544998168945312
23.044565200805664,23.663095474243164,24.133668899536133,24.543598175048828,24.94314956665039,25.32852554321289,25.751983642578125,26.244888305664062,26.894954681396484,28.609750747680664
22.944673538208008,23.59278106689453,24.10261344909668,24.538301467895508,24.968185424804688,25.380979537963867,25.808813095092773,26.308679580688477,26.926713943481445,28.62411117553711
23.08513069152832,23.677562713623047,24.12517547607422,24.529911041259766,24.90320587158203,25.289560317993164,25.70941734313965,26.18267250061035,26.812191009521484,28.467166900634766
23.064067840576172,23.659400939941406,24.108966827392578,24.50788688659668,24.890647888183594,25.279644012451172,25.698741912841797,26.175731658935547,26.812026977539062,28.43076515197754
23.081279754638672,23.68332290649414,24.150728225708008,24.561025619506836,24.944942474365234,25.326873779296875,25.74403953552246,26.229019165039062,26.867963790893555,28.486122131347656
23.077743530273438,23.667325973510742,24.128707885742188,24.520078659057617,24.90494155883789,25.28952407836914,25.711275100708008,26.176069259643555,26.79441261291504,28.397104263305664
23.020183563232422,23.650415420532227,24.14552879333496,24.568767547607422,24.96038246154785,25.357017517089844,25.794206619262695,26.294118881225586,26.953275680541992,28.569807052612305
22.987117767333984,23.630765914916992,24.129013061523438,24.553173065185547,24.955989837646484,25.361268997192383,25.79923439025879,26.291492462158203,26.957914352416992,28.687162399291992
22.97018051147461,23.603607177734375,24.076519012451172,24.519437789916992,24.934856414794922,25.357372283935547,25.796268463134766,26.312049865722656,26.95471954345703,28.631406784057617
23.10621452331543,23.686115264892578,24.133939743041992,24.51703643798828,24.893205642700195,25.272327423095703,25.681888580322266,26.159631729125977,26.77414321899414,28.479446411132812
23.105321884155273,23.686368942260742,24.129270553588867,24.51926040649414,24.886903762817383,25.261165618896484,25.668212890625,26.121374130249023,26.72406768798828,28.424089431762695
23.07000160217285,23.678550720214844,24.153749465942383,24.57413673400879,24.974699020385742,25.374074935913086,25.79817771911621,26.289901733398438,26.92523193359375,28.663883209228516
23.0485897064209,23.669193267822266,24.150739669799805,24.56639289855957,24.954803466796875,25.348573684692383,25.75058937072754,26.235855102539062,26.861169815063477,28.537267684936523
22.961545944213867,23.6213321685791,24.121423721313477,24.56484603881836,24.978567123413086,25.386465072631836,25.82486343383789,26.314090728759766,26.940977096557617,28.634695053100586
23.059221267700195,23.65378761291504,24.109647750854492,24.512313842773438,24.88780403137207,25.275449752807617,25.680875778198242,26.158903121948242,26.782379150390625,28.35529136657715
23.063018798828125,23.662979125976562,24.113283157348633,24.504732131958008,24.88421058654785,25.264911651611328,25.670669555664062,26.151336669921875,26.777542114257812,28.44537925720215
23.121341705322266,23.69902801513672,24.136367797851562,24.528425216674805,24.900413513183594,25.280012130737305,25.684343338012695,26.159259796142578,26.7702579498291,28.459335327148438
23.088388442993164,23.6807804107666,24.13762092590332,24.53866195678711,24.919347763061523,25.297618865966797,25.71617317199707,26.174596786499023,26.793338775634766,28.5109806060791
23.01931381225586,23.64032554626465,24.123409271240234,24.543954849243164,24.955360412597656,25.358675003051758,25.79600715637207,26.289386749267578,26.930925369262695,28.566513061523438
23.05242347717285,23.664888381958008,24.147703170776367,24.554780960083008,24.945838928222656,25.339693069458008,25.761032104492188,26.250694274902344,26.874263763427734,28.571500778198242
23.06644058227539,23.66691780090332,24.13105010986328,24.542762756347656,24.927831649780273,25.31699562072754,25.732515335083008,26.21790313720703,26.835411071777344,28.482458114624023
23.0880184173584,23.690706253051758,24.162519454956055,24.559736251831055,24.943405151367188,25.333253860473633,25.74920082092285,26.239776611328125,26.882091522216797,28.702381134033203
23.08650779724121,23.675067901611328,24.119539260864258,24.518301010131836,24.894765853881836,25.2842960357666,25.698442459106445,26.182083129882812,26.816179275512695,28.470605850219727
23.124961853027344,23.70789337158203,24.14930534362793,24.537826538085938,24.906448364257812,25.280593872070312,25.68328285217285,26.14760398864746,26.77080726623535,28.39972496032715
23.10911750793457,23.681283950805664,24.13161849975586,24.511510848999023,24.88799285888672,25.262897491455078,25.66737174987793,26.140750885009766,26.761436462402344,28.489965438842773
23.116573333740234,23.709739685058594,24.16624641418457,24.563615798950195,24.94599151611328,25.333881378173828,25.756460189819336,26.240087509155273,26.88482093811035,28.572818756103516
23.079204559326172,23.684309005737305,24.15333366394043,24.55730628967285,24.936973571777344,25.32021713256836,25.737808227539062,26.208398818969727,26.815914154052734,28.46685791015625
23.043893814086914,23.66107940673828,24.15226173400879,24.574134826660156,24.98346519470215,25.39313316345215,25.820518493652344,26.330278396606445,26.98983383178711,28.664670944213867
23.01512336730957,23.646326065063477,24.12706184387207,24.543487548828125,24.933462142944336,25.33837127685547,25.75824737548828,26.247037887573242,26.85580062866211,28.481414794921875
23.018936157226562,23.636625289916992,24.127939224243164,24.544830322265625,24.945850372314453,25.347145080566406,25.776193618774414,26.278844833374023,26.922122955322266,28.59980010986328
23.06691551208496,23.681604385375977,24.15850830078125,24.56795883178711,24.945770263671875,25.32658576965332,25.744491577148438,26.215438842773438,26.84259033203125,28.523223876953125
23.025772094726562,23.653867721557617,24.125534057617188,24.537113189697266,24.9388370513916,25.33403778076172,25.762704849243164,26.25933265686035,26.883926391601562,28.636171340942383
23.013347625732422,23.63645362854004,24.116424560546875,24.546611785888672,24.95219612121582,25.368484497070312,25.79184913635254,26.29169464111328,26.936203002929688,28.644325256347656
23.055355072021484,23.667030334472656,24.134992599487305,24.545188903808594,24.925464630126953,25.313798904418945,25.735626220703125,26.218143463134766,26.84269905090332,28.563196182250977
23.006441116333008,23.643516540527344,24.137462615966797,24.578697204589844,24.99885368347168,25.407529830932617,25.83583641052246,26.345932006835938,26.987672805786133,28.630474090576172
23.047874450683594,23.64897918701172,24.108779907226562,24.503419876098633,24.884979248046875,25.275001525878906,25.696380615234375,26.192241668701172,26.845251083374023,28.54451560974121
22.99129867553711,23.627269744873047,24.13513946533203,24.569461822509766,24.976028442382812,25.386863708496094,25.829824447631836,26.315908432006836,26.953645706176758,28.660503387451172
23.03237533569336,23.648223876953125,24.13132095336914,24.561067581176758,24.964265823364258,25.377235412597656,25.805179595947266,26.31403160095215,26.963058471679688,28.579055786132812
23.04161262512207,23.653169631958008,24.13201332092285,24.54773712158203,24.950782775878906,25.353376388549805,25.774017333984375,26.272884368896484,26.903696060180664,28.52978515625
23.044788360595703,23.65129280090332,24.133779525756836,24.548221588134766,24.944381713867188,25.338285446166992,25.755598068237305,26.24394989013672,26.87978172302246,28.622058868408203
22.98609733581543,23.626205444335938,24.120119094848633,24.558311462402344,24.962398529052734,25.372779846191406,25.799707412719727,26.29071617126465,26.950048446655273,28.650156021118164
23.07436180114746,23.661760330200195,24.118736267089844,24.52033042907715,24.897966384887695,25.288427352905273,25.699941635131836,26.199316024780273,26.853118896484375,28.480464935302734
23.10503387451172,23.69026756286621,24.144004821777344,24.538183212280273,24.919837951660156,25.307111740112305,25.73040199279785,26.206645965576172,26.838165283203125,28.615615844726562
23.098918914794922,23.699743270874023,24.152591705322266,24.55410385131836,24.934823989868164,25.32301139831543,25.733123779296875,26.206832885742188,26.83344268798828,28.47214698791504
23.064048767089844,23.672462463378906,24.147602081298828,24.54996109008789,24.93366241455078,25.31420135498047,25.719812393188477,26.190322875976562,26.8212890625,28.473785400390625
23.09358024597168,23.68075180053711,24.116046905517578,24.511611938476562,24.89301300048828,25.27132797241211,25.686370849609375,26.173948287963867,26.82988739013672,28.584142684936523
23.059173583984375,23.65834617614746,24.10906982421875,24.51153564453125,24.8952693939209,25.276565551757812,25.68442726135254,26.159786224365234,26.761348724365234,28.46095848083496
23.019033432006836,23.63310432434082,24.116106033325195,24.53987693786621,24.938961029052734,25.33465576171875,25.75945472717285,26.252090454101562,26.87038230895996,28.56480598449707
23.069337844848633,23.655717849731445,24.102304458618164,24.505813598632812,24.879234313964844,25.2651309967041,25.67391586303711,26.161832809448242,26.80242919921875,28.46864128112793
23.068695068359375,23.66169548034668,24.132551193237305,24.53678321838379,24.927034378051758,25.317123413085938,25.732118606567383,26.211593627929688,26.83559226989746,28.513626098632812
23.064226150512695,23.667701721191406,24.12310028076172,24.535320281982422,24.913040161132812,25.299728393554688,25.716915130615234,26.195510864257812,26.82122230529785,28.548269271850586
23.09609031677246,23.680158615112305,24.127166748046875,24.51724624633789,24.888370513916016,25.266918182373047,25.67314910888672,26.14374351501465,26.76850128173828,28.438444137573242
22.98375701904297,23.62429428100586,24.12028694152832,24.562162399291992,24.972675323486328,25.387258529663086,25.823518753051758,26.336040496826172,26.994049072265625,28.605152130126953
23.07628059387207,23.677480697631836,24.13442039489746,24.537900924682617,24.926050186157227,25.312488555908203,25.728656768798828,26.198867797851562,26.827869415283203,28.479843139648438
23.07931137084961,23.683025360107422,24.14464569091797,24.549854278564453,24.93463897705078,25.31650161743164,25.723339080810547,26.19271469116211,26.784439086914062,28.48184585571289
23.110816955566406,23.68902015686035,24.133634567260742,24.521270751953125,24.897287368774414,25.28806495666504,25.7048282623291,26.185108184814453,26.815217971801758,28.489072799682617
22.984800338745117,23.614360809326172,24.10759925842285,24.548940658569336,24.965457916259766,25.377492904663086,25.816585540771484,26.299198150634766,26.933917999267578,28.678268432617188
23.043258666992188,23.669721603393555,24.141279220581055,24.5577335357666,24.949644088745117,25.339019775390625,25.760133743286133,26.241785049438477,26.878286361694336,28.51723289489746
23.10797882080078,23.702850341796875,24.149003982543945,24.54467010498047,24.92551612854004,25.309783935546875,25.736820220947266,26.22991943359375,26.89127540588379,28.5126895904541
23.07364845275879,23.687496185302734,24.167308807373047,24.57176399230957,24.958890914916992,25.348604202270508,25.766422271728516,26.254100799560547,26.876529693603516,28.538904190063477
23.10677146911621,23.677867889404297,24.099510192871094,24.483861923217773,24.851181030273438,25.214719772338867,25.614953994750977,26.09364891052246,26.704349517822266,28.36821937561035
23.009769439697266,23.631227493286133,24.120487213134766,24.548351287841797,24.95192527770996,25.36223602294922,25.789045333862305,26.288375854492188,26.915950775146484,28.659820556640625
23.05750846862793,23.676271438598633,24.147193908691406,24.548809051513672,24.941200256347656,25.32530975341797,25.737756729125977,26.214197158813477,26.845279693603516,28.5205135345459
23.04595184326172,23.658292770385742,24.123462677001953,24.524763107299805,24.90802764892578,25.30973243713379,25.73551368713379,26.233980178833008,26.87445068359375,28.581016540527344
23.081140518188477,23.663738250732422,24.11482810974121,24.509502410888672,24.88425636291504,25.266948699951172,25.68536376953125,26.162944793701172,26.796781539916992,28.48597526550293
23.049631118774414,23.673940658569336,24.142940521240234,24.56168556213379,24.95174789428711,25.33701515197754,25.744060516357422,26.214365005493164,26.805011749267578,28.52838706970215
23.065523147583008,23.67724609375,24.162355422973633,24.57999038696289,24.967378616333008,25.36717414855957,25.787261962890625,26.268102645874023,26.913291931152344,28.620561599731445
22.992753982543945,23.63900375366211,24.143985748291016,24.565536499023438,24.980833053588867,25.392366409301758,25.836441040039062,26.333755493164062,26.970077514648438,28.654985427856445
23.02699851989746,23.636823654174805,24.11143684387207,24.5319881439209,24.930702209472656,25.331308364868164,25.767919540405273,26.249771118164062,26.899621963500977,28.567617416381836
23.035991668701172,23.656110763549805,24.145036697387695,24.56191062927246,24.963367462158203,25.366682052612305,25.788000106811523,26.275066375732422,26.908164978027344,28.66192054748535
23.04677963256836,23.645587921142578,24.11994171142578,24.52862548828125,24.915122985839844,25.300457000732422,25.71599769592285,26.196197509765625,26.791015625,28.499603271484375
22.937137603759766,23.58096694946289,24.097993850708008,24.545454025268555,24.96951675415039,25.387428283691406,25.833133697509766,26.33709144592285,26.992563247680664,28.704975128173828
23.078886032104492,23.682815551757812,24.15024185180664,24.55730438232422,24.94965934753418,25.336790084838867,25.752023696899414,26.23334312438965,26.851028442382812,28.536380767822266
23.051895141601562,23.65912628173828,24.12340545654297,24.5284366607666,24.916114807128906,25.308204650878906,25.727096557617188,26.213829040527344,26.839908599853516,28.494070053100586
23.07501792907715,23.67171859741211,24.125017166137695,24.531911849975586,24.911588668823242,25.295455932617188,25.710906982421875,26.183652877807617,26.83434295654297,28.491256713867188
23.10116958618164,23.696002960205078,24.160892486572266,24.55994415283203,24.943592071533203,25.32843589782715,25.740222930908203,26.222211837768555,26.834945678710938,28.487327575683594
23.0262508392334,23.666906356811523,24.169599533081055,24.611005783081055,25.02437973022461,25.424518585205078,25.861846923828125,26.361465454101562,27.028446197509766,28.7226619720459
23.10263442993164,23.692649841308594,24.136913299560547,24.535741806030273,24.910564422607422,25.287668228149414,25.690914154052734,26.164630889892578,26.773637771606445,28.469966888427734
23.06725311279297,23.651935577392578,24.113876342773438,24.522993087768555,24.91691780090332,25.311264038085938,25.73019790649414,26.210599899291992,26.860000610351562,28.532638549804688
23.0574893951416,23.654918670654297,24.12363624572754,24.52764129638672,24.918148040771484,25.305086135864258,25.716527938842773,26.192129135131836,26.808462142944336,28.54353141784668
22.86712646484375,23.546905517578125,24.09654426574707,24.584489822387695,25.044708251953125,25.50945472717285,25.9856014251709,26.521852493286133,27.187374114990234,28.761404037475586
23.055883407592773,23.67300796508789,24.14484214782715,24.56190299987793,24.952260971069336,25.33953094482422,25.756818771362305,26.230724334716797,26.842365264892578,28.622238159179688
23.083171844482422,23.711746215820312,24.185182571411133,24.591421127319336,24.979822158813477,25.378799438476562,25.79427146911621,26.280223846435547,26.895727157592773,28.515426635742188
23.078943252563477,23.692001342773438,24.154027938842773,24.562631607055664,24.939390182495117,25.322546005249023,25.733606338500977,26.20319175720215,26.833227157592773,28.467905044555664
23.047061920166016,23.655649185180664,24.131912231445312,24.541608810424805,24.929195404052734,25.314847946166992,25.719228744506836,26.181440353393555,26.81332015991211,28.511123657226562
23.1192684173584,23.708080291748047,24.146543502807617,24.531448364257812,24.909046173095703,25.291500091552734,25.698843002319336,26.167518615722656,26.805551528930664,28.436410903930664
23.05499839782715,23.6722354888916,24.148391723632812,24.576160430908203,24.975671768188477,25.382335662841797,25.810049057006836,26.29640769958496,26.920909881591797,28.5419979095459
23.098432540893555,23.694313049316406,24.160419464111328,24.548673629760742,24.915815353393555,25.28090476989746,25.679941177368164,26.14162826538086,26.747201919555664,28.41129493713379
23.08237648010254,23.673254013061523,24.118364334106445,24.50787353515625,24.885112762451172,25.2609920501709,25.66710090637207,26.13147735595703,26.74571418762207,28.44468116760254
23.017414093017578,23.62844467163086,24.115936279296875,24.53697967529297,24.940927505493164,25.345008850097656,25.771005630493164,26.26179313659668,26.899005889892578,28.65741729736328
23.07012176513672,23.673851013183594,24.13812255859375,24.55119514465332,24.940265655517578,25.331104278564453,25.752397537231445,26.2265682220459,26.840017318725586,28.45328140258789
23.03531265258789,23.660911560058594,24.14073944091797,24.553850173950195,24.9495906829834,25.3486385345459,25.768842697143555,26.256698608398438,26.873653411865234,28.46869468688965
23.059329986572266,23.67978858947754,24.156747817993164,24.58757781982422,24.980680465698242,25.37659454345703,25.814010620117188,26.315542221069336,26.97235870361328,28.615690231323242
23.00959014892578,23.60297966003418,24.080007553100586,24.499805450439453,24.891403198242188,25.294845581054688,25.727981567382812,26.232378005981445,26.86574363708496,28.580610275268555
23.06087875366211,23.667085647583008,24.136180877685547,24.552448272705078,24.946670532226562,25.349689483642578,25.761024475097656,26.233549118041992,26.882808685302734,28.52895164489746
23.105667114257812,23.686622619628906,24.12162971496582,24.503026962280273,24.868793487548828,25.239429473876953,25.64064598083496,26.101932525634766,26.722213745117188,28.52223777770996
23.088125228881836,23.680875778198242,24.136701583862305,24.544677734375,24.92523765563965,25.314096450805664,25.723461151123047,26.19517707824707,26.822265625,28.649694442749023
22.947813034057617,23.594282150268555,24.105133056640625,24.548904418945312,24.97791862487793,25.39337921142578,25.835906982421875,26.336002349853516,26.976167678833008,28.63336753845215
23.04384994506836,23.658374786376953,24.136898040771484,24.555545806884766,24.941625595092773,25.332284927368164,25.75019073486328,26.22551155090332,26.85852813720703,28.575883865356445
23.0904483795166,23.68301773071289,24.145526885986328,24.545427322387695,24.933624267578125,25.321870803833008,25.73444938659668,26.212064743041992,26.836307525634766,28.600038528442383
23.073345184326172,23.67201042175293,24.126745223999023,24.525436401367188,24.902774810791016,25.290142059326172,25.690614700317383,26.165754318237305,26.792156219482422,28.469514846801758
23.059892654418945,23.650775909423828,24.10565948486328,24.507213592529297,24.895042419433594,25.28879165649414,25.71442222595215,26.194665908813477,26.846006393432617,28.573598861694336
23.021032333374023,23.642240524291992,24.12458038330078,24.55059051513672,24.94951820373535,25.350826263427734,25.779865264892578,26.287588119506836,26.943212509155273,28.67145347595215
22.982872009277344,23.615596771240234,24.104663848876953,24.541406631469727,24.948238372802734,25.36223030090332,25.80231285095215,26.30284309387207,26.95876693725586,28.61476707458496
23.058313369750977,23.671724319458008,24.145259857177734,24.55944061279297,24.95871353149414,25.34823226928711,25.76101303100586,26.24500846862793,26.87116813659668,28.58537483215332
23.1036434173584,23.68400764465332,24.12261390686035,24.506574630737305,24.89021110534668,25.266788482666016,25.685285568237305,26.1545352935791,26.777067184448242,28.416412353515625
23.071224212646484,23.67548370361328,24.136716842651367,24.5389347076416,24.92736053466797,25.310041427612305,25.72796630859375,26.220489501953125,26.86797332763672,28.575510025024414
23.013994216918945,23.648929595947266,24.13103485107422,24.55613136291504,24.966062545776367,25.368366241455078,25.80320167541504,26.302349090576172,26.941524505615234,28.622695922851562
23.055694580078125,23.6677188873291,24.125844955444336,24.532363891601562,24.924863815307617,25.31114959716797,25.733963012695312,26.21443748474121,26.855785369873047,28.548303604125977
23.069944381713867,23.65558624267578,24.111892700195312,24.50352668762207,24.881067276000977,25.255062103271484,25.6596622467041,26.136077880859375,26.750253677368164,28.41745948791504
23.037220001220703,23.653785705566406,24.153078079223633,24.575788497924805,24.9824275970459,25.39733123779297,25.836931228637695,26.325057983398438,26.957704544067383,28.595550537109375
23.03301429748535,23.660308837890625,24.13557243347168,24.552711486816406,24.951187133789062,25.34882354736328,25.775110244750977,26.258520126342773,26.87041664123535,28.540922164916992
23.062162399291992,23.66713523864746,24.138465881347656,24.542240142822266,24.92856788635254,25.3149471282959,25.716943740844727,26.18540382385254,26.803848266601562,28.42649269104004
22.988813400268555,23.64345359802246,24.145057678222656,24.57951545715332,24.983415603637695,25.388187408447266,25.8195743560791,26.297367095947266,26.91953468322754,28.52869987487793
23.057157516479492,23.678836822509766,24.150266647338867,24.5661678314209,24.9622859954834,25.37115478515625,25.801143646240234,26.295888900756836,26.934234619140625,28.616714477539062
23.049556732177734,23.65248680114746,24.132949829101562,24.54037094116211,24.93427848815918,25.33139991760254,25.751529693603516,26.234878540039062,26.883668899536133,28.631011962890625
23.06183624267578,23.67974090576172,24.146753311157227,24.560884475708008,24.952760696411133,25.344823837280273,25.767166137695312,26.247753143310547,26.895322799682617,28.61094856262207
23.063377380371094,23.65584373474121,24.125322341918945,24.535253524780273,24.92491912841797,25.31739044189453,25.735639572143555,26.21808433532715,26.855388641357422,28.57643699645996
23.079055786132812,23.684864044189453,24.152889251708984,24.558652877807617,24.94472312927246,25.33340835571289,25.747676849365234,26.222108840942383,26.83612060546875,28.47029685974121
23.103666305541992,23.67445945739746,24.117963790893555,24.502670288085938,24.87777328491211,25.25034523010254,25.65388298034668,26.124164581298828,26.737024307250977,28.562191009521484
23.003427505493164,23.64812660217285,24.133527755737305,24.558212280273438,24.958045959472656,25.365381240844727,25.80624008178711,26.300582885742188,26.958263397216797,28.688037872314453
23.056392669677734,23.660425186157227,24.11484718322754,24.523996353149414,24.912708282470703,25.303958892822266,25.7216796875,26.21332550048828,26.875465393066406,28.62312889099121
23.059967041015625,23.690244674682617,24.161056518554688,24.57509422302246,24.96072769165039,25.36335563659668,25.78801155090332,26.280513763427734,26.919612884521484,28.623489379882812
22.945556640625,23.591251373291016,24.10256004333496,24.549997329711914,24.97990608215332,25.400436401367188,25.85411262512207,26.357481002807617,27.010650634765625,28.736902236938477
23.056411743164062,23.6595516204834,24.12904167175293,24.538747787475586,24.9357852935791,25.331645965576172,25.752521514892578,26.24004554748535,26.89301300048828,28.566743850708008
23.06452751159668,23.708877563476562,24.187471389770508,24.612857818603516,25.012496948242188,25.414182662963867,25.838747024536133,26.330795288085938,26.980966567993164,28.60161781311035
23.061912536621094,23.66924285888672,24.123165130615234,24.520593643188477,24.895965576171875,25.28219985961914,25.687082290649414,26.15679359436035,26.77846336364746,28.437217712402344
23.028818130493164,23.638103485107422,24.10531997680664,24.514625549316406,24.900800704956055,25.29010581970215,25.703487396240234,26.18158531188965,26.815261840820312,28.558252334594727
23.071823120117188,23.681726455688477,24.14830780029297,24.5613956451416,24.940113067626953,25.3199520111084,25.733186721801758,26.199857711791992,26.80720329284668,28.447921752929688
23.055463790893555,23.659500122070312,24.13292694091797,24.54090118408203,24.93490219116211,25.33013153076172,25.754104614257812,26.24553871154785,26.866682052612305,28.53146743774414
23.103530883789062,23.68527603149414,24.140621185302734,24.53253936767578,24.922569274902344,25.310516357421875,25.72325325012207,26.19012451171875,26.818662643432617,28.423574447631836
23.037199020385742,23.661195755004883,24.148944854736328,24.562257766723633,24.95416259765625,25.358592987060547,25.77191925048828,26.247303009033203,26.873775482177734,28.607009887695312
23.031227111816406,23.63595199584961,24.11231803894043,24.527938842773438,24.919198989868164,25.318681716918945,25.74565887451172,26.238292694091797,26.847679138183594,28.48008918762207
22.926868438720703,23.567611694335938,24.066511154174805,24.51561164855957,24.939414978027344,25.358173370361328,25.79265785217285,26.294931411743164,26.927886962890625,28.628450393676758
23.084619522094727,23.666898727416992,24.104291915893555,24.493013381958008,24.869672775268555,25.246824264526367,25.657983779907227,26.120559692382812,26.740890502929688,28.478195190429688
23.112102508544922,23.69449234008789,24.137542724609375,24.536739349365234,24.902952194213867,25.282209396362305,25.69786834716797,26.169092178344727,26.798995971679688,28.56306266784668
23.008953094482422,23.63322639465332,24.115753173828125,24.54441261291504,24.945484161376953,25.349748611450195,25.774328231811523,26.26258087158203,26.901090621948242,28.581436157226562
22.923017501831055,23.604812622070312,24.103763580322266,24.56805419921875,24.990699768066406,25.41568374633789,25.863765716552734,26.37388801574707,27.0158634185791,28.762680053710938
23.077293395996094,23.68060302734375,24.137353897094727,24.552303314208984,24.931201934814453,25.31290054321289,25.722820281982422,26.200239181518555,26.808252334594727,28.468273162841797
23.032760620117188,23.65199851989746,24.140316009521484,24.553417205810547,24.949438095092773,25.344247817993164,25.759212493896484,26.24200439453125,26.871858596801758,28.601470947265625
23.059127807617188,23.68107795715332,24.147294998168945,24.56230926513672,24.95252227783203,25.351564407348633,25.768810272216797,26.255325317382812,26.901790618896484,28.653390884399414
22.958837509155273,23.615238189697266,24.12755584716797,24.588159561157227,25.019256591796875,25.433897018432617,25.87929344177246,26.377458572387695,26.986989974975586,28.627620697021484
22.969465255737305,23.61385726928711,24.129621505737305,24.57071876525879,24.994504928588867,25.406232833862305,25.855138778686523,26.35555076599121,26.995643615722656,28.710657119750977
23.024539947509766,23.65399742126465,24.127979278564453,24.54277801513672,24.942169189453125,25.329496383666992,25.74108123779297,26.220962524414062,26.83827018737793,28.500276565551758
23.071962356567383,23.674331665039062,24.140705108642578,24.546348571777344,24.92814826965332,25.32441520690918,25.741342544555664,26.228635787963867,26.853471755981445,28.541595458984375
23.067401885986328,23.67226219177246,24.12240219116211,24.525348663330078,24.90670394897461,25.290966033935547,25.712188720703125,26.19010353088379,26.828168869018555,28.4663028717041
23.03173065185547,23.645092010498047,24.12120819091797,24.53685188293457,24.931659698486328,25.333877563476562,25.759315490722656,26.240093231201172,26.853500366210938,28.519617080688477
23.040971755981445,23.674623489379883,24.151832580566406,24.570453643798828,24.971752166748047,25.36949348449707,25.790380477905273,26.26609230041504,26.887664794921875,28.559091567993164
23.04478645324707,23.660768508911133,24.14653205871582,24.567325592041016,24.963396072387695,25.350549697875977,25.779273986816406,26.268198013305664,26.8989200592041,28.559261322021484
23.042200088500977,23.641765594482422,24.11322784423828,24.520246505737305,24.914447784423828,25.30809211730957,25.72702980041504,26.213119506835938,26.833398818969727,28.570877075195312
23.064910888671875,23.67681884765625,24.15066909790039,24.557445526123047,24.945491790771484,25.32464027404785,25.74370574951172,26.21394920349121,26.826637268066406,28.57577133178711
22.92941665649414,23.57703399658203,24.077470779418945,24.528852462768555,24.965576171875,25.402694702148438,25.85788345336914,26.384859085083008,27.060876846313477,28.769617080688477
23.031015396118164,23.65734100341797,24.133495330810547,24.544851303100586,24.934051513671875,25.32280731201172,25.734792709350586,26.215213775634766,26.855566024780273,28.59532928466797
23.063283920288086,23.668838500976562,24.143545150756836,24.545740127563477,24.933212280273438,25.32898712158203,25.7451171875,26.216358184814453,26.82332420349121,28.419456481933594
22.97707748413086,23.622581481933594,24.126256942749023,24.561838150024414,24.973026275634766,25.380878448486328,25.81778335571289,26.318363189697266,26.96082878112793,28.6433162689209
22.97441291809082,23.605318069458008,24.113677978515625,24.551042556762695,24.95830726623535,25.364582061767578,25.804737091064453,26.310741424560547,26.94830322265625,28.618667602539062
23.121986389160156,23.7017879486084,24.14646339416504,24.54777717590332,24.92543601989746,25.307254791259766,25.71600341796875,26.185579299926758,26.803775787353516,28.430625915527344
23.07318115234375,23.671417236328125,24.13907241821289,24.549636840820312,24.930980682373047,25.32518768310547,25.745254516601562,26.216611862182617,26.85471534729004,28.453271865844727
23.00423240661621,23.64350700378418,24.132802963256836,24.558292388916016,24.966354370117188,25.362985610961914,25.79132652282715,26.279956817626953,26.895675659179688,28.506261825561523
23.069171905517578,23.666669845581055,24.138364791870117,24.541532516479492,24.93239402770996,25.324249267578125,25.74329376220703,26.230804443359375,26.863004684448242,28.56239128112793
23.020353317260742,23.648242950439453,24.147140502929688,24.571826934814453,24.985187530517578,25.379608154296875,25.811382293701172,26.292329788208008,26.918256759643555,28.573101043701172
22.94267463684082,23.577396392822266,24.09218406677246,24.539142608642578,24.964078903198242,25.38886260986328,25.845247268676758,26.359966278076172,27.02718162536621,28.756000518798828
23.070276260375977,23.683368682861328,24.151033401489258,24.573549270629883,24.96165657043457,25.356706619262695,25.785606384277344,26.272172927856445,26.908517837524414,28.467002868652344
22.96722412109375,23.605876922607422,24.09879493713379,24.5454158782959,24.963106155395508,25.367733001708984,25.788009643554688,26.29256820678711,26.933706283569336,28.65833854675293
23.07147789001465,23.674598693847656,24.122360229492188,24.52264976501465,24.90342140197754,25.29363441467285,25.7104549407959,26.179683685302734,26.811080932617188,28.493240356445312
23.05815887451172,23.675989151000977,24.14466094970703,24.55482292175293,24.944711685180664,25.336566925048828,25.742919921875,26.21050262451172,26.83257293701172,28.587854385375977
23.047203063964844,23.65935707092285,24.132314682006836,24.547109603881836,24.939937591552734,25.328693389892578,25.74652671813965,26.2431640625,26.872493743896484,28.572145462036133
23.10870933532715,23.693187713623047,24.133270263671875,24.522777557373047,24.895601272583008,25.273061752319336,25.685409545898438,26.165328979492188,26.805370330810547,28.458866119384766
23.063392639160156,23.679363250732422,24.15220069885254,24.55852508544922,24.945310592651367,25.33432388305664,25.748794555664062,26.214887619018555,26.819721221923828,28.470178604125977
23.028657913208008,23.644784927368164,24.13135528564453,24.54269790649414,24.935897827148438,25.328411102294922,25.746234893798828,26.233291625976562,26.86972999572754,28.60003662109375
23.06572151184082,23.677810668945312,24.147390365600586,24.56798553466797,24.960660934448242,25.353065490722656,25.77728271484375,26.245071411132812,26.8510799407959,28.571306228637695
23.05706024169922,23.682315826416016,24.144290924072266,24.558513641357422,24.951759338378906,25.344806671142578,25.764392852783203,26.249902725219727,26.892166137695312,28.530288696289062
23.03545379638672,23.65290069580078,24.123640060424805,24.5474796295166,24.943246841430664,25.340065002441406,25.761362075805664,26.253950119018555,26.89216423034668,28.556705474853516
23.048999786376953,23.665637969970703,24.154287338256836,24.56757354736328,24.957115173339844,25.347747802734375,25.767919540405273,26.23898696899414,26.883501052856445,28.532236099243164
23.01822853088379,23.661476135253906,24.1538028717041,24.587127685546875,24.98656463623047,25.386526107788086,25.810340881347656,26.292551040649414,26.919519424438477,28.62245750427246
23.047470092773438,23.66398048400879,24.125953674316406,24.53409194946289,24.925750732421875,25.319339752197266,25.74041748046875,26.24018096923828,26.873838424682617,28.53618812561035
23.10683250427246,23.694276809692383,24.141185760498047,24.532222747802734,24.908451080322266,25.288049697875977,25.69826889038086,26.17732810974121,26.77316665649414,28.39724349975586
23.07809066772461,23.679052352905273,24.141395568847656,24.54867172241211,24.936861038208008,25.321338653564453,25.73431968688965,26.205875396728516,26.81992530822754,28.446460723876953
23.01653289794922,23.636682510375977,24.111351013183594,24.532466888427734,24.927383422851562,25.323030471801758,25.760498046875,26.249347686767578,26.895864486694336,28.63930320739746
23.08672523498535,23.67646026611328,24.134708404541016,24.528484344482422,24.913333892822266,25.299028396606445,25.71254539489746,26.190147399902344,26.807979583740234,28.520009994506836
23.069828033447266,23.687850952148438,24.161142349243164,24.557933807373047,24.94196319580078,25.33238410949707,25.732223510742188,26.208349227905273,26.807886123657227,28.41156005859375
23.090484619140625,23.6865234375,24.14952850341797,24.55759048461914,24.935853958129883,25.318408966064453,25.738162994384766,26.201629638671875,26.80739402770996,28.419591903686523
23.050647735595703,23.655532836914062,24.116107940673828,24.528409957885742,24.915754318237305,25.301055908203125,25.71001625061035,26.177772521972656,26.786785125732422,28.51403045654297
23.041269302368164,23.652339935302734,24.12644386291504,24.547380447387695,24.94346046447754,25.3427734375,25.77301597595215,26.269168853759766,26.897689819335938,28.61993980407715
22.966243743896484,23.611013412475586,24.12613296508789,24.585357666015625,25.0049991607666,25.42979621887207,25.866504669189453,26.36609649658203,27.016483306884766,28.64841079711914
23.05886459350586,23.664819717407227,24.125680923461914,24.535449981689453,24.929651260375977,25.319740295410156,25.73697853088379,26.209169387817383,26.841567993164062,28.462749481201172
23.036624908447266,23.648948669433594,24.143220901489258,24.56633186340332,24.96533966064453,25.363996505737305,25.787750244140625,26.26595687866211,26.88442039489746,28.53818702697754
23.107391357421875,23.693429946899414,24.140117645263672,24.530105590820312,24.90658187866211,25.284414291381836,25.69504165649414,26.15711784362793,26.756547927856445,28.465229034423828
23.045734405517578,23.646591186523438,24.10504722595215,24.50819206237793,24.89712905883789,25.285724639892578,25.71399688720703,26.18646812438965,26.821809768676758,28.491485595703125
23.011320114135742,23.63898277282715,24.137596130371094,24.558012008666992,24.96019172668457,25.36164665222168,25.784330368041992,26.271520614624023,26.89927101135254,28.562021255493164
23.106260299682617,23.6975040435791,24.16104507446289,24.561464309692383,24.944791793823242,25.333782196044922,25.76068115234375,26.24357032775879,26.8762149810791,28.449142456054688
23.06098747253418,23.67400550842285,24.148555755615234,24.557907104492188,24.94967269897461,25.33678436279297,25.76066780090332,26.246017456054688,26.88289451599121,28.53729820251465
23.04403305053711,23.669206619262695,24.15015983581543,24.564739227294922,24.95889663696289,25.351795196533203,25.781227111816406,26.263214111328125,26.911436080932617,28.583532333374023
23.049728393554688,23.680828094482422,24.157285690307617,24.577116012573242,24.96628761291504,25.371700286865234,25.807907104492188,26.307249069213867,26.92957878112793,28.664621353149414
23.032546997070312,23.65496253967285,24.142471313476562,24.556859970092773,24.95035171508789,25.33507537841797,25.75331687927246,26.232547760009766,26.842636108398438,28.504318237304688
22.998796463012695,23.629180908203125,24.12343978881836,24.55310821533203,24.958866119384766,25.360187530517578,25.79058265686035,26.275537490844727,26.88397789001465,28.50485610961914
23.068675994873047,23.658491134643555,24.12604522705078,24.542749404907227,24.92901039123535,25.330116271972656,25.764001846313477,26.247270584106445,26.87169647216797,28.563720703125
22.886554718017578,23.538616180419922,24.07444953918457,24.534727096557617,24.97675323486328,25.407981872558594,25.85631561279297,26.369720458984375,27.03082847595215,28.773113250732422
23.108856201171875,23.69744110107422,24.15972137451172,24.565662384033203,24.93553352355957,25.32436752319336,25.726287841796875,26.203250885009766,26.817169189453125,28.473155975341797
23.074623107910156,23.67828369140625,24.1507625579834,24.555967330932617,24.947494506835938,25.339174270629883,25.754104614257812,26.239084243774414,26.862987518310547,28.555673599243164
23.00982666015625,23.6664981842041,24.151273727416992,24.580610275268555,24.98348617553711,25.39005470275879,25.808855056762695,26.282855987548828,26.915700912475586,28.593990325927734
23.041025161743164,23.645599365234375,24.110368728637695,24.52045249938965,24.91033935546875,25.307504653930664,25.738475799560547,26.236019134521484,26.85774803161621,28.512754440307617
23.05974006652832,23.668251037597656,24.129432678222656,24.540922164916992,24.931184768676758,25.322582244873047,25.733930587768555,26.21523094177246,26.843767166137695,28.50884246826172
23.012784957885742,23.648916244506836,24.15316390991211,24.587785720825195,24.99724769592285,25.41301155090332,25.867279052734375,26.386709213256836,27.04628562927246,28.679975509643555
22.919206619262695,23.577110290527344,24.099397659301758,24.56235122680664,24.982942581176758,25.407621383666992,25.853988647460938,26.3515625,26.988201141357422,28.641216278076172
23.115131378173828,23.704315185546875,24.14386749267578,24.539609909057617,24.903282165527344,25.276233673095703,25.683685302734375,26.140579223632812,26.766475677490234,28.40374183654785
23.004091262817383,23.638347625732422,24.11376953125,24.526657104492188,24.921276092529297,25.330856323242188,25.749303817749023,26.238325119018555,26.868911743164062,28.525497436523438
23.043235778808594,23.645998001098633,24.106237411499023,24.5134220123291,24.893566131591797,25.28338050842285,25.70317840576172,26.17934226989746,26.80067253112793,28.529788970947266
23.06242561340332,23.68955421447754,24.16252899169922,24.57021141052246,24.955711364746094,25.33436393737793,25.74652099609375,26.206836700439453,26.807193756103516,28.43047332763672
23.09955596923828,23.687929153442383,24.14545249938965,24.53449058532715,24.911848068237305,25.289613723754883,25.695741653442383,26.170148849487305,26.784347534179688,28.458984375
23.06841468811035,23.663040161132812,24.118558883666992,24.520191192626953,24.902719497680664,25.294336318969727,25.704469680786133,26.190353393554688,26.826265335083008,28.521236419677734
23.03843879699707,23.682209014892578,24.178958892822266,24.600095748901367,24.996681213378906,25.39948081970215,25.823644638061523,26.312149047851562,26.94317054748535,28.608675003051758
23.038562774658203,23.666160583496094,24.14506721496582,24.56414031982422,24.959196090698242,25.358068466186523,25.776647567749023,26.27188491821289,26.89444351196289,28.50750160217285
23.045188903808594,23.650882720947266,24.13245964050293,24.544374465942383,24.960779190063477,25.36800765991211,25.801132202148438,26.295928955078125,26.9384765625,28.633031845092773
23.05940055847168,23.657493591308594,24.120878219604492,24.52237892150879,24.90504264831543,25.290315628051758,25.70363998413086,26.172073364257812,26.806135177612305,28.524520874023438
23.078170776367188,23.673017501831055,24.12963104248047,24.53362274169922,24.921524047851562,25.308935165405273,25.72647476196289,26.210493087768555,26.837099075317383,28.445289611816406
23.000469207763672,23.622875213623047,24.094890594482422,24.516063690185547,24.9161434173584,25.315093994140625,25.74455451965332,26.238340377807617,26.872543334960938,28.55314826965332
22.928058624267578,23.562660217285156,24.08538818359375,24.542011260986328,24.969514846801758,25.392730712890625,25.844646453857422,26.362728118896484,27.000839233398438,28.635339736938477
23.035018920898438,23.6629581451416,24.147676467895508,24.568950653076172,24.968780517578125,25.367218017578125,25.791751861572266,26.300094604492188,26.94813346862793,28.594833374023438
23.077863693237305,23.655763626098633,24.116525650024414,24.517009735107422,24.906408309936523,25.297361373901367,25.717805862426758,26.205440521240234,26.833576202392578,28.580625534057617
23.034610748291016,23.656564712524414,24.149932861328125,24.596820831298828,24.983949661254883,25.397212982177734,25.834609985351562,26.325733184814453,26.9372501373291,28.54010009765625
22.92889404296875,23.596389770507812,24.122350692749023,24.574615478515625,24.999956130981445,25.416555404663086,25.8520565032959,26.339590072631836,26.956092834472656,28.668731689453125
23.08580207824707,23.690855026245117,24.15460777282715,24.554119110107422,24.947383880615234,25.329931259155273,25.753870010375977,26.213117599487305,26.844532012939453,28.55655860900879
23.062740325927734,23.671133041381836,24.135066986083984,24.53541374206543,24.92473602294922,25.311416625976562,25.735960006713867,26.22783660888672,26.861478805541992,28.561649322509766
23.012622833251953,23.668676376342773,24.165496826171875,24.592239379882812,24.998153686523438,25.400833129882812,25.827999114990234,26.31797218322754,26.95920753479004,28.643390655517578
23.052490234375,23.647666931152344,24.111095428466797,24.516674041748047,24.89734649658203,25.29705238342285,25.709930419921875,26.193817138671875,26.84475326538086,28.539859771728516
22.985944747924805,23.6164493560791,24.100135803222656,24.536115646362305,24.93935203552246,25.354936599731445,25.79912567138672,26.295312881469727,26.931140899658203,28.619991302490234
22.987411499023438,23.651304244995117,24.153852462768555,24.602365493774414,25.004547119140625,25.41973114013672,25.855762481689453,26.359737396240234,27.007030487060547,28.702322006225586
23.052204132080078,23.67593002319336,24.143285751342773,24.562816619873047,24.9459171295166,25.34203338623047,25.768634796142578,26.261470794677734,26.915075302124023,28.662832260131836
23.058374404907227,23.671302795410156,24.15493392944336,24.57053565979004,24.970306396484375,25.371856689453125,25.797351837158203,26.293676376342773,26.935216903686523,28.649581909179688
23.103605270385742,23.697555541992188,24.15904998779297,24.566755294799805,24.953826904296875,25.339618682861328,25.747764587402344,26.23478126525879,26.88004493713379,28.59024429321289
23.087646484375,23.65695571899414,24.1071720123291,24.501224517822266,24.875368118286133,25.253036499023438,25.66609764099121,26.130821228027344,26.738374710083008,28.390121459960938
23.016056060791016,23.624284744262695,24.124237060546875,24.555822372436523,24.957990646362305,25.365808486938477,25.80360984802246,26.297515869140625,26.951318740844727,28.63237762451172
22.999126434326172,23.620712280273438,24.108610153198242,24.532835006713867,24.936376571655273,25.341773986816406,25.77813148498535,26.2629451751709,26.89046859741211,28.593353271484375
23.116605758666992,23.699016571044922,24.137510299682617,24.53480339050293,24.908113479614258,25.287931442260742,25.691862106323242,26.165050506591797,26.78577423095703,28.43639373779297
23.08220863342285,23.673789978027344,24.142423629760742,24.550561904907227,24.936464309692383,25.330228805541992,25.74921226501465,26.218887329101562,26.830934524536133,28.476770401000977
22.99872589111328,23.640995025634766,24.14533805847168,24.58538055419922,24.999177932739258,25.420446395874023,25.862674713134766,26.364551544189453,27.0129337310791,28.605224609375
23.1082820892334,23.685609817504883,24.12023162841797,24.50872230529785,24.872262954711914,25.242576599121094,25.641597747802734,26.098846435546875,26.70124626159668,28.371732711791992
22.956077575683594,23.620838165283203,24.149675369262695,24.605714797973633,25.026691436767578,25.454633712768555,25.903894424438477,26.3959903717041,27.028255462646484,28.69598960876465
23.043664932250977,23.662796020507812,24.151119232177734,24.5692081451416,24.969079971313477,25.36709213256836,25.786226272583008,26.272048950195312,26.879714965820312,28.604503631591797
23.020442962646484,23.639781951904297,24.123645782470703,24.54869842529297,24.946102142333984,25.34970474243164,25.774255752563477,26.259103775024414,26.88189125061035,28.621479034423828
23.028135299682617,23.649864196777344,24.131032943725586,24.56420135498047,24.957029342651367,25.356796264648438,25.782373428344727,26.269466400146484,26.91015625,28.57464599609375
22.935691833496094,23.602577209472656,24.09157371520996,24.54848861694336,24.965116500854492,25.39565086364746,25.83700180053711,26.352575302124023,27.018007278442383,28.684749603271484
23.04220199584961,23.651723861694336,24.11522674560547,24.527416229248047,24.90070152282715,25.287229537963867,25.693700790405273,26.16362953186035,26.781888961791992,28.439407348632812
23.109207153320312,23.687118530273438,24.131380081176758,24.52262306213379,24.90469741821289,25.282066345214844,25.69089126586914,26.159679412841797,26.773218154907227,28.391611099243164
23.081144332885742,23.67880630493164,24.133222579956055,24.538225173950195,24.91958999633789,25.314096450805664,25.739154815673828,26.211950302124023,26.839706420898438,28.536968231201172
23.08796501159668,23.673521041870117,24.12433433532715,24.518964767456055,24.901586532592773,25.280643463134766,25.684850692749023,26.148880004882812,26.763153076171875,28.516651153564453
23.09074592590332,23.677444458007812,24.130931854248047,24.529848098754883,24.90227699279785,25.27872085571289,25.693315505981445,26.174325942993164,26.81801414489746,28.47032356262207
23.088924407958984,23.674768447875977,24.140911102294922,24.539743423461914,24.917707443237305,25.298709869384766,25.70947265625,26.170942306518555,26.78475570678711,28.417072296142578
23.04608154296875,23.66530990600586,24.15885353088379,24.580305099487305,24.98377227783203,25.391489028930664,25.821012496948242,26.314489364624023,26.950027465820312,28.68039894104004
22.99346923828125,23.614587783813477,24.098148345947266,24.529630661010742,24.946460723876953,25.35101890563965,25.793445587158203,26.302352905273438,26.95611572265625,28.663862228393555
23.047012329101562,23.64269256591797,24.125476837158203,24.539323806762695,24.930938720703125,25.326148986816406,25.749988555908203,26.22987174987793,26.855138778686523,28.52383804321289
23.082855224609375,23.66242027282715,24.11058807373047,24.504037857055664,24.880558013916016,25.252798080444336,25.659873962402344,26.130603790283203,26.747650146484375,28.437992095947266
23.060646057128906,23.655380249023438,24.112844467163086,24.520294189453125,24.903289794921875,25.286983489990234,25.69982147216797,26.176307678222656,26.801362991333008,28.404312133789062
23.049793243408203,23.64746856689453,24.113937377929688,24.522323608398438,24.901832580566406,25.29109001159668,25.70363426208496,26.174463272094727,26.799707412719727,28.544200897216797
23.0248966217041,23.627702713012695,24.10776710510254,24.52328109741211,24.92378044128418,25.326601028442383,25.758380889892578,26.26105308532715,26.888906478881836,28.61678123474121
23.017498016357422,23.665098190307617,24.148645401000977,24.581872940063477,24.97629165649414,25.3750057220459,25.809240341186523,26.298784255981445,26.948074340820312,28.623153686523438
23.089670181274414,23.681379318237305,24.138507843017578,24.548309326171875,24.933700561523438,25.314891815185547,25.7251033782959,26.197465896606445,26.82513999938965,28.51801300048828
23.07678985595703,23.677396774291992,24.13361930847168,24.52933120727539,24.919038772583008,25.308216094970703,25.71869659423828,26.199020385742188,26.83211898803711,28.471328735351562
23.078622817993164,23.670385360717773,24.13372230529785,24.52921485900879,24.910438537597656,25.291078567504883,25.702207565307617,26.183151245117188,26.798789978027344,28.51212501525879
23.030763626098633,23.665565490722656,24.13901138305664,24.56954574584961,24.963464736938477,25.356739044189453,25.775840759277344,26.260236740112305,26.897348403930664,28.50840187072754
23.022136688232422,23.644899368286133,24.138607025146484,24.555776596069336,24.957313537597656,25.347179412841797,25.773046493530273,26.256820678710938,26.900869369506836,28.575218200683594
23.07170867919922,23.66716766357422,24.120433807373047,24.521244049072266,24.898574829101562,25.282255172729492,25.691129684448242,26.16676902770996,26.78015899658203,28.463640213012695
22.981735229492188,23.630887985229492,24.12222671508789,24.554363250732422,24.96720314025879,25.37367820739746,25.79921531677246,26.281679153442383,26.934093475341797,28.55560874938965
23.10332489013672,23.681259155273438,24.12677001953125,24.5194034576416,24.89006996154785,25.26348114013672,25.6640625,26.135982513427734,26.753768920898438,28.421133041381836
23.089876174926758,23.692934036254883,24.158756256103516,24.56022834777832,24.937009811401367,25.31554412841797,25.731481552124023,26.197650909423828,26.806547164916992,28.44145965576172
23.034976959228516,23.6722469329834,24.158145904541016,24.591304779052734,24.99053192138672,25.38726043701172,25.824153900146484,26.323959350585938,26.95252227783203,28.591205596923828
23.0543155670166,23.671253204345703,24.138288497924805,24.54727554321289,24.933456420898438,25.33025550842285,25.747798919677734,26.229948043823242,26.85608673095703,28.565690994262695
23.095746994018555,23.690114974975586,24.157629013061523,24.562116622924805,24.9493350982666,25.340497970581055,25.75954818725586,26.23464012145996,26.84931182861328,28.527864456176758
22.932565689086914,23.587745666503906,24.11492347717285,24.56698226928711,24.995712280273438,25.425251007080078,25.87584686279297,26.38804817199707,27.046030044555664,28.712060928344727
23.060169219970703,23.65444564819336,24.124195098876953,24.528900146484375,24.905975341796875,25.28899574279785,25.70526885986328,26.179405212402344,26.83069610595703,28.62117576599121
23.034814834594727,23.64541244506836,24.11513328552246,24.524368286132812,24.920963287353516,25.318084716796875,25.734268188476562,26.22882080078125,26.866378784179688,28.614492416381836
23.065610885620117,23.676515579223633,24.133970260620117,24.544517517089844,24.938804626464844,25.322668075561523,25.74421501159668,26.219730377197266,26.846851348876953,28.51919937133789
23.057605743408203,23.667346954345703,24.13568687438965,24.550273895263672,24.93866539001465,25.32334327697754,25.741357803344727,26.233442306518555,26.850374221801758,28.531227111816406
23.082473754882812,23.689533233642578,24.14982032775879,24.555278778076172,24.93984031677246,25.327150344848633,25.739164352416992,26.217853546142578,26.858917236328125,28.479318618774414
23.113080978393555,23.687726974487305,24.12841033935547,24.519193649291992,24.890867233276367,25.277925491333008,25.69305992126465,26.172576904296875,26.813167572021484,28.478628158569336
23.068647384643555,23.68336296081543,24.15876579284668,24.57373809814453,24.96108627319336,25.350486755371094,25.756057739257812,26.240869522094727,26.8644962310791,28.563932418823242
23.08259391784668,23.667865753173828,24.106534957885742,24.501712799072266,24.872655868530273,25.246816635131836,25.662872314453125,26.128938674926758,26.735807418823242,28.485628128051758
22.985488891601562,23.625797271728516,24.115692138671875,24.553932189941406,24.958642959594727,25.373523712158203,25.809606552124023,26.30995750427246,26.945247650146484,28.65131187438965
23.129188537597656,23.722288131713867,24.17717933654785,24.565763473510742,24.944988250732422,25.326324462890625,25.73231315612793,26.209300994873047,26.835981369018555,28.554203033447266
23.034908294677734,23.663040161132812,24.151691436767578,24.588132858276367,24.992088317871094,25.403505325317383,25.830657958984375,26.320409774780273,26.978281021118164,28.615184783935547
23.058639526367188,23.671213150024414,24.150331497192383,24.5632266998291,24.949649810791016,25.346221923828125,25.762468338012695,26.257274627685547,26.888113021850586,28.482301712036133
23.037887573242188,23.666162490844727,24.140275955200195,24.558242797851562,24.945283889770508,25.335315704345703,25.747827529907227,26.223873138427734,26.83677101135254,28.49530792236328
23.10633659362793,23.691524505615234,24.131107330322266,24.52529525756836,24.892574310302734,25.280855178833008,25.686777114868164,26.166547775268555,26.786664962768555,28.497161865234375
23.09075355529785,23.67527961730957,24.124616622924805,24.515546798706055,24.88694953918457,25.264507293701172,25.67296600341797,26.154037475585938,26.7780818939209,28.41925621032715
23.07771110534668,23.681549072265625,24.134601593017578,24.548307418823242,24.93060302734375,25.316783905029297,25.727603912353516,26.20303726196289,26.827180862426758,28.60748291015625
23.06252098083496,23.664735794067383,24.127214431762695,24.53253936767578,24.92616844177246,25.315811157226562,25.742055892944336,26.228225708007812,26.87335777282715,28.51491928100586
23.04063606262207,23.6813907623291,24.172130584716797,24.597848892211914,24.999439239501953,25.39529037475586,25.82866668701172,26.31220245361328,26.93880271911621,28.47453498840332
23.05965805053711,23.67345428466797,24.1479549407959,24.55846405029297,24.964763641357422,25.355173110961914,25.787769317626953,26.283973693847656,26.932586669921875,28.673274993896484
22.993600845336914,23.624168395996094,24.12106704711914,24.54833984375,24.956310272216797,25.361936569213867,25.787433624267578,26.276275634765625,26.890300750732422,28.54305648803711
23.010986328125,23.653202056884766,24.14357566833496,24.590845108032227,25.000486373901367,25.41778564453125,25.856124877929688,26.350515365600586,26.985855102539062,28.65130615234375
23.046815872192383,23.677387237548828,24.156253814697266,24.569931030273438,24.946014404296875,25.339014053344727,25.755474090576172,26.24086570739746,26.887271881103516,28.53217124938965
23.009984970092773,23.623336791992188,24.090782165527344,24.504390716552734,24.900102615356445,25.292804718017578,25.713134765625,26.182323455810547,26.808094024658203,28.46857261657715
23.015832901000977,23.64197540283203,24.134002685546875,24.566465377807617,24.97771644592285,25.38589859008789,25.83002281188965,26.320276260375977,26.94858741760254,28.59877586364746
22.947975158691406,23.585975646972656,24.092863082885742,24.534183502197266,24.944795608520508,25.364768981933594,25.794233322143555,26.302597045898438,26.947357177734375,28.57147789001465
23.067058563232422,23.67119789123535,24.140029907226562,24.55370330810547,24.94488525390625,25.327363967895508,25.73578643798828,26.19886016845703,26.81708335876465,28.50787925720215
23.065580368041992,23.677873611450195,24.138595581054688,24.548948287963867,24.932411193847656,25.324878692626953,25.743688583374023,26.222305297851562,26.848175048828125,28.569726943969727
23.041053771972656,23.662002563476562,24.12442398071289,24.544912338256836,24.931774139404297,25.323822021484375,25.734848022460938,26.209814071655273,26.818424224853516,28.432254791259766
23.090185165405273,23.691213607788086,24.152036666870117,24.558712005615234,24.936002731323242,25.320880889892578,25.741241455078125,26.213272094726562,26.862815856933594,28.57058334350586
23.056020736694336,23.65337371826172,24.127126693725586,24.537342071533203,24.932453155517578,25.329404830932617,25.75543785095215,26.253944396972656,26.89362144470215,28.61086654663086
23.010456085205078,23.619165420532227,24.100177764892578,24.527381896972656,24.91448402404785,25.319011688232422,25.736804962158203,26.242713928222656,26.880102157592773,28.61189079284668
22.962448120117188,23.614294052124023,24.11961555480957,24.561481475830078,24.97980308532715,25.392833709716797,25.82940673828125,26.33463478088379,26.97132682800293,28.746944427490234
22.970773696899414,23.617321014404297,24.122966766357422,24.584924697875977,24.996837615966797,25.41466522216797,25.855388641357422,26.368972778320312,27.036155700683594,28.697622299194336
22.972122192382812,23.612613677978516,24.108407974243164,24.54189109802246,24.946956634521484,25.36196517944336,25.788461685180664,26.300701141357422,26.965370178222656,28.863161087036133
23.062774658203125,23.67462921142578,24.14577865600586,24.551746368408203,24.942155838012695,25.330562591552734,25.749528884887695,26.24422836303711,26.88439178466797,28.583736419677734
23.078182220458984,23.67241096496582,24.134662628173828,24.543148040771484,24.925302505493164,25.32042694091797,25.724857330322266,26.18682861328125,26.81065559387207,28.465072631835938
23.05751609802246,23.671249389648438,24.149738311767578,24.559768676757812,24.95392417907715,25.344764709472656,25.77184295654297,26.25434112548828,26.862884521484375,28.528717041015625
23.019981384277344,23.650129318237305,24.13587760925293,24.556785583496094,24.957332611083984,25.35749626159668,25.776187896728516,26.258533477783203,26.88753890991211,28.569087982177734
23.10197639465332,23.688709259033203,24.146841049194336,24.544368743896484,24.928470611572266,25.31464385986328,25.71979331970215,26.193450927734375,26.810306549072266,28.500093460083008
23.045385360717773,23.64838218688965,24.1221866607666,24.529613494873047,24.923887252807617,25.318511962890625,25.74004554748535,26.230663299560547,26.86170196533203,28.56555938720703
23.096187591552734,23.681734085083008,24.12108039855957,24.513446807861328,24.884098052978516,25.260334014892578,25.67173957824707,26.138391494750977,26.761844635009766,28.461101531982422
23.041013717651367,23.657258987426758,24.137649536132812,24.556385040283203,24.961278915405273,25.36858558654785,25.798404693603516,26.296642303466797,26.931129455566406,28.634929656982422
22.939416885375977,23.591936111450195,24.10964012145996,24.565134048461914,24.98059844970703,25.394014358520508,25.82164764404297,26.311588287353516,26.940649032592773,28.563480377197266
23.057815551757812,23.65483856201172,24.11673355102539,24.52556037902832,24.916555404663086,25.31318473815918,25.73232078552246,26.212146759033203,26.83257293701172,28.480682373046875
23.032794952392578,23.671236038208008,24.153560638427734,24.5821590423584,24.979299545288086,25.371658325195312,25.788986206054688,26.27310562133789,26.906015396118164,28.646692276000977
23.09840965270996,23.712810516357422,24.163711547851562,24.55634880065918,24.934967041015625,25.314218521118164,25.730844497680664,26.204761505126953,26.82118797302246,28.459964752197266
23.054969787597656,23.663209915161133,24.138229370117188,24.55167007446289,24.954315185546875,25.343368530273438,25.764545440673828,26.262592315673828,26.90828514099121,28.5153865814209
22.944368362426758,23.60190773010254,24.12864112854004,24.574920654296875,25.007604598999023,25.428022384643555,25.873504638671875,26.382410049438477,27.041549682617188,28.725200653076172
23.105737686157227,23.685800552368164,24.125057220458984,24.53232765197754,24.906333923339844,25.287813186645508,25.711227416992188,26.1853084564209,26.821598052978516,28.45565414428711
23.099077224731445,23.67609214782715,24.124357223510742,24.511554718017578,24.890453338623047,25.268672943115234,25.67254066467285,26.142974853515625,26.766340255737305,28.611297607421875
23.069961547851562,23.676477432250977,24.140077590942383,24.54180908203125,24.928497314453125,25.309833526611328,25.727445602416992,26.196697235107422,26.811166763305664,28.517181396484375
23.048309326171875,23.667505264282227,24.134984970092773,24.544315338134766,24.931177139282227,25.324209213256836,25.75583839416504,26.229202270507812,26.86387825012207,28.55653953552246
23.07615852355957,23.66999626159668,24.12929344177246,24.53192710876465,24.911836624145508,25.303552627563477,25.719900131225586,26.191600799560547,26.819618225097656,28.504796981811523
23.071746826171875,23.66762351989746,24.119083404541016,24.523345947265625,24.905540466308594,25.29585075378418,25.707780838012695,26.19851303100586,26.834190368652344,28.51616859436035
23.088275909423828,23.66318702697754,24.12199592590332,24.52478790283203,24.909940719604492,25.292682647705078,25.71956443786621,26.213546752929688,26.845134735107422,28.498571395874023
23.05664825439453,23.66950225830078,24.126556396484375,24.54262924194336,24.934667587280273,25.32111167907715,25.732147216796875,26.20574378967285,26.824743270874023,28.5083065032959
23.067012786865234,23.671560287475586,24.13237762451172,24.538570404052734,24.915218353271484,25.311222076416016,25.72224998474121,26.211355209350586,26.857763290405273,28.504796981811523
23.10846519470215,23.689212799072266,24.128421783447266,24.527450561523438,24.904399871826172,25.288846969604492,25.7080078125,26.191858291625977,26.818832397460938,28.42714500427246
23.098711013793945,23.694692611694336,24.157869338989258,24.55436134338379,24.932144165039062,25.312814712524414,25.724279403686523,26.215341567993164,26.854766845703125,28.587154388427734
23.00583267211914,23.625333786010742,24.120790481567383,24.546297073364258,24.9550838470459,25.365680694580078,25.79651641845703,26.295085906982422,26.942951202392578,28.66387176513672
23.065217971801758,23.658353805541992,24.11610984802246,24.52838897705078,24.91033363342285,25.29615020751953,25.7104434967041,26.174663543701172,26.7924861907959,28.55617904663086
23.01954460144043,23.63530921936035,24.115304946899414,24.54507064819336,24.937503814697266,25.33216094970703,25.752090454101562,26.227636337280273,26.872331619262695,28.569786071777344
23.073728561401367,23.673017501831055,24.124208450317383,24.520965576171875,24.901098251342773,25.29305648803711,25.717784881591797,26.194482803344727,26.810041427612305,28.525997161865234
23.1049861907959,23.693557739257812,24.148279190063477,24.549654006958008,24.930828094482422,25.313644409179688,25.722017288208008,26.195777893066406,26.818405151367188,28.467456817626953
23.087921142578125,23.688030242919922,24.147254943847656,24.552574157714844,24.936485290527344,25.323057174682617,25.734418869018555,26.20108985900879,26.835857391357422,28.453563690185547
23.033248901367188,23.650341033935547,24.115327835083008,24.52798843383789,24.918716430664062,25.31778335571289,25.740976333618164,26.22039794921875,26.85435676574707,28.462081909179688
23.11829376220703,23.695457458496094,24.147865295410156,24.539981842041016,24.91938018798828,25.298864364624023,25.7158260345459,26.19078826904297,26.813194274902344,28.432594299316406
22.960641860961914,23.61254119873047,24.099327087402344,24.535629272460938,24.96184730529785,25.375518798828125,25.81822967529297,26.31378173828125,26.961273193359375,28.702184677124023
23.095212936401367,23.684825897216797,24.13031768798828,24.526029586791992,24.89560317993164,25.261844635009766,25.65656089782715,26.114826202392578,26.736053466796875,28.419109344482422
23.06366729736328,23.653547286987305,24.116260528564453,24.512540817260742,24.896371841430664,25.280858993530273,25.698209762573242,26.18747329711914,26.819656372070312,28.621816635131836
23.006500244140625,23.632749557495117,24.11884880065918,24.553064346313477,24.961275100708008,25.353059768676758,25.772619247436523,26.264734268188477,26.90606689453125,28.631107330322266
23.09804344177246,23.68366050720215,24.141233444213867,24.53959846496582,24.92052459716797,25.30455780029297,25.70928955078125,26.18857765197754,26.821731567382812,28.50432014465332
23.067373275756836,23.674076080322266,24.139434814453125,24.54798126220703,24.933576583862305,25.322429656982422,25.736129760742188,26.208755493164062,26.83379364013672,28.555374145507812
23.07807731628418,23.688203811645508,24.153350830078125,24.558984756469727,24.950345993041992,25.342071533203125,25.754627227783203,26.23451042175293,26.869102478027344,28.504638671875
23.064743041992188,23.668222427368164,24.117429733276367,24.52281951904297,24.894739151000977,25.285322189331055,25.69845962524414,26.178951263427734,26.80454444885254,28.507553100585938
23.108549118041992,23.69668960571289,24.143367767333984,24.532543182373047,24.908931732177734,25.288904190063477,25.69943618774414,26.17395782470703,26.805025100708008,28.44439697265625
23.10796546936035,23.689321517944336,24.132341384887695,24.52532386779785,24.89156723022461,25.26800537109375,25.66664695739746,26.12855339050293,26.753372192382812,28.432661056518555
23.075267791748047,23.686813354492188,24.15512466430664,24.563735961914062,24.956064224243164,25.349613189697266,25.766695022583008,26.24134635925293,26.86637306213379,28.56418800354004
23.09885025024414,23.687929153442383,24.14076805114746,24.535934448242188,24.912776947021484,25.298664093017578,25.7082462310791,26.178478240966797,26.796051025390625,28.47231101989746
23.05156135559082,23.661624908447266,24.139379501342773,24.547643661499023,24.94281578063965,25.33945655822754,25.763965606689453,26.256092071533203,26.877798080444336,28.588932037353516
23.100217819213867,23.690895080566406,24.159854888916016,24.552040100097656,24.942363739013672,25.331008911132812,25.73678970336914,26.2119197845459,26.841856002807617,28.450389862060547
22.925233840942383,23.555253982543945,24.06874656677246,24.515838623046875,24.947927474975586,25.380413055419922,25.847515106201172,26.36545181274414,27.018035888671875,28.782400131225586
23.03077507019043,23.65294647216797,24.12883186340332,24.55657386779785,24.957483291625977,25.357213973999023,25.78691864013672,26.274017333984375,26.920162200927734,28.549657821655273
22.978618621826172,23.61497688293457,24.106191635131836,24.538564682006836,24.947603225708008,25.35700798034668,25.789630889892578,26.279117584228516,26.932432174682617,28.663543701171875
23.044668197631836,23.648408889770508,24.12265968322754,24.544456481933594,24.94134521484375,25.344690322875977,25.77959632873535,26.2712459564209,26.912403106689453,28.542430877685547
23.07094383239746,23.671064376831055,24.11871337890625,24.52383041381836,24.905433654785156,25.301328659057617,25.721511840820312,26.20273780822754,26.825326919555664,28.403335571289062
23.0152530670166,23.659454345703125,24.134193420410156,24.55103302001953,24.951929092407227,25.34912872314453,25.777299880981445,26.27004623413086,26.897249221801758,28.510692596435547
22.996864318847656,23.616819381713867,24.102920532226562,24.529159545898438,24.93194007873535,25.321781158447266,25.74668312072754,26.219369888305664,26.846927642822266,28.533584594726562
22.995223999023438,23.619583129882812,24.121240615844727,24.547889709472656,24.942659378051758,25.358139038085938,25.789901733398438,26.294214248657227,26.94865608215332,28.704341888427734
23.028894424438477,23.65064239501953,24.13730239868164,24.551115036010742,24.94516372680664,25.339067459106445,25.760711669921875,26.244842529296875,26.857330322265625,28.536413192749023
23.066097259521484,23.658571243286133,24.108652114868164,24.501445770263672,24.885719299316406,25.270557403564453,25.67125129699707,26.15250015258789,26.76738929748535,28.42682456970215
23.076303482055664,23.660831451416016,24.12111473083496,24.523223876953125,24.900718688964844,25.285045623779297,25.68926239013672,26.153949737548828,26.764392852783203,28.516389846801758
23.108173370361328,23.68331527709961,24.132944107055664,24.51675796508789,24.881237030029297,25.258987426757812,25.66463279724121,26.141693115234375,26.760480880737305,28.478206634521484
23.03887176513672,23.6501522064209,24.12533187866211,24.532930374145508,24.92633628845215,25.314924240112305,25.740238189697266,26.21540641784668,26.846696853637695,28.515010833740234
23.02284812927246,23.640201568603516,24.12194061279297,24.539093017578125,24.932533264160156,25.32526969909668,25.758159637451172,26.246213912963867,26.885974884033203,28.537412643432617
23.06178855895996,23.667476654052734,24.134075164794922,24.556760787963867,24.947202682495117,25.349515914916992,25.779020309448242,26.263559341430664,26.906429290771484,28.52927017211914
23.08872413635254,23.69383430480957,24.151548385620117,24.545944213867188,24.92243003845215,25.305116653442383,25.712881088256836,26.18610191345215,26.797916412353516,28.455785751342773
23.06134033203125,23.66376495361328,24.125988006591797,24.530210494995117,24.91454315185547,25.301923751831055,25.71161460876465,26.175519943237305,26.80255699157715,28.523550033569336
23.03449821472168,23.653955459594727,24.12789535522461,24.532737731933594,24.917295455932617,25.3104190826416,25.73760223388672,26.20694923400879,26.814001083374023,28.519683837890625
23.093708038330078,23.664167404174805,24.109798431396484,24.49503517150879,24.869722366333008,25.24140167236328,25.64141273498535,26.10487174987793,26.702478408813477,28.363067626953125
23.030614852905273,23.6459903717041,24.12456703186035,24.543264389038086,24.947484970092773,25.359682083129883,25.791400909423828,26.29742431640625,26.948392868041992,28.581071853637695
23.078948974609375,23.696203231811523,24.16248321533203,24.579578399658203,24.955305099487305,25.350051879882812,25.768613815307617,26.242752075195312,26.870365142822266,28.517169952392578
23.048734664916992,23.658185958862305,24.11211395263672,24.526447296142578,24.909414291381836,25.30434226989746,25.722400665283203,26.204980850219727,26.81313133239746,28.49929428100586
23.01070785522461,23.657554626464844,24.139760971069336,24.568649291992188,24.96000862121582,25.360597610473633,25.771467208862305,26.2490291595459,26.875219345092773,28.504878997802734
23.030162811279297,23.65879249572754,24.14250946044922,24.56977081298828,24.97148323059082,25.380939483642578,25.816173553466797,26.316450119018555,26.966812133789062,28.63275146484375
23.10051918029785,23.69365692138672,24.146453857421875,24.544189453125,24.930465698242188,25.315673828125,25.73260498046875,26.215049743652344,26.840240478515625,28.498350143432617
23.07155418395996,23.662904739379883,24.12169647216797,24.517658233642578,24.89487075805664,25.278730392456055,25.685373306274414,26.16349220275879,26.79939079284668,28.493921279907227
23.052520751953125,23.67661476135254,24.137577056884766,24.552562713623047,24.950241088867188,25.341331481933594,25.759241104125977,26.232633590698242,26.863445281982422,28.579654693603516
22.99232292175293,23.630809783935547,24.115211486816406,24.538494110107422,24.940092086791992,25.332250595092773,25.759653091430664,26.247940063476562,26.893152236938477,28.540180206298828
23.064590454101562,23.65869140625,24.12738037109375,24.53081512451172,24.92169189453125,25.30926513671875,25.719646453857422,26.19430923461914,26.805646896362305,28.481460571289062
22.914342880249023,23.57646942138672,24.103981018066406,24.568025588989258,25.013038635253906,25.459959030151367,25.925949096679688,26.452871322631836,27.11355209350586,28.844741821289062
23.083980560302734,23.673057556152344,24.132333755493164,24.529273986816406,24.909067153930664,25.295459747314453,25.71353530883789,26.19378662109375,26.83563232421875,28.533267974853516
23.030420303344727,23.650035858154297,24.12059783935547,24.53314781188965,24.923913955688477,25.320802688598633,25.73967170715332,26.235074996948242,26.873525619506836,28.55550765991211
23.027360916137695,23.654739379882812,24.137907028198242,24.55558967590332,24.9516658782959,25.36507797241211,25.79335594177246,26.289691925048828,26.922481536865234,28.562957763671875
23.053184509277344,23.67087745666504,24.14691734313965,24.562482833862305,24.959564208984375,25.358985900878906,25.776330947875977,26.26839256286621,26.914018630981445,28.604656219482422
23.05828857421875,23.662370681762695,24.12367820739746,24.53428077697754,24.91404914855957,25.297386169433594,25.70758628845215,26.176637649536133,26.799034118652344,28.455472946166992
23.093061447143555,23.69342613220215,24.163557052612305,24.56371307373047,24.9520320892334,25.337312698364258,25.764408111572266,26.251232147216797,26.853057861328125,28.472515106201172
23.034164428710938,23.645999908447266,24.119035720825195,24.53030014038086,24.92858123779297,25.32438850402832,25.749332427978516,26.244909286499023,26.889272689819336,28.587820053100586
23.03029441833496,23.647743225097656,24.132003784179688,24.547853469848633,24.953474044799805,25.351566314697266,25.766460418701172,26.238351821899414,26.863082885742188,28.547243118286133
23.048067092895508,23.656959533691406,24.138856887817383,24.548490524291992,24.942964553833008,25.339048385620117,25.761123657226562,26.25494956970215,26.89006233215332,28.6240177154541
22.955726623535156,23.61678123474121,24.1143741607666,24.57294464111328,25.00417137145996,25.43910026550293,25.898134231567383,26.412317276000977,27.07062339782715,28.681840896606445
23.101167678833008,23.68423843383789,24.121809005737305,24.517202377319336,24.878339767456055,25.254589080810547,25.661903381347656,26.1193790435791,26.715543746948242,28.28493881225586
22.95680809020996,23.576438903808594,24.06724739074707,24.505373001098633,24.933551788330078,25.35736656188965,25.809167861938477,26.33477210998535,26.993154525756836,28.784645080566406
23.005998611450195,23.641569137573242,24.127431869506836,24.57335662841797,24.989198684692383,25.39999771118164,25.828781127929688,26.332149505615234,26.970664978027344,28.645952224731445
23.071928024291992,23.668598175048828,24.129091262817383,24.526681900024414,24.903236389160156,25.293731689453125,25.705469131469727,26.175554275512695,26.781553268432617,28.451868057250977
23.068662643432617,23.66787338256836,24.123912811279297,24.53154754638672,24.915218353271484,25.302387237548828,25.713394165039062,26.209762573242188,26.8422794342041,28.51627540588379
22.817935943603516,23.470577239990234,24.01658821105957,24.541383743286133,25.02656364440918,25.51038360595703,26.004425048828125,26.557973861694336,27.215576171875,28.888315200805664
22.98941993713379,23.619234085083008,24.11683464050293,24.553701400756836,24.959936141967773,25.366201400756836,25.806896209716797,26.290624618530273,26.907747268676758,28.610061645507812
22.95361328125,23.60141372680664,24.129676818847656,24.582077026367188,25.018756866455078,25.435455322265625,25.891443252563477,26.404403686523438,27.055620193481445,28.753732681274414
23.0501766204834,23.673030853271484,24.162734985351562,24.57443618774414,24.96737289428711,25.360801696777344,25.7729549407959,26.250179290771484,26.867040634155273,28.597579956054688
22.99686050415039,23.613752365112305,24.109699249267578,24.542787551879883,24.94695472717285,25.355976104736328,25.785362243652344,26.275184631347656,26.921907424926758,28.564071655273438
23.045948028564453,23.661226272583008,24.142066955566406,24.54769515991211,24.93441390991211,25.33262062072754,25.749475479125977,26.22629737854004,26.85378646850586,28.491743087768555
23.096162796020508,23.667102813720703,24.11181640625,24.50290870666504,24.873889923095703,25.259525299072266,25.662227630615234,26.136735916137695,26.773651123046875,28.404541015625
23.071054458618164,23.67974853515625,24.14173126220703,24.550617218017578,24.938682556152344,25.332538604736328,25.751052856445312,26.214750289916992,26.855743408203125,28.480436325073242
23.04509735107422,23.665607452392578,24.145652770996094,24.572938919067383,24.974159240722656,25.391216278076172,25.820817947387695,26.322526931762695,26.951208114624023,28.621551513671875
22.92539405822754,23.589427947998047,24.111263275146484,24.581581115722656,25.01104164123535,25.440427780151367,25.89099884033203,26.386098861694336,27.012338638305664,28.616918563842773
23.03800392150879,23.640016555786133,24.118440628051758,24.542102813720703,24.947744369506836,25.344186782836914,25.77776527404785,26.256059646606445,26.90852928161621,28.627288818359375
23.022531509399414,23.639360427856445,24.115631103515625,24.532520294189453,24.92520523071289,25.317480087280273,25.740251541137695,26.212677001953125,26.851747512817383,28.54123878479004
23.023372650146484,23.645267486572266,24.134353637695312,24.549226760864258,24.946453094482422,25.333459854125977,25.755823135375977,26.229354858398438,26.857851028442383,28.492074966430664
23.033477783203125,23.636348724365234,24.11372184753418,24.52556800842285,24.924724578857422,25.324356079101562,25.752229690551758,26.24962615966797,26.889816284179688,28.618759155273438
23.088163375854492,23.68385124206543,24.146162033081055,24.548660278320312,24.935760498046875,25.32726287841797,25.744606018066406,26.22048568725586,26.831172943115234,28.458192825317383
23.0583553314209,23.656463623046875,24.124481201171875,24.527023315429688,24.919475555419922,25.322568893432617,25.75518226623535,26.25935935974121,26.916400909423828,28.67722511291504
22.963523864746094,23.601058959960938,24.124862670898438,24.576749801635742,25.012266159057617,25.42955780029297,25.862157821655273,26.37038230895996,26.978134155273438,28.61001968383789
23.05292320251465,23.671958923339844,24.140533447265625,24.55843162536621,24.953411102294922,25.354612350463867,25.785932540893555,26.275672912597656,26.919885635375977,28.649377822875977
23.054067611694336,23.68277359008789,24.153146743774414,24.56184196472168,24.957630157470703,25.347028732299805,25.77107048034668,26.27115249633789,26.91001319885254,28.495182037353516
23.0650577545166,23.66554832458496,24.127811431884766,24.55091667175293,24.94252586364746,25.34347152709961,25.76095962524414,26.24480628967285,26.86243438720703,28.498779296875
22.98546600341797,23.633806228637695,24.13123321533203,24.57402229309082,24.975303649902344,25.38593864440918,25.814727783203125,26.303756713867188,26.916996002197266,28.559091567993164
23.033109664916992,23.660724639892578,24.132020950317383,24.53927230834961,24.93291664123535,25.326749801635742,25.747875213623047,26.239009857177734,26.861831665039062,28.598773956298828
22.943540573120117,23.599977493286133,24.10175323486328,24.546804428100586,24.977113723754883,25.379043579101562,25.817052841186523,26.317867279052734,26.950424194335938,28.63417625427246
23.08721160888672,23.67597198486328,24.134231567382812,24.52467155456543,24.90298843383789,25.28329849243164,25.693578720092773,26.169347763061523,26.777713775634766,28.49837303161621
23.09427261352539,23.66910743713379,24.106840133666992,24.510517120361328,24.886077880859375,25.271738052368164,25.680646896362305,26.159011840820312,26.779003143310547,28.497676849365234
23.02511978149414,23.644207000732422,24.13896369934082,24.558340072631836,24.963645935058594,25.361499786376953,25.792848587036133,26.27838706970215,26.899276733398438,28.56243324279785
23.032180786132812,23.648427963256836,24.115840911865234,24.533138275146484,24.931283950805664,25.333436965942383,25.752277374267578,26.25088882446289,26.88845443725586,28.60021209716797
23.017112731933594,23.637775421142578,24.115842819213867,24.539804458618164,24.937631607055664,25.341251373291016,25.765731811523438,26.249435424804688,26.86285400390625,28.50905990600586
22.992141723632812,23.635894775390625,24.148250579833984,24.589595794677734,25.00777816772461,25.411693572998047,25.85369300842285,26.33879280090332,26.952850341796875,28.62643814086914
23.084148406982422,23.66677474975586,24.125591278076172,24.53595733642578,24.92174530029297,25.310640335083008,25.73008918762207,26.217891693115234,26.84074592590332,28.443880081176758
23.08847999572754,23.679492950439453,24.141468048095703,24.54665756225586,24.93061065673828,25.310302734375,25.7158260345459,26.194061279296875,26.808685302734375,28.506879806518555
23.089588165283203,23.674612045288086,24.129661560058594,24.518022537231445,24.89183807373047,25.274654388427734,25.674793243408203,26.139617919921875,26.76551055908203,28.486045837402344
23.068416595458984,23.671924591064453,24.133758544921875,24.529260635375977,24.9061336517334,25.291423797607422,25.707067489624023,26.194223403930664,26.79669761657715,28.552865982055664
23.084074020385742,23.68840789794922,24.16022300720215,24.559112548828125,24.943090438842773,25.32689666748047,25.73467445373535,26.20688819885254,26.818315505981445,28.564321517944336
23.038022994995117,23.64525604248047,24.135629653930664,24.55621910095215,24.960453033447266,25.358985900878906,25.78459358215332,26.274154663085938,26.91373062133789,28.653364181518555
23.030073165893555,23.656553268432617,24.130081176757812,24.547405242919922,24.94025230407715,25.331315994262695,25.7456111907959,26.208120346069336,26.841535568237305,28.58989906311035
23.041807174682617,23.662551879882812,24.156335830688477,24.589723587036133,24.9869441986084,25.37880516052246,25.802539825439453,26.298246383666992,26.939220428466797,28.59946632385254
23.042627334594727,23.659360885620117,24.13223648071289,24.54384994506836,24.933734893798828,25.328903198242188,25.74896240234375,26.247352600097656,26.878320693969727,28.465808868408203
23.041349411010742,23.68747901916504,24.15960693359375,24.565275192260742,24.95513916015625,25.352542877197266,25.773895263671875,26.25439453125,26.87334632873535,28.49396324157715
23.077905654907227,23.683486938476562,24.142784118652344,24.551084518432617,24.928543090820312,25.314918518066406,25.728227615356445,26.218734741210938,26.858945846557617,28.541305541992188
23.037216186523438,23.666675567626953,24.157135009765625,24.575206756591797,24.977561950683594,25.384479522705078,25.82179832458496,26.3310489654541,26.990745544433594,28.733312606811523
22.969757080078125,23.60447120666504,24.092559814453125,24.521419525146484,24.936506271362305,25.355562210083008,25.787174224853516,26.293506622314453,26.947124481201172,28.628841400146484
23.066160202026367,23.676401138305664,24.147451400756836,24.54834747314453,24.937007904052734,25.32174301147461,25.745058059692383,26.232839584350586,26.863210678100586,28.539474487304688
23.08600425720215,23.671573638916016,24.12894058227539,24.522212982177734,24.90632438659668,25.29117774963379,25.703964233398438,26.182485580444336,26.793886184692383,28.454166412353516
23.05756950378418,23.668859481811523,24.151123046875,24.55415153503418,24.93975257873535,25.331689834594727,25.758380889892578,26.244802474975586,26.90195655822754,28.648178100585938
23.073951721191406,23.653743743896484,24.104305267333984,24.496496200561523,24.870960235595703,25.245203018188477,25.6533203125,26.129426956176758,26.754568099975586,28.506221771240234
22.99644660949707,23.636838912963867,24.128093719482422,24.555618286132812,24.953208923339844,25.351978302001953,25.787342071533203,26.28534698486328,26.913862228393555,28.65758514404297
22.989633560180664,23.63559913635254,24.134981155395508,24.562423706054688,24.98397445678711,25.39440155029297,25.82501792907715,26.318897247314453,26.96779441833496,28.713308334350586
22.935285568237305,23.586959838867188,24.084901809692383,24.51966094970703,24.928617477416992,25.330219268798828,25.766109466552734,26.258056640625,26.887348175048828,28.663969039916992
23.11262321472168,23.685705184936523,24.133792877197266,24.52679443359375,24.888347625732422,25.26593780517578,25.66143798828125,26.12527084350586,26.733957290649414,28.42828941345215
23.059999465942383,23.66753578186035,24.133037567138672,24.534406661987305,24.928279876708984,25.313331604003906,25.728818893432617,26.199222564697266,26.813779830932617,28.54961585998535
23.058168411254883,23.665321350097656,24.121917724609375,24.52941131591797,24.914854049682617,25.304853439331055,25.729583740234375,26.214208602905273,26.84807777404785,28.575532913208008
23.081701278686523,23.672626495361328,24.1384220123291,24.528945922851562,24.917736053466797,25.30297088623047,25.71343994140625,26.181554794311523,26.799148559570312,28.50050926208496
23.056041717529297,23.663196563720703,24.139408111572266,24.54596519470215,24.939250946044922,25.333133697509766,25.751306533813477,26.237512588500977,26.877138137817383,28.629043579101562
23.08610725402832,23.686155319213867,24.146379470825195,24.554323196411133,24.938005447387695,25.316431045532227,25.721817016601562,26.197113037109375,26.79994773864746,28.53479766845703
23.05706024169922,23.6700382232666,24.126789093017578,24.53264045715332,24.91087532043457,25.288803100585938,25.688135147094727,26.158950805664062,26.78016471862793,28.507244110107422
23.041284561157227,23.66762351989746,24.13775634765625,24.56455421447754,24.95305824279785,25.341373443603516,25.758909225463867,26.242979049682617,26.87025260925293,28.503868103027344
23.07262420654297,23.670650482177734,24.126144409179688,24.513832092285156,24.894765853881836,25.280120849609375,25.686079025268555,26.162769317626953,26.766006469726562,28.314590454101562
23.030576705932617,23.653575897216797,24.13534164428711,24.549890518188477,24.94228172302246,25.337095260620117,25.756755828857422,26.244842529296875,26.87562370300293,28.607271194458008
22.93141746520996,23.593679428100586,24.117050170898438,24.589017868041992,25.018186569213867,25.443042755126953,25.883224487304688,26.381433486938477,27.01544189453125,28.733539581298828
23.116928100585938,23.702098846435547,24.15001678466797,24.54385757446289,24.927078247070312,25.30443000793457,25.715646743774414,26.19573974609375,26.822311401367188,28.479736328125
23.078407287597656,23.6881160736084,24.14904022216797,24.559789657592773,24.947519302368164,25.330224990844727,25.73956298828125,26.202539443969727,26.83049201965332,28.55233383178711
23.066696166992188,23.683273315429688,24.14763832092285,24.56329345703125,24.95131492614746,25.335609436035156,25.755474090576172,26.22743034362793,26.862640380859375,28.501989364624023
23.058340072631836,23.650833129882812,24.11845588684082,24.519702911376953,24.90536117553711,25.286338806152344,25.69382095336914,26.168413162231445,26.78361701965332,28.525293350219727
23.06586456298828,23.663646697998047,24.13425636291504,24.535701751708984,24.924270629882812,25.316078186035156,25.732131958007812,26.207143783569336,26.83547592163086,28.55023765563965
23.044862747192383,23.651830673217773,24.12312126159668,24.528289794921875,24.92201805114746,25.320783615112305,25.74717140197754,26.24447250366211,26.89312171936035,28.550310134887695
23.06792449951172,23.69047737121582,24.157001495361328,24.57424545288086,24.962589263916016,25.355979919433594,25.777822494506836,26.26291847229004,26.883901596069336,28.536819458007812
22.9672908782959,23.60103988647461,24.111799240112305,24.560741424560547,24.984901428222656,25.402860641479492,25.838672637939453,26.326539993286133,26.95903968811035,28.568180084228516
23.046403884887695,23.662206649780273,24.138193130493164,24.553546905517578,24.94634437561035,25.336545944213867,25.75678062438965,26.25311279296875,26.90316390991211,28.673686981201172
23.054668426513672,23.67430877685547,24.158937454223633,24.583152770996094,24.972431182861328,25.379779815673828,25.794038772583008,26.273487091064453,26.896387100219727,28.490510940551758
23.09303855895996,23.686182022094727,24.14540672302246,24.549829483032227,24.930349349975586,25.309171676635742,25.722415924072266,26.18747329711914,26.79161262512207,28.448013305664062
23.056961059570312,23.656776428222656,24.123647689819336,24.529151916503906,24.92441177368164,25.32220458984375,25.741558074951172,26.216650009155273,26.841352462768555,28.60166358947754
23.055835723876953,23.655975341796875,24.128799438476562,24.534971237182617,24.929203033447266,25.322233200073242,25.74180030822754,26.24098777770996,26.895816802978516,28.62567901611328
23.053606033325195,23.640615463256836,24.10161590576172,24.505016326904297,24.899534225463867,25.29477310180664,25.718168258666992,26.208513259887695,26.842493057250977,28.616676330566406
23.054615020751953,23.6744327545166,24.14103889465332,24.558246612548828,24.94682502746582,25.333789825439453,25.758914947509766,26.24213218688965,26.865808486938477,28.599685668945312
23.099931716918945,23.684560775756836,24.134681701660156,24.523950576782227,24.896963119506836,25.274381637573242,25.687280654907227,26.159435272216797,26.79387855529785,28.555660247802734
22.934526443481445,23.57895851135254,24.078874588012695,24.523094177246094,24.946651458740234,25.372804641723633,25.827465057373047,26.343509674072266,26.99060821533203,28.72113800048828
22.96891975402832,23.602088928222656,24.09632682800293,24.524620056152344,24.940767288208008,25.35245132446289,25.786483764648438,26.27837562561035,26.932355880737305,28.642704010009766
23.07540512084961,23.686304092407227,24.134307861328125,24.531679153442383,24.90406036376953,25.271785736083984,25.67482566833496,26.14000129699707,26.74739646911621,28.394216537475586
23.08172607421875,23.681686401367188,24.15406608581543,24.559282302856445,24.942970275878906,25.336137771606445,25.756473541259766,26.251678466796875,26.905576705932617,28.597211837768555
22.934616088867188,23.602754592895508,24.120107650756836,24.574460983276367,24.997230529785156,25.420001983642578,25.861392974853516,26.3544979095459,26.979665756225586,28.62150001525879
23.067127227783203,23.653377532958984,24.1009578704834,24.495925903320312,24.872539520263672,25.25691795349121,25.674636840820312,26.16090965270996,26.7890682220459,28.51451873779297
23.095842361450195,23.66045379638672,24.09987449645996,24.490140914916992,24.865007400512695,25.239566802978516,25.638391494750977,26.108840942382812,26.716081619262695,28.29724884033203
23.091794967651367,23.668296813964844,24.118432998657227,24.507461547851562,24.885787963867188,25.26043701171875,25.66439437866211,26.134321212768555,26.74701499938965,28.511093139648438
23.09050941467285,23.676998138427734,24.125722885131836,24.524641036987305,24.90675926208496,25.302331924438477,25.719898223876953,26.19685935974121,26.829626083374023,28.519107818603516
23.012344360351562,23.633115768432617,24.127647399902344,24.544614791870117,24.947324752807617,25.34339141845703,25.773502349853516,26.271621704101562,26.91712188720703,28.588613510131836
23.03841209411621,23.65654754638672,24.12288475036621,24.521257400512695,24.91519546508789,25.317516326904297,25.734743118286133,26.224550247192383,26.83721923828125,28.617645263671875
23.058374404907227,23.66350746154785,24.122940063476562,24.52638816833496,24.910791397094727,25.294397354125977,25.71573829650879,26.211685180664062,26.856901168823242,28.500179290771484
22.96531867980957,23.618881225585938,24.123058319091797,24.56177520751953,24.99013900756836,25.408771514892578,25.850427627563477,26.352575302124023,26.991655349731445,28.693191528320312
23.11028289794922,23.702922821044922,24.160171508789062,24.555633544921875,24.931594848632812,25.310327529907227,25.716890335083008,26.18511199951172,26.795854568481445,28.457794189453125
23.06655502319336,23.664026260375977,24.126161575317383,24.537704467773438,24.910873413085938,25.29371452331543,25.706085205078125,26.171070098876953,26.79315948486328,28.508838653564453
23.081241607666016,23.670166015625,24.120155334472656,24.515193939208984,24.902542114257812,25.28942108154297,25.691556930541992,26.173107147216797,26.78176498413086,28.419260025024414
23.020545959472656,23.66061019897461,24.151735305786133,24.566184997558594,24.969345092773438,25.371835708618164,25.793188095092773,26.285276412963867,26.946090698242188,28.639602661132812
23.01970863342285,23.64013671875,24.130388259887695,24.551340103149414,24.956439971923828,25.364288330078125,25.79596519470215,26.293197631835938,26.929834365844727,28.600303649902344
23.03840446472168,23.666025161743164,24.144472122192383,24.547060012817383,24.937522888183594,25.320934295654297,25.73516845703125,26.21722412109375,26.83064079284668,28.525896072387695
22.914447784423828,23.578996658325195,24.116727828979492,24.577922821044922,25.026634216308594,25.465211868286133,25.931076049804688,26.457048416137695,27.100183486938477,28.80034828186035
22.93126106262207,23.563852310180664,24.052837371826172,24.507919311523438,24.933895111083984,25.371671676635742,25.828527450561523,26.342391967773438,26.999849319458008,28.653928756713867
23.042707443237305,23.663095474243164,24.14409828186035,24.54582977294922,24.944303512573242,25.33755111694336,25.76442527770996,26.26850128173828,26.90622329711914,28.625335693359375
23.064247131347656,23.688262939453125,24.15483283996582,24.569190979003906,24.960264205932617,25.360034942626953,25.77723503112793,26.249420166015625,26.89664649963379,28.574214935302734
23.11602210998535,23.710981369018555,24.159433364868164,24.562955856323242,24.944913864135742,25.330583572387695,25.740001678466797,26.201824188232422,26.81756019592285,28.399690628051758
23.08527183532715,23.693147659301758,24.15465545654297,24.555952072143555,24.930524826049805,25.315919876098633,25.719003677368164,26.175180435180664,26.782079696655273,28.420671463012695
22.841514587402344,23.52090835571289,24.052776336669922,24.54218292236328,24.995098114013672,25.44620704650879,25.926530838012695,26.481069564819336,27.172073364257812,28.834842681884766
23.03546714782715,23.643098831176758,24.122665405273438,24.548986434936523,24.939014434814453,25.337350845336914,25.755083084106445,26.22942543029785,26.84202003479004,28.469955444335938
22.959152221679688,23.603837966918945,24.12091827392578,24.559776306152344,24.96953773498535,25.374267578125,25.8002986907959,26.300586700439453,26.94715118408203,28.717844009399414
23.082218170166016,23.682798385620117,24.133098602294922,24.534210205078125,24.907602310180664,25.291786193847656,25.702098846435547,26.180049896240234,26.81130599975586,28.463912963867188
23.103525161743164,23.69516944885254,24.13730812072754,24.529342651367188,24.900711059570312,25.27847671508789,25.687332153320312,26.15828514099121,26.794010162353516,28.49688720703125
23.06869125366211,23.659698486328125,24.125036239624023,24.53333854675293,24.921133041381836,25.31550407409668,25.725784301757812,26.19671630859375,26.808443069458008,28.433897018432617
23.083284378051758,23.702821731567383,24.171730041503906,24.585599899291992,24.972164154052734,25.368803024291992,25.78976821899414,26.281326293945312,26.914230346679688,28.615955352783203
23.04255485534668,23.662845611572266,24.14084243774414,24.559551239013672,24.95984649658203,25.3548526763916,25.779125213623047,26.26373291015625,26.906335830688477,28.56697654724121
23.078876495361328,23.67543601989746,24.124977111816406,24.516414642333984,24.897598266601562,25.27419662475586,25.676828384399414,26.143070220947266,26.754371643066406,28.413053512573242
23.080810546875,23.686660766601562,24.15367889404297,24.55307960510254,24.935937881469727,25.32094383239746,25.728776931762695,26.201339721679688,26.84217643737793,28.511577606201172
23.059194564819336,23.65276527404785,24.10633087158203,24.506954193115234,24.886629104614258,25.27163314819336,25.689882278442383,26.1745662689209,26.821292877197266,28.563556671142578
23.007495880126953,23.629545211791992,24.1142520904541,24.53630256652832,24.93925666809082,25.35873031616211,25.805957794189453,26.299701690673828,26.957767486572266,28.67995834350586
23.09161376953125,23.698434829711914,24.177040100097656,24.58348274230957,24.97620391845703,25.374631881713867,25.79766273498535,26.290830612182617,26.923908233642578,28.61004066467285
23.063236236572266,23.672834396362305,24.13995361328125,24.546415328979492,24.930978775024414,25.324174880981445,25.739469528198242,26.211746215820312,26.850143432617188,28.522104263305664
23.072467803955078,23.684995651245117,24.146949768066406,24.559438705444336,24.94675636291504,25.33814811706543,25.761856079101562,26.248811721801758,26.898069381713867,28.566085815429688
22.98676300048828,23.61687660217285,24.10373306274414,24.546398162841797,24.951677322387695,25.352222442626953,25.780202865600586,26.282222747802734,26.934663772583008,28.64930534362793
23.037723541259766,23.635936737060547,24.095386505126953,24.513553619384766,24.89936065673828,25.301279067993164,25.717859268188477,26.194116592407227,26.81570053100586,28.421154022216797
23.117464065551758,23.68708610534668,24.140167236328125,24.53506851196289,24.897701263427734,25.28488540649414,25.695951461791992,26.173999786376953,26.80021858215332,28.4780216217041
23.059406280517578,23.657400131225586,24.12298583984375,24.529022216796875,24.915088653564453,25.302722930908203,25.708749771118164,26.173233032226562,26.781618118286133,28.424524307250977
23.039901733398438,23.663240432739258,24.1381893157959,24.545989990234375,24.938907623291016,25.33848762512207,25.757347106933594,26.230632781982422,26.86903190612793,28.52257537841797
23.003631591796875,23.615175247192383,24.115877151489258,24.548168182373047,24.953981399536133,25.36468505859375,25.80353355407715,26.304887771606445,26.94742774963379,28.68991470336914
22.959774017333984,23.606718063354492,24.107301712036133,24.552261352539062,24.964405059814453,25.38265609741211,25.824251174926758,26.315921783447266,26.94775390625,28.626873016357422
23.051250457763672,23.664567947387695,24.154006958007812,24.572959899902344,24.97490882873535,25.38105010986328,25.81418800354004,26.314489364624023,26.957427978515625,28.630521774291992
23.03529930114746,23.655534744262695,24.135425567626953,24.55414581298828,24.945850372314453,25.34712028503418,25.769577026367188,26.26844596862793,26.90570640563965,28.622283935546875
22.955820083618164,23.610061645507812,24.127716064453125,24.577104568481445,24.99641227722168,25.419588088989258,25.863183975219727,26.362651824951172,27.02666473388672,28.668188095092773
23.108890533447266,23.68491554260254,24.13260269165039,24.517902374267578,24.895103454589844,25.27849006652832,25.694108963012695,26.181554794311523,26.80531120300293,28.48939323425293
23.07088851928711,23.68446159362793,24.138256072998047,24.546981811523438,24.926437377929688,25.32294464111328,25.734840393066406,26.20934295654297,26.846105575561523,28.52594566345215
23.026472091674805,23.643726348876953,24.13031005859375,24.55315399169922,24.94908332824707,25.3491153717041,25.771223068237305,26.269039154052734,26.933706283569336,28.59950065612793
23.060684204101562,23.69007110595703,24.17338752746582,24.583940505981445,24.970745086669922,25.36505889892578,25.777278900146484,26.268274307250977,26.893238067626953,28.49737548828125
23.08038902282715,23.671560287475586,24.131046295166016,24.526269912719727,24.903366088867188,25.29669761657715,25.696191787719727,26.155620574951172,26.758779525756836,28.427886962890625
23.060190200805664,23.652284622192383,24.114500045776367,24.518688201904297,24.90733528137207,25.287464141845703,25.70522117614746,26.17624855041504,26.800174713134766,28.412059783935547
23.08490562438965,23.691722869873047,24.152097702026367,24.551679611206055,24.93407440185547,25.332630157470703,25.75748634338379,26.237239837646484,26.882055282592773,28.545513153076172
23.053672790527344,23.647933959960938,24.11297035217285,24.511146545410156,24.893861770629883,25.272592544555664,25.67599868774414,26.141422271728516,26.737586975097656,28.399431228637695
23.081499099731445,23.688594818115234,24.145641326904297,24.553752899169922,24.946813583374023,25.340784072875977,25.759685516357422,26.259750366210938,26.898107528686523,28.676481246948242
22.981836318969727,23.60002326965332,24.095272064208984,24.531238555908203,24.94305419921875,25.348730087280273,25.78330421447754,26.283491134643555,26.9269962310791,28.60906410217285
23.081897735595703,23.65703582763672,24.11368751525879,24.514013290405273,24.889846801757812,25.276363372802734,25.684524536132812,26.161144256591797,26.761184692382812,28.369720458984375
23.05378532409668,23.658727645874023,24.130123138427734,24.54380989074707,24.93524932861328,25.336036682128906,25.76450538635254,26.259592056274414,26.90771484375,28.587608337402344
23.06209945678711,23.679550170898438,24.160165786743164,24.57356071472168,24.965221405029297,25.360685348510742,25.784591674804688,26.290327072143555,26.90753746032715,28.53472900390625
23.096420288085938,23.692996978759766,24.139989852905273,24.53537368774414,24.912559509277344,25.287992477416992,25.697980880737305,26.17047119140625,26.810264587402344,28.4780216217041
23.06264305114746,23.664993286132812,24.142404556274414,24.558115005493164,24.945934295654297,25.339120864868164,25.751113891601562,26.245525360107422,26.902502059936523,28.528797149658203
23.043182373046875,23.676227569580078,24.15138816833496,24.56804084777832,24.96177101135254,25.362226486206055,25.795679092407227,26.281635284423828,26.928882598876953,28.568998336791992
23.059614181518555,23.669605255126953,24.14182472229004,24.54924201965332,24.941287994384766,25.32917594909668,25.754257202148438,26.24207305908203,26.883102416992188,28.58870506286621
23.025814056396484,23.658863067626953,24.160125732421875,24.58872413635254,24.998464584350586,25.41120719909668,25.844606399536133,26.339319229125977,26.971277236938477,28.682498931884766
23.037639617919922,23.652769088745117,24.129257202148438,24.553871154785156,24.94148063659668,25.338159561157227,25.763412475585938,26.242855072021484,26.874435424804688,28.5080623626709
23.083065032958984,23.68857192993164,24.144268035888672,24.53947639465332,24.921213150024414,25.306068420410156,25.719579696655273,26.18983268737793,26.82067108154297,28.49021339416504
23.105979919433594,23.67926025390625,24.118003845214844,24.5146427154541,24.89227294921875,25.284700393676758,25.706260681152344,26.186805725097656,26.85505485534668,28.53746223449707
23.04273223876953,23.65637969970703,24.13413429260254,24.548099517822266,24.932178497314453,25.32200050354004,25.743120193481445,26.230356216430664,26.862234115600586,28.53375816345215
23.054384231567383,23.661100387573242,24.119874954223633,24.535236358642578,24.932985305786133,25.321739196777344,25.73860740661621,26.226301193237305,26.857452392578125,28.567224502563477
23.04617691040039,23.65435791015625,24.117481231689453,24.532363891601562,24.917034149169922,25.305646896362305,25.72975730895996,26.203472137451172,26.841577529907227,28.474197387695312
23.037195205688477,23.65074348449707,24.1173038482666,24.528146743774414,24.918947219848633,25.324909210205078,25.743520736694336,26.22846031188965,26.865341186523438,28.572559356689453
23.040634155273438,23.655195236206055,24.119312286376953,24.527048110961914,24.915719985961914,25.310029983520508,25.726186752319336,26.20892906188965,26.84616470336914,28.623655319213867
23.014453887939453,23.649450302124023,24.1419734954834,24.57439613342285,24.970911026000977,25.380117416381836,25.80364990234375,26.2946834564209,26.937631607055664,28.662120819091797
22.934093475341797,23.582612991333008,24.108144760131836,24.559717178344727,24.987598419189453,25.41511344909668,25.85808753967285,26.359636306762695,26.99846839904785,28.71644401550293
23.018362045288086,23.653682708740234,24.138412475585938,24.567720413208008,24.973350524902344,25.37469482421875,25.812246322631836,26.299118041992188,26.93730926513672,28.700721740722656
23.04354476928711,23.642547607421875,24.10422706604004,24.513092041015625,24.897499084472656,25.28182601928711,25.702682495117188,26.186397552490234,26.82610511779785,28.50168228149414
23.036378860473633,23.650644302368164,24.102514266967773,24.511075973510742,24.88849639892578,25.271738052368164,25.672948837280273,26.142337799072266,26.75179672241211,28.47913360595703
23.034151077270508,23.65201187133789,24.11939239501953,24.523984909057617,24.911603927612305,25.313215255737305,25.72769546508789,26.210384368896484,26.83363151550293,28.503009796142578
23.038169860839844,23.664161682128906,24.146297454833984,24.567890167236328,24.96245574951172,25.353445053100586,25.767871856689453,26.257312774658203,26.891542434692383,28.60067367553711
23.04576301574707,23.6612491607666,24.158533096313477,24.58159065246582,24.982397079467773,25.393903732299805,25.820756912231445,26.304079055786133,26.927875518798828,28.526025772094727
23.07677459716797,23.666122436523438,24.127674102783203,24.528087615966797,24.904096603393555,25.293853759765625,25.711584091186523,26.202409744262695,26.839832305908203,28.468761444091797
23.062726974487305,23.66520118713379,24.12465476989746,24.535409927368164,24.92478370666504,25.306514739990234,25.710498809814453,26.177410125732422,26.78925323486328,28.525428771972656
23.07114028930664,23.660497665405273,24.114377975463867,24.50672149658203,24.87691879272461,25.25819206237793,25.666955947875977,26.138704299926758,26.779802322387695,28.547374725341797
23.059938430786133,23.67807388305664,24.162059783935547,24.5716495513916,24.963529586791992,25.3582820892334,25.782339096069336,26.28111457824707,26.912992477416992,28.600011825561523
22.980478286743164,23.60295295715332,24.094120025634766,24.521181106567383,24.924123764038086,25.323829650878906,25.752994537353516,26.22368812561035,26.86488914489746,28.618621826171875
22.91402816772461,23.54429054260254,24.063234329223633,24.528902053833008,24.970922470092773,25.411361694335938,25.876617431640625,26.384119033813477,27.03351402282715,28.698949813842773
22.980653762817383,23.601938247680664,24.088184356689453,24.527999877929688,24.942964553833008,25.357885360717773,25.80588722229004,26.316423416137695,26.968847274780273,28.643857955932617
23.020523071289062,23.649356842041016,24.131567001342773,24.552215576171875,24.96174430847168,25.35877799987793,25.778520584106445,26.256099700927734,26.863758087158203,28.555978775024414
23.085649490356445,23.690654754638672,24.14365577697754,24.546667098999023,24.934741973876953,25.329814910888672,25.754459381103516,26.257089614868164,26.94073486328125,28.622867584228516
23.077375411987305,23.68221664428711,24.144418716430664,24.548398971557617,24.930389404296875,25.311769485473633,25.72206687927246,26.19211196899414,26.80340003967285,28.47640037536621
22.987632751464844,23.63495635986328,24.13227081298828,24.57286834716797,24.98894691467285,25.40090560913086,25.83173179626465,26.327545166015625,26.969146728515625,28.657878875732422
23.050893783569336,23.65049934387207,24.103652954101562,24.500179290771484,24.88409423828125,25.27593231201172,25.691234588623047,26.169200897216797,26.799392700195312,28.592071533203125
23.038673400878906,23.637052536010742,24.094329833984375,24.496749877929688,24.87904167175293,25.27276611328125,25.684965133666992,26.148534774780273,26.76394271850586,28.53216552734375
23.03719711303711,23.6544246673584,24.137706756591797,24.5462589263916,24.936840057373047,25.327375411987305,25.740978240966797,26.220539093017578,26.852745056152344,28.590831756591797
23.05368995666504,23.677339553833008,24.150053024291992,24.57330894470215,24.97670555114746,25.37635612487793,25.795862197875977,26.27919578552246,26.91126251220703,28.557313919067383
23.023080825805664,23.658239364624023,24.134950637817383,24.559104919433594,24.956056594848633,25.35637092590332,25.788925170898438,26.272912979125977,26.92363739013672,28.591358184814453
23.063337326049805,23.66333770751953,24.130226135253906,24.543439865112305,24.929561614990234,25.337255477905273,25.760284423828125,26.24587059020996,26.87830924987793,28.505355834960938
23.036048889160156,23.655317306518555,24.129316329956055,24.538803100585938,24.93210792541504,25.331378936767578,25.75189208984375,26.240026473999023,26.875247955322266,28.48537254333496
23.099842071533203,23.699111938476562,24.160293579101562,24.55609893798828,24.94172477722168,25.325241088867188,25.736080169677734,26.22279167175293,26.85138511657715,28.46934700012207
23.078426361083984,23.683549880981445,24.133682250976562,24.5342960357666,24.915739059448242,25.306686401367188,25.723047256469727,26.205093383789062,26.84778594970703,28.641704559326172
23.03516960144043,23.644378662109375,24.110525131225586,24.519304275512695,24.905029296875,25.292743682861328,25.709848403930664,26.199499130249023,26.824180603027344,28.500749588012695
22.92619514465332,23.581443786621094,24.092453002929688,24.54434585571289,24.973466873168945,25.400075912475586,25.842058181762695,26.353050231933594,26.980361938476562,28.6220760345459
23.104618072509766,23.663394927978516,24.087589263916016,24.472829818725586,24.843812942504883,25.221508026123047,25.629440307617188,26.090444564819336,26.720672607421875,28.353635787963867
