23.02400016784668,23.53310775756836,24.147254943847656,24.45253562927246,24.908206939697266,25.23038101196289,25.5838680267334,26.125686645507812,26.571115493774414,27.768705368041992
23.133634567260742,23.480485916137695,23.973539352416992,24.403589248657227,24.53221893310547,25.019025802612305,25.575456619262695,25.795772552490234,26.386470794677734,28.08042335510254
23.248184204101562,23.741527557373047,24.103984832763672,24.512779235839844,24.85698699951172,25.15667152404785,25.65567970275879,26.216033935546875,26.837032318115234,28.71393394470215
23.430877685546875,23.882314682006836,24.308433532714844,24.68100929260254,25.059175491333008,25.327220916748047,25.626623153686523,26.297624588012695,26.74782371520996,28.116628646850586
23.071786880493164,23.329771041870117,24.2211856842041,24.45732879638672,24.775135040283203,25.104881286621094,25.547473907470703,25.77825355529785,26.50355339050293,28.36048698425293
23.105775833129883,23.72124481201172,24.088897705078125,24.444507598876953,24.724756240844727,25.230581283569336,25.7219295501709,26.289770126342773,27.227060317993164,28.662612915039062
23.01726722717285,23.660093307495117,24.03972816467285,24.435482025146484,24.841350555419922,25.15362548828125,25.683198928833008,26.015607833862305,26.585485458374023,28.224334716796875
23.451725006103516,23.829910278320312,24.226146697998047,24.367042541503906,24.844921112060547,25.16241455078125,25.717144012451172,26.032421112060547,26.591842651367188,28.137401580810547
23.415420532226562,23.548633575439453,23.917598724365234,24.605575561523438,24.956693649291992,25.34290885925293,25.646739959716797,26.428878784179688,27.24061393737793,28.420928955078125
22.998342514038086,23.825220108032227,23.983488082885742,24.521865844726562,24.902008056640625,25.44921112060547,25.740550994873047,25.99307632446289,27.072145462036133,28.41655731201172
23.275981903076172,23.580656051635742,24.125267028808594,24.535493850708008,25.00238800048828,25.339128494262695,25.825551986694336,26.20818519592285,26.746675491333008,28.564468383789062
23.24936866760254,23.52291488647461,24.083940505981445,24.557327270507812,24.92082977294922,25.458240509033203,25.645545959472656,26.2971248626709,27.020755767822266,28.267457962036133
23.275997161865234,23.637094497680664,24.19496726989746,24.44802474975586,24.83562660217285,25.334444046020508,25.640830993652344,25.789470672607422,26.47889518737793,28.370561599731445
23.266277313232422,23.82947540283203,24.279508590698242,24.515043258666992,25.08725357055664,25.426729202270508,25.82013511657715,26.168237686157227,27.07140350341797,28.167316436767578
23.20670509338379,23.769821166992188,23.978050231933594,24.443639755249023,24.86267852783203,25.147891998291016,25.564491271972656,26.220443725585938,26.71050453186035,28.81903839111328
23.22032356262207,23.75545883178711,24.152090072631836,24.569459915161133,24.813947677612305,25.407716751098633,25.64055061340332,26.175260543823242,26.848726272583008,28.731582641601562
23.195125579833984,23.77693748474121,23.96764373779297,24.366792678833008,24.780309677124023,25.156707763671875,25.533695220947266,26.14537811279297,26.870512008666992,28.774946212768555
23.06166648864746,23.683088302612305,24.21172523498535,24.53125762939453,25.094499588012695,25.422828674316406,25.7002010345459,26.264938354492188,26.66143226623535,28.97370719909668
23.161989212036133,23.804704666137695,24.30320930480957,24.562034606933594,25.025291442871094,25.372867584228516,25.757436752319336,26.48154640197754,27.01853370666504,28.360620498657227
23.015308380126953,23.67234992980957,23.988340377807617,24.513954162597656,24.82377815246582,25.39702796936035,26.031539916992188,26.425329208374023,27.07512855529785,28.788238525390625
23.089704513549805,23.758514404296875,24.034835815429688,24.50201988220215,24.949844360351562,25.433568954467773,25.661148071289062,26.105667114257812,26.925146102905273,29.16887855529785
23.112823486328125,23.622167587280273,24.20180892944336,24.490509033203125,24.890893936157227,25.270414352416992,25.657390594482422,26.283721923828125,26.616275787353516,28.33411407470703
22.904237747192383,23.535648345947266,24.1452579498291,24.61822509765625,24.753267288208008,25.1358699798584,25.44492530822754,26.030961990356445,26.421157836914062,27.806299209594727
23.331575393676758,23.76313591003418,24.25572395324707,24.492786407470703,24.87864875793457,25.274702072143555,25.564931869506836,25.856237411499023,27.006906509399414,28.45931053161621
22.62127113342285,23.469444274902344,23.948511123657227,24.353967666625977,25.233274459838867,25.406469345092773,25.958297729492188,26.513681411743164,28.0107479095459,28.95171356201172
23.090656280517578,23.7812557220459,24.199647903442383,24.39059066772461,24.773700714111328,25.14738655090332,25.65422248840332,26.153213500976562,26.841890335083008,28.738779067993164
23.206260681152344,23.720781326293945,24.163572311401367,24.524879455566406,25.058460235595703,25.32777976989746,25.629186630249023,26.128862380981445,26.96832847595215,28.398035049438477
22.964834213256836,23.690528869628906,24.117740631103516,24.596969604492188,24.911039352416992,25.315088272094727,25.84161949157715,26.237857818603516,27.217575073242188,28.443126678466797
23.122180938720703,23.67225456237793,24.141305923461914,24.317617416381836,24.782108306884766,25.29012680053711,25.592514038085938,26.12980842590332,26.547393798828125,28.35289192199707
23.632190704345703,23.89682960510254,24.227561950683594,24.381834030151367,24.843523025512695,25.250869750976562,25.52654266357422,25.960264205932617,26.830669403076172,28.249279022216797
22.842571258544922,23.53474998474121,24.13373374938965,24.486726760864258,24.91476821899414,25.20615577697754,25.845882415771484,26.27506446838379,26.862518310546875,28.686031341552734
23.276378631591797,23.722654342651367,24.219594955444336,24.472673416137695,24.922285079956055,25.132951736450195,25.480056762695312,26.02798843383789,26.602924346923828,28.162797927856445
23.43337631225586,23.935970306396484,24.286020278930664,24.630626678466797,25.055479049682617,25.256128311157227,25.845596313476562,26.049068450927734,26.722122192382812,28.124311447143555
23.310291290283203,23.697980880737305,24.168142318725586,24.726970672607422,25.016399383544922,25.283288955688477,25.864822387695312,26.619211196899414,27.143310546875,28.39911460876465
23.14830780029297,23.71542739868164,24.157329559326172,24.38563346862793,24.85413360595703,25.35810089111328,25.68560218811035,26.191802978515625,27.21034812927246,28.410415649414062
23.218055725097656,23.689294815063477,24.220352172851562,24.678424835205078,24.945648193359375,25.303539276123047,25.89396858215332,26.117767333984375,27.014774322509766,28.43088150024414
23.250486373901367,23.747774124145508,24.30873680114746,24.55109214782715,25.035858154296875,25.286026000976562,25.81491470336914,26.11090087890625,27.034454345703125,28.55577278137207
23.316423416137695,23.56793975830078,24.0692195892334,24.61465072631836,24.968841552734375,25.636165618896484,26.030214309692383,26.444368362426758,27.056442260742188,29.05743980407715
23.123682022094727,23.668621063232422,24.11031723022461,24.467308044433594,24.955347061157227,25.227245330810547,25.389963150024414,26.010854721069336,26.67711067199707,27.981216430664062
23.277313232421875,23.886072158813477,24.26941680908203,24.474170684814453,25.052814483642578,25.3012752532959,25.723026275634766,26.14735984802246,26.944683074951172,27.715856552124023
23.137502670288086,23.567716598510742,24.221633911132812,24.397979736328125,24.91228675842285,25.13347625732422,25.714338302612305,26.006011962890625,26.60333251953125,28.675701141357422
23.120359420776367,23.5556697845459,24.265119552612305,24.53940773010254,24.862337112426758,25.296890258789062,25.740793228149414,26.061479568481445,26.558074951171875,28.365816116333008
23.43837547302246,23.61402130126953,24.173450469970703,24.521787643432617,24.927295684814453,25.137502670288086,25.69435691833496,25.991952896118164,26.921695709228516,28.564464569091797
23.219030380249023,23.584758758544922,24.148664474487305,24.590728759765625,24.890846252441406,25.24085807800293,25.7033748626709,26.262229919433594,26.886337280273438,29.195592880249023
23.0687313079834,23.620357513427734,23.860897064208984,24.466989517211914,24.921682357788086,25.149551391601562,25.520389556884766,25.745248794555664,26.5014705657959,28.7495059967041
23.06195831298828,23.663129806518555,24.016733169555664,24.32485008239746,24.740772247314453,25.13669776916504,25.480785369873047,26.04872703552246,26.418563842773438,28.285808563232422
22.95690155029297,23.67316246032715,24.018850326538086,24.440078735351562,24.605234146118164,25.159574508666992,25.41490936279297,26.099233627319336,27.446224212646484,28.94265365600586
23.204444885253906,23.74439811706543,24.41484260559082,24.552135467529297,24.872970581054688,25.196500778198242,25.70852279663086,26.052827835083008,26.622177124023438,27.885042190551758
22.96709632873535,23.714641571044922,24.03900909423828,24.465866088867188,24.69051742553711,25.107999801635742,25.413949966430664,25.70281410217285,26.619754791259766,28.151811599731445
22.946962356567383,23.577058792114258,24.009414672851562,24.41765022277832,24.83380699157715,25.213661193847656,25.74860191345215,26.371755599975586,26.72698402404785,28.651350021362305
22.944150924682617,23.858476638793945,24.257038116455078,24.632038116455078,24.9735164642334,25.126882553100586,25.629112243652344,26.12297248840332,27.035003662109375,28.38250732421875
23.320602416992188,23.725107192993164,24.109006881713867,24.607847213745117,24.976566314697266,25.420886993408203,25.61179542541504,26.274703979492188,26.777788162231445,28.04972267150879
23.241201400756836,23.78852081298828,24.23151969909668,24.491193771362305,24.90984344482422,25.420001983642578,25.766845703125,26.171945571899414,26.979328155517578,28.706472396850586
22.725841522216797,23.518739700317383,24.042526245117188,24.4489803314209,24.714075088500977,25.281225204467773,25.78841781616211,26.091440200805664,27.247100830078125,28.97724151611328
23.026662826538086,23.64055824279785,24.02722930908203,24.609819412231445,24.785564422607422,25.28301239013672,25.6093807220459,26.043426513671875,26.555282592773438,28.172119140625
23.15172576904297,23.684459686279297,24.098161697387695,24.650182723999023,24.833290100097656,25.226865768432617,25.676204681396484,26.044601440429688,26.633583068847656,28.267908096313477
23.06014633178711,23.66322135925293,24.026874542236328,24.33692741394043,24.723737716674805,24.959264755249023,25.476970672607422,26.09133529663086,26.76382827758789,28.795881271362305
23.155006408691406,23.705703735351562,24.058565139770508,24.421724319458008,24.839351654052734,25.288236618041992,25.51731300354004,25.884042739868164,26.3354434967041,28.258758544921875
23.091461181640625,23.755443572998047,24.159364700317383,24.373258590698242,24.860149383544922,24.991958618164062,25.4659366607666,26.081769943237305,26.59817123413086,28.575023651123047
23.04875373840332,23.830657958984375,24.185672760009766,24.575212478637695,24.868249893188477,25.391752243041992,25.58574104309082,26.231542587280273,26.969255447387695,28.26891326904297
22.995277404785156,23.502248764038086,23.942581176757812,24.34363555908203,24.877979278564453,25.23753547668457,25.430578231811523,25.981786727905273,26.828472137451172,28.010107040405273
23.074277877807617,23.547443389892578,24.108184814453125,24.350238800048828,24.89778709411621,25.15557861328125,25.524415969848633,26.031509399414062,26.729433059692383,28.85808753967285
22.90229034423828,23.432973861694336,24.210865020751953,24.64585304260254,24.93436050415039,25.238527297973633,25.749258041381836,26.341325759887695,27.011703491210938,28.765371322631836
23.158872604370117,23.870147705078125,24.138216018676758,24.38833999633789,24.87968635559082,25.137155532836914,25.43117332458496,25.74403953552246,26.347808837890625,28.467784881591797
23.438995361328125,23.806241989135742,24.126768112182617,24.616104125976562,24.845190048217773,25.214248657226562,25.65489387512207,26.1755313873291,26.663623809814453,28.56047248840332
23.24704360961914,23.573707580566406,23.99530029296875,24.558244705200195,25.20257568359375,25.643978118896484,26.030668258666992,26.357431411743164,27.60177993774414,28.84807014465332
23.064424514770508,23.668804168701172,24.272979736328125,24.563859939575195,25.070213317871094,25.3998966217041,25.864946365356445,26.435802459716797,27.223285675048828,28.86219596862793
23.1696834564209,23.612585067749023,24.161718368530273,24.80933380126953,25.186691284179688,25.472763061523438,25.810949325561523,26.259037017822266,26.950027465820312,28.443382263183594
23.52167510986328,23.844045639038086,24.215042114257812,24.567474365234375,24.95816993713379,25.44081687927246,25.78112030029297,26.27330207824707,26.884912490844727,28.427886962890625
23.122325897216797,23.74721908569336,24.182710647583008,24.51665496826172,24.753686904907227,25.21921730041504,25.56368637084961,26.084455490112305,26.668771743774414,27.992944717407227
23.094453811645508,23.67098045349121,24.160202026367188,24.383451461791992,24.956222534179688,25.1693172454834,25.497684478759766,25.73842430114746,26.63039207458496,27.952566146850586
23.42703628540039,23.672016143798828,24.205629348754883,24.60204315185547,24.77916717529297,25.302953720092773,25.645002365112305,25.93372344970703,26.65134048461914,28.52873420715332
22.98165512084961,23.52125358581543,24.01728057861328,24.439661026000977,24.779582977294922,25.112031936645508,25.46541976928711,26.015249252319336,26.943466186523438,28.33660316467285
23.164215087890625,23.467098236083984,24.03600311279297,24.41737937927246,24.733304977416992,25.078826904296875,25.51852798461914,25.774063110351562,26.224458694458008,28.84856605529785
23.278959274291992,23.730670928955078,24.090757369995117,24.515186309814453,24.88460922241211,25.304636001586914,25.83360481262207,26.33229637145996,26.844270706176758,27.914657592773438
23.26751136779785,23.854515075683594,24.027456283569336,24.339311599731445,24.834638595581055,24.992916107177734,25.455076217651367,25.872896194458008,26.801992416381836,28.124526977539062
23.052507400512695,23.811500549316406,24.112775802612305,24.57183074951172,24.87773895263672,25.463769912719727,25.827116012573242,26.244720458984375,27.04477882385254,28.531414031982422
23.250638961791992,23.843727111816406,24.26806640625,24.511512756347656,24.90345573425293,25.169933319091797,25.697582244873047,26.043956756591797,26.84969139099121,28.20786476135254
22.869625091552734,23.802330017089844,23.979177474975586,24.377758026123047,24.870702743530273,25.071779251098633,25.416690826416016,25.91025733947754,27.040874481201172,28.396713256835938
23.412277221679688,23.712238311767578,24.132713317871094,24.530502319335938,24.898517608642578,25.280187606811523,25.827274322509766,26.210453033447266,26.509944915771484,28.721202850341797
23.14780616760254,23.66517448425293,24.10709571838379,24.48404884338379,24.868608474731445,25.191123962402344,25.82126235961914,26.00042152404785,26.672582626342773,27.966110229492188
23.065000534057617,23.59733772277832,23.975618362426758,24.329364776611328,24.782121658325195,25.286155700683594,25.592729568481445,26.29064178466797,27.09316062927246,28.497987747192383
22.90579605102539,23.695751190185547,24.127342224121094,24.316696166992188,24.865039825439453,25.110843658447266,25.46442985534668,25.893571853637695,26.334863662719727,28.15399169921875
23.325130462646484,23.795320510864258,24.11605453491211,24.58708381652832,24.772581100463867,25.102115631103516,25.537540435791016,25.963699340820312,26.528310775756836,28.890901565551758
23.331390380859375,23.65386962890625,24.06830596923828,24.508047103881836,24.961013793945312,25.190732955932617,25.708833694458008,26.017208099365234,26.63706398010254,28.31778335571289
23.246562957763672,23.684600830078125,23.9666690826416,24.277881622314453,24.703205108642578,25.09182357788086,25.703399658203125,25.914175033569336,26.484722137451172,28.201757431030273
22.913190841674805,23.5455379486084,23.947994232177734,24.448389053344727,24.722286224365234,25.06731414794922,25.557802200317383,26.00050926208496,26.509614944458008,28.392601013183594
22.893651962280273,23.621829986572266,24.022062301635742,24.241315841674805,24.55898094177246,25.067195892333984,25.43028450012207,26.01790428161621,27.229339599609375,28.621320724487305
23.201087951660156,23.895383834838867,24.377281188964844,24.707773208618164,25.10427474975586,25.34580421447754,25.708375930786133,26.196094512939453,27.190353393554688,28.364057540893555
23.267240524291992,23.513004302978516,24.253555297851562,24.569862365722656,24.75629234313965,25.210954666137695,25.528564453125,25.777875900268555,26.514827728271484,27.563369750976562
23.23525047302246,23.643503189086914,24.209997177124023,24.44611167907715,24.733890533447266,25.013349533081055,25.31657600402832,25.67346954345703,26.18486785888672,27.907958984375
23.063190460205078,23.695981979370117,24.136499404907227,24.572345733642578,25.033220291137695,25.222599029541016,25.81694984436035,26.308834075927734,26.648149490356445,28.064489364624023
23.105743408203125,23.68698501586914,24.27280616760254,24.476974487304688,24.9649600982666,25.263629913330078,25.630874633789062,26.430213928222656,26.68001365661621,28.308990478515625
23.084474563598633,23.640045166015625,24.217498779296875,24.64525032043457,24.886648178100586,25.262531280517578,25.767290115356445,26.4650936126709,27.112621307373047,28.47409439086914
23.01405906677246,23.734193801879883,24.119293212890625,24.43966293334961,24.974159240722656,25.261310577392578,25.809749603271484,26.33026885986328,26.76312255859375,28.36808204650879
23.27122688293457,23.666362762451172,24.153470993041992,24.594831466674805,25.0378475189209,25.349061965942383,25.79106903076172,26.376405715942383,26.926231384277344,28.406091690063477
23.0474910736084,23.53074073791504,24.06080436706543,24.38860511779785,24.701215744018555,24.958740234375,25.533859252929688,25.93760108947754,26.74814796447754,29.102848052978516
22.883298873901367,23.518129348754883,23.943645477294922,24.470287322998047,24.74537467956543,25.21854019165039,25.50454330444336,25.952152252197266,26.481847763061523,28.227615356445312
23.448036193847656,23.670574188232422,24.068330764770508,24.496007919311523,24.68903160095215,25.080053329467773,25.537601470947266,26.027481079101562,26.534299850463867,28.169666290283203
23.098363876342773,23.851198196411133,24.168907165527344,24.574668884277344,24.876232147216797,25.13532829284668,25.542240142822266,25.97797203063965,26.38680076599121,28.267913818359375
23.02775764465332,23.732919692993164,24.089235305786133,24.5510311126709,24.98151206970215,25.42449378967285,25.827550888061523,26.11151695251465,26.9025821685791,28.645448684692383
23.132152557373047,23.67434310913086,24.173370361328125,24.496623992919922,24.865079879760742,25.082406997680664,25.529537200927734,25.913768768310547,26.672332763671875,28.047266006469727
23.425912857055664,23.85622787475586,24.225162506103516,24.49331283569336,24.974777221679688,25.170120239257812,25.82522201538086,26.32513999938965,27.404796600341797,29.023740768432617
23.401918411254883,23.65728759765625,24.286212921142578,24.633281707763672,25.05030632019043,25.543498992919922,25.842294692993164,26.260433197021484,26.800081253051758,28.061500549316406
23.20384407043457,23.744524002075195,24.232101440429688,24.654109954833984,25.172897338867188,25.440704345703125,25.84852409362793,26.206212997436523,26.86675262451172,28.48992919921875
23.160850524902344,23.84537696838379,24.09284782409668,24.448766708374023,24.88384437561035,25.189512252807617,25.789262771606445,26.316375732421875,26.714534759521484,28.360366821289062
23.049030303955078,23.763437271118164,24.14879608154297,24.34848403930664,25.034276962280273,25.244598388671875,25.67806053161621,26.41688346862793,27.28729820251465,28.796585083007812
23.16912841796875,24.03579330444336,24.255842208862305,24.76940155029297,25.053625106811523,25.3181209564209,25.656015396118164,26.318756103515625,26.929426193237305,28.964458465576172
23.116077423095703,23.620946884155273,23.876514434814453,24.472232818603516,24.777339935302734,25.250600814819336,25.395292282104492,25.903915405273438,27.105300903320312,28.89396095275879
23.18682289123535,23.84357452392578,24.27663803100586,24.694639205932617,24.92709732055664,25.422115325927734,25.83380699157715,26.26235008239746,26.995920181274414,28.612197875976562
22.749515533447266,23.637516021728516,23.949316024780273,24.36624526977539,24.81604766845703,25.16024398803711,25.600088119506836,26.11387062072754,26.75017738342285,28.074377059936523
23.40802764892578,23.845233917236328,24.312734603881836,24.81277084350586,25.118995666503906,25.322521209716797,25.711685180664062,26.159244537353516,26.561880111694336,27.729202270507812
23.259939193725586,23.542680740356445,24.21350860595703,24.604707717895508,24.87667465209961,25.130970001220703,25.541807174682617,26.036170959472656,26.579252243041992,28.106836318969727
22.964223861694336,23.481674194335938,23.9702205657959,24.54872703552246,24.883052825927734,25.483577728271484,26.04839324951172,26.34185791015625,27.189115524291992,29.077392578125
22.856454849243164,23.605525970458984,24.00210952758789,24.535518646240234,24.935134887695312,25.46677017211914,25.678749084472656,26.049467086791992,26.623043060302734,28.334762573242188
23.49159812927246,23.688146591186523,24.602075576782227,24.715442657470703,25.063539505004883,25.266372680664062,26.206104278564453,26.624067306518555,27.62673568725586,28.82112693786621
23.058807373046875,23.65912628173828,24.055112838745117,24.635940551757812,25.30150032043457,25.582551956176758,25.92486000061035,26.52875328063965,27.30962371826172,28.828184127807617
22.826648712158203,23.495372772216797,24.06442642211914,24.483137130737305,24.793386459350586,25.15714454650879,25.65974998474121,26.010726928710938,27.202425003051758,27.82854652404785
23.09394073486328,23.644527435302734,24.034496307373047,24.322641372680664,24.742448806762695,24.970977783203125,25.49098777770996,26.042245864868164,26.73447608947754,28.7324161529541
23.165740966796875,23.776887893676758,24.15038299560547,24.4412784576416,24.742338180541992,25.136444091796875,25.577905654907227,25.863113403320312,26.66547203063965,27.97016143798828
23.128374099731445,23.99673843383789,24.284282684326172,24.562763214111328,24.985580444335938,25.45594024658203,25.88289451599121,26.354644775390625,26.876976013183594,28.730436325073242
23.162372589111328,23.505104064941406,24.221742630004883,24.399080276489258,24.88405990600586,25.333349227905273,25.690879821777344,25.964101791381836,26.808061599731445,28.21552276611328
23.06144142150879,23.816192626953125,24.050743103027344,24.347137451171875,24.700918197631836,25.021724700927734,25.422473907470703,25.878768920898438,26.613155364990234,28.49810218811035
23.249486923217773,23.738218307495117,24.090240478515625,24.32418441772461,24.72109603881836,24.997596740722656,25.439870834350586,25.917104721069336,26.90516471862793,28.329330444335938
22.934707641601562,23.633617401123047,24.060659408569336,24.428316116333008,24.778701782226562,25.10369300842285,25.357913970947266,25.943038940429688,26.408435821533203,28.18398094177246
23.239107131958008,23.80492401123047,24.29570198059082,24.515975952148438,24.92885971069336,25.396875381469727,25.804916381835938,26.112442016601562,27.317203521728516,28.549175262451172
23.064266204833984,23.745214462280273,24.14366912841797,24.42486572265625,24.7921199798584,25.250585556030273,25.658571243286133,26.18158531188965,26.820343017578125,28.049131393432617
23.115739822387695,23.663619995117188,24.090927124023438,24.327850341796875,24.872211456298828,25.199125289916992,25.466632843017578,25.91226577758789,26.30813217163086,29.382369995117188
23.343475341796875,23.611181259155273,24.04828643798828,24.45509910583496,24.91478729248047,25.222612380981445,25.605785369873047,26.203201293945312,27.003427505493164,28.554513931274414
23.650104522705078,23.882530212402344,24.209522247314453,24.664888381958008,24.978404998779297,25.48944854736328,26.022233963012695,26.448328018188477,27.233348846435547,28.87044334411621
23.091392517089844,23.650049209594727,24.048818588256836,24.413366317749023,24.64238739013672,25.117176055908203,25.459308624267578,25.919692993164062,26.62692642211914,28.043521881103516
23.01803970336914,23.535303115844727,24.129255294799805,24.47078514099121,24.896026611328125,25.330535888671875,25.650184631347656,25.795812606811523,26.626203536987305,27.89154052734375
23.066911697387695,23.555217742919922,23.963932037353516,24.396774291992188,24.822235107421875,24.95433807373047,25.648731231689453,25.968914031982422,26.913503646850586,28.617813110351562
23.312509536743164,23.642292022705078,24.11760902404785,24.37638282775879,24.81658363342285,24.98785400390625,25.57419204711914,25.942901611328125,26.6950740814209,29.193683624267578
23.10124969482422,23.806365966796875,24.154521942138672,24.689409255981445,25.126453399658203,25.472949981689453,26.004196166992188,26.352575302124023,27.059011459350586,28.434864044189453
23.09648323059082,23.791120529174805,24.04302406311035,24.558671951293945,24.90788459777832,25.28350830078125,25.676166534423828,26.36781883239746,26.997228622436523,28.708723068237305
23.248659133911133,23.56226921081543,24.220748901367188,24.479951858520508,24.902347564697266,25.249788284301758,25.56938934326172,26.239212036132812,26.683034896850586,28.440719604492188
23.22252082824707,23.381427764892578,24.027109146118164,24.568111419677734,25.04102897644043,25.504121780395508,25.934341430664062,26.36857032775879,26.767465591430664,28.716421127319336
23.5026912689209,23.810863494873047,24.134504318237305,24.468944549560547,24.931480407714844,25.392337799072266,25.73651885986328,26.0117244720459,26.744140625,28.387786865234375
23.349750518798828,23.58968162536621,24.081857681274414,24.30411720275879,24.722980499267578,25.07571792602539,25.58762550354004,25.936199188232422,26.572479248046875,27.811561584472656
23.063631057739258,23.723188400268555,24.200212478637695,24.39543342590332,24.87579917907715,25.148197174072266,25.535945892333984,25.897729873657227,26.62684440612793,28.130624771118164
23.23468780517578,23.726028442382812,24.267608642578125,24.59891128540039,24.95594596862793,25.41899299621582,25.569982528686523,26.200098037719727,26.740346908569336,28.530250549316406
23.401472091674805,23.57033920288086,24.101655960083008,24.32099723815918,24.975072860717773,25.31230926513672,25.67633056640625,26.340782165527344,27.050243377685547,28.658870697021484
23.40940284729004,23.66546058654785,23.93486213684082,24.469486236572266,24.791284561157227,25.186058044433594,25.500471115112305,26.162979125976562,27.080459594726562,29.08945655822754
23.159189224243164,23.41753387451172,24.135887145996094,24.47321319580078,24.876571655273438,25.309141159057617,25.874120712280273,26.22747802734375,28.010486602783203,28.719606399536133
23.054712295532227,23.69908905029297,24.043031692504883,24.604564666748047,24.849594116210938,25.194189071655273,25.720399856567383,26.095518112182617,26.400651931762695,28.095632553100586
23.024526596069336,24.00285530090332,24.13373565673828,24.514312744140625,24.868837356567383,25.45985984802246,25.666534423828125,26.218175888061523,26.783809661865234,29.448062896728516
22.89011001586914,23.340761184692383,23.839412689208984,24.27568244934082,25.009872436523438,25.142623901367188,25.471071243286133,25.86387825012207,26.451671600341797,28.44028663635254
23.20525360107422,23.70315933227539,24.243488311767578,24.434219360351562,24.95574378967285,25.268115997314453,25.844650268554688,26.30675506591797,26.870269775390625,28.506465911865234
23.224571228027344,23.686155319213867,23.867328643798828,24.49823570251465,24.794471740722656,25.17438507080078,25.856945037841797,26.16375732421875,26.931331634521484,28.29474449157715
23.14339256286621,23.7108211517334,24.05600929260254,24.341068267822266,24.933612823486328,25.189462661743164,25.49874496459961,26.12160301208496,26.753204345703125,28.293222427368164
23.26587677001953,23.572872161865234,24.154258728027344,24.530195236206055,24.924121856689453,25.200469970703125,25.73401641845703,26.433387756347656,26.65329933166504,28.22349739074707
22.924903869628906,23.828693389892578,24.06417465209961,24.42727279663086,24.882160186767578,25.252286911010742,25.377187728881836,26.075443267822266,27.211896896362305,28.824880599975586
23.10652732849121,23.727638244628906,23.95807456970215,24.405183792114258,24.744705200195312,25.044864654541016,25.55674171447754,25.76819610595703,26.16663360595703,28.30137062072754
22.934650421142578,23.74534797668457,24.074047088623047,24.42041778564453,24.736337661743164,25.095561981201172,25.654935836791992,26.216482162475586,27.02585220336914,28.232376098632812
23.240983963012695,23.815582275390625,23.975847244262695,24.402793884277344,24.926204681396484,25.21721839904785,25.671192169189453,26.17097282409668,26.89580535888672,28.30484390258789
23.187267303466797,23.63524055480957,24.118408203125,24.473190307617188,24.99390983581543,25.423118591308594,25.799907684326172,26.261682510375977,27.00775146484375,28.149425506591797
23.067668914794922,23.668916702270508,23.981430053710938,24.50877571105957,24.892972946166992,25.461875915527344,25.73283576965332,26.066802978515625,27.260297775268555,28.58014488220215
23.110523223876953,23.67574691772461,24.213542938232422,24.48383903503418,24.7448673248291,25.21608543395996,25.493438720703125,26.019433975219727,26.369638442993164,28.03330421447754
23.03545379638672,23.911073684692383,24.181177139282227,24.586267471313477,24.93101692199707,25.473678588867188,25.882076263427734,26.128753662109375,26.66352081298828,28.428592681884766
23.130399703979492,23.816991806030273,24.20906639099121,24.49836540222168,24.848411560058594,25.146835327148438,25.38834571838379,26.23473358154297,26.83498191833496,28.071773529052734
23.096405029296875,23.378999710083008,24.249679565429688,24.60388946533203,24.775253295898438,25.236173629760742,25.634798049926758,26.091487884521484,26.872283935546875,29.055490493774414
22.98933982849121,23.719661712646484,24.228097915649414,24.477157592773438,24.870792388916016,25.211490631103516,25.57209587097168,26.33873176574707,26.747478485107422,28.404584884643555
22.97503089904785,23.687292098999023,24.119373321533203,24.65180206298828,24.908512115478516,25.233760833740234,25.654638290405273,26.202486038208008,26.741443634033203,28.434614181518555
23.24890899658203,23.378047943115234,24.138044357299805,24.48965835571289,24.85582160949707,25.134613037109375,25.56467056274414,26.062049865722656,26.59014129638672,28.466176986694336
23.187179565429688,23.687252044677734,24.092161178588867,24.465824127197266,24.985336303710938,25.43133544921875,25.633018493652344,26.019784927368164,26.632524490356445,27.971853256225586
23.20028305053711,23.636199951171875,24.146747589111328,24.55243492126465,24.815052032470703,25.0007381439209,25.56120491027832,25.97332763671875,26.537229537963867,27.937637329101562
23.162126541137695,23.752243041992188,24.420747756958008,24.62783432006836,24.96280860900879,25.280546188354492,25.81304359436035,26.218311309814453,27.045204162597656,28.456525802612305
23.252872467041016,23.47586441040039,24.22504425048828,24.803607940673828,24.989151000976562,25.44297218322754,25.94837760925293,26.351200103759766,26.851177215576172,28.304601669311523
23.213037490844727,23.653818130493164,24.223928451538086,24.694082260131836,25.00311279296875,25.459577560424805,25.76773452758789,26.444395065307617,26.782480239868164,28.57575798034668
23.19239616394043,23.854286193847656,24.109365463256836,24.680776596069336,25.03228759765625,25.24325180053711,25.676849365234375,26.114973068237305,26.74241065979004,28.24579620361328
22.945343017578125,23.80095863342285,23.996278762817383,24.600257873535156,24.86125373840332,25.19098472595215,25.626596450805664,25.972579956054688,26.39415168762207,28.674236297607422
23.141260147094727,23.738256454467773,24.10719108581543,24.43052101135254,24.9262638092041,25.269981384277344,25.517343521118164,26.09700584411621,26.700637817382812,28.205034255981445
23.053436279296875,23.48830223083496,24.130739212036133,24.428342819213867,24.75080108642578,25.119680404663086,25.696239471435547,26.268831253051758,28.0183048248291,29.28676414489746
23.225276947021484,23.69371795654297,24.1400089263916,24.513500213623047,24.933618545532227,25.440242767333984,25.589242935180664,26.300010681152344,26.884395599365234,28.32931900024414
23.06963539123535,23.49078369140625,24.086193084716797,24.38159942626953,25.00291633605957,25.247318267822266,25.57744026184082,26.257823944091797,27.33607292175293,29.199892044067383
23.155601501464844,23.555419921875,24.127243041992188,24.553512573242188,24.781343460083008,25.257640838623047,25.829622268676758,26.223953247070312,27.064321517944336,28.706451416015625
23.223852157592773,23.696683883666992,24.270408630371094,24.519542694091797,25.0216121673584,25.33568000793457,25.664785385131836,26.21589469909668,26.766145706176758,28.118114471435547
23.039714813232422,23.62815284729004,24.010448455810547,24.32144546508789,24.583017349243164,25.01243019104004,25.510601043701172,25.732269287109375,26.516721725463867,28.240280151367188
23.284542083740234,23.84770393371582,24.145023345947266,24.381433486938477,24.864831924438477,25.23517608642578,25.700225830078125,25.968276977539062,26.70181655883789,28.339120864868164
23.41073226928711,23.74983024597168,24.21354866027832,24.669050216674805,25.216453552246094,25.45099449157715,25.854934692382812,26.119157791137695,26.767545700073242,28.31433868408203
23.06836700439453,23.82052993774414,24.08751678466797,24.45197296142578,24.917816162109375,25.196983337402344,25.52345848083496,25.957128524780273,27.265987396240234,28.623929977416992
23.27855682373047,23.77290153503418,24.266103744506836,24.69939613342285,25.070430755615234,25.62122917175293,25.74616050720215,26.41383934020996,26.785921096801758,28.451208114624023
22.996871948242188,23.80023956298828,24.003490447998047,24.484825134277344,24.790159225463867,25.109420776367188,25.454872131347656,25.856765747070312,26.57087516784668,28.41982078552246
23.084476470947266,23.752981185913086,24.358901977539062,24.648183822631836,25.024118423461914,25.481159210205078,25.784832000732422,26.277647018432617,26.906450271606445,28.594141006469727
23.09453773498535,23.675966262817383,24.419124603271484,24.580842971801758,24.811986923217773,25.387117385864258,25.813711166381836,26.35492706298828,26.673538208007812,28.353530883789062
23.225723266601562,23.705480575561523,24.021623611450195,24.413673400878906,24.892240524291992,25.268686294555664,25.64044189453125,26.090606689453125,26.817256927490234,28.086421966552734
22.912588119506836,23.705116271972656,24.292434692382812,24.801761627197266,24.95398712158203,25.297895431518555,25.807296752929688,26.240510940551758,26.954362869262695,28.72447395324707
23.223173141479492,23.642484664916992,24.250398635864258,24.419780731201172,24.802087783813477,24.95831871032715,25.801557540893555,26.238948822021484,27.600238800048828,28.468257904052734
23.1967716217041,23.788759231567383,24.189638137817383,24.59279441833496,24.813451766967773,25.264225006103516,25.6811466217041,26.341373443603516,26.76618003845215,28.22182273864746
23.263347625732422,23.506139755249023,23.939008712768555,24.404176712036133,24.80485725402832,25.148813247680664,25.399749755859375,25.90416717529297,26.384521484375,28.028457641601562
23.024274826049805,23.714889526367188,24.25239372253418,24.55763816833496,24.90834617614746,25.273847579956055,26.028911590576172,26.285369873046875,26.946168899536133,28.468564987182617
23.49062728881836,23.7602481842041,24.211414337158203,24.617881774902344,24.777917861938477,25.14031410217285,25.36233901977539,25.895050048828125,26.224285125732422,27.929357528686523
22.971540451049805,23.71457290649414,24.082014083862305,24.473302841186523,24.991073608398438,25.23031234741211,25.747032165527344,26.19830322265625,26.9287052154541,28.68147850036621
23.157543182373047,23.809782028198242,24.338960647583008,24.699016571044922,25.225805282592773,25.390634536743164,25.847869873046875,26.60605812072754,27.20792579650879,28.353010177612305
22.92295265197754,23.75054359436035,24.229873657226562,24.47589111328125,24.879941940307617,25.261241912841797,25.68527603149414,26.243749618530273,26.724197387695312,28.121578216552734
23.291622161865234,23.622652053833008,24.04453468322754,24.463605880737305,24.735950469970703,25.0661563873291,25.557050704956055,26.051273345947266,26.196176528930664,27.87470245361328
23.259679794311523,23.640567779541016,24.092649459838867,24.44843101501465,24.825822830200195,25.055891036987305,25.5418643951416,25.934341430664062,26.624338150024414,28.359643936157227
23.408166885375977,23.696990966796875,24.23216438293457,24.63792610168457,25.08641242980957,25.403127670288086,25.73196029663086,26.091716766357422,26.739084243774414,28.138275146484375
23.23691177368164,23.61724090576172,24.166414260864258,24.684629440307617,25.04625701904297,25.519153594970703,25.720577239990234,26.34244728088379,26.885448455810547,28.498809814453125
23.20478630065918,23.79431915283203,24.075115203857422,24.633087158203125,24.878076553344727,25.362565994262695,25.657808303833008,26.586240768432617,26.966222763061523,28.32308578491211
23.203935623168945,23.75048065185547,24.260677337646484,24.632055282592773,24.995878219604492,25.337661743164062,25.765092849731445,26.506134033203125,27.211008071899414,29.17196273803711
23.005081176757812,23.815034866333008,24.24884033203125,24.646690368652344,25.027379989624023,25.280282974243164,25.816102981567383,26.43518829345703,27.471805572509766,28.865901947021484
23.304279327392578,23.670169830322266,24.248836517333984,24.487836837768555,25.03021812438965,25.31287956237793,25.69232749938965,26.168142318725586,26.749340057373047,28.81760597229004
23.10082244873047,23.620546340942383,23.99199676513672,24.499765396118164,25.041549682617188,25.270076751708984,25.50010108947754,26.221529006958008,26.498123168945312,28.81003761291504
23.245145797729492,23.727130889892578,24.25408363342285,24.5756893157959,24.83916473388672,25.261459350585938,25.6557674407959,25.910411834716797,26.50876235961914,28.356369018554688
22.92421531677246,23.81771469116211,24.15151023864746,24.519277572631836,24.927108764648438,25.437559127807617,25.763076782226562,26.241361618041992,26.86241912841797,28.87169647216797
23.122417449951172,23.550413131713867,24.01418113708496,24.22835922241211,24.858015060424805,25.28388214111328,25.628738403320312,25.910842895507812,26.475515365600586,28.826034545898438
23.157398223876953,23.615827560424805,24.224090576171875,24.46839141845703,25.05797576904297,25.353351593017578,25.680490493774414,26.319189071655273,26.83954620361328,27.986896514892578
23.24213409423828,23.851566314697266,24.081998825073242,24.380958557128906,24.833770751953125,25.085277557373047,25.545059204101562,25.927749633789062,26.478641510009766,27.803281784057617
22.907154083251953,23.510122299194336,23.969804763793945,24.37975311279297,24.78147315979004,25.108287811279297,25.382976531982422,25.917810440063477,26.586538314819336,28.078887939453125
23.273685455322266,23.81635284423828,24.05833625793457,24.395071029663086,24.87239646911621,25.158409118652344,25.764190673828125,26.239093780517578,26.749603271484375,28.812463760375977
23.218172073364258,23.730459213256836,24.17926025390625,24.52090835571289,24.890886306762695,25.40149688720703,25.80137062072754,26.197162628173828,27.20794677734375,28.634937286376953
23.019420623779297,23.55394172668457,23.952434539794922,24.328962326049805,24.681108474731445,24.99933433532715,25.424577713012695,25.69504737854004,26.264936447143555,27.959135055541992
23.456035614013672,23.822551727294922,24.102758407592773,24.45538902282715,24.906818389892578,25.13531494140625,25.814741134643555,26.2202205657959,26.86200523376465,28.211109161376953
23.107872009277344,23.785690307617188,24.217866897583008,24.510452270507812,24.951112747192383,25.390573501586914,25.870208740234375,26.2492733001709,26.946516036987305,28.865907669067383
23.19602394104004,23.862058639526367,24.319744110107422,24.579195022583008,25.14809226989746,25.617883682250977,25.808563232421875,26.83147621154785,26.976133346557617,28.414323806762695
23.16519546508789,23.88157844543457,24.19145965576172,24.646408081054688,25.071834564208984,25.278493881225586,25.669872283935547,26.172714233398438,26.799772262573242,28.561832427978516
23.44630241394043,23.759870529174805,24.285043716430664,24.593536376953125,25.033954620361328,25.170225143432617,25.522153854370117,26.021203994750977,26.236539840698242,28.062435150146484
22.97133445739746,23.770858764648438,23.94053077697754,24.609628677368164,24.754653930664062,25.27431869506836,25.672428131103516,25.961950302124023,26.82560920715332,28.215076446533203
23.145832061767578,23.598079681396484,24.014354705810547,24.307598114013672,24.74472999572754,25.1195125579834,25.364395141601562,25.974166870117188,26.332460403442383,28.327571868896484
22.950178146362305,23.509485244750977,23.935991287231445,24.321516036987305,24.954303741455078,25.16594886779785,25.660579681396484,26.273340225219727,26.846397399902344,28.560897827148438
23.272275924682617,23.696380615234375,24.202035903930664,24.374330520629883,24.753793716430664,25.2548885345459,25.532106399536133,26.030332565307617,26.63908576965332,28.020275115966797
23.256685256958008,23.643142700195312,23.974746704101562,24.508020401000977,24.77023696899414,25.108585357666016,25.45155143737793,25.843814849853516,26.471317291259766,27.687671661376953
23.131013870239258,23.661161422729492,24.220693588256836,24.39545249938965,24.87150764465332,25.292007446289062,25.638324737548828,26.146711349487305,26.968955993652344,28.676589965820312
23.254987716674805,23.55796241760254,24.05809783935547,24.339298248291016,24.636812210083008,24.996353149414062,25.3493709564209,26.098676681518555,26.763391494750977,29.45317840576172
23.13471031188965,23.684720993041992,24.219358444213867,24.60463523864746,24.838497161865234,25.271907806396484,25.73065757751465,26.03860092163086,26.82672119140625,28.195571899414062
22.858081817626953,23.553747177124023,24.110898971557617,24.61235809326172,24.81204605102539,25.12047576904297,25.488826751708984,26.001888275146484,26.512531280517578,28.385194778442383
23.068349838256836,23.567129135131836,24.27721405029297,24.534753799438477,25.010412216186523,25.353973388671875,25.835336685180664,26.316987991333008,27.1389102935791,28.625717163085938
22.97625160217285,23.444849014282227,23.936901092529297,24.31060028076172,24.897199630737305,25.140825271606445,25.546585083007812,26.05141258239746,26.56060791015625,27.642696380615234
22.906850814819336,23.527442932128906,24.043643951416016,24.51071548461914,24.834592819213867,25.174488067626953,25.52344512939453,26.07282829284668,26.44464683532715,28.073637008666992
23.111854553222656,23.70154571533203,24.21405601501465,24.530019760131836,24.87972640991211,25.246740341186523,25.57578468322754,26.021865844726562,26.861127853393555,28.355838775634766
23.094268798828125,23.75731086730957,24.127357482910156,24.507774353027344,24.892976760864258,25.174015045166016,25.600421905517578,26.033674240112305,26.58043670654297,28.43421173095703
23.24253273010254,23.83895492553711,24.16303253173828,24.654991149902344,24.798458099365234,25.325977325439453,25.74078941345215,26.087642669677734,26.50941276550293,28.628137588500977
22.975244522094727,23.599925994873047,24.213172912597656,24.448339462280273,24.977487564086914,25.14035987854004,25.70237159729004,26.224597930908203,26.89894676208496,28.203784942626953
23.403106689453125,23.66851043701172,24.10333824157715,24.614383697509766,24.77951431274414,25.262001037597656,25.755956649780273,26.346446990966797,27.256677627563477,28.95038604736328
22.87587547302246,23.391111373901367,23.950429916381836,24.34412384033203,24.772409439086914,25.171701431274414,25.657861709594727,25.973535537719727,26.812358856201172,28.140335083007812
23.148895263671875,23.66594886779785,24.22104835510254,24.379182815551758,24.768720626831055,25.17662811279297,25.55434226989746,26.178129196166992,26.73566246032715,29.11850929260254
23.09654998779297,23.646833419799805,24.20566749572754,24.67112159729004,24.890024185180664,25.24321937561035,25.64824676513672,26.00935173034668,26.8535213470459,28.168106079101562
22.94708824157715,23.669981002807617,24.258939743041992,24.54230308532715,24.92704963684082,25.47995376586914,25.837615966796875,26.608686447143555,26.991331100463867,28.74425506591797
23.16176414489746,23.7595157623291,24.089014053344727,24.525829315185547,25.007139205932617,25.247713088989258,25.520740509033203,26.214004516601562,26.85066032409668,28.29500961303711
23.08611297607422,23.51419448852539,23.953685760498047,24.271238327026367,24.874046325683594,25.337512969970703,25.665645599365234,25.952342987060547,27.27126693725586,29.073511123657227
23.190523147583008,23.937984466552734,24.233779907226562,24.680204391479492,25.006256103515625,25.29761505126953,25.540557861328125,26.094879150390625,26.687625885009766,28.373167037963867
23.07378387451172,23.595333099365234,23.985336303710938,24.400218963623047,24.631826400756836,24.923240661621094,25.337020874023438,25.908960342407227,26.381547927856445,28.59437370300293
23.345413208007812,23.832529067993164,24.238759994506836,24.633193969726562,24.88432502746582,25.403507232666016,25.676769256591797,26.218063354492188,26.747339248657227,28.44764518737793
23.175399780273438,23.74185562133789,24.133506774902344,24.6201171875,24.92002296447754,25.289691925048828,26.010059356689453,26.23838233947754,26.733213424682617,28.137577056884766
22.970455169677734,23.659015655517578,24.258338928222656,24.403156280517578,25.001070022583008,25.484121322631836,25.82869529724121,26.081148147583008,27.086143493652344,28.539257049560547
23.002981185913086,23.698440551757812,24.13614273071289,24.356000900268555,24.950153350830078,25.182998657226562,25.504106521606445,25.83729362487793,26.5622615814209,28.03424644470215
23.208921432495117,23.772184371948242,24.13279914855957,24.44745635986328,24.723539352416992,25.15118980407715,25.74793815612793,26.45366859436035,27.165971755981445,28.670166015625
23.271501541137695,23.707691192626953,24.214080810546875,24.656116485595703,25.038543701171875,25.454837799072266,26.064407348632812,26.424768447875977,26.91364097595215,28.451557159423828
22.65485954284668,23.51409339904785,23.988229751586914,24.420886993408203,24.88791275024414,25.13250160217285,25.48682403564453,25.838298797607422,26.340856552124023,27.627864837646484
23.302398681640625,23.64777183532715,24.040496826171875,24.421276092529297,24.77431869506836,25.23269271850586,25.40170669555664,26.02042007446289,26.457469940185547,28.133438110351562
23.166038513183594,23.77430534362793,24.12604331970215,24.647987365722656,25.15093231201172,25.46753692626953,25.796642303466797,26.245941162109375,27.403905868530273,28.463382720947266
23.178253173828125,23.826175689697266,24.097307205200195,24.506793975830078,25.000268936157227,25.23879623413086,25.609018325805664,26.269210815429688,27.25287437438965,28.385189056396484
23.247909545898438,23.80866813659668,24.15872573852539,24.558128356933594,24.874719619750977,25.275819778442383,25.52838897705078,26.08172607421875,26.71148109436035,29.07259750366211
23.070919036865234,24.030323028564453,24.238428115844727,24.554059982299805,24.927719116210938,25.23523712158203,25.772354125976562,26.149187088012695,27.092370986938477,28.690792083740234
23.092226028442383,23.653053283691406,23.99589729309082,24.45936393737793,24.768878936767578,25.243080139160156,25.617582321166992,26.265228271484375,26.839763641357422,28.389251708984375
23.26827621459961,23.624080657958984,24.082521438598633,24.31267738342285,24.578466415405273,25.134798049926758,25.337003707885742,26.03968048095703,26.726694107055664,28.541595458984375
23.41386604309082,23.777694702148438,23.956743240356445,24.38157081604004,24.7838077545166,25.288808822631836,25.81662940979004,26.456680297851562,27.071441650390625,28.370838165283203
22.954208374023438,23.72528648376465,24.053449630737305,24.479942321777344,24.94713592529297,25.47785186767578,25.821258544921875,26.446544647216797,26.881031036376953,28.406103134155273
23.26947593688965,23.846271514892578,24.28435707092285,24.48764991760254,24.852256774902344,25.27838706970215,25.711519241333008,25.98345375061035,26.94427490234375,28.127283096313477
23.298381805419922,23.65787124633789,24.112398147583008,24.425369262695312,24.859067916870117,25.27164077758789,25.516836166381836,25.949201583862305,26.631641387939453,28.596994400024414
22.761760711669922,23.63774299621582,23.83071517944336,24.270191192626953,24.716449737548828,25.015344619750977,25.66741371154785,25.90472412109375,27.84241485595703,29.1377010345459
23.205440521240234,23.640174865722656,24.25933074951172,24.553190231323242,24.945362091064453,25.428848266601562,25.882230758666992,26.477344512939453,26.915300369262695,28.574201583862305
23.24156379699707,23.906579971313477,24.24177360534668,24.631561279296875,25.09443473815918,25.46019172668457,25.91012954711914,26.2922420501709,26.738330841064453,28.850032806396484
22.89154624938965,23.6037654876709,24.114065170288086,24.514680862426758,24.837451934814453,25.193735122680664,25.543054580688477,26.003435134887695,26.72162437438965,28.25792694091797
23.234289169311523,23.748416900634766,24.20071792602539,24.62697982788086,25.224510192871094,25.346174240112305,25.742263793945312,26.30193519592285,26.69346046447754,29.098285675048828
23.274267196655273,23.759904861450195,24.298934936523438,24.598363876342773,25.02330207824707,25.528730392456055,25.798681259155273,25.986989974975586,27.028533935546875,28.434825897216797
22.62371826171875,23.54351043701172,24.00522804260254,24.493532180786133,24.82625389099121,25.18665313720703,25.712682723999023,26.49753189086914,26.788536071777344,29.86018943786621
23.431015014648438,23.692012786865234,24.28337860107422,24.64106559753418,24.968109130859375,25.167888641357422,25.48223876953125,26.098852157592773,26.611886978149414,28.029409408569336
23.12851333618164,23.664758682250977,24.105697631835938,24.43741226196289,24.715532302856445,25.178930282592773,25.50638198852539,25.72377586364746,26.22713851928711,28.59494400024414
23.27622413635254,23.84537696838379,24.07744026184082,24.499794006347656,24.939550399780273,25.324106216430664,25.935012817382812,26.61290168762207,27.664833068847656,28.94278907775879
22.959623336791992,23.552614212036133,24.185150146484375,24.88043975830078,25.124996185302734,25.42862319946289,25.92634391784668,26.39459800720215,26.934202194213867,28.943132400512695
23.264163970947266,23.800464630126953,24.13771629333496,24.645734786987305,24.83367156982422,25.136489868164062,25.947147369384766,26.090194702148438,26.650781631469727,28.4416561126709
23.129005432128906,23.6065731048584,24.04383087158203,24.531566619873047,24.87502670288086,25.090314865112305,25.47893714904785,26.10639190673828,26.57106590270996,28.245555877685547
23.284469604492188,23.841115951538086,24.225576400756836,24.618852615356445,24.87398910522461,25.325590133666992,25.889415740966797,26.411598205566406,27.017913818359375,28.380464553833008
23.033233642578125,23.79924964904785,24.340761184692383,24.504562377929688,24.941564559936523,25.502025604248047,25.74964714050293,26.19797706604004,26.567405700683594,28.362836837768555
23.22478675842285,23.68056297302246,24.14603042602539,24.62388801574707,24.93979263305664,25.197275161743164,25.615564346313477,26.123512268066406,26.448989868164062,28.972911834716797
23.422189712524414,23.76214027404785,24.280611038208008,24.61960220336914,24.952865600585938,25.439456939697266,25.730051040649414,26.317214965820312,26.980100631713867,28.871374130249023
22.961669921875,23.704269409179688,24.102224349975586,24.51044464111328,24.769287109375,25.267398834228516,25.561412811279297,25.957439422607422,26.559038162231445,28.11154556274414
22.88689422607422,23.67349624633789,24.213268280029297,24.503297805786133,24.82650375366211,25.13833999633789,25.678842544555664,25.9265193939209,26.73763656616211,29.34902000427246
23.262075424194336,23.541296005249023,24.111370086669922,24.343294143676758,24.81525230407715,25.131689071655273,25.570669174194336,26.181114196777344,27.452472686767578,28.59714126586914
23.191234588623047,23.55673599243164,24.25594711303711,24.38562774658203,24.84568977355957,25.234970092773438,25.77505874633789,26.130521774291992,27.47330665588379,28.75927734375
23.136323928833008,23.825429916381836,24.050790786743164,24.385971069335938,24.850563049316406,25.30901527404785,25.726367950439453,26.319570541381836,28.027772903442383,28.705318450927734
23.020294189453125,23.701244354248047,24.104557037353516,24.368173599243164,24.70453643798828,25.074939727783203,25.32168960571289,25.99698257446289,26.486919403076172,28.585281372070312
23.052215576171875,23.397945404052734,24.06949806213379,24.470359802246094,24.73775863647461,25.10566520690918,25.529224395751953,26.378047943115234,26.577457427978516,28.783447265625
23.280807495117188,23.663843154907227,24.112525939941406,24.439762115478516,24.773805618286133,25.11737060546875,25.323720932006836,25.9269962310791,26.73374366760254,28.22645378112793
23.039583206176758,23.515413284301758,24.12605857849121,24.552536010742188,24.942121505737305,25.346881866455078,25.531312942504883,26.02366065979004,26.657445907592773,28.911420822143555
23.23358917236328,23.81662940979004,24.207265853881836,24.642528533935547,24.863059997558594,25.490751266479492,25.71405601501465,26.27105712890625,27.402278900146484,28.273752212524414
23.125938415527344,23.538005828857422,24.06063461303711,24.629188537597656,24.78932762145996,25.362361907958984,25.713520050048828,26.30796241760254,27.08802604675293,28.529752731323242
23.317609786987305,23.768009185791016,24.202922821044922,24.51360511779785,24.79343032836914,25.183631896972656,25.557693481445312,26.17937660217285,26.795700073242188,29.232990264892578
23.207326889038086,23.76144027709961,24.21394920349121,24.653766632080078,24.874685287475586,25.190231323242188,25.72438621520996,26.332366943359375,27.113616943359375,28.597612380981445
23.214570999145508,23.478227615356445,24.217342376708984,24.47092056274414,24.832252502441406,25.166879653930664,25.589855194091797,26.2790470123291,27.00640869140625,28.181743621826172
22.876447677612305,23.580610275268555,24.21462631225586,24.33925437927246,24.72165870666504,25.134366989135742,25.646886825561523,26.235307693481445,27.27531623840332,29.05437660217285
23.339126586914062,23.724512100219727,24.047269821166992,24.35462188720703,24.782272338867188,25.285263061523438,25.736093521118164,26.305505752563477,26.937999725341797,28.443674087524414
23.135944366455078,23.81222915649414,24.086393356323242,24.624174118041992,24.925334930419922,25.241315841674805,25.848108291625977,26.297637939453125,27.0324764251709,28.95516586303711
23.196683883666992,23.792705535888672,24.314010620117188,24.684274673461914,25.074071884155273,25.58778190612793,25.850784301757812,26.263166427612305,26.92195701599121,28.180370330810547
23.18830108642578,23.583038330078125,23.97628402709961,24.47615623474121,24.885391235351562,25.18722152709961,25.6503849029541,26.41400909423828,26.87006187438965,29.029687881469727
23.22701644897461,23.826326370239258,24.08746910095215,24.45279312133789,24.828760147094727,25.317577362060547,25.56224250793457,25.958066940307617,26.631723403930664,28.26621437072754
23.3002872467041,23.9444522857666,24.302518844604492,24.547574996948242,24.866926193237305,25.12332534790039,25.697010040283203,26.13998031616211,26.639421463012695,28.57389259338379
23.298267364501953,23.75570297241211,24.06334114074707,24.517253875732422,24.80924415588379,25.024396896362305,25.3436222076416,25.944429397583008,26.556364059448242,28.498416900634766
23.23550796508789,23.684688568115234,24.175613403320312,24.635026931762695,24.79364013671875,25.131147384643555,25.543298721313477,25.88590431213379,26.808279037475586,28.16721534729004
23.068321228027344,23.626596450805664,24.046525955200195,24.595378875732422,25.0009708404541,25.199445724487305,25.525188446044922,26.279125213623047,26.772342681884766,28.22841453552246
23.241117477416992,23.731958389282227,24.11438751220703,24.37918472290039,24.731956481933594,25.25320053100586,25.46263313293457,25.89025115966797,26.58942222595215,28.617477416992188
23.04892921447754,23.651063919067383,23.981990814208984,24.179113388061523,24.676319122314453,25.051010131835938,25.412229537963867,25.910263061523438,26.821956634521484,28.7148380279541
23.255197525024414,23.609643936157227,23.989826202392578,24.462142944335938,24.92974281311035,25.27959442138672,25.66664695739746,26.197065353393555,26.73571014404297,28.69818687438965
23.179670333862305,23.813936233520508,24.10367774963379,24.607057571411133,24.763872146606445,25.082563400268555,25.475801467895508,25.986852645874023,26.639448165893555,28.057640075683594
23.246919631958008,23.700225830078125,24.158050537109375,24.49420738220215,24.810855865478516,25.224000930786133,25.57976722717285,26.040950775146484,26.813512802124023,29.344058990478516
23.45589256286621,23.71466064453125,24.356792449951172,24.690446853637695,25.056245803833008,25.380325317382812,25.92917251586914,26.428455352783203,26.70470428466797,28.633779525756836
23.046648025512695,23.587778091430664,23.993017196655273,24.369991302490234,24.798778533935547,25.098506927490234,26.005081176757812,26.153635025024414,26.999242782592773,28.591156005859375
23.161590576171875,23.721899032592773,24.202972412109375,24.497446060180664,24.93718910217285,25.442289352416992,25.743770599365234,26.127639770507812,26.690515518188477,27.935644149780273
22.977636337280273,23.89850425720215,24.16980743408203,24.5595645904541,24.965478897094727,25.231521606445312,25.802764892578125,26.32088851928711,26.8837890625,28.369516372680664
23.136329650878906,23.670833587646484,24.200517654418945,24.348743438720703,24.682767868041992,25.255935668945312,25.499263763427734,26.21108055114746,26.84406089782715,28.526670455932617
23.006929397583008,23.628828048706055,24.15346336364746,24.50106430053711,24.84238052368164,25.14951515197754,25.52531623840332,26.05656623840332,26.373308181762695,27.669965744018555
23.10218620300293,23.652494430541992,24.17146110534668,24.588333129882812,24.91197967529297,25.2910099029541,25.719497680664062,26.215219497680664,27.600391387939453,28.886117935180664
23.244176864624023,23.782068252563477,24.27106285095215,24.70785903930664,25.078384399414062,25.42252540588379,25.793331146240234,26.185741424560547,26.969900131225586,28.265884399414062
23.2431640625,23.54949378967285,23.943069458007812,24.436279296875,24.736373901367188,25.11195182800293,25.520341873168945,26.098270416259766,26.718130111694336,28.112327575683594
23.16263198852539,23.726476669311523,24.426467895507812,24.656147003173828,25.039257049560547,25.406728744506836,25.552305221557617,26.44113540649414,26.876768112182617,28.495372772216797
23.309682846069336,23.71656036376953,24.17642593383789,24.59578514099121,25.059799194335938,25.39468765258789,25.825531005859375,26.503780364990234,27.233993530273438,28.52820587158203
23.089176177978516,23.784326553344727,24.124881744384766,24.384592056274414,24.89264678955078,25.198123931884766,25.81521224975586,26.057079315185547,26.507720947265625,28.258371353149414
23.229883193969727,23.79964828491211,24.310523986816406,24.593490600585938,25.211151123046875,25.442777633666992,25.827524185180664,26.28624153137207,26.774967193603516,29.014419555664062
23.15582847595215,23.759010314941406,24.148988723754883,24.381364822387695,24.783645629882812,25.134984970092773,25.525665283203125,26.037158966064453,27.61826515197754,28.779008865356445
23.2656307220459,23.716293334960938,24.275754928588867,24.703033447265625,24.964561462402344,25.400463104248047,25.713817596435547,26.155094146728516,27.092071533203125,28.73987579345703
23.001005172729492,23.670169830322266,23.968034744262695,24.31268882751465,24.710552215576172,25.243431091308594,25.520503997802734,25.961660385131836,26.81743621826172,28.328975677490234
23.274459838867188,23.64470863342285,24.402204513549805,24.635143280029297,25.048601150512695,25.365577697753906,25.665132522583008,26.14540672302246,27.20842170715332,28.610654830932617
23.186264038085938,23.575590133666992,23.91297149658203,24.312664031982422,24.624990463256836,24.901777267456055,25.173067092895508,25.60419273376465,26.615385055541992,27.973663330078125
22.885339736938477,23.800981521606445,24.011037826538086,24.394001007080078,24.858612060546875,25.051605224609375,25.587656021118164,26.081148147583008,26.649444580078125,28.015518188476562
23.195589065551758,23.73394775390625,23.975500106811523,24.35995101928711,24.861318588256836,25.298992156982422,25.607330322265625,26.020845413208008,27.01984214782715,28.4257755279541
23.43699836730957,23.89397430419922,24.149730682373047,24.632110595703125,25.042192459106445,25.366825103759766,25.592121124267578,26.40491485595703,26.928157806396484,28.07736587524414
23.17616081237793,23.492258071899414,23.994035720825195,24.405595779418945,24.687665939331055,25.05272102355957,25.59081268310547,25.952131271362305,26.74688720703125,28.456823348999023
23.0527400970459,23.641281127929688,24.15766143798828,24.69023895263672,25.114919662475586,25.35354995727539,25.793642044067383,26.413318634033203,27.098106384277344,28.63196563720703
23.109142303466797,23.721492767333984,24.053001403808594,24.341262817382812,24.919475555419922,25.416866302490234,25.633310317993164,26.17884063720703,27.228378295898438,28.45838737487793
22.972270965576172,23.77192497253418,24.17310905456543,24.681467056274414,25.023286819458008,25.32186508178711,25.854726791381836,26.176101684570312,26.780029296875,28.545623779296875
22.951169967651367,23.503782272338867,23.887069702148438,24.414199829101562,24.815977096557617,25.225740432739258,25.842769622802734,26.183578491210938,27.251850128173828,28.581554412841797
22.991607666015625,23.663249969482422,24.16670036315918,24.510746002197266,24.831350326538086,25.1064395904541,25.63091278076172,26.220361709594727,26.939979553222656,28.50542449951172
23.30400848388672,23.595369338989258,24.22344398498535,24.605030059814453,25.06562042236328,25.252548217773438,25.49000358581543,26.11922264099121,26.69879150390625,28.523860931396484
23.121400833129883,23.817867279052734,24.068180084228516,24.613401412963867,24.877145767211914,25.60361671447754,25.77752685546875,26.042224884033203,26.563003540039062,28.288543701171875
23.44232749938965,23.585369110107422,24.12115478515625,24.61395263671875,24.906349182128906,25.454729080200195,25.742441177368164,26.076217651367188,26.800827026367188,28.883832931518555
22.83429718017578,23.59779930114746,24.06989097595215,24.33551025390625,24.872575759887695,25.315872192382812,25.662132263183594,26.172754287719727,26.861589431762695,28.929336547851562
23.139238357543945,23.806533813476562,24.252195358276367,24.673158645629883,25.064990997314453,25.39723014831543,25.751482009887695,26.40139389038086,26.837085723876953,28.513635635375977
23.101783752441406,23.554433822631836,23.93329620361328,24.35434913635254,24.62564468383789,24.997819900512695,25.58860969543457,25.913055419921875,26.68731117248535,29.003021240234375
23.136472702026367,23.603300094604492,23.783884048461914,24.4934139251709,24.971317291259766,25.28208351135254,25.881271362304688,26.157682418823242,27.0766658782959,28.715740203857422
23.124069213867188,23.657079696655273,24.0847110748291,24.564043045043945,24.854536056518555,25.130704879760742,25.57146644592285,26.192758560180664,27.03615951538086,28.506134033203125
23.148860931396484,23.709156036376953,24.28205108642578,24.593311309814453,25.092716217041016,25.341445922851562,25.98333740234375,26.596445083618164,26.967191696166992,28.325992584228516
23.02519989013672,23.576433181762695,23.905147552490234,24.442964553833008,24.900039672851562,25.193069458007812,25.58880615234375,26.055025100708008,27.461959838867188,29.12859535217285
23.403762817382812,23.811914443969727,24.200563430786133,24.58625602722168,24.97769546508789,25.496427536010742,25.685285568237305,26.447391510009766,26.973167419433594,28.478282928466797
23.207651138305664,23.671518325805664,24.068021774291992,24.360252380371094,24.78571891784668,25.330238342285156,25.749143600463867,26.47454833984375,27.09977149963379,28.960784912109375
23.424909591674805,23.692689895629883,24.246915817260742,24.489500045776367,25.01284408569336,25.21405029296875,25.540891647338867,26.13979148864746,27.22805404663086,28.2048282623291
23.200761795043945,23.692235946655273,24.03116798400879,24.63448715209961,24.981595993041992,25.268224716186523,25.732181549072266,26.264501571655273,26.619102478027344,28.53430938720703
22.924774169921875,23.64226722717285,24.09480094909668,24.5107421875,24.861000061035156,25.287107467651367,25.664281845092773,25.991222381591797,26.4187068939209,27.578937530517578
22.89942169189453,23.619033813476562,24.03854751586914,24.413280487060547,24.73869514465332,25.038562774658203,25.35204315185547,25.717241287231445,26.801301956176758,28.875
23.097148895263672,23.562774658203125,23.987070083618164,24.603179931640625,24.788211822509766,25.179866790771484,25.619640350341797,26.016090393066406,26.517351150512695,28.332651138305664
23.047039031982422,23.43569564819336,24.065914154052734,24.365327835083008,24.636865615844727,25.07595443725586,25.64832305908203,26.32437515258789,26.747549057006836,28.252548217773438
22.834911346435547,23.120601654052734,23.88252067565918,24.38094711303711,24.616159439086914,25.05933952331543,25.666879653930664,25.974641799926758,26.672080993652344,28.12540626525879
23.329851150512695,23.79538345336914,24.083812713623047,24.40582275390625,24.65057373046875,25.051259994506836,25.516029357910156,25.831039428710938,26.349334716796875,27.9558048248291
23.275775909423828,23.735042572021484,24.181140899658203,24.380874633789062,24.798673629760742,25.2805118560791,25.461212158203125,25.89071273803711,26.570463180541992,28.489234924316406
23.235885620117188,23.869625091552734,24.412099838256836,24.53458023071289,24.87557029724121,25.285642623901367,25.783309936523438,26.347633361816406,27.002809524536133,28.35796356201172
23.24062728881836,23.659914016723633,24.182022094726562,24.644075393676758,24.899940490722656,25.408710479736328,25.57587432861328,25.968021392822266,26.82508659362793,27.694595336914062
23.00031089782715,23.75316619873047,24.097881317138672,24.465913772583008,24.815431594848633,25.197851181030273,25.666385650634766,25.913192749023438,26.879384994506836,27.97768211364746
22.96940803527832,23.741952896118164,24.401262283325195,24.681230545043945,25.01197624206543,25.363203048706055,25.924516677856445,26.180089950561523,26.97914695739746,28.236507415771484
23.268739700317383,23.911848068237305,24.279308319091797,24.651723861694336,24.907703399658203,25.278804779052734,25.567258834838867,26.119674682617188,26.721664428710938,28.12175941467285
23.170215606689453,23.772668838500977,24.04000473022461,24.640623092651367,24.79092788696289,25.195411682128906,25.562129974365234,26.026025772094727,26.662967681884766,28.485580444335938
23.223894119262695,23.66244888305664,24.237573623657227,24.39986801147461,24.914701461791992,25.335371017456055,25.812747955322266,26.47551155090332,27.052019119262695,29.000938415527344
23.09150505065918,23.727813720703125,24.207490921020508,24.35689926147461,24.78582763671875,25.17326545715332,25.42085075378418,25.949810028076172,26.32036590576172,28.322498321533203
23.449567794799805,23.737154006958008,24.19662857055664,24.806678771972656,24.972963333129883,25.32203483581543,25.911361694335938,26.302947998046875,27.01769256591797,29.06753921508789
23.04240608215332,23.631399154663086,24.039926528930664,24.460941314697266,24.916141510009766,25.29509925842285,25.804534912109375,26.060209274291992,27.049158096313477,28.401464462280273
22.90644073486328,23.66788673400879,24.03118133544922,24.429826736450195,24.725324630737305,25.008344650268555,25.31606101989746,26.088171005249023,26.519742965698242,28.291324615478516
23.233402252197266,23.673002243041992,24.0422420501709,24.400859832763672,24.757564544677734,25.16309928894043,25.740982055664062,26.066667556762695,26.721738815307617,29.0351619720459
23.274686813354492,23.54560089111328,23.95624542236328,24.386701583862305,25.004711151123047,25.458332061767578,25.756567001342773,26.309326171875,26.825302124023438,28.442724227905273
23.078155517578125,23.68362808227539,23.962984085083008,24.292638778686523,24.742698669433594,25.04466438293457,25.61101722717285,25.89870262145996,26.544038772583008,28.102691650390625
23.318931579589844,23.620100021362305,23.981935501098633,24.442901611328125,24.901277542114258,25.259729385375977,25.815195083618164,26.0141658782959,26.868864059448242,27.946773529052734
22.936246871948242,23.900972366333008,24.343936920166016,24.81277847290039,24.966060638427734,25.344100952148438,26.056930541992188,26.44431495666504,27.03350830078125,28.511428833007812
22.957490921020508,23.53973388671875,24.31900978088379,24.672468185424805,24.85828971862793,25.30552101135254,25.835546493530273,26.071117401123047,26.824390411376953,28.425457000732422
23.207592010498047,23.625478744506836,24.01018714904785,24.557926177978516,24.874361038208008,25.408079147338867,25.716129302978516,26.05376434326172,26.976816177368164,28.275760650634766
22.917734146118164,23.75351905822754,24.092451095581055,24.547834396362305,24.87995147705078,25.429237365722656,25.858606338500977,26.45998191833496,27.10036277770996,28.003326416015625
22.964763641357422,23.61570930480957,24.154321670532227,24.557605743408203,24.838598251342773,25.29898452758789,25.701507568359375,26.057781219482422,27.054967880249023,28.26602554321289
23.247709274291992,24.030202865600586,24.259185791015625,24.51047134399414,24.97081184387207,25.48749542236328,25.99422836303711,26.634916305541992,27.19491195678711,28.761394500732422
23.434967041015625,23.592588424682617,24.60545539855957,24.716325759887695,25.099849700927734,25.46080780029297,25.81106185913086,26.06724739074707,26.90898895263672,28.821224212646484
23.004962921142578,23.58513641357422,24.02260398864746,24.39514923095703,24.781553268432617,25.16301727294922,25.533178329467773,26.167821884155273,27.061044692993164,28.404544830322266
23.163341522216797,23.835390090942383,23.982866287231445,24.460052490234375,24.745529174804688,25.050512313842773,25.351879119873047,26.05316734313965,26.52579116821289,28.48008918762207
22.998491287231445,23.534387588500977,24.194812774658203,24.3750057220459,24.75292205810547,25.21154022216797,25.56385040283203,26.234384536743164,27.211355209350586,28.200103759765625
23.122404098510742,23.82612419128418,24.203689575195312,24.450368881225586,24.9088077545166,25.226411819458008,25.51105499267578,26.137447357177734,26.86355209350586,28.36808204650879
22.927284240722656,23.865741729736328,24.10883331298828,24.356470108032227,24.84556007385254,25.284671783447266,25.801427841186523,26.050701141357422,27.229761123657227,28.5615291595459
23.119949340820312,23.709692001342773,24.191471099853516,24.60809326171875,24.899662017822266,25.342729568481445,25.811138153076172,26.51012420654297,27.228342056274414,28.853271484375
23.072690963745117,23.531963348388672,24.054807662963867,24.584068298339844,24.945714950561523,25.297443389892578,25.856063842773438,26.209762573242188,26.958154678344727,28.730274200439453
22.904033660888672,23.449995040893555,23.80206298828125,24.4841365814209,24.72673797607422,25.05658721923828,25.3369140625,25.95711326599121,26.511816024780273,28.335439682006836
23.253511428833008,23.84686851501465,24.144535064697266,24.496337890625,24.990522384643555,25.12731170654297,25.6967716217041,26.41836929321289,26.909818649291992,28.42521858215332
23.401748657226562,23.593740463256836,24.157711029052734,24.562606811523438,24.809383392333984,25.178903579711914,25.422910690307617,25.99481964111328,26.66399574279785,28.208904266357422
23.104576110839844,23.695974349975586,24.12071990966797,24.647785186767578,24.92359733581543,25.355506896972656,25.70659637451172,26.226377487182617,27.023237228393555,28.485036849975586
23.12527847290039,23.749805450439453,24.095766067504883,24.60274887084961,24.785858154296875,25.2137508392334,25.779226303100586,26.150054931640625,26.490196228027344,28.655715942382812
22.96858787536621,23.510986328125,23.91975975036621,24.322683334350586,25.000946044921875,25.252225875854492,25.48541831970215,25.96779441833496,26.327468872070312,28.980993270874023
23.170372009277344,23.53670883178711,24.17534065246582,24.480270385742188,24.899343490600586,25.27765655517578,25.58405876159668,26.400814056396484,26.563507080078125,29.01090431213379
23.277652740478516,23.642658233642578,24.097488403320312,24.49471664428711,24.81328010559082,25.114686965942383,25.53993797302246,26.001802444458008,26.660274505615234,28.237476348876953
23.418533325195312,23.735551834106445,24.09355926513672,24.326644897460938,24.715911865234375,25.1013240814209,25.511079788208008,26.032501220703125,27.056884765625,28.836240768432617
22.986553192138672,23.72502899169922,24.119630813598633,24.464210510253906,24.723838806152344,25.06382942199707,25.62306785583496,26.08061981201172,26.593469619750977,28.927099227905273
23.221221923828125,23.705459594726562,23.99347496032715,24.436128616333008,24.877641677856445,25.28551483154297,25.51015281677246,25.93572998046875,26.842411041259766,28.154935836791992
22.965213775634766,23.655994415283203,24.204008102416992,24.520709991455078,24.827234268188477,25.19569206237793,25.618968963623047,26.250171661376953,26.55728530883789,28.687114715576172
23.105663299560547,23.72484588623047,24.03005599975586,24.534805297851562,24.98819351196289,25.171463012695312,25.808340072631836,26.072601318359375,26.51568603515625,28.760753631591797
23.13694953918457,23.70517349243164,24.229026794433594,24.453563690185547,24.926176071166992,25.285158157348633,25.631874084472656,26.297754287719727,26.734895706176758,28.004785537719727
23.603466033935547,23.799551010131836,24.123008728027344,24.606910705566406,24.916805267333984,25.390491485595703,25.932865142822266,26.333616256713867,28.20125389099121,28.772428512573242
22.97576332092285,23.63633918762207,24.427316665649414,24.671100616455078,25.11963653564453,25.383403778076172,25.846403121948242,26.443614959716797,27.22804832458496,28.380130767822266
23.040382385253906,23.630733489990234,24.240522384643555,24.717100143432617,24.94281768798828,25.139812469482422,25.57136344909668,25.897628784179688,26.538883209228516,28.552257537841797
23.220111846923828,23.764707565307617,24.251888275146484,24.674381256103516,24.86505699157715,25.44123077392578,25.5675106048584,26.603897094726562,27.058202743530273,28.411056518554688
23.412019729614258,23.590538024902344,24.1020450592041,24.426837921142578,24.76732635498047,25.27771759033203,25.697402954101562,26.203807830810547,26.76177406311035,28.325164794921875
23.04806900024414,23.85784149169922,24.09052085876465,24.64786720275879,24.937217712402344,25.41387176513672,25.792530059814453,26.13001823425293,26.629562377929688,28.17307472229004
23.133790969848633,23.690908432006836,24.095693588256836,24.624082565307617,25.0231990814209,25.428003311157227,25.85730743408203,26.074865341186523,26.84933853149414,28.063858032226562
23.28546714782715,23.777387619018555,24.306291580200195,24.569360733032227,25.123619079589844,25.4732608795166,25.913232803344727,26.622879028320312,26.971683502197266,28.272472381591797
23.119958877563477,23.895090103149414,24.456619262695312,24.590341567993164,25.0129451751709,25.33818244934082,26.010269165039062,26.302051544189453,27.071447372436523,28.981576919555664
22.846969604492188,23.520315170288086,24.200136184692383,24.536771774291992,25.001619338989258,25.34927749633789,25.748794555664062,26.12801742553711,27.823156356811523,28.69021224975586
23.25605010986328,23.60923194885254,24.094234466552734,24.654142379760742,24.8403263092041,25.20749282836914,25.712970733642578,26.00667953491211,26.714122772216797,28.18171501159668
23.41226577758789,23.593093872070312,23.940092086791992,24.468950271606445,24.76472282409668,25.181594848632812,25.657623291015625,26.060277938842773,27.628759384155273,28.705995559692383
23.14897918701172,23.636516571044922,24.085481643676758,24.422731399536133,24.809459686279297,25.213417053222656,25.44867706298828,26.426366806030273,26.87169075012207,28.28981590270996
23.229202270507812,23.668907165527344,24.214950561523438,24.50981903076172,24.906295776367188,25.227975845336914,25.784650802612305,25.993566513061523,26.69850730895996,28.042503356933594
23.259016036987305,23.950044631958008,24.355195999145508,24.772031784057617,25.02936363220215,25.341062545776367,25.845138549804688,26.253374099731445,26.92534637451172,28.435199737548828
23.190914154052734,23.71002960205078,23.954227447509766,24.550745010375977,24.887426376342773,25.322967529296875,25.764450073242188,26.229833602905273,26.758535385131836,28.16322135925293
23.31146812438965,23.780628204345703,24.174827575683594,24.53702735900879,25.160259246826172,25.61208724975586,25.896926879882812,26.2619571685791,26.79408073425293,28.341703414916992
23.018159866333008,23.713747024536133,24.22722053527832,24.68895721435547,24.966482162475586,25.243000030517578,25.874710083007812,26.368200302124023,26.900634765625,28.663116455078125
23.116527557373047,23.72765350341797,24.157358169555664,24.62299346923828,25.05913543701172,25.526493072509766,25.779659271240234,26.335542678833008,26.823698043823242,28.40277862548828
23.303388595581055,23.727827072143555,24.123157501220703,24.61954689025879,25.052751541137695,25.447195053100586,25.751176834106445,26.235498428344727,26.901443481445312,28.79009437561035
22.969226837158203,23.805744171142578,24.266443252563477,24.64715003967285,25.098499298095703,25.453163146972656,25.882829666137695,26.6384220123291,27.199283599853516,28.641986846923828
23.406641006469727,24.045703887939453,24.435148239135742,24.71718406677246,24.91465187072754,25.40800666809082,25.634262084960938,26.32489585876465,26.584064483642578,28.245681762695312
22.999364852905273,24.01410484313965,24.186494827270508,24.48419952392578,24.92828941345215,25.187191009521484,25.61783790588379,26.065488815307617,26.67177391052246,28.56698226928711
23.044349670410156,23.657657623291016,24.010501861572266,24.355205535888672,24.885759353637695,25.31475257873535,25.518375396728516,25.947006225585938,26.748138427734375,28.034006118774414
23.24226188659668,23.894378662109375,24.227325439453125,24.506149291992188,24.978071212768555,25.40749168395996,25.766660690307617,26.17840003967285,27.253808975219727,28.654014587402344
23.136436462402344,24.002059936523438,24.17504119873047,24.658658981323242,25.04161262512207,25.292510986328125,25.734867095947266,26.355472564697266,27.11319351196289,28.843591690063477
23.142343521118164,23.754180908203125,24.159650802612305,24.548385620117188,25.044572830200195,25.178451538085938,25.60091781616211,26.221073150634766,26.58612060546875,28.480093002319336
23.094079971313477,23.703432083129883,24.037071228027344,24.403398513793945,24.853374481201172,25.117568969726562,25.623043060302734,26.249502182006836,27.22400665283203,28.379512786865234
23.145658493041992,23.6365909576416,24.05047035217285,24.531078338623047,24.882225036621094,25.205331802368164,25.629724502563477,26.25867462158203,27.24129867553711,28.942501068115234
22.933271408081055,23.705930709838867,24.053482055664062,24.63146209716797,24.997352600097656,25.249691009521484,25.647823333740234,26.429080963134766,26.903162002563477,28.154281616210938
23.177980422973633,23.823659896850586,24.077695846557617,24.60102653503418,24.876846313476562,25.138200759887695,25.651323318481445,26.164148330688477,27.159671783447266,28.697603225708008
23.145282745361328,23.85303497314453,24.255830764770508,24.551727294921875,24.78116226196289,25.30603790283203,25.665401458740234,26.020469665527344,26.75738525390625,28.34760284423828
23.2900447845459,23.850666046142578,23.990127563476562,24.370403289794922,25.00037384033203,25.1605167388916,25.720443725585938,26.139755249023438,26.873273849487305,28.15212631225586
22.989032745361328,23.7435359954834,23.995389938354492,24.461793899536133,24.835975646972656,25.136133193969727,25.665754318237305,25.96437644958496,26.56304931640625,28.347000122070312
23.439332962036133,23.586606979370117,23.888521194458008,24.32172203063965,24.724061965942383,25.234189987182617,25.69476318359375,26.134965896606445,26.779584884643555,28.898128509521484
23.41577911376953,23.725248336791992,24.13248062133789,24.42704963684082,24.826353073120117,25.075281143188477,25.475372314453125,26.140445709228516,26.515277862548828,28.736534118652344
23.06138801574707,23.76065444946289,24.04453468322754,24.588150024414062,24.985719680786133,25.31788444519043,25.74772071838379,26.06550407409668,26.70150375366211,27.976444244384766
23.438465118408203,23.77823257446289,24.13860511779785,24.366926193237305,24.862089157104492,25.241214752197266,25.41695785522461,26.111852645874023,26.644418716430664,27.994123458862305
22.79034996032715,23.699872970581055,24.221887588500977,24.623519897460938,24.861906051635742,25.279624938964844,25.71307945251465,26.412206649780273,27.007606506347656,28.378732681274414
23.217044830322266,23.60906410217285,24.249061584472656,24.452178955078125,24.844100952148438,25.22707748413086,25.708213806152344,26.2475643157959,26.729177474975586,28.384998321533203
23.273683547973633,23.555835723876953,23.976760864257812,24.344375610351562,24.766674041748047,25.077550888061523,25.619150161743164,25.766189575195312,26.242528915405273,28.824647903442383
23.08165740966797,23.809059143066406,24.20335578918457,24.350067138671875,24.882919311523438,25.14690589904785,25.681732177734375,26.06867027282715,26.583709716796875,28.138925552368164
23.346111297607422,23.802152633666992,24.016841888427734,24.58821678161621,25.018253326416016,25.312808990478516,25.72610092163086,26.117233276367188,26.58355712890625,29.00209617614746
23.05727195739746,23.74757194519043,23.984418869018555,24.48272132873535,24.899627685546875,25.206050872802734,25.63604736328125,26.258541107177734,27.014408111572266,28.18304443359375
23.208526611328125,23.648359298706055,24.039701461791992,24.51634979248047,24.857606887817383,25.107105255126953,25.49376678466797,26.05330467224121,26.820552825927734,28.45143699645996
23.18116569519043,23.782556533813477,24.25351905822754,24.59381675720215,24.967113494873047,25.383283615112305,25.607969284057617,26.40713882446289,27.431255340576172,28.77052879333496
23.19107437133789,23.777660369873047,24.115238189697266,24.383804321289062,24.926721572875977,25.16619300842285,25.604848861694336,25.96698760986328,26.710601806640625,28.421640396118164
23.13956642150879,23.756427764892578,24.218982696533203,24.38419532775879,24.929550170898438,25.26258659362793,25.645801544189453,26.08376693725586,26.660606384277344,28.512245178222656
23.107927322387695,23.837055206298828,24.218656539916992,24.382373809814453,24.674861907958984,24.970670700073242,25.35489273071289,25.93402671813965,26.46106719970703,27.837520599365234
23.105207443237305,23.739784240722656,24.192331314086914,24.52069091796875,24.743913650512695,25.17566680908203,25.769508361816406,26.110416412353516,26.867273330688477,28.555137634277344
23.127683639526367,23.579418182373047,24.06419563293457,24.360042572021484,24.746187210083008,25.32578468322754,25.598783493041992,26.017383575439453,26.38551902770996,27.810800552368164
23.173038482666016,23.55248260498047,24.120712280273438,24.441829681396484,24.829669952392578,24.96714973449707,25.468936920166016,25.873003005981445,26.350683212280273,28.579273223876953
23.214073181152344,23.510040283203125,24.045719146728516,24.380416870117188,24.711156845092773,25.095081329345703,25.400981903076172,25.58571434020996,26.465087890625,27.857376098632812
23.281389236450195,23.80290412902832,24.180530548095703,24.55823516845703,25.072296142578125,25.276264190673828,25.706851959228516,26.075721740722656,26.943206787109375,28.440393447875977
23.23948097229004,23.55217933654785,23.96828842163086,24.475133895874023,24.704748153686523,25.090730667114258,25.330425262451172,25.87811279296875,26.467435836791992,28.113605499267578
22.90436363220215,23.629026412963867,24.084108352661133,24.473133087158203,24.728567123413086,25.360750198364258,25.577890396118164,26.129199981689453,26.51902198791504,28.154800415039062
23.302949905395508,23.8411808013916,24.25082778930664,24.842607498168945,25.0647029876709,25.302793502807617,25.70054817199707,26.26790428161621,27.07236671447754,29.309350967407227
23.109228134155273,23.81136703491211,24.20494842529297,24.537551879882812,24.966842651367188,25.46465492248535,25.839248657226562,26.41628646850586,27.072540283203125,28.727977752685547
23.225685119628906,23.877012252807617,24.225664138793945,24.678495407104492,25.063920974731445,25.33527374267578,26.03157615661621,26.33941650390625,26.809406280517578,28.37163543701172
23.028419494628906,23.791061401367188,24.13824462890625,24.581462860107422,24.769548416137695,25.12279510498047,25.399194717407227,25.8500919342041,26.695693969726562,28.395870208740234
23.223634719848633,23.726839065551758,24.222610473632812,24.614322662353516,24.847824096679688,25.12360382080078,25.582754135131836,25.96552276611328,26.524137496948242,28.7016658782959
23.250896453857422,23.839120864868164,24.214946746826172,24.540542602539062,24.878372192382812,25.428287506103516,25.66242027282715,26.289709091186523,26.805316925048828,28.662506103515625
23.184524536132812,23.502424240112305,24.11931610107422,24.56485366821289,24.799959182739258,25.218788146972656,25.682178497314453,25.97794532775879,26.724868774414062,27.773168563842773
23.063425064086914,23.71881675720215,23.959339141845703,24.576969146728516,25.00566864013672,25.19611358642578,25.619552612304688,26.133468627929688,26.751811981201172,28.948009490966797
22.962509155273438,23.58720588684082,24.083709716796875,24.516571044921875,24.79207420349121,25.214405059814453,25.504362106323242,25.94173240661621,26.573974609375,27.89735221862793
22.74226188659668,23.810178756713867,24.091310501098633,24.830318450927734,25.207008361816406,25.628204345703125,25.94026756286621,26.20983123779297,27.286197662353516,28.82587432861328
23.028560638427734,23.821218490600586,24.22348976135254,24.513444900512695,25.091793060302734,25.269922256469727,25.549800872802734,26.28502655029297,26.880544662475586,29.76540756225586
23.141908645629883,23.64249038696289,24.078580856323242,24.453298568725586,24.724699020385742,25.239938735961914,25.571258544921875,25.85782241821289,26.763368606567383,28.844966888427734
23.310319900512695,23.780988693237305,24.129423141479492,24.470497131347656,24.82623291015625,25.030921936035156,25.526412963867188,25.92502784729004,26.804733276367188,28.644357681274414
23.120725631713867,23.583614349365234,24.071678161621094,24.51933479309082,24.975202560424805,25.448793411254883,25.921369552612305,26.148447036743164,26.973426818847656,28.374982833862305
23.265670776367188,23.80678367614746,24.382856369018555,24.55690574645996,24.878721237182617,25.309837341308594,25.77159309387207,26.478483200073242,27.200172424316406,28.416671752929688
23.136369705200195,23.74577522277832,24.10294532775879,24.38995933532715,24.904035568237305,25.153610229492188,25.6857967376709,26.163692474365234,26.758241653442383,28.78384780883789
23.33995819091797,23.808826446533203,24.128049850463867,24.598121643066406,24.93084716796875,25.318525314331055,25.672714233398438,26.061067581176758,26.58342170715332,28.119457244873047
23.151782989501953,23.75238037109375,24.119178771972656,24.590639114379883,25.029001235961914,25.228181838989258,25.514698028564453,26.073110580444336,26.73272132873535,28.823110580444336
23.22995948791504,23.71094512939453,24.228879928588867,24.521697998046875,25.00147247314453,25.141321182250977,25.535539627075195,26.091623306274414,26.683374404907227,28.441781997680664
23.451448440551758,23.793235778808594,24.01150131225586,24.434186935424805,24.606712341308594,25.011960983276367,25.423099517822266,25.772220611572266,26.56852149963379,28.041563034057617
23.034517288208008,23.808923721313477,23.971843719482422,24.528057098388672,25.065143585205078,25.484359741210938,25.846206665039062,26.284496307373047,26.817245483398438,28.747386932373047
23.110118865966797,23.506175994873047,24.044864654541016,24.529329299926758,24.893735885620117,25.341388702392578,25.82818031311035,26.062744140625,26.75950050354004,28.525053024291992
23.180458068847656,23.674495697021484,23.928905487060547,24.381532669067383,24.75005340576172,25.18973159790039,25.6528263092041,26.01128387451172,26.66547203063965,28.01947593688965
23.016332626342773,23.625600814819336,24.077880859375,24.269712448120117,24.853084564208984,25.409162521362305,25.679412841796875,26.212852478027344,26.82444190979004,28.917470932006836
23.207225799560547,23.647808074951172,24.10529899597168,24.50733757019043,24.831390380859375,25.275028228759766,25.63885498046875,26.02898597717285,26.541030883789062,27.97034454345703
23.112398147583008,23.744237899780273,24.221532821655273,24.486230850219727,24.852529525756836,25.168367385864258,25.641042709350586,25.97149658203125,26.83933448791504,28.26797866821289
23.04999542236328,23.685941696166992,24.2620792388916,24.547386169433594,24.892152786254883,25.126314163208008,25.896265029907227,26.143251419067383,26.766172409057617,28.450571060180664
22.943666458129883,23.489341735839844,24.018936157226562,24.451993942260742,25.00351905822754,25.266408920288086,25.762691497802734,26.330827713012695,27.21405601501465,28.449539184570312
23.086095809936523,23.543020248413086,24.071474075317383,24.809432983398438,24.928237915039062,25.60919189453125,25.792142868041992,26.180137634277344,27.085241317749023,28.342121124267578
22.937196731567383,23.733274459838867,23.95538902282715,24.371139526367188,24.85396957397461,25.24319839477539,25.57798194885254,26.101837158203125,27.083343505859375,28.418792724609375
23.209428787231445,23.57649040222168,24.235048294067383,24.60140609741211,25.017587661743164,25.414649963378906,25.89643096923828,26.40314292907715,26.964248657226562,28.997777938842773
23.209041595458984,23.728853225708008,24.248943328857422,24.492429733276367,24.955209732055664,25.165939331054688,25.724971771240234,26.12673568725586,26.75050926208496,28.412532806396484
22.79376792907715,23.32581901550293,23.817672729492188,24.359224319458008,24.888946533203125,25.137142181396484,25.56040382385254,26.102869033813477,26.938161849975586,28.815780639648438
23.06855010986328,23.718708038330078,24.229206085205078,24.59043312072754,24.857852935791016,25.142765045166016,25.627290725708008,26.05672264099121,26.73423194885254,28.18326187133789
23.275705337524414,23.64642906188965,24.288707733154297,24.537118911743164,24.744089126586914,25.268234252929688,25.68886375427246,26.113460540771484,26.823057174682617,28.552452087402344
23.024633407592773,23.641786575317383,24.07717514038086,24.410390853881836,24.731782913208008,25.07048988342285,25.483497619628906,25.772043228149414,26.209716796875,27.87055206298828
23.204561233520508,23.747549057006836,24.224822998046875,24.612091064453125,24.89274024963379,25.35593605041504,25.72810173034668,26.169687271118164,27.01348876953125,29.572961807250977
23.264904022216797,23.720142364501953,24.091285705566406,24.60308074951172,25.009445190429688,25.19182777404785,25.782655715942383,25.992225646972656,26.737878799438477,28.257091522216797
22.989398956298828,23.630338668823242,24.215370178222656,24.375770568847656,24.754404067993164,25.1369571685791,25.690082550048828,26.169174194335938,26.814870834350586,28.648799896240234
23.12371063232422,23.876741409301758,24.278472900390625,24.703845977783203,25.005685806274414,25.256650924682617,25.601675033569336,25.968135833740234,26.718433380126953,27.980012893676758
23.303598403930664,23.706928253173828,24.205949783325195,24.489532470703125,24.72767448425293,25.224828720092773,25.52348518371582,26.03679847717285,26.565195083618164,28.04681968688965
23.2708683013916,23.857938766479492,24.082839965820312,24.475650787353516,25.02302360534668,25.253448486328125,25.495834350585938,26.218284606933594,26.759597778320312,28.47873878479004
22.93497085571289,23.564403533935547,24.1567325592041,24.384023666381836,24.95960235595703,25.16893196105957,25.686697006225586,26.29888343811035,26.58469009399414,28.329313278198242
23.222766876220703,23.617107391357422,24.04770851135254,24.376420974731445,24.68113136291504,25.041099548339844,25.452125549316406,25.965734481811523,26.673734664916992,28.294845581054688
23.11797332763672,23.575267791748047,24.111309051513672,24.493104934692383,24.925243377685547,25.28801727294922,25.919736862182617,26.319292068481445,27.24953269958496,29.073556900024414
22.656112670898438,23.506755828857422,23.93479347229004,24.377225875854492,24.861831665039062,25.010440826416016,25.48618507385254,25.992198944091797,26.501953125,28.70168113708496
22.923656463623047,23.6221866607666,24.092695236206055,24.465322494506836,24.90294075012207,25.10660171508789,25.588109970092773,26.133638381958008,26.75425910949707,28.891098022460938
23.4775333404541,23.73203468322754,24.20104217529297,24.62364959716797,25.09174346923828,25.21941566467285,25.816600799560547,26.061372756958008,26.84383201599121,28.613481521606445
23.411766052246094,23.713319778442383,24.21637725830078,24.502988815307617,24.885210037231445,25.25266456604004,25.60198402404785,25.973175048828125,26.55316925048828,28.623666763305664
23.301897048950195,23.557626724243164,24.02058982849121,24.564470291137695,24.84972381591797,25.167734146118164,25.390701293945312,25.94440269470215,26.283782958984375,28.415510177612305
23.12263298034668,23.673181533813477,24.15614128112793,24.59687614440918,24.901050567626953,25.246767044067383,25.656347274780273,26.08408546447754,26.657676696777344,28.336170196533203
23.264585494995117,23.602893829345703,24.1391658782959,24.51283836364746,24.778594970703125,25.238773345947266,25.675525665283203,26.14216423034668,27.132905960083008,28.506380081176758
23.243154525756836,23.90115737915039,24.293701171875,24.528217315673828,24.907018661499023,25.277130126953125,25.784517288208008,26.22536849975586,27.223270416259766,28.477468490600586
22.97989273071289,23.579391479492188,23.99753189086914,24.614484786987305,24.77758026123047,25.09606170654297,25.44154930114746,25.90801239013672,26.520614624023438,28.169889450073242
23.19320297241211,23.860631942749023,24.134828567504883,24.39948844909668,24.91495132446289,25.288476943969727,25.825531005859375,26.142616271972656,27.082128524780273,28.240026473999023
23.21087074279785,23.674205780029297,24.083791732788086,24.51007652282715,24.7172794342041,25.03873062133789,25.527437210083008,25.914724349975586,26.57825469970703,27.897554397583008
23.003746032714844,23.553659439086914,24.015146255493164,24.345956802368164,24.88286018371582,25.15561866760254,25.62424659729004,26.15128517150879,26.70059585571289,28.636463165283203
23.138063430786133,23.786195755004883,23.989116668701172,24.463544845581055,25.00872230529785,25.174423217773438,25.68856430053711,25.977344512939453,26.51725196838379,28.28032875061035
23.280282974243164,23.788421630859375,24.16976547241211,24.638402938842773,24.91295623779297,25.280946731567383,25.690332412719727,26.019161224365234,26.832324981689453,28.91447639465332
23.222686767578125,23.595108032226562,24.003713607788086,24.36580467224121,24.56702423095703,25.184202194213867,25.573896408081055,25.94937515258789,26.194433212280273,28.989866256713867
23.216459274291992,23.753353118896484,24.22538948059082,24.45191192626953,24.834484100341797,25.183204650878906,25.519411087036133,26.288177490234375,27.151493072509766,28.50379180908203
23.30916404724121,23.73256492614746,24.29460334777832,24.693878173828125,24.96576499938965,25.241220474243164,25.673553466796875,25.968732833862305,26.54616928100586,27.754735946655273
23.20132827758789,23.862613677978516,23.998205184936523,24.37220573425293,24.848663330078125,25.125411987304688,25.42828369140625,26.00857162475586,26.62285804748535,28.561941146850586
23.112680435180664,23.742511749267578,24.166484832763672,24.51814079284668,24.95077133178711,25.49650764465332,25.9736385345459,26.1740665435791,26.677034378051758,28.680387496948242
23.005462646484375,23.6259822845459,24.117568969726562,24.532962799072266,24.78995132446289,25.225088119506836,25.975597381591797,26.312944412231445,26.87830352783203,28.356664657592773
23.24173355102539,23.55257797241211,24.077056884765625,24.40703773498535,24.82646369934082,25.40077018737793,25.56662368774414,26.120723724365234,27.011402130126953,28.361522674560547
22.99755096435547,23.872106552124023,24.180295944213867,24.738012313842773,25.038896560668945,25.306468963623047,25.82842254638672,26.429758071899414,26.846044540405273,28.760990142822266
23.139694213867188,23.803627014160156,24.15127944946289,24.582334518432617,25.018390655517578,25.401914596557617,25.73261070251465,26.270719528198242,26.59502410888672,28.499662399291992
22.824567794799805,23.823667526245117,24.10284996032715,24.35195541381836,24.819358825683594,25.001708984375,25.43645668029785,25.845626831054688,26.73230743408203,28.87906837463379
23.171520233154297,23.65180206298828,24.150245666503906,24.475276947021484,24.80308723449707,25.235065460205078,25.364213943481445,26.016067504882812,26.33278465270996,28.2258243560791
22.7818546295166,23.5485782623291,23.910625457763672,24.44970703125,24.877222061157227,25.235149383544922,25.602325439453125,25.924467086791992,26.32817840576172,28.441320419311523
23.24648094177246,23.664819717407227,23.922136306762695,24.30135154724121,24.641956329345703,25.078136444091797,25.474628448486328,25.882259368896484,26.883939743041992,28.741445541381836
23.036741256713867,23.54524040222168,24.096166610717773,24.499195098876953,24.977617263793945,25.16291046142578,25.591064453125,26.106191635131836,26.811975479125977,28.18524932861328
23.1437931060791,23.57402992248535,24.05743408203125,24.372713088989258,24.83299446105957,25.08159637451172,25.554380416870117,26.219532012939453,26.627822875976562,28.604719161987305
23.242616653442383,23.782852172851562,24.067407608032227,24.51054573059082,25.0524959564209,25.288328170776367,25.72349739074707,26.10237693786621,26.757537841796875,28.53993034362793
23.408531188964844,23.5676326751709,24.01607894897461,24.42391586303711,24.812101364135742,25.28993797302246,25.843149185180664,26.193044662475586,26.727426528930664,28.56598472595215
23.21756362915039,23.78184700012207,24.142473220825195,24.590003967285156,24.900218963623047,25.38077163696289,25.706960678100586,26.58292007446289,27.425722122192383,28.831369400024414
23.00966453552246,23.913402557373047,24.35236358642578,24.55965232849121,24.92719841003418,25.41254234313965,25.742671966552734,26.004291534423828,27.473806381225586,29.052751541137695
23.21061897277832,23.560874938964844,24.004987716674805,24.448949813842773,24.757431030273438,25.063827514648438,25.44103240966797,25.77775764465332,26.456754684448242,27.79725456237793
23.06344985961914,23.674835205078125,24.12097930908203,24.61760139465332,24.892099380493164,25.199501037597656,25.912229537963867,26.125017166137695,26.69318199157715,28.56476402282715
23.26569175720215,23.689777374267578,24.12588882446289,24.485584259033203,24.968242645263672,25.271041870117188,25.711090087890625,26.092121124267578,26.757020950317383,29.42325210571289
22.897445678710938,23.56197738647461,24.074546813964844,24.504364013671875,24.728139877319336,25.120365142822266,25.48201560974121,25.95778465270996,27.035884857177734,28.31144905090332
23.113258361816406,23.66661834716797,23.949758529663086,24.328195571899414,24.801240921020508,25.303525924682617,25.50782012939453,26.072139739990234,26.33807945251465,28.276947021484375
23.30704116821289,23.753393173217773,24.1647891998291,24.498172760009766,24.731565475463867,25.190675735473633,25.67046546936035,25.930988311767578,27.15753173828125,28.314712524414062
22.97307777404785,23.64642333984375,23.94182014465332,24.41851043701172,24.57993507385254,25.11544418334961,25.38419532775879,25.741897583007812,26.872241973876953,28.274911880493164
22.919126510620117,23.59703254699707,24.06936264038086,24.34001922607422,24.719831466674805,25.336156845092773,25.598554611206055,26.078989028930664,27.106515884399414,28.384965896606445
23.225229263305664,23.86163902282715,24.30477523803711,24.641931533813477,25.101268768310547,25.339492797851562,25.689876556396484,26.143299102783203,26.698909759521484,28.316696166992188
23.41759490966797,23.853134155273438,24.113309860229492,24.588327407836914,25.05297088623047,25.25722312927246,25.93837547302246,26.325469970703125,27.185134887695312,28.808242797851562
23.272109985351562,23.814525604248047,24.266613006591797,24.551389694213867,24.912477493286133,25.393327713012695,25.692615509033203,26.278173446655273,26.812288284301758,28.302061080932617
23.06627082824707,23.68560791015625,24.050687789916992,24.344011306762695,24.74435043334961,25.253616333007812,25.6574764251709,26.130767822265625,26.765905380249023,28.158945083618164
23.134273529052734,23.65803337097168,24.070262908935547,24.578245162963867,24.972442626953125,25.33514404296875,25.785633087158203,26.29966926574707,26.87152099609375,28.295127868652344
23.025636672973633,23.306053161621094,23.969247817993164,24.288673400878906,24.621843338012695,25.091379165649414,25.279600143432617,26.010417938232422,26.745376586914062,28.200653076171875
23.276527404785156,23.766733169555664,24.29445457458496,24.653961181640625,25.109277725219727,25.448387145996094,25.931161880493164,26.64821434020996,26.776025772094727,28.38907241821289
22.95176887512207,23.605485916137695,24.003599166870117,24.355501174926758,24.815181732177734,25.171525955200195,25.658447265625,25.916065216064453,26.691116333007812,28.276248931884766
22.917171478271484,23.539188385009766,24.20937156677246,24.385665893554688,24.968210220336914,25.324607849121094,25.589204788208008,26.22126579284668,26.595552444458008,28.721202850341797
22.972444534301758,23.670244216918945,24.059303283691406,24.570707321166992,25.037734985351562,25.254329681396484,25.660634994506836,26.255138397216797,26.897998809814453,29.102041244506836
23.025096893310547,23.683935165405273,23.96792221069336,24.472360610961914,24.755672454833984,25.416946411132812,25.545867919921875,25.734912872314453,26.417022705078125,28.11834716796875
23.122970581054688,23.81865692138672,24.062183380126953,24.49279022216797,24.84681510925293,25.218000411987305,25.669092178344727,26.078004837036133,27.043012619018555,28.35506820678711
23.05820655822754,23.62466049194336,24.043806076049805,24.39650535583496,24.8520565032959,25.25324249267578,25.56545066833496,26.13074493408203,27.050601959228516,28.849029541015625
23.296934127807617,23.618257522583008,24.287748336791992,24.505998611450195,24.904865264892578,25.08036994934082,25.30481719970703,26.020681381225586,26.41172981262207,28.279586791992188
23.13504409790039,23.78411865234375,24.25644874572754,24.676889419555664,25.142187118530273,25.352710723876953,25.71246910095215,26.514602661132812,27.40945053100586,29.021936416625977
23.08557891845703,23.74391746520996,24.1686954498291,24.678546905517578,24.906898498535156,25.312353134155273,25.931121826171875,26.387466430664062,26.940929412841797,28.568218231201172
23.295852661132812,23.72848129272461,24.323200225830078,24.64876937866211,25.005815505981445,25.307714462280273,25.601585388183594,26.39883804321289,27.054346084594727,28.136489868164062
23.049226760864258,23.60468864440918,24.080249786376953,24.416675567626953,24.834280014038086,25.209365844726562,25.69075584411621,26.441423416137695,26.922836303710938,28.67133140563965
23.078630447387695,23.561769485473633,24.243986129760742,24.8020076751709,24.960935592651367,25.193641662597656,25.83957290649414,26.14111328125,26.71160888671875,28.204071044921875
23.228994369506836,23.799213409423828,23.980228424072266,24.635995864868164,24.932348251342773,25.18498420715332,25.817739486694336,26.208343505859375,26.86387825012207,28.34270668029785
23.12611961364746,23.767900466918945,24.087343215942383,24.437904357910156,24.68524169921875,25.185256958007812,25.36725616455078,26.034780502319336,26.947153091430664,28.543760299682617
23.476503372192383,23.739364624023438,24.43527603149414,24.69792938232422,24.98958969116211,25.492246627807617,25.88020896911621,26.47052001953125,27.41057014465332,28.654285430908203
23.413745880126953,23.94098472595215,24.325695037841797,24.62921905517578,24.933860778808594,25.397323608398438,25.82188606262207,26.26960563659668,26.558490753173828,28.18279457092285
23.12567138671875,23.8154239654541,24.150156021118164,24.404184341430664,24.631282806396484,25.114316940307617,25.601388931274414,26.030988693237305,26.69663429260254,28.941905975341797
23.11435890197754,23.75252342224121,24.23089027404785,24.566953659057617,24.98870277404785,25.404315948486328,25.894819259643555,26.28093910217285,27.0146541595459,28.144729614257812
23.401992797851562,23.679670333862305,24.037559509277344,24.43234634399414,24.748558044433594,24.965431213378906,25.417783737182617,25.79578399658203,26.441791534423828,27.759231567382812
23.144329071044922,23.793663024902344,24.22589111328125,24.60010528564453,25.200868606567383,25.39166831970215,25.77387237548828,26.44131851196289,27.11002540588379,28.80599021911621
23.011470794677734,23.81787872314453,23.97719383239746,24.433258056640625,24.72126579284668,24.977502822875977,25.476099014282227,26.051477432250977,26.585561752319336,28.08043098449707
23.306468963623047,23.818864822387695,24.249473571777344,24.514039993286133,25.011512756347656,25.31318473815918,25.59494400024414,26.12289047241211,26.87926483154297,28.491079330444336
23.09579086303711,23.73573112487793,24.229536056518555,24.357967376708984,25.04281234741211,25.157209396362305,25.444068908691406,25.944812774658203,26.364768981933594,28.137908935546875
23.43037223815918,23.671463012695312,24.04358673095703,24.37153434753418,24.79344940185547,24.968950271606445,25.453826904296875,26.122623443603516,26.567428588867188,28.432846069335938
22.955286026000977,23.63886833190918,24.09544563293457,24.624103546142578,24.92039680480957,25.233501434326172,25.570636749267578,26.060941696166992,26.503936767578125,28.469364166259766
22.999557495117188,23.883298873901367,24.122976303100586,24.556865692138672,24.850040435791016,25.237831115722656,25.514999389648438,26.074918746948242,26.667938232421875,28.426361083984375
23.005205154418945,23.50865936279297,24.411697387695312,24.556163787841797,24.92656898498535,25.326610565185547,25.828750610351562,26.167110443115234,27.234506607055664,28.812509536743164
23.123441696166992,23.643630981445312,24.009912490844727,24.403453826904297,24.671436309814453,24.92667007446289,25.348146438598633,25.654794692993164,26.22357177734375,28.349985122680664
23.451744079589844,23.935327529907227,24.24561309814453,24.484140396118164,24.881547927856445,25.198484420776367,25.59832000732422,26.074356079101562,26.656972885131836,28.618267059326172
22.987985610961914,23.71592903137207,24.213665008544922,24.49846649169922,24.780752182006836,25.321149826049805,25.695415496826172,26.061176300048828,27.012685775756836,27.884174346923828
23.20183753967285,23.77564239501953,24.102737426757812,24.502534866333008,24.736202239990234,25.298540115356445,25.59772300720215,26.03546714782715,27.423227310180664,28.622135162353516
22.952835083007812,23.80268096923828,24.220256805419922,24.482648849487305,24.853349685668945,25.264310836791992,25.654340744018555,25.97862434387207,26.50192642211914,28.401302337646484
22.85544204711914,23.666427612304688,23.92925453186035,24.498470306396484,24.882667541503906,25.161632537841797,25.61461639404297,26.039457321166992,26.69542694091797,27.925960540771484
23.076824188232422,23.83442497253418,24.10207748413086,24.456350326538086,24.777851104736328,25.066011428833008,25.629491806030273,25.985092163085938,26.707313537597656,28.41270637512207
23.437620162963867,23.86417579650879,24.252750396728516,24.524717330932617,25.06210708618164,25.328369140625,25.835342407226562,25.98250961303711,26.699914932250977,28.33537483215332
23.268749237060547,23.66437339782715,23.99524688720703,24.420082092285156,24.741127014160156,25.066980361938477,25.38291358947754,25.902799606323242,26.75857162475586,28.125320434570312
23.225872039794922,23.390647888183594,24.134384155273438,24.54548454284668,24.78113555908203,25.257143020629883,25.935466766357422,26.15838623046875,27.297470092773438,28.915279388427734
23.314952850341797,23.83425521850586,24.375059127807617,24.833192825317383,25.081295013427734,25.533056259155273,25.95348358154297,26.345258712768555,26.980239868164062,28.54505157470703
23.299882888793945,23.628498077392578,24.102441787719727,24.561864852905273,24.906204223632812,25.289247512817383,25.67759132385254,25.98687171936035,26.639251708984375,27.82118034362793
22.941564559936523,23.849384307861328,24.04694366455078,24.600101470947266,24.946056365966797,25.350223541259766,25.89906120300293,26.629953384399414,27.456289291381836,28.918176651000977
23.22180938720703,23.697385787963867,24.106809616088867,24.45254898071289,24.854690551757812,25.17540168762207,25.574241638183594,26.10736656188965,26.39398765563965,28.226600646972656
23.261226654052734,23.660005569458008,24.139253616333008,24.456104278564453,24.78407096862793,25.278945922851562,25.559293746948242,25.999202728271484,26.51662254333496,28.278966903686523
22.92032241821289,23.974863052368164,24.272342681884766,24.480283737182617,24.843978881835938,25.18777847290039,25.3998966217041,26.106130599975586,26.668624877929688,28.25925064086914
23.102235794067383,23.85594940185547,24.317092895507812,24.80878448486328,25.0360164642334,25.440488815307617,25.82411003112793,26.251020431518555,26.87615966796875,28.454469680786133
22.884666442871094,23.64072608947754,24.15135383605957,24.523845672607422,24.74578285217285,25.1561336517334,25.628267288208008,26.41609764099121,27.050512313842773,28.422821044921875
23.23208999633789,23.740816116333008,24.111732482910156,24.675809860229492,25.011249542236328,25.50698471069336,25.756732940673828,26.474685668945312,27.43390464782715,29.08609390258789
23.247066497802734,23.87874984741211,24.183738708496094,24.597318649291992,25.052906036376953,25.270387649536133,25.705486297607422,26.121843338012695,26.704681396484375,28.3554744720459
22.973060607910156,23.53522300720215,23.958152770996094,24.65963363647461,24.82274627685547,24.988893508911133,25.543376922607422,26.14862823486328,26.859094619750977,28.757226943969727
23.08260726928711,23.5424747467041,23.98404312133789,24.42913055419922,24.690780639648438,25.010784149169922,25.646636962890625,26.155502319335938,26.786474227905273,29.594829559326172
23.12508773803711,23.70122528076172,24.05852699279785,24.658708572387695,24.81785011291504,25.069595336914062,25.560789108276367,25.842079162597656,26.504806518554688,27.753189086914062
22.953792572021484,23.61031723022461,24.03772735595703,24.453323364257812,24.885122299194336,25.265424728393555,25.694032669067383,26.290435791015625,27.222288131713867,28.756298065185547
23.34264373779297,23.5869083404541,24.020233154296875,24.446592330932617,24.772140502929688,25.17250633239746,25.608142852783203,26.184526443481445,26.761186599731445,28.586231231689453
23.269784927368164,23.75478172302246,24.28211212158203,24.547149658203125,25.094493865966797,25.357210159301758,25.828262329101562,26.4433536529541,26.888959884643555,28.17318344116211
23.108549118041992,23.531879425048828,24.217275619506836,24.445518493652344,24.846670150756836,25.196378707885742,25.680072784423828,26.31877326965332,27.007892608642578,28.79755210876465
23.182632446289062,23.790599822998047,24.08653450012207,24.480377197265625,24.88449478149414,25.409847259521484,25.648632049560547,26.264415740966797,26.818145751953125,28.407947540283203
23.32567596435547,23.742473602294922,24.101890563964844,24.685171127319336,25.014039993286133,25.404590606689453,25.660844802856445,26.21051597595215,26.6596736907959,27.818435668945312
23.115001678466797,23.661869049072266,24.145530700683594,24.464778900146484,24.899755477905273,25.377471923828125,25.810043334960938,26.17743682861328,26.972618103027344,29.003173828125
22.990264892578125,23.495792388916016,24.10292625427246,24.413694381713867,24.564878463745117,25.10670280456543,25.45574378967285,25.883039474487305,26.60584259033203,28.09375
23.15834617614746,23.565017700195312,24.160648345947266,24.490175247192383,24.797269821166992,25.21603775024414,25.57486343383789,26.241546630859375,26.694541931152344,28.24687957763672
23.095779418945312,23.75495719909668,24.19144058227539,24.425630569458008,24.92096710205078,25.55841064453125,25.81820297241211,26.32931900024414,27.10584259033203,28.814289093017578
23.44001579284668,23.562725067138672,24.24380874633789,24.604551315307617,24.819778442382812,25.29729652404785,25.736757278442383,26.114757537841797,26.957717895507812,28.37811851501465
23.10607147216797,23.729860305786133,24.128883361816406,24.608257293701172,24.948436737060547,25.533710479736328,25.75583839416504,26.230186462402344,26.89776611328125,28.179279327392578
23.24915313720703,23.638151168823242,24.083547592163086,24.288179397583008,24.860963821411133,25.242624282836914,25.547426223754883,25.82794189453125,27.00628662109375,28.08395767211914
23.15973472595215,23.866825103759766,24.11273956298828,24.538249969482422,24.898454666137695,25.27204704284668,25.594881057739258,26.211084365844727,26.689067840576172,29.91905403137207
23.140836715698242,23.768985748291016,24.285396575927734,24.527753829956055,24.85759925842285,25.136661529541016,25.829601287841797,26.28141212463379,27.01495361328125,28.206422805786133
23.26527976989746,23.783950805664062,24.25433921813965,24.48157501220703,24.99212646484375,25.29798126220703,25.520353317260742,25.86374855041504,26.679601669311523,28.168413162231445
23.213048934936523,23.563034057617188,24.10539436340332,24.531837463378906,24.928064346313477,25.143278121948242,25.504718780517578,26.02143096923828,26.820648193359375,28.700363159179688
23.260135650634766,23.85293197631836,24.212888717651367,24.34650230407715,24.783998489379883,25.269241333007812,25.646305084228516,26.171621322631836,26.747785568237305,28.13534164428711
23.11263656616211,23.50226402282715,24.076602935791016,24.436880111694336,24.95905876159668,25.26416778564453,25.65187644958496,25.912723541259766,26.614910125732422,27.972633361816406
23.36302947998047,23.586305618286133,24.122615814208984,24.388248443603516,24.776823043823242,25.066177368164062,25.35198211669922,26.013818740844727,26.413524627685547,27.957107543945312
23.064655303955078,23.519020080566406,24.094402313232422,24.31064224243164,24.764286041259766,25.110347747802734,25.65608787536621,26.289220809936523,26.582258224487305,28.413362503051758
22.984474182128906,23.841400146484375,24.071380615234375,24.34225082397461,24.728050231933594,25.224123001098633,25.41463851928711,26.061975479125977,27.010236740112305,28.1274356842041
23.102466583251953,23.666196823120117,24.112781524658203,24.44976234436035,24.741544723510742,25.237756729125977,25.719491958618164,26.43218231201172,27.038253784179688,28.328739166259766
22.89150619506836,23.47844123840332,24.080137252807617,24.48423194885254,24.849313735961914,25.280513763427734,25.545337677001953,26.135122299194336,27.06261444091797,28.312868118286133
23.248992919921875,23.707307815551758,24.265092849731445,24.61539077758789,24.891849517822266,25.241519927978516,25.63606834411621,25.959304809570312,26.625171661376953,28.547304153442383
23.183961868286133,23.813703536987305,24.13231658935547,24.673643112182617,25.05463218688965,25.328458786010742,25.756555557250977,26.163082122802734,26.89560890197754,28.854677200317383
22.989652633666992,23.638254165649414,23.910526275634766,24.483226776123047,24.786109924316406,25.14457893371582,25.629371643066406,25.938114166259766,26.705596923828125,28.142215728759766
23.1651668548584,23.719877243041992,24.11444854736328,24.632083892822266,24.78013801574707,25.188295364379883,25.712678909301758,26.141216278076172,26.81287384033203,28.092885971069336
22.992267608642578,23.61237144470215,24.10080909729004,24.449037551879883,24.772459030151367,25.159679412841797,25.63115882873535,26.165977478027344,27.0126953125,29.019575119018555
22.84607696533203,23.857458114624023,24.153974533081055,24.521968841552734,25.090126037597656,25.609405517578125,25.890695571899414,26.293603897094727,27.063634872436523,28.61614418029785
23.098617553710938,23.490570068359375,24.09393310546875,24.524200439453125,24.912139892578125,25.19229507446289,25.752376556396484,26.25936508178711,26.687108993530273,29.047653198242188
23.25932502746582,23.780807495117188,24.139352798461914,24.397132873535156,24.739316940307617,25.287273406982422,25.543289184570312,26.262792587280273,26.805572509765625,28.2441463470459
22.947471618652344,23.51344871520996,24.098413467407227,24.372011184692383,24.845426559448242,25.3024959564209,25.60799217224121,25.963584899902344,26.697616577148438,28.116241455078125
23.020544052124023,23.434017181396484,24.033430099487305,24.590103149414062,24.772085189819336,25.407899856567383,25.65031623840332,26.064638137817383,26.56988525390625,28.031585693359375
22.881423950195312,23.621797561645508,23.98365592956543,24.806833267211914,24.97985076904297,25.282075881958008,25.862455368041992,26.15419578552246,27.133060455322266,28.378625869750977
22.996923446655273,23.849641799926758,24.191787719726562,24.63187026977539,25.018640518188477,25.28707504272461,25.70279312133789,26.26724624633789,26.862207412719727,28.885059356689453
23.11539077758789,24.02951431274414,24.308734893798828,24.71931266784668,25.051025390625,25.612930297851562,25.97793960571289,26.528852462768555,27.261566162109375,28.41902732849121
23.179170608520508,23.614452362060547,23.99043083190918,24.548219680786133,24.840290069580078,25.139305114746094,25.4661922454834,25.898895263671875,26.551382064819336,28.047521591186523
23.214658737182617,23.556255340576172,24.001510620117188,24.647443771362305,24.773324966430664,25.07101058959961,25.592639923095703,25.90563201904297,26.298477172851562,28.601879119873047
23.256587982177734,23.819486618041992,24.260456085205078,24.806333541870117,25.110881805419922,25.632579803466797,26.017719268798828,26.325841903686523,27.6054630279541,29.11892318725586
23.243921279907227,24.003768920898438,24.158897399902344,24.517730712890625,24.756351470947266,25.132118225097656,25.83504867553711,26.06670379638672,26.68297576904297,28.358030319213867
23.204071044921875,23.34124183654785,23.90876579284668,24.506532669067383,24.774293899536133,24.98336410522461,25.67131233215332,25.92548179626465,26.42327308654785,27.844961166381836
23.414871215820312,23.661020278930664,24.11320686340332,24.495088577270508,24.91355323791504,25.242319107055664,25.686012268066406,26.281856536865234,26.658559799194336,28.005603790283203
23.424179077148438,23.57583999633789,24.141969680786133,24.673362731933594,24.97913932800293,25.259685516357422,25.731979370117188,26.430099487304688,26.703519821166992,28.01287269592285
23.292022705078125,23.595521926879883,24.107769012451172,24.460735321044922,25.002166748046875,25.45888328552246,25.74913787841797,25.986793518066406,26.728511810302734,28.175643920898438
22.9017276763916,23.842018127441406,24.11263656616211,24.62089729309082,24.744747161865234,25.183151245117188,25.63844871520996,25.91348648071289,26.8022518157959,28.09239387512207
22.96967124938965,23.628925323486328,24.24190902709961,24.3855037689209,24.844768524169922,25.410215377807617,25.716590881347656,25.971017837524414,27.090211868286133,28.368349075317383
23.401338577270508,23.534923553466797,24.025156021118164,24.391246795654297,24.752103805541992,25.282724380493164,25.485034942626953,25.914518356323242,26.84562110900879,28.027008056640625
23.090391159057617,23.65437126159668,23.787015914916992,24.470861434936523,24.888938903808594,25.11029624938965,25.525651931762695,26.464555740356445,26.657928466796875,27.998085021972656
23.07530403137207,23.70683479309082,24.121156692504883,24.562253952026367,24.937660217285156,25.27004051208496,25.770065307617188,26.256715774536133,27.224409103393555,29.371456146240234
23.26872444152832,23.57687759399414,24.104312896728516,24.428386688232422,24.691940307617188,25.099258422851562,25.352060317993164,25.810922622680664,26.777788162231445,28.08197593688965
23.05332374572754,23.556161880493164,24.055347442626953,24.469308853149414,24.784170150756836,25.250350952148438,25.420242309570312,26.108524322509766,26.369958877563477,28.759601593017578
23.2789363861084,23.867382049560547,24.10134506225586,24.546552658081055,24.938920974731445,25.437480926513672,25.76850128173828,26.242258071899414,27.26129150390625,28.380172729492188
23.28765869140625,23.747943878173828,24.12908363342285,24.568998336791992,24.880468368530273,25.273813247680664,25.51156234741211,26.15692901611328,26.59559440612793,28.174293518066406
23.265249252319336,23.81967544555664,24.224639892578125,24.569271087646484,24.8854923248291,25.210046768188477,25.611413955688477,26.074369430541992,26.58700180053711,27.95551109313965
23.082809448242188,23.710020065307617,24.04090118408203,24.500869750976562,24.792142868041992,25.18048667907715,25.459440231323242,25.94205665588379,26.350460052490234,28.260461807250977
23.023937225341797,23.593883514404297,24.242595672607422,24.484268188476562,24.877504348754883,25.234315872192383,25.711973190307617,26.07337760925293,26.580387115478516,28.422744750976562
23.41950225830078,23.82647132873535,24.177400588989258,24.509798049926758,24.958805084228516,25.334468841552734,25.84893226623535,26.221923828125,26.876094818115234,28.709142684936523
23.033672332763672,23.549375534057617,24.281333923339844,24.50212287902832,24.886207580566406,25.27077865600586,25.692583084106445,26.096797943115234,26.82015037536621,28.19513511657715
23.172847747802734,23.698450088500977,24.11937713623047,24.478275299072266,24.87268829345703,25.318998336791992,25.568069458007812,26.217496871948242,26.678272247314453,28.02048683166504
23.009593963623047,23.36758041381836,24.03304672241211,24.42449378967285,24.765010833740234,25.201988220214844,25.812326431274414,26.233367919921875,26.667327880859375,28.34115219116211
23.105491638183594,24.00275230407715,24.173845291137695,24.71686363220215,24.913848876953125,25.48508071899414,25.70741844177246,26.210351943969727,27.275997161865234,28.886598587036133
23.114887237548828,23.523008346557617,23.956748962402344,24.47400665283203,24.840370178222656,25.120880126953125,25.569664001464844,26.165740966796875,26.85437774658203,28.157129287719727
23.10531234741211,23.735122680664062,24.333290100097656,24.71883773803711,25.338199615478516,25.80636978149414,26.01633644104004,26.340238571166992,26.99660301208496,28.683246612548828
23.434789657592773,23.987319946289062,24.189727783203125,24.44813346862793,24.749977111816406,25.296558380126953,25.649110794067383,26.0766544342041,26.65952491760254,28.431503295898438
23.258407592773438,23.65190887451172,24.130159378051758,24.565872192382812,24.770967483520508,25.22738265991211,25.567094802856445,25.979612350463867,27.08840560913086,28.294618606567383
23.082361221313477,23.69925308227539,24.00111198425293,24.541343688964844,24.890974044799805,25.32127571105957,25.70773696899414,26.10505485534668,26.733163833618164,28.043315887451172
23.023113250732422,23.86375617980957,24.197006225585938,24.62083625793457,24.7832088470459,25.3089542388916,25.697633743286133,26.457311630249023,26.85077476501465,28.76793098449707
23.4133358001709,23.665328979492188,24.125938415527344,24.525436401367188,25.073883056640625,25.394227981567383,25.838504791259766,26.40656089782715,27.007829666137695,28.528772354125977
22.916667938232422,23.51166343688965,24.13677215576172,24.47309112548828,24.982032775878906,25.35767364501953,25.720232009887695,26.231435775756836,26.755451202392578,28.523752212524414
23.202518463134766,23.847875595092773,24.194360733032227,24.67705726623535,24.91805076599121,25.34871482849121,25.683481216430664,26.175445556640625,26.47966957092285,28.513774871826172
23.143444061279297,23.565631866455078,24.3686466217041,24.55914878845215,24.937849044799805,25.244375228881836,26.005746841430664,26.66614532470703,27.116167068481445,28.449413299560547
22.97890281677246,23.633882522583008,23.942947387695312,24.30885124206543,24.74073028564453,25.100215911865234,25.6669864654541,25.921340942382812,26.990028381347656,28.16769790649414
23.018415451049805,23.89153480529785,24.138717651367188,24.532684326171875,25.015531539916992,25.421951293945312,25.818777084350586,26.037612915039062,26.718307495117188,28.80061912536621
23.248706817626953,23.902565002441406,24.153553009033203,24.536619186401367,24.92002296447754,25.133113861083984,25.625232696533203,26.214399337768555,26.61110496520996,28.16709327697754
23.24875831604004,23.955284118652344,24.22075843811035,24.69562339782715,24.939876556396484,25.41478729248047,25.6516056060791,26.298198699951172,27.015331268310547,28.031137466430664
22.949953079223633,23.918167114257812,24.471662521362305,24.737140655517578,25.254404067993164,25.786197662353516,26.091699600219727,26.524097442626953,27.345260620117188,29.027116775512695
23.007694244384766,23.615203857421875,24.079654693603516,24.644163131713867,24.7867374420166,25.084686279296875,25.59302520751953,26.175107955932617,26.744237899780273,28.366775512695312
23.352519989013672,23.733213424682617,24.194000244140625,24.499094009399414,24.764602661132812,25.046112060546875,25.390958786010742,25.97092628479004,27.235889434814453,29.002517700195312
23.16114044189453,23.73731803894043,24.1002254486084,24.371614456176758,24.75341033935547,25.07322120666504,25.487489700317383,25.91807746887207,26.562042236328125,28.863481521606445
23.188154220581055,23.884613037109375,24.199804306030273,24.602624893188477,25.057842254638672,25.31723976135254,25.762216567993164,26.4179744720459,26.767127990722656,28.00788688659668
23.102418899536133,23.834213256835938,24.149641036987305,24.632049560546875,24.782899856567383,25.245969772338867,25.714582443237305,26.1398868560791,26.606037139892578,28.01498031616211
23.10015869140625,23.80983543395996,23.99965476989746,24.337308883666992,24.697519302368164,25.213207244873047,25.556873321533203,25.971229553222656,26.696609497070312,28.518814086914062
22.70071029663086,23.58234214782715,24.08447265625,24.364120483398438,25.12464714050293,25.486328125,25.736948013305664,26.655038833618164,27.034671783447266,28.79538345336914
23.072248458862305,23.643945693969727,24.012075424194336,24.60894203186035,24.789592742919922,25.153989791870117,25.504545211791992,26.256567001342773,26.551090240478516,28.489957809448242
23.12403106689453,23.8677921295166,24.236068725585938,24.481807708740234,24.858535766601562,25.134618759155273,25.619747161865234,26.009998321533203,26.87641143798828,28.059722900390625
23.026315689086914,23.68353843688965,24.30678367614746,24.651718139648438,25.09300994873047,25.524120330810547,25.849870681762695,26.319141387939453,27.12514305114746,28.70061683654785
23.301071166992188,23.683446884155273,24.408206939697266,24.526363372802734,24.867029190063477,25.108482360839844,25.391494750976562,25.957366943359375,26.90888023376465,28.139719009399414
23.230241775512695,23.500802993774414,23.91637420654297,24.490602493286133,24.79852867126465,24.989839553833008,25.68245506286621,25.97576332092285,26.685144424438477,28.22394371032715
23.252275466918945,23.842315673828125,24.220792770385742,24.664791107177734,25.012027740478516,25.266475677490234,25.578777313232422,26.168447494506836,26.888525009155273,28.268896102905273
23.199995040893555,23.63146209716797,24.11679458618164,24.36850929260254,24.663211822509766,25.082075119018555,25.4998722076416,25.955032348632812,26.804845809936523,28.48399543762207
22.96046257019043,23.8223819732666,24.241670608520508,24.458187103271484,24.745792388916016,25.227407455444336,25.695316314697266,26.161039352416992,26.700185775756836,28.323287963867188
23.269044876098633,23.509916305541992,24.009119033813477,24.54306983947754,24.888980865478516,25.18782615661621,25.504419326782227,25.886871337890625,27.215787887573242,28.599781036376953
23.28367042541504,23.694522857666016,24.122507095336914,24.52582550048828,24.88335418701172,25.31208610534668,25.572036743164062,26.139041900634766,26.71042823791504,28.641136169433594
23.354103088378906,23.90072250366211,24.19243621826172,24.62887954711914,25.03176498413086,25.251651763916016,25.75127601623535,26.243907928466797,27.010231018066406,28.57419204711914
23.43419647216797,23.741363525390625,24.176742553710938,24.53661346435547,24.8901309967041,25.1722354888916,25.765798568725586,26.425256729125977,26.58319664001465,28.055988311767578
22.985780715942383,23.582557678222656,24.124773025512695,24.37525749206543,24.79480743408203,25.214937210083008,25.483074188232422,26.143516540527344,26.74671745300293,28.343135833740234
23.092668533325195,23.701196670532227,24.147310256958008,24.341022491455078,24.886980056762695,25.15187644958496,25.524974822998047,26.064437866210938,27.012271881103516,28.884706497192383
23.26999855041504,23.532007217407227,24.104753494262695,24.53716278076172,24.89116668701172,25.246273040771484,25.486875534057617,26.32231903076172,26.698694229125977,27.923295974731445
23.327821731567383,23.578798294067383,24.15133285522461,24.491592407226562,24.88909912109375,25.212507247924805,25.6440486907959,26.010391235351562,26.653167724609375,28.092422485351562
23.13738250732422,23.589998245239258,24.077192306518555,24.45493507385254,24.828184127807617,25.110843658447266,25.507648468017578,26.066526412963867,26.81535530090332,28.379871368408203
23.21245574951172,23.8715763092041,24.2956485748291,24.737764358520508,25.09502410888672,25.461559295654297,26.006412506103516,26.188583374023438,26.876914978027344,28.61480712890625
23.245193481445312,23.718299865722656,24.410202026367188,24.700546264648438,24.951847076416016,25.425722122192383,25.854297637939453,26.325103759765625,27.215787887573242,28.326412200927734
23.111862182617188,23.621829986572266,24.017240524291992,24.527267456054688,24.879859924316406,25.311050415039062,25.68359375,26.233606338500977,26.84197425842285,28.298425674438477
23.01655387878418,23.731388092041016,24.00165557861328,24.317283630371094,24.790576934814453,25.034353256225586,25.63901710510254,26.603260040283203,27.045991897583008,28.213754653930664
23.390132904052734,23.713747024536133,24.296142578125,24.634431838989258,24.997629165649414,25.291994094848633,25.7922306060791,26.425289154052734,27.208816528320312,28.421789169311523
23.260665893554688,23.638803482055664,24.00396728515625,24.469974517822266,24.874095916748047,25.263671875,25.820959091186523,26.20330810546875,26.785655975341797,28.378385543823242
23.196670532226562,23.74983787536621,24.203659057617188,24.38910675048828,24.789031982421875,24.974348068237305,25.493322372436523,26.069229125976562,26.859134674072266,28.620849609375
23.127893447875977,23.69736099243164,23.98468589782715,24.454111099243164,24.83731460571289,25.38914680480957,25.64275550842285,26.330081939697266,26.749746322631836,28.27113914489746
22.98236846923828,23.771265029907227,24.184734344482422,24.581058502197266,24.966073989868164,25.262357711791992,25.680654525756836,26.128429412841797,26.842859268188477,28.527572631835938
22.971004486083984,23.65932846069336,24.211442947387695,24.43001937866211,24.782920837402344,25.039793014526367,25.58539581298828,26.134445190429688,26.92662811279297,28.159645080566406
23.029125213623047,23.556795120239258,24.032812118530273,24.424928665161133,25.081253051757812,25.301254272460938,25.827743530273438,25.979568481445312,26.738000869750977,28.633323669433594
23.164363861083984,23.680967330932617,23.97640037536621,24.50690269470215,24.768281936645508,25.072479248046875,25.39096450805664,26.040075302124023,26.41226577758789,27.634254455566406
23.41341781616211,23.55992317199707,23.98324966430664,24.48200798034668,24.72102928161621,25.173643112182617,25.384429931640625,26.014463424682617,26.841493606567383,28.333459854125977
23.06060791015625,23.727619171142578,24.09195327758789,24.353126525878906,24.830781936645508,25.284381866455078,25.966976165771484,26.278310775756836,26.960796356201172,29.05206298828125
23.00210952758789,23.529083251953125,23.838302612304688,24.384235382080078,24.768999099731445,25.233421325683594,25.61285400390625,26.167774200439453,26.70781707763672,28.076541900634766
23.235034942626953,23.57904624938965,24.023088455200195,24.384618759155273,24.885910034179688,25.25374412536621,25.726865768432617,25.937885284423828,26.530059814453125,28.09783935546875
23.213829040527344,23.55381202697754,24.125808715820312,24.465557098388672,24.72148895263672,25.130474090576172,25.616735458374023,25.97061538696289,26.611328125,28.04326629638672
22.983732223510742,23.681928634643555,24.142629623413086,24.460372924804688,24.979976654052734,25.417369842529297,25.85335350036621,26.494171142578125,27.260406494140625,28.35294532775879
23.339277267456055,23.68047523498535,24.276674270629883,24.576780319213867,24.82174301147461,25.29633331298828,25.577590942382812,26.139907836914062,26.721445083618164,28.00469398498535
23.218456268310547,23.863710403442383,24.30742645263672,24.537830352783203,25.135921478271484,25.318702697753906,25.86514663696289,26.177698135375977,27.03618621826172,29.005409240722656
23.01445960998535,23.525407791137695,24.206039428710938,24.43205451965332,24.729524612426758,25.22309112548828,25.43480682373047,25.963775634765625,26.782506942749023,28.10165023803711
22.94944190979004,23.49496078491211,24.201335906982422,24.375131607055664,24.84153175354004,25.279634475708008,25.75591278076172,26.179410934448242,26.927743911743164,28.562023162841797
23.24135971069336,23.85757064819336,24.46532440185547,24.72960090637207,25.209199905395508,25.359872817993164,25.821252822875977,26.28921890258789,27.016998291015625,28.539344787597656
23.13690948486328,23.476972579956055,23.935731887817383,24.38922882080078,24.714893341064453,25.09674835205078,25.3135929107666,26.13589859008789,27.61952781677246,28.894437789916992
23.11505699157715,23.834884643554688,24.170677185058594,24.562650680541992,24.96792984008789,25.54619598388672,26.000207901000977,26.341569900512695,26.77401351928711,28.232357025146484
22.995485305786133,23.50741958618164,24.08536148071289,24.504674911499023,24.84903907775879,25.134197235107422,25.610336303710938,26.090805053710938,26.301837921142578,28.021488189697266
23.003000259399414,23.663759231567383,24.079221725463867,24.42074203491211,24.851091384887695,25.31284523010254,25.851512908935547,26.134227752685547,26.86488914489746,28.52283477783203
23.316747665405273,23.87531089782715,24.27678108215332,24.62925148010254,24.79713249206543,25.17563247680664,25.396604537963867,26.063108444213867,26.822301864624023,28.36111068725586
23.052858352661133,23.664335250854492,24.046550750732422,24.521678924560547,25.078176498413086,25.649669647216797,25.973642349243164,26.62166976928711,27.219661712646484,28.376962661743164
22.984657287597656,23.689420700073242,24.116716384887695,24.677730560302734,24.971790313720703,25.292272567749023,25.71210479736328,26.08721351623535,26.895957946777344,28.40972328186035
23.13665008544922,23.46308708190918,23.980369567871094,24.501405715942383,24.712739944458008,25.367704391479492,26.225051879882812,26.455883026123047,27.325910568237305,29.72092628479004
23.332866668701172,23.730653762817383,24.292991638183594,24.635000228881836,24.791446685791016,25.180288314819336,25.856287002563477,26.193111419677734,26.782363891601562,28.41408348083496
23.029544830322266,23.81031608581543,23.967391967773438,24.151721954345703,24.648818969726562,24.9716739654541,25.501996994018555,26.240585327148438,26.482421875,27.944454193115234
22.944828033447266,23.64914321899414,23.84080696105957,24.383026123046875,24.86758804321289,25.19936752319336,25.51527976989746,26.246543884277344,26.734418869018555,28.40899085998535
23.122249603271484,23.713102340698242,24.000308990478516,24.38657569885254,24.90618133544922,25.206958770751953,25.598024368286133,26.16387176513672,26.82177734375,28.40959358215332
23.27269172668457,23.75960922241211,24.205068588256836,24.40302276611328,24.731595993041992,25.087369918823242,25.596555709838867,25.909900665283203,26.333560943603516,27.805957794189453
23.292455673217773,23.800630569458008,24.174638748168945,24.433012008666992,24.850021362304688,25.326154708862305,25.55755043029785,25.954702377319336,26.739269256591797,28.236122131347656
22.914142608642578,23.65724754333496,24.104642868041992,24.69037437438965,24.93132972717285,25.449785232543945,25.8288631439209,26.119667053222656,26.920053482055664,28.30678367614746
23.402441024780273,23.54698944091797,24.121015548706055,24.443363189697266,24.888444900512695,25.405698776245117,25.639951705932617,25.95193099975586,27.010406494140625,28.49738121032715
23.224218368530273,23.615509033203125,24.18993377685547,24.592906951904297,25.11518096923828,25.506406784057617,26.05376434326172,26.417503356933594,26.933181762695312,28.839435577392578
23.137014389038086,23.56023406982422,24.285634994506836,24.53645896911621,24.823230743408203,25.213037490844727,25.618099212646484,25.99029541015625,27.21527862548828,28.35248374938965
23.413057327270508,23.564952850341797,24.12598419189453,24.566038131713867,24.89832878112793,25.176172256469727,25.76473617553711,26.408687591552734,26.738666534423828,28.59439468383789
23.05472183227539,23.803194046020508,24.14339828491211,24.373268127441406,24.854549407958984,25.160335540771484,25.632741928100586,25.942794799804688,26.810054779052734,27.864395141601562
23.05546760559082,23.695646286010742,24.258520126342773,24.567392349243164,25.001169204711914,25.28841209411621,26.001800537109375,26.295621871948242,27.149328231811523,28.80167579650879
23.230331420898438,23.644750595092773,24.052183151245117,24.629610061645508,25.108768463134766,25.40765380859375,25.806350708007812,26.5082950592041,27.03802490234375,28.699771881103516
22.955469131469727,23.728973388671875,24.06066131591797,24.497268676757812,24.783470153808594,25.057050704956055,25.582406997680664,25.979318618774414,26.533832550048828,27.941102981567383
23.22748565673828,23.435606002807617,23.898643493652344,24.22696304321289,24.53186798095703,24.908226013183594,25.340238571166992,25.65762710571289,26.07391357421875,27.456560134887695
23.311328887939453,23.82745361328125,24.097410202026367,24.349773406982422,24.618684768676758,24.939346313476562,25.515302658081055,26.035167694091797,26.516525268554688,28.16355323791504
23.35857391357422,23.850444793701172,24.225008010864258,24.650575637817383,25.00620460510254,25.242816925048828,25.68303871154785,26.389013290405273,26.673192977905273,28.902202606201172
23.121047973632812,23.81654167175293,24.086589813232422,24.297243118286133,24.83327865600586,25.115392684936523,25.543495178222656,26.04498863220215,26.834148406982422,28.278310775756836
22.90338706970215,23.65483856201172,24.449493408203125,24.58891487121582,25.445056915283203,25.830535888671875,26.16883659362793,26.496522903442383,27.133310317993164,28.48253059387207
23.07744598388672,23.552396774291992,24.220218658447266,24.484607696533203,24.935182571411133,25.29924964904785,25.652816772460938,26.209115982055664,26.64434051513672,28.54483985900879
23.355026245117188,23.710519790649414,24.210718154907227,24.53292465209961,25.05023193359375,25.291061401367188,25.84779167175293,26.076431274414062,26.54557228088379,28.066286087036133
23.090559005737305,23.689149856567383,24.369768142700195,24.625009536743164,25.114852905273438,25.47838592529297,25.915021896362305,26.335708618164062,27.097261428833008,28.740402221679688
23.007802963256836,23.7055606842041,24.091575622558594,24.53158187866211,24.77188491821289,25.37846565246582,25.797195434570312,26.124404907226562,27.081525802612305,28.432016372680664
23.035690307617188,23.807313919067383,24.02568817138672,24.571304321289062,24.977798461914062,25.313430786132812,25.547868728637695,26.234655380249023,26.741514205932617,28.67246437072754
23.279531478881836,24.000743865966797,24.159587860107422,24.62467384338379,24.866931915283203,25.618799209594727,26.010656356811523,26.65396499633789,26.937522888183594,28.380626678466797
23.123117446899414,23.56508445739746,24.28744125366211,24.48488998413086,24.8742618560791,25.467601776123047,25.861652374267578,26.27569580078125,26.882604598999023,28.753841400146484
22.933984756469727,23.674753189086914,24.10304069519043,24.526729583740234,24.99230194091797,25.29412269592285,25.699424743652344,25.976247787475586,26.674028396606445,27.96807861328125
23.13517951965332,23.669160842895508,24.243337631225586,24.436193466186523,24.973663330078125,25.354604721069336,25.76689910888672,26.258214950561523,27.074254989624023,28.66718101501465
22.97055435180664,23.77466583251953,24.128067016601562,24.484724044799805,24.917821884155273,25.173992156982422,25.765825271606445,26.37164878845215,26.945043563842773,28.328760147094727
23.305561065673828,23.845428466796875,24.162071228027344,24.612491607666016,24.806333541870117,25.232954025268555,25.559249877929688,26.081533432006836,26.560047149658203,27.807449340820312
23.09362030029297,23.916568756103516,24.24724769592285,24.588048934936523,25.029582977294922,25.257505416870117,25.525203704833984,26.132417678833008,27.001022338867188,28.222753524780273
23.10590934753418,23.609148025512695,24.163347244262695,24.381792068481445,24.74892234802246,25.166912078857422,25.68528175354004,26.460159301757812,27.307403564453125,28.669145584106445
23.401269912719727,23.683731079101562,24.19890022277832,24.586469650268555,24.89636993408203,25.389671325683594,25.709848403930664,26.130496978759766,26.550399780273438,28.35610008239746
22.833168029785156,23.574960708618164,24.021114349365234,24.551862716674805,24.860689163208008,25.109516143798828,25.728803634643555,26.41741943359375,27.020132064819336,28.362873077392578
23.205421447753906,23.837024688720703,24.271846771240234,24.527862548828125,24.999706268310547,25.294185638427734,25.57788848876953,26.128515243530273,26.656688690185547,27.763996124267578
23.10674285888672,23.761362075805664,24.191408157348633,24.344003677368164,24.82630157470703,25.13389778137207,25.601247787475586,26.05715560913086,26.757509231567383,28.310081481933594
23.256898880004883,23.671405792236328,24.137392044067383,24.38599395751953,24.77425193786621,25.470413208007812,25.706787109375,26.22368621826172,26.893808364868164,27.7692813873291
23.264686584472656,23.830158233642578,24.260684967041016,24.62470245361328,24.989004135131836,25.433565139770508,25.726425170898438,26.13294792175293,26.867849349975586,28.229284286499023
23.27318572998047,23.688405990600586,24.243886947631836,24.50995445251465,24.841941833496094,25.147716522216797,25.533876419067383,25.934240341186523,26.50352668762207,28.33585548400879
23.297927856445312,23.607194900512695,24.163240432739258,24.481508255004883,24.754981994628906,25.063922882080078,25.598661422729492,26.202028274536133,26.68361473083496,28.107677459716797
23.25516128540039,23.720703125,24.233041763305664,24.630489349365234,24.970874786376953,25.324155807495117,25.992435455322266,26.311792373657227,27.29405975341797,28.855472564697266
23.236230850219727,23.847929000854492,24.29305648803711,24.581850051879883,24.89055061340332,25.323192596435547,25.816450119018555,26.220197677612305,27.00794219970703,28.638996124267578
23.02161979675293,23.85071563720703,24.299684524536133,24.613327026367188,24.981355667114258,25.25994300842285,25.69293212890625,26.387901306152344,26.584917068481445,28.274551391601562
23.248140335083008,23.702877044677734,24.207843780517578,24.41331672668457,24.914676666259766,25.210960388183594,25.571691513061523,26.313920974731445,27.2412109375,28.81439971923828
23.063688278198242,23.777612686157227,24.150686264038086,24.660863876342773,25.11368751525879,25.550527572631836,26.1704158782959,26.48822021484375,27.491846084594727,28.586545944213867
23.313932418823242,23.642608642578125,24.16012191772461,24.58498191833496,25.251676559448242,25.556894302368164,25.929773330688477,26.267915725708008,26.98187255859375,28.584720611572266
23.148927688598633,23.739017486572266,24.2609920501709,24.635208129882812,24.862600326538086,25.305355072021484,25.73271942138672,26.449466705322266,26.75271224975586,28.635019302368164
23.06427001953125,23.453035354614258,24.006511688232422,24.32451057434082,24.771621704101562,25.427900314331055,25.555419921875,26.06429100036621,26.990732192993164,28.373746871948242
23.22528076171875,23.864723205566406,24.127819061279297,24.570791244506836,24.76426124572754,25.245563507080078,25.62921142578125,25.83855628967285,26.57681655883789,28.325668334960938
23.623218536376953,23.76535987854004,24.271888732910156,24.486621856689453,24.856281280517578,25.329544067382812,25.512601852416992,25.960493087768555,26.58119773864746,28.374479293823242
23.02241325378418,23.606340408325195,24.111967086791992,24.51213836669922,24.801389694213867,25.25748062133789,25.676132202148438,26.29679298400879,27.241947174072266,28.408538818359375
22.947776794433594,23.788856506347656,24.03463363647461,24.462862014770508,24.768381118774414,25.234912872314453,25.60779571533203,26.06487464904785,26.511682510375977,28.078893661499023
23.254735946655273,23.60695457458496,24.022464752197266,24.448556900024414,24.693819046020508,25.222795486450195,25.611080169677734,26.102767944335938,26.55474853515625,28.3781681060791
23.26525115966797,23.77577781677246,24.291675567626953,24.635913848876953,25.018362045288086,25.257448196411133,25.823984146118164,26.074321746826172,26.943191528320312,28.876371383666992
23.20568084716797,23.688724517822266,24.26049041748047,24.508771896362305,25.08489418029785,25.60978126525879,25.958459854125977,26.533430099487305,27.10465431213379,28.298355102539062
23.22825813293457,23.88164520263672,24.16596221923828,24.438215255737305,24.750513076782227,25.15021514892578,25.684419631958008,26.208820343017578,26.620067596435547,28.39876937866211
22.891895294189453,24.00775718688965,24.142301559448242,24.7860164642334,24.99350357055664,25.603315353393555,25.77549934387207,26.289159774780273,27.17656707763672,28.374858856201172
23.06110954284668,23.509984970092773,24.099653244018555,24.41803550720215,25.06784439086914,25.272869110107422,25.61089324951172,25.924325942993164,26.900617599487305,28.488643646240234
22.899179458618164,23.593656539916992,24.245651245117188,24.549556732177734,24.98711395263672,25.3569278717041,25.761035919189453,26.214860916137695,27.018949508666992,28.169261932373047
23.341737747192383,23.878707885742188,24.182376861572266,24.542997360229492,25.03986930847168,25.347261428833008,25.56319808959961,26.433269500732422,27.11563491821289,28.912506103515625
23.231952667236328,23.66544532775879,23.95563316345215,24.476600646972656,24.716266632080078,25.319026947021484,25.641525268554688,26.008508682250977,26.808834075927734,28.021392822265625
23.184045791625977,23.703142166137695,24.23832893371582,24.54993438720703,25.05016326904297,25.451454162597656,25.763784408569336,26.353553771972656,26.894916534423828,28.736234664916992
23.01548194885254,23.60191535949707,23.90814208984375,24.378950119018555,24.825119018554688,25.122024536132812,25.609546661376953,26.429168701171875,27.043865203857422,28.329315185546875
23.254928588867188,23.70668601989746,24.100584030151367,24.5858097076416,25.00035858154297,25.20209503173828,25.655805587768555,25.996496200561523,26.5563907623291,28.17998695373535
22.938886642456055,23.612152099609375,24.105920791625977,24.310218811035156,24.73819351196289,25.05063819885254,25.460100173950195,26.009471893310547,26.655109405517578,27.816884994506836
23.093564987182617,23.60346221923828,23.996578216552734,24.395530700683594,24.7258358001709,25.24321937561035,25.48823356628418,26.082605361938477,26.7443790435791,28.8271427154541
23.05697250366211,23.830339431762695,23.963729858398438,24.401315689086914,24.7145938873291,25.083377838134766,25.5474910736084,26.015356063842773,26.72400665283203,28.29730987548828
23.61542320251465,23.770334243774414,24.18880271911621,24.710285186767578,24.939462661743164,25.312149047851562,25.78207015991211,26.32944679260254,26.761199951171875,28.565099716186523
23.237810134887695,23.745620727539062,23.974987030029297,24.41904640197754,24.876455307006836,25.232830047607422,25.71885108947754,26.10212516784668,26.890851974487305,28.526147842407227
23.033946990966797,23.675142288208008,23.991676330566406,24.602462768554688,24.809650421142578,25.139080047607422,25.72414779663086,25.953338623046875,26.878440856933594,28.68905258178711
22.95213508605957,23.64544677734375,24.257179260253906,24.498607635498047,24.78347396850586,25.552703857421875,25.949462890625,26.37638282775879,27.611234664916992,28.672807693481445
23.204145431518555,23.703981399536133,24.078350067138672,24.297706604003906,24.715208053588867,25.24366569519043,25.522842407226562,26.245464324951172,26.909496307373047,28.610395431518555
23.378463745117188,23.745718002319336,24.22661590576172,24.55731773376465,25.080625534057617,25.51165008544922,25.94050407409668,26.394861221313477,26.846155166625977,28.776155471801758
23.001541137695312,23.801956176757812,23.974191665649414,24.64592742919922,24.781856536865234,25.241905212402344,25.72723960876465,26.15216064453125,27.057891845703125,28.364566802978516
23.400924682617188,23.730525970458984,24.130849838256836,24.32992172241211,24.90934181213379,25.169757843017578,25.686569213867188,26.25937843322754,26.846559524536133,28.814197540283203
23.25454330444336,23.714292526245117,24.118057250976562,24.518346786499023,24.720718383789062,24.952207565307617,25.442556381225586,25.939638137817383,26.807249069213867,28.248817443847656
23.04698371887207,23.782209396362305,24.223312377929688,24.631929397583008,24.900148391723633,25.37765121459961,25.589569091796875,26.201997756958008,27.350711822509766,28.779279708862305
23.126359939575195,23.82625389099121,24.03618049621582,24.511932373046875,24.751127243041992,25.17323875427246,25.73138999938965,26.138912200927734,26.94393539428711,28.312332153320312
23.28919792175293,24.01217269897461,24.19687843322754,24.65854263305664,25.003398895263672,25.434946060180664,25.77505874633789,26.1303653717041,26.788063049316406,28.269969940185547
23.240947723388672,24.008947372436523,24.154592514038086,24.57648277282715,24.86920738220215,25.486101150512695,25.90070152282715,26.342803955078125,27.184322357177734,28.836402893066406
23.26527976989746,23.878652572631836,24.1460018157959,24.550247192382812,24.830406188964844,25.260133743286133,25.630340576171875,26.218326568603516,26.671829223632812,27.906484603881836
23.076583862304688,23.508039474487305,24.09617805480957,24.56294059753418,24.91297149658203,25.144207000732422,25.841167449951172,26.123449325561523,26.566965103149414,28.59275245666504
23.036460876464844,23.638648986816406,24.046279907226562,24.48988914489746,24.803354263305664,24.92974090576172,25.335338592529297,25.697418212890625,26.34906005859375,28.544248580932617
23.059690475463867,23.82154083251953,24.13387680053711,24.614896774291992,24.813806533813477,25.2357120513916,25.733463287353516,26.044750213623047,26.804519653320312,28.740049362182617
23.039573669433594,23.600412368774414,24.080535888671875,24.523099899291992,24.73992347717285,25.175067901611328,25.365131378173828,26.024826049804688,26.524782180786133,28.157732009887695
23.077327728271484,23.51648712158203,24.1020565032959,24.506742477416992,24.860422134399414,25.40888214111328,25.655323028564453,26.313720703125,27.331912994384766,28.607160568237305
23.067901611328125,23.628822326660156,23.91309356689453,24.313325881958008,24.70195960998535,24.970508575439453,25.498462677001953,25.877843856811523,26.47051239013672,27.82505226135254
23.219877243041992,23.58376121520996,24.089282989501953,24.441448211669922,24.733583450317383,25.16828155517578,25.456409454345703,25.896543502807617,26.43125343322754,28.021488189697266
23.20482635498047,23.656421661376953,24.047874450683594,24.443693161010742,24.725433349609375,25.40953826904297,25.730491638183594,26.04582405090332,26.97599220275879,28.545047760009766
23.22726058959961,23.50787925720215,23.970355987548828,24.53476905822754,24.80388832092285,25.199440002441406,25.619678497314453,26.224424362182617,26.834672927856445,27.811811447143555
23.066734313964844,23.65593719482422,24.161943435668945,24.42093276977539,24.778791427612305,25.30537223815918,25.71249008178711,26.518428802490234,26.745441436767578,28.231483459472656
23.160322189331055,23.665433883666992,24.113563537597656,24.556194305419922,24.883094787597656,25.326887130737305,25.823719024658203,26.291988372802734,26.758554458618164,28.610219955444336
22.790517807006836,23.809978485107422,24.073328018188477,24.49109649658203,25.051414489746094,25.233179092407227,25.599472045898438,25.99098777770996,26.849029541015625,28.779638290405273
23.13837432861328,23.82330894470215,24.022018432617188,24.420434951782227,24.745208740234375,25.18938446044922,25.62854766845703,26.2075138092041,26.820724487304688,28.236196517944336
23.426679611206055,23.637510299682617,24.112232208251953,24.474061965942383,24.75933837890625,25.192386627197266,25.492328643798828,26.025917053222656,26.36884307861328,29.004785537719727
23.14506721496582,23.740615844726562,24.17377471923828,24.402099609375,24.755800247192383,25.11849021911621,25.681432723999023,26.167938232421875,26.577022552490234,28.590173721313477
23.392911911010742,23.820581436157227,24.232629776000977,24.484121322631836,24.9062557220459,25.21025848388672,25.665992736816406,26.08169937133789,26.6835880279541,28.44781494140625
23.266117095947266,24.066144943237305,24.278045654296875,24.546754837036133,24.863262176513672,25.29624366760254,25.595548629760742,26.234874725341797,26.988792419433594,29.214126586914062
23.221181869506836,23.824186325073242,24.262678146362305,24.542037963867188,24.89292335510254,25.316274642944336,25.542407989501953,26.18712615966797,26.559711456298828,28.28046417236328
23.243070602416992,23.838491439819336,24.181198120117188,24.69968605041504,24.96324920654297,25.324604034423828,25.82826042175293,26.474817276000977,27.096559524536133,28.59779167175293
23.05986213684082,23.739707946777344,24.084692001342773,24.534635543823242,24.9154109954834,25.203659057617188,25.66775131225586,26.086870193481445,26.736860275268555,28.31032943725586
23.195405960083008,23.625761032104492,24.12405776977539,24.388019561767578,24.787071228027344,25.27364730834961,25.725997924804688,26.28790855407715,26.894222259521484,28.337133407592773
23.168960571289062,23.78073501586914,24.29228401184082,24.530925750732422,25.020713806152344,25.274093627929688,25.604394912719727,26.414051055908203,26.88048553466797,28.473922729492188
22.82799530029297,23.50476837158203,24.133892059326172,24.535734176635742,24.740398406982422,25.174829483032227,25.565011978149414,26.29158592224121,27.431629180908203,28.659690856933594
22.973613739013672,23.603981018066406,23.892169952392578,24.316486358642578,24.82024574279785,25.053600311279297,25.468774795532227,25.82937240600586,26.696392059326172,29.78998565673828
22.92272186279297,23.51189613342285,24.17201805114746,24.491004943847656,24.818700790405273,25.001951217651367,25.602115631103516,25.778141021728516,26.638336181640625,27.952465057373047
23.030824661254883,23.551494598388672,24.039087295532227,24.462066650390625,24.892414093017578,25.482669830322266,26.038454055786133,26.257781982421875,27.232486724853516,28.722339630126953
23.442951202392578,23.8123722076416,24.259586334228516,24.632335662841797,24.859420776367188,25.43665313720703,25.736011505126953,26.189273834228516,26.822385787963867,28.05026626586914
23.244659423828125,23.668212890625,24.136959075927734,24.552705764770508,24.87061882019043,25.207918167114258,25.623865127563477,26.1052188873291,27.209518432617188,28.401981353759766
23.24867820739746,23.67828941345215,24.07684898376465,24.359329223632812,24.69062042236328,25.114797592163086,25.581907272338867,26.042444229125977,26.287620544433594,27.609560012817383
23.243186950683594,23.843557357788086,24.09664535522461,24.70278549194336,24.95221710205078,25.442811965942383,26.021419525146484,26.31158447265625,27.100933074951172,28.544282913208008
23.04595947265625,23.571414947509766,24.122047424316406,24.466299057006836,24.81966209411621,25.353713989257812,25.80829620361328,26.154773712158203,26.625228881835938,28.634777069091797
23.176555633544922,23.452856063842773,24.193681716918945,24.521015167236328,24.79775047302246,25.00963592529297,25.73139190673828,26.212642669677734,26.667627334594727,28.34124755859375
23.089616775512695,23.863182067871094,24.091144561767578,24.39042854309082,24.87908935546875,25.306100845336914,25.548105239868164,26.807270050048828,27.08393096923828,28.600162506103516
23.2183780670166,23.82011604309082,24.254785537719727,24.618175506591797,25.10565185546875,25.313879013061523,25.7570743560791,26.197839736938477,27.086334228515625,29.02643394470215
23.284698486328125,23.476245880126953,24.079254150390625,24.46625518798828,24.747865676879883,25.123720169067383,25.65485954284668,26.09543800354004,26.84638214111328,28.911968231201172
23.247413635253906,24.000707626342773,24.1992130279541,24.52816390991211,24.804962158203125,25.246749877929688,25.754253387451172,26.225770950317383,26.885955810546875,29.323022842407227
23.043548583984375,23.512086868286133,24.229148864746094,24.38569450378418,24.8160343170166,25.07712745666504,25.511381149291992,26.04474449157715,26.68543243408203,28.410037994384766
23.458505630493164,23.755849838256836,24.216323852539062,24.7615909576416,25.261924743652344,25.73288345336914,25.97756004333496,26.65193748474121,27.071680068969727,28.8708553314209
23.170028686523438,23.728240966796875,24.22233009338379,24.51618194580078,24.76188850402832,25.225662231445312,25.598358154296875,25.945526123046875,26.697010040283203,28.404170989990234
23.051054000854492,23.494213104248047,23.98212432861328,24.304683685302734,24.69230842590332,25.17060661315918,25.744178771972656,26.310731887817383,27.004335403442383,29.102109909057617
23.143144607543945,23.69252586364746,23.945770263671875,24.478845596313477,24.85707664489746,25.219482421875,25.52508544921875,26.136611938476562,26.546836853027344,28.407529830932617
22.925254821777344,23.5747013092041,24.077777862548828,24.422386169433594,24.77870750427246,25.200870513916016,25.35443115234375,25.938114166259766,26.19498634338379,28.7023868560791
23.29625701904297,23.77417755126953,24.25969886779785,24.79600715637207,25.075801849365234,25.48324966430664,26.02511978149414,26.465057373046875,27.435503005981445,28.64019203186035
23.15800666809082,23.852691650390625,24.381324768066406,24.536277770996094,24.943090438842773,25.320899963378906,25.773712158203125,26.204849243164062,26.835102081298828,28.85398292541504
23.242902755737305,23.82224464416504,24.16364097595215,24.661998748779297,25.075855255126953,25.74285888671875,25.98185157775879,26.713903427124023,27.067848205566406,28.587852478027344
22.95871353149414,23.333358764648438,23.967308044433594,24.198379516601562,24.58878517150879,25.076692581176758,25.44295883178711,25.758407592773438,26.82680320739746,27.854324340820312
23.330751419067383,23.694116592407227,24.102703094482422,24.672502517700195,24.96717071533203,25.318784713745117,25.744611740112305,25.99693489074707,26.8232421875,28.46226692199707
22.918933868408203,23.660762786865234,23.875150680541992,24.36817169189453,24.725749969482422,25.227033615112305,25.815738677978516,25.988948822021484,26.611068725585938,28.349340438842773
23.122411727905273,23.69678497314453,24.15658187866211,24.571622848510742,25.040348052978516,25.413410186767578,25.703060150146484,26.296010971069336,27.24555015563965,28.310617446899414
23.07121467590332,23.708982467651367,24.16124725341797,24.600967407226562,25.006542205810547,25.19180679321289,25.672401428222656,26.037202835083008,26.646320343017578,28.241167068481445
23.028121948242188,23.645450592041016,24.271543502807617,24.717674255371094,24.977495193481445,25.449419021606445,25.916772842407227,27.030176162719727,27.46051597595215,28.676097869873047
23.248350143432617,23.670738220214844,24.261917114257812,24.514060974121094,25.028505325317383,25.341651916503906,25.671993255615234,26.444616317749023,26.730737686157227,28.575607299804688
23.144115447998047,23.919170379638672,24.2557315826416,24.558683395385742,24.94059181213379,25.222246170043945,25.62982749938965,26.04412269592285,26.552562713623047,28.53697395324707
22.929676055908203,23.89632797241211,24.233980178833008,24.626094818115234,25.040727615356445,25.313222885131836,26.077098846435547,26.315887451171875,26.79431915283203,28.517990112304688
23.235336303710938,23.835599899291992,24.245990753173828,24.563940048217773,25.074647903442383,25.546222686767578,25.997699737548828,26.61000633239746,27.033464431762695,28.82623863220215
23.12738800048828,23.56637954711914,24.152725219726562,24.532201766967773,25.036922454833984,25.301101684570312,25.64342498779297,26.03175926208496,26.900634765625,28.164127349853516
23.08287811279297,23.584463119506836,24.147123336791992,24.513137817382812,24.900461196899414,25.137832641601562,25.74213409423828,26.27419662475586,26.93268394470215,28.317880630493164
23.078392028808594,23.62116813659668,24.224660873413086,24.552898406982422,24.90239143371582,25.342500686645508,26.036779403686523,26.406841278076172,26.717864990234375,28.28618812561035
23.33833122253418,23.73533058166504,24.229642868041992,24.5272274017334,24.912940979003906,25.151126861572266,25.64905548095703,26.23985481262207,26.85945701599121,28.268869400024414
23.096614837646484,23.64251708984375,24.39053726196289,24.535829544067383,25.212181091308594,25.40683364868164,25.87689781188965,26.16196632385254,26.713037490844727,28.250137329101562
23.099807739257812,23.568552017211914,24.09711265563965,24.392822265625,24.808992385864258,25.122528076171875,25.665130615234375,26.29548454284668,27.034162521362305,28.50522804260254
23.106279373168945,23.769603729248047,24.058252334594727,24.50330924987793,24.83218765258789,24.9619197845459,25.542387008666992,26.24951171875,26.70659637451172,28.230712890625
23.038375854492188,23.418201446533203,23.99892807006836,24.44965171813965,24.780960083007812,25.262235641479492,25.632537841796875,26.287704467773438,26.80265235900879,29.253612518310547
23.029022216796875,23.67466163635254,24.26998519897461,24.562265396118164,24.89353370666504,25.253231048583984,25.599634170532227,26.041019439697266,26.612592697143555,27.960485458374023
23.045921325683594,23.719945907592773,24.230833053588867,24.438745498657227,24.85671043395996,25.300790786743164,25.833627700805664,26.278329849243164,26.629531860351562,27.783164978027344
23.32750701904297,23.874134063720703,24.061386108398438,24.64409065246582,25.115158081054688,25.28426170349121,25.703678131103516,26.42116355895996,26.849164962768555,28.351200103759766
23.052677154541016,23.702890396118164,24.153928756713867,24.502946853637695,24.850505828857422,25.10838508605957,25.531295776367188,25.798404693603516,26.564029693603516,28.317373275756836
22.95124626159668,23.5242977142334,24.085390090942383,24.34235954284668,24.658958435058594,24.935989379882812,25.499296188354492,25.774396896362305,26.676607131958008,28.033039093017578
23.152402877807617,23.723222732543945,24.091503143310547,24.501914978027344,25.027320861816406,25.181169509887695,25.755123138427734,26.118432998657227,26.797401428222656,27.987436294555664
23.16822052001953,23.575284957885742,24.11388397216797,24.638525009155273,25.007871627807617,25.544010162353516,25.975292205810547,26.621829986572266,26.952850341796875,28.343017578125
23.258262634277344,23.83153533935547,24.095436096191406,24.464920043945312,24.71910285949707,25.104475021362305,25.553359985351562,26.11338233947754,26.954328536987305,29.242456436157227
23.152402877807617,23.388164520263672,23.972614288330078,24.442306518554688,24.727235794067383,25.11334800720215,25.51723289489746,26.070362091064453,26.706098556518555,28.766958236694336
23.119497299194336,23.85651397705078,24.275094985961914,24.504966735839844,24.95183753967285,25.365924835205078,25.554882049560547,26.359390258789062,28.024885177612305,29.163536071777344
23.266761779785156,23.699504852294922,24.013151168823242,24.408803939819336,24.765914916992188,25.211185455322266,25.60822105407715,25.862642288208008,26.71712875366211,28.229354858398438
22.97576332092285,23.85117530822754,24.40041160583496,24.60099983215332,25.040287017822266,25.46068000793457,25.91362762451172,26.64293670654297,27.262466430664062,28.733213424682617
22.795387268066406,23.5534725189209,24.076248168945312,24.62438201904297,24.89612579345703,25.335098266601562,25.756229400634766,26.518680572509766,27.404876708984375,29.017066955566406
23.27475929260254,23.77300453186035,24.090221405029297,24.612590789794922,24.799041748046875,25.360271453857422,25.746767044067383,26.418935775756836,27.09418296813965,28.376605987548828
23.438640594482422,23.595664978027344,24.22478675842285,24.529069900512695,24.985254287719727,25.36115837097168,25.76589584350586,26.169471740722656,26.713281631469727,28.680500030517578
23.06597137451172,23.87520980834961,24.168621063232422,24.523853302001953,24.979040145874023,25.337217330932617,25.81647300720215,26.025232315063477,26.833044052124023,28.443511962890625
23.215972900390625,23.60385513305664,24.131555557250977,24.395326614379883,24.900482177734375,25.27428436279297,25.594545364379883,26.148311614990234,26.92336654663086,28.53575325012207
22.736572265625,23.530288696289062,24.143115997314453,24.626676559448242,24.850784301757812,25.17965316772461,25.826940536499023,26.255718231201172,26.87310791015625,28.63433837890625
23.066722869873047,23.773963928222656,24.06528091430664,24.349822998046875,24.8508243560791,25.224342346191406,25.640426635742188,26.022987365722656,26.82967185974121,28.332021713256836
23.095809936523438,23.73052406311035,24.131568908691406,24.575838088989258,24.924367904663086,25.274330139160156,25.724761962890625,26.118331909179688,26.824901580810547,28.95929527282715
23.294281005859375,23.713298797607422,24.075294494628906,24.455347061157227,24.806270599365234,25.22907066345215,25.570880889892578,26.29519271850586,27.08698844909668,29.238910675048828
23.137697219848633,23.635080337524414,24.25596046447754,24.502775192260742,24.87541389465332,25.19074249267578,25.4841365814209,25.980300903320312,26.285409927368164,28.182418823242188
23.099096298217773,23.358518600463867,23.867511749267578,24.35430145263672,24.81467056274414,25.118728637695312,25.338951110839844,25.967735290527344,26.85882568359375,28.425922393798828
23.14756965637207,23.7442684173584,24.055381774902344,24.331470489501953,24.708942413330078,25.20417594909668,25.520816802978516,26.004671096801758,27.20296859741211,28.207340240478516
23.380908966064453,23.930618286132812,24.308610916137695,24.729816436767578,25.134109497070312,25.64401626586914,26.107906341552734,26.381879806518555,27.247589111328125,28.768238067626953
23.406476974487305,23.67120933532715,24.141895294189453,24.549577713012695,25.045988082885742,25.235759735107422,25.627925872802734,26.10587501525879,27.027366638183594,28.347030639648438
23.294038772583008,23.653003692626953,24.228017807006836,24.569368362426758,25.050989151000977,25.46875762939453,25.923051834106445,26.435741424560547,27.15424346923828,28.60560417175293
23.206436157226562,23.794681549072266,24.239805221557617,24.59111976623535,24.893077850341797,25.275049209594727,25.6762752532959,26.217647552490234,27.090560913085938,28.22913932800293
23.272613525390625,23.777389526367188,24.034072875976562,24.558866500854492,24.965147018432617,25.363298416137695,25.584165573120117,26.44081687927246,26.592803955078125,28.03070068359375
23.010889053344727,23.755952835083008,24.212047576904297,24.396652221679688,24.789897918701172,25.369590759277344,25.710405349731445,26.150121688842773,27.200910568237305,28.466459274291992
22.966493606567383,23.64639663696289,24.22911834716797,24.594959259033203,24.963390350341797,25.422792434692383,25.754085540771484,26.282405853271484,26.83599281311035,28.163389205932617
22.97946548461914,23.81089210510254,24.212533950805664,24.527158737182617,25.032859802246094,25.471527099609375,25.746679306030273,26.253673553466797,26.936105728149414,28.531917572021484
23.28261947631836,23.737424850463867,24.17473793029785,24.80179214477539,25.04633331298828,25.3350772857666,25.785247802734375,26.123655319213867,26.684494018554688,28.42746925354004
23.064172744750977,23.55770492553711,24.13939666748047,24.61614227294922,24.84406852722168,25.160259246826172,25.749317169189453,26.41798973083496,27.014110565185547,28.427701950073242
23.22334098815918,23.502763748168945,24.052465438842773,24.341552734375,24.66822052001953,24.9136905670166,25.298734664916992,25.849828720092773,26.534555435180664,27.98634910583496
23.058828353881836,23.751615524291992,24.12735366821289,24.63509178161621,25.097476959228516,25.431278228759766,26.045080184936523,26.449138641357422,27.627761840820312,29.43125343322754
22.990917205810547,23.558340072631836,24.04924964904785,24.426416397094727,24.82752799987793,25.419729232788086,25.709335327148438,26.22052574157715,26.82111167907715,28.35018539428711
23.242826461791992,23.81573486328125,24.190155029296875,24.459444046020508,25.055801391601562,25.435977935791016,25.736440658569336,26.416898727416992,27.26130485534668,28.333377838134766
23.094457626342773,23.831680297851562,24.001415252685547,24.443063735961914,24.914142608642578,25.158117294311523,25.68950843811035,26.043354034423828,26.672719955444336,27.912641525268555
23.162992477416992,23.679475784301758,24.175743103027344,24.684524536132812,24.980409622192383,25.330684661865234,25.79949378967285,26.470008850097656,26.806747436523438,28.84247589111328
23.269065856933594,23.844289779663086,24.303897857666016,24.58501434326172,24.926637649536133,25.359615325927734,25.872882843017578,26.14417266845703,26.856966018676758,28.6931095123291
23.199167251586914,23.700651168823242,24.256038665771484,24.484025955200195,25.04581069946289,25.477109909057617,25.727750778198242,26.302698135375977,27.14243507385254,28.594688415527344
23.283212661743164,23.893484115600586,24.411701202392578,24.711267471313477,24.95865249633789,25.438508987426758,25.757654190063477,26.546445846557617,26.953754425048828,28.29332160949707
23.083646774291992,23.622608184814453,24.22934913635254,24.492769241333008,24.951934814453125,25.461645126342773,26.282222747802734,26.649272918701172,27.803428649902344,29.134071350097656
23.10433578491211,23.834636688232422,23.98561668395996,24.474252700805664,25.053468704223633,25.439132690429688,25.74571418762207,26.563995361328125,26.776498794555664,28.601715087890625
22.957990646362305,23.701297760009766,23.990894317626953,24.39510726928711,24.8308162689209,25.343265533447266,25.53383445739746,26.10053253173828,26.40511131286621,28.0063533782959
23.02464485168457,23.55021858215332,24.120197296142578,24.551713943481445,24.73499870300293,25.234058380126953,25.62579345703125,26.212051391601562,26.714414596557617,28.49740219116211
23.021875381469727,23.79966163635254,24.169151306152344,24.486034393310547,24.886457443237305,25.16912269592285,25.669921875,26.113439559936523,26.716005325317383,28.448680877685547
23.293664932250977,23.78993797302246,24.171594619750977,24.52410888671875,24.93743324279785,25.26258659362793,25.448671340942383,26.075185775756836,26.693923950195312,28.298978805541992
23.104589462280273,23.78789520263672,24.16697883605957,24.58074188232422,25.042278289794922,25.32404136657715,25.736669540405273,26.465007781982422,27.46833610534668,28.540559768676758
22.840471267700195,23.61309051513672,24.10004425048828,24.53831672668457,24.89299964904785,25.24367904663086,25.693754196166992,26.127262115478516,26.786285400390625,28.066226959228516
22.949899673461914,23.56210708618164,23.904747009277344,24.437509536743164,24.67864418029785,25.029407501220703,25.294219970703125,26.022939682006836,26.21869468688965,27.750478744506836
23.276643753051758,23.840106964111328,24.235023498535156,24.379005432128906,24.866230010986328,25.245210647583008,25.640033721923828,25.948965072631836,26.691383361816406,28.298513412475586
22.975616455078125,23.59310531616211,23.987329483032227,24.391040802001953,24.800512313842773,25.416399002075195,25.68221092224121,26.03000831604004,26.590927124023438,27.955171585083008
23.379491806030273,24.03050994873047,24.257362365722656,24.56797218322754,25.022066116333008,25.28931427001953,25.59494400024414,26.02983856201172,26.49880027770996,27.837467193603516
23.335561752319336,23.549089431762695,23.96592903137207,24.57247543334961,24.796628952026367,25.28942108154297,25.64147186279297,26.071880340576172,26.784196853637695,28.07221031188965
23.180898666381836,23.830293655395508,24.32887840270996,24.58246612548828,24.894428253173828,25.456504821777344,26.06072425842285,26.199153900146484,27.00891876220703,28.698577880859375
23.154891967773438,23.716035842895508,24.138280868530273,24.531002044677734,24.884090423583984,25.344980239868164,25.69564437866211,26.23228645324707,27.45380210876465,28.88148307800293
22.878475189208984,23.71882438659668,24.128143310546875,24.507843017578125,24.76776695251465,25.226207733154297,25.45701026916504,26.062292098999023,26.366104125976562,27.717294692993164
22.85559844970703,23.66224479675293,24.266475677490234,24.613340377807617,24.754323959350586,25.179216384887695,25.66193199157715,26.145734786987305,27.097082138061523,28.823944091796875
23.3264102935791,23.810626983642578,24.078706741333008,24.37929344177246,25.025697708129883,25.15837860107422,25.688583374023438,26.114675521850586,26.76766014099121,28.04787826538086
23.265888214111328,23.734214782714844,24.221790313720703,24.495397567749023,24.903301239013672,25.333478927612305,26.01456069946289,26.455251693725586,26.932411193847656,28.344087600708008
23.139171600341797,23.60541343688965,24.12125587463379,24.440767288208008,24.695587158203125,25.026891708374023,25.393661499023438,25.91740608215332,26.809038162231445,28.598806381225586
22.748641967773438,23.612648010253906,23.85393714904785,24.294225692749023,24.659835815429688,25.09035301208496,25.433216094970703,25.85088348388672,26.30027198791504,27.97262954711914
23.06482696533203,23.619781494140625,24.183008193969727,24.584941864013672,25.098674774169922,25.442235946655273,26.07431983947754,26.434036254882812,27.25768280029297,29.404327392578125
23.139083862304688,23.832910537719727,24.109649658203125,24.470922470092773,24.71344757080078,25.21006202697754,25.52745246887207,25.9435977935791,26.465097427368164,27.96643829345703
22.967201232910156,23.82282829284668,24.25069808959961,24.562374114990234,24.918581008911133,25.212806701660156,25.615163803100586,26.130800247192383,26.745525360107422,28.955347061157227
23.25837516784668,23.683717727661133,24.09935760498047,24.45701789855957,24.862152099609375,25.2458553314209,25.57992172241211,26.268613815307617,26.675527572631836,28.75685691833496
23.264101028442383,23.621925354003906,24.237842559814453,24.360490798950195,24.994483947753906,25.18796157836914,25.66961669921875,26.132110595703125,26.722227096557617,28.171892166137695
23.232044219970703,23.823993682861328,24.138219833374023,24.811384201049805,24.930198669433594,25.34417724609375,26.20420265197754,26.42886734008789,27.3610782623291,28.815710067749023
23.15249252319336,23.824426651000977,23.989437103271484,24.56102180480957,24.93743133544922,25.297203063964844,25.88297462463379,26.414030075073242,26.875736236572266,28.207368850708008
23.109996795654297,23.655744552612305,23.99187660217285,24.564373016357422,24.796138763427734,25.233720779418945,25.742090225219727,26.188339233398438,26.888763427734375,28.085620880126953
23.284257888793945,23.79930305480957,24.200498580932617,24.61785888671875,24.760757446289062,25.185087203979492,25.661718368530273,25.918670654296875,26.573810577392578,28.324419021606445
22.92567253112793,23.689666748046875,23.96209716796875,24.40627098083496,24.670948028564453,24.94801902770996,25.295574188232422,25.801029205322266,26.234678268432617,28.163694381713867
23.07733917236328,23.443056106567383,24.00182342529297,24.44749641418457,24.612812042236328,24.91448402404785,25.343965530395508,25.831071853637695,26.611812591552734,27.894393920898438
23.166872024536133,23.78375816345215,24.422222137451172,24.559011459350586,25.036178588867188,25.275108337402344,25.688291549682617,26.12119483947754,27.44057273864746,29.235536575317383
22.86661148071289,23.309415817260742,23.95619773864746,24.455974578857422,24.835172653198242,25.1143741607666,25.621267318725586,25.947792053222656,26.97013282775879,28.78109359741211
23.170385360717773,23.70794677734375,24.002975463867188,24.454700469970703,24.700443267822266,25.28574562072754,25.545055389404297,25.959671020507812,26.530153274536133,28.158660888671875
23.129119873046875,23.64331817626953,24.183570861816406,24.67378044128418,25.089557647705078,25.436552047729492,25.926162719726562,26.385665893554688,26.917404174804688,28.32272720336914
23.411779403686523,23.58096694946289,23.951250076293945,24.364309310913086,24.71503448486328,25.051286697387695,25.40317726135254,25.842819213867188,26.558317184448242,28.04895782470703
23.41482162475586,23.577417373657227,24.310626983642578,24.650066375732422,25.072059631347656,25.334856033325195,25.72894287109375,26.389719009399414,26.949182510375977,28.694150924682617
23.243619918823242,23.691471099853516,24.18498420715332,24.522476196289062,24.786376953125,25.286108016967773,25.768531799316406,26.080081939697266,26.929235458374023,28.378477096557617
23.03939437866211,23.531583786010742,23.97054672241211,24.46739959716797,24.81926155090332,25.360164642333984,25.578786849975586,26.019052505493164,26.666715621948242,29.278005599975586
23.13384437561035,23.71625328063965,24.251739501953125,24.67033576965332,24.947790145874023,25.471588134765625,26.02058982849121,26.254837036132812,27.026796340942383,28.38147735595703
23.09446907043457,23.846406936645508,24.277727127075195,24.824703216552734,25.04168128967285,25.532146453857422,26.02195167541504,26.526514053344727,27.041465759277344,28.743335723876953
22.951053619384766,23.632583618164062,23.893348693847656,24.43077850341797,24.682405471801758,25.004243850708008,25.348230361938477,25.73617172241211,26.64802360534668,28.11343765258789
22.92324447631836,23.801258087158203,24.225296020507812,24.37187957763672,24.778703689575195,25.083789825439453,25.47277069091797,26.277490615844727,26.698156356811523,27.920778274536133
23.222763061523438,23.70001220703125,24.24455451965332,24.39518928527832,24.928651809692383,25.187740325927734,25.884286880493164,26.184650421142578,26.680360794067383,28.392684936523438
23.078046798706055,23.693805694580078,24.143125534057617,24.345069885253906,24.925119400024414,25.154457092285156,25.503332138061523,25.836936950683594,26.40032386779785,28.594938278198242
23.123300552368164,23.56779670715332,24.16611671447754,24.378585815429688,24.907238006591797,25.197101593017578,25.656742095947266,26.03745460510254,26.744640350341797,28.60915756225586
23.05972671508789,23.830245971679688,24.228595733642578,24.631162643432617,24.876684188842773,25.22458839416504,25.664989471435547,26.009021759033203,26.36412239074707,27.956985473632812
23.054439544677734,23.699209213256836,24.087398529052734,24.339677810668945,24.855566024780273,25.164594650268555,25.670616149902344,26.015737533569336,26.763341903686523,28.099441528320312
23.33119010925293,23.68732261657715,24.267623901367188,24.77500343322754,25.16153907775879,25.438962936401367,25.831674575805664,26.23674201965332,26.91363525390625,28.133575439453125
23.16212272644043,23.728384017944336,24.179889678955078,24.531566619873047,24.918968200683594,25.188140869140625,25.715682983398438,26.472087860107422,27.258703231811523,28.948768615722656
22.8994140625,23.758331298828125,24.051069259643555,24.510982513427734,24.813011169433594,25.308048248291016,25.557292938232422,26.178482055664062,26.72551918029785,28.38373565673828
23.27253532409668,23.648643493652344,24.113285064697266,24.336593627929688,24.841928482055664,25.095001220703125,25.59920883178711,26.07769775390625,26.696733474731445,28.121559143066406
23.104276657104492,23.58849334716797,24.089214324951172,24.67967414855957,25.067195892333984,25.36196517944336,26.072917938232422,26.391870498657227,26.946868896484375,28.771326065063477
23.139741897583008,23.87727165222168,24.270565032958984,24.6955623626709,25.201740264892578,25.45696258544922,25.821657180786133,26.25284194946289,27.14133644104004,28.504194259643555
23.215635299682617,23.652334213256836,24.052549362182617,24.505022048950195,24.965614318847656,25.16457176208496,25.838214874267578,26.2221736907959,27.04088020324707,28.868743896484375
23.430498123168945,23.926855087280273,24.252487182617188,24.714874267578125,24.964242935180664,25.541580200195312,25.93850326538086,26.533794403076172,27.388916015625,28.83547592163086
23.411056518554688,24.038694381713867,24.341842651367188,24.591915130615234,25.042139053344727,25.346179962158203,25.715713500976562,26.151296615600586,26.71530532836914,28.233116149902344
22.936487197875977,23.673561096191406,24.144071578979492,24.45570945739746,25.02800941467285,25.421146392822266,25.776905059814453,26.2351016998291,27.041330337524414,28.170425415039062
23.029605865478516,23.753768920898438,24.18271255493164,24.701570510864258,25.104656219482422,25.35843276977539,25.80111312866211,26.509729385375977,26.96933937072754,28.235830307006836
23.128398895263672,23.889972686767578,24.191097259521484,24.491071701049805,24.76099395751953,24.98565101623535,25.554698944091797,25.97056770324707,26.698801040649414,27.901195526123047
23.43040657043457,23.833581924438477,23.993738174438477,24.52366065979004,24.814163208007812,25.250511169433594,25.574214935302734,26.306076049804688,26.99370574951172,28.62337875366211
22.58523178100586,23.672922134399414,24.236310958862305,24.516197204589844,25.009550094604492,25.32904052734375,25.829578399658203,26.310976028442383,27.81383514404297,28.801761627197266
23.045976638793945,23.719520568847656,24.205463409423828,24.625150680541992,25.095230102539062,25.399761199951172,25.864471435546875,26.310823440551758,26.971960067749023,28.7399845123291
23.251657485961914,23.820070266723633,24.050369262695312,24.621580123901367,24.886594772338867,25.2233943939209,25.84697723388672,26.234336853027344,27.20195960998535,28.616552352905273
23.24945068359375,23.70977783203125,24.184635162353516,24.52902603149414,24.876327514648438,25.252222061157227,25.563718795776367,25.990102767944336,26.517492294311523,28.374786376953125
23.26695442199707,23.691974639892578,24.315176010131836,24.573917388916016,24.85869026184082,25.140960693359375,25.535457611083984,26.092273712158203,27.01377296447754,28.481796264648438
23.250032424926758,23.881864547729492,24.288503646850586,24.649913787841797,24.93022918701172,25.4133358001709,25.704683303833008,26.33558464050293,27.021121978759766,28.376182556152344
23.2749080657959,23.84599494934082,24.041553497314453,24.51847267150879,24.75847053527832,25.082279205322266,25.411680221557617,25.89129066467285,26.626371383666992,28.716472625732422
23.22801399230957,23.83245277404785,24.137601852416992,24.67595863342285,24.85065269470215,25.134410858154297,25.53868865966797,26.20277214050293,26.691871643066406,28.13962173461914
23.166744232177734,23.678178787231445,24.11656951904297,24.48779296875,24.737548828125,25.26106834411621,25.48760414123535,25.96430015563965,26.84758949279785,28.484371185302734
23.097393035888672,23.720117568969727,24.035215377807617,24.47101593017578,25.014982223510742,25.160015106201172,25.818042755126953,26.170974731445312,26.523517608642578,27.805322647094727
23.32828140258789,23.809328079223633,24.22856903076172,24.667762756347656,25.062454223632812,25.39899444580078,25.819156646728516,26.452268600463867,27.333484649658203,28.378232955932617
23.260427474975586,23.415067672729492,24.031204223632812,24.406761169433594,24.84701156616211,25.268321990966797,25.767425537109375,26.321495056152344,26.96657371520996,28.651973724365234
23.056978225708008,23.541650772094727,24.130813598632812,24.58473014831543,24.756086349487305,25.25020980834961,25.53700828552246,26.030717849731445,26.394771575927734,27.989322662353516
23.323036193847656,23.689002990722656,24.22084617614746,24.625408172607422,24.921892166137695,25.276525497436523,25.633960723876953,26.176916122436523,27.04462242126465,28.50692367553711
23.334741592407227,23.862924575805664,24.24508285522461,24.570161819458008,25.092044830322266,25.50851821899414,26.042434692382812,26.35266876220703,26.882369995117188,28.338211059570312
23.38535499572754,24.002443313598633,24.302030563354492,24.67885398864746,25.152843475341797,25.384878158569336,25.77213478088379,26.27956771850586,26.797407150268555,28.71907615661621
23.207870483398438,23.690195083618164,24.15079116821289,24.43790626525879,24.904815673828125,25.203210830688477,25.66149139404297,25.957372665405273,26.624191284179688,28.370288848876953
23.105777740478516,23.666015625,24.12191390991211,24.56511688232422,24.757535934448242,25.270177841186523,25.53815269470215,26.137592315673828,26.80230712890625,28.67116355895996
23.03173828125,23.626834869384766,24.27479362487793,24.454879760742188,25.06114387512207,25.174488067626953,25.506244659423828,26.30118179321289,26.87535858154297,27.869373321533203
23.49994468688965,23.817527770996094,24.25967025756836,24.398555755615234,24.94452667236328,25.356502532958984,25.797134399414062,26.504318237304688,27.049457550048828,29.184452056884766
